"code_station";"libelle_station";"uri_station";"code_support";"libelle_support";"uri_support";"code_fraction";"libelle_fraction";"uri_fraction";"date_prelevement";"heure_prelevement";"date_maj_analyse";"heure_analyse";"code_parametre";"libelle_parametre";"uri_parametre";"resultat";"code_groupe_parametre";"libelle_groupe_parametre";"uri_groupe_parametre";"code_unite";"symbole_unite";"uri_unite";"code_remarque";"mnemo_remarque";"code_insitu";"libelle_insitu";"code_difficulte_analyse";"mnemo_difficulte_analyse";"limite_detection";"limite_quantification";"limite_saturation";"incertitude_analytique";"code_methode_fractionnement";"nom_methode_fractionnement";"uri_methode_fractionnement";"code_methode_analyse";"nom_methode_analyse";"uri_methode_analyse";"rendement_extraction";"code_methode_extraction";"nom_methode_extraction";"uri_methode_extraction";"code_accreditation";"mnemo_accreditation";"agrement";"code_statut";"mnemo_statut";"code_qualification";"libelle_qualification";"commentaires_analyse";"commentaires_resultat_analyse";"code_reseau";"nom_reseau";"uri_reseau";"code_producteur_analyse";"nom_producteur_analyse";"uri_producteur_prelevement";"code_preleveur";"nom_preleveur";"uri_preleveur";"code_laboratoire";"nom_laboratoire";"uri_laboratoire";"latitude";"longitude";"code_operation";"code_point_eau_surface";"code_banque_reference";"code_prelevement";"code_analyse"
"03081000";"LA SEINE A PARIS-12E--ARRONDISSEMENT 1";"https://id.eaufrance.fr/StationMesureEauxSurface/03081000";"3";"Eau";"https://id.eaufrance.fr/sup/3";"23";"Eau brute";"https://id.eaufrance.fr/fan/23";"2024-12-13";"11:26:00";"2025-06-03";"11:26:00";"1301";"Température de l'Eau";"https://id.eaufrance.fr/par/1301";"7.3";"32,31,215,214,213,212,209,166,165,164,122,121";"Physique,Paramètres classés par classe,Paramètres de l'analyse régulière du contrôle de surveillance de l'état chimique des eaux souterraines,Paramètres physico-chimiques pour les eaux littorales,Paramètres physico-chimiques pour les plans d'eau,Paramètres physico-chimiques pour les cours d'eau,Arrêté du 26 avril 2022 modifiant l'arrêté du 25 janvier 2010 établissant le programme de surveillance de l'état des eaux en application de l'article R.212.22 du code de l'environnement,Paramètres de l'analyse régulière du contrôle de surveillance de l'état chimique des eaux souterraines,Paramètres physico-chimiques pour les plans d'eau,Paramètres physico-chimiques pour les cours d'eau,Arrêté du 7 août 2015 modifiant l'arrêté du 25 janvier 2010 établissant le programme de surveillance de l'état des eaux en application de l'article R. 212-22 du code de l'environnement,Paramètres classés par textes réglementaires";"https://id.eaufrance.fr/gpr/32,https://id.eaufrance.fr/gpr/31,https://id.eaufrance.fr/gpr/215,https://id.eaufrance.fr/gpr/214,https://id.eaufrance.fr/gpr/213,https://id.eaufrance.fr/gpr/212,https://id.eaufrance.fr/gpr/209,https://id.eaufrance.fr/gpr/166,https://id.eaufrance.fr/gpr/165,https://id.eaufrance.fr/gpr/164,https://id.eaufrance.fr/gpr/122,https://id.eaufrance.fr/gpr/121";"27";"°C";"https://id.eaufrance.fr/urf/27";"1";"Résultat > seuil de quantification et < au seuil de saturation";"1";"In situ";"0";"Difficultés inconnues";"0.0";"0.0";"";"0.0";"";"";"";"3";"Méthode spécifique";"https://id.eaufrance.fr/met/3";"";"";"";"";"2";"Analyse réalisée hors accréditation";"0";"3";"Donnée contrôlée niveau 2 (données validées)";"1";"Correcte";"";"";"";"";"";"18750009500166";"AGENCE DE L'EAU SEINE-NORMANDIE";"https://id.eaufrance.fr/int/18750009500166";"41054531300042";"CARSO - LABORATOIRE SANTE ENVIRONNEMENT HYGIENE DE LYON";"https://id.eaufrance.fr/int/41054531300042";"41054531300042";"CARSO - LABORATOIRE SANTE ENVIRONNEMENT HYGIENE DE LYON";"https://id.eaufrance.fr/int/41054531300042";"48.83258716372681";"2.3815423651905463";"03081000202412133";"001";"PC AESN";"20241018150524-PC-583695";"134919278"
"03081000";"LA SEINE A PARIS-12E--ARRONDISSEMENT 1";"https://id.eaufrance.fr/StationMesureEauxSurface/03081000";"3";"Eau";"https://id.eaufrance.fr/sup/3";"23";"Eau brute";"https://id.eaufrance.fr/fan/23";"2024-12-13";"11:26:00";"2025-06-03";"22:44:00";"1350";"Phosphore total";"https://id.eaufrance.fr/par/1350";"0.109";"48,41,31,215,214,213,212,209,194,192,191,190,166,165,164,122,121";"Paramètres phosphorés|Chimique|Paramètres classés par classe|Paramètres de l'analyse régulière du contrôle de surveillance de l'état chimique des eaux souterraines|Paramètres physico-chimiques pour les eaux littorales|Paramètres physico-chimiques pour les plans d'eau|Paramètres physico-chimiques pour les cours d'eau|Arrêté du 26 avril 2022 modifiant l'arrêté du 25 janvier 2010 établissant le programme de surveillance de l'état des eaux en application de l'article R.212.22 du code de l'environnement|Avis relatif aux limites de quantification des couples «paramètre-matrice» de l'agrément des laboratoires effectuant des analyses dans le domaine de l'eau et des milieux aquatiques, matrice Sédiment en eau de surface continentale|Avis relatif aux limites de quantification des couples «paramètre-matrice» de l'agrément des laboratoires effectuant des analyses dans le domaine de l'eau et des milieux aquatiques, matrice Eau résiduaire|Avis relatif aux limites de quantification des couples «paramètre-matrice» de l'agrément des laboratoires effectuant des analyses dans le domaine de l'eau et des milieux aquatiques, matrice Eau douce|Avis relatif aux limites de quantification des couples «paramètre-matrice» de l'agrément des laboratoires effectuant des analyses dans le domaine de l'eau et des milieux aquatiques|Paramètres de l'analyse régulière du contrôle de surveillance de l'état chimique des eaux souterraines|Paramètres physico-chimiques pour les plans d'eau|Paramètres physico-chimiques pour les cours d'eau|Arrêté du 7 août 2015 modifiant l'arrêté du 25 janvier 2010 établissant le programme de surveillance de l'état des eaux en application de l'article R. 212-22 du code de l'environnement|Paramètres classés par textes réglementaires";"https://id.eaufrance.fr/gpr/48,https://id.eaufrance.fr/gpr/41,https://id.eaufrance.fr/gpr/31,https://id.eaufrance.fr/gpr/215,https://id.eaufrance.fr/gpr/214,https://id.eaufrance.fr/gpr/213,https://id.eaufrance.fr/gpr/212,https://id.eaufrance.fr/gpr/209,https://id.eaufrance.fr/gpr/194,https://id.eaufrance.fr/gpr/192,https://id.eaufrance.fr/gpr/191,https://id.eaufrance.fr/gpr/190,https://id.eaufrance.fr/gpr/166,https://id.eaufrance.fr/gpr/165,https://id.eaufrance.fr/gpr/164,https://id.eaufrance.fr/gpr/122,https://id.eaufrance.fr/gpr/121";"177";"mg(P)/L";"https://id.eaufrance.fr/urf/177";"1";"Résultat > seuil de quantification et < au seuil de saturation";"2";"Laboratoire";"0";"Difficultés inconnues";"0.003";"0.01";"";"30.0";"";"";"";"470";"Qualité de l'eau - Dosage du phosphore - Méthode spectrométrique au molybdate d'ammonium (NF EN ISO 6878 Avril 2005 / T90-023)";"https://id.eaufrance.fr/met/470";"";"";"";"";"1";"Analyse réalisée sous accréditation";"0";"3";"Donnée contrôlée niveau 2 (données validées)";"1";"Correcte";"";"";"";"";"";"18750009500166";"AGENCE DE L'EAU SEINE-NORMANDIE";"https://id.eaufrance.fr/int/18750009500166";"41054531300042";"CARSO - LABORATOIRE SANTE ENVIRONNEMENT HYGIENE DE LYON";"https://id.eaufrance.fr/int/41054531300042";"41054531300042";"CARSO - LABORATOIRE SANTE ENVIRONNEMENT HYGIENE DE LYON";"https://id.eaufrance.fr/int/41054531300042";"48.83258716372681";"2.3815423651905463";"03081000202412133";"001";"PC AESN";"20241018150524-PC-583695";"134919271"
"03081000";"LA SEINE A PARIS-12E--ARRONDISSEMENT 1";"https://id.eaufrance.fr/StationMesureEauxSurface/03081000";"3";"Eau";"https://id.eaufrance.fr/sup/3";"3";"Phase aqueuse de l'eau (filtrée, centrifugée...)";"https://id.eaufrance.fr/fan/3";"2024-12-13";"11:26:00";"2025-06-03";"14:39:00";"1340";"Nitrates";"https://id.eaufrance.fr/par/1340";"21.0";"47,41,31,215,214,213,212,209,193,192,191,190,166,165,164,122,121";"Paramètres azotés|Chimique|Paramètres classés par classe|Paramètres de l'analyse régulière du contrôle de surveillance de l'état chimique des eaux souterraines|Paramètres physico-chimiques pour les eaux littorales|Paramètres physico-chimiques pour les plans d'eau|Paramètres physico-chimiques pour les cours d'eau|Arrêté du 26 avril 2022 modifiant l'arrêté du 25 janvier 2010 établissant le programme de surveillance de l'état des eaux en application de l'article R.212.22 du code de l'environnement|Avis relatif aux limites de quantification des couples «paramètre-matrice» de l'agrément des laboratoires effectuant des analyses dans le domaine de l'eau et des milieux aquatiques, matrice Eau saline|Avis relatif aux limites de quantification des couples «paramètre-matrice» de l'agrément des laboratoires effectuant des analyses dans le domaine de l'eau et des milieux aquatiques, matrice Eau résiduaire|Avis relatif aux limites de quantification des couples «paramètre-matrice» de l'agrément des laboratoires effectuant des analyses dans le domaine de l'eau et des milieux aquatiques, matrice Eau douce|Avis relatif aux limites de quantification des couples «paramètre-matrice» de l'agrément des laboratoires effectuant des analyses dans le domaine de l'eau et des milieux aquatiques|Paramètres de l'analyse régulière du contrôle de surveillance de l'état chimique des eaux souterraines|Paramètres physico-chimiques pour les plans d'eau|Paramètres physico-chimiques pour les cours d'eau|Arrêté du 7 août 2015 modifiant l'arrêté du 25 janvier 2010 établissant le programme de surveillance de l'état des eaux en application de l'article R. 212-22 du code de l'environnement|Paramètres classés par textes réglementaires";"https://id.eaufrance.fr/gpr/47,https://id.eaufrance.fr/gpr/41,https://id.eaufrance.fr/gpr/31,https://id.eaufrance.fr/gpr/215,https://id.eaufrance.fr/gpr/214,https://id.eaufrance.fr/gpr/213,https://id.eaufrance.fr/gpr/212,https://id.eaufrance.fr/gpr/209,https://id.eaufrance.fr/gpr/193,https://id.eaufrance.fr/gpr/192,https://id.eaufrance.fr/gpr/191,https://id.eaufrance.fr/gpr/190,https://id.eaufrance.fr/gpr/166,https://id.eaufrance.fr/gpr/165,https://id.eaufrance.fr/gpr/164,https://id.eaufrance.fr/gpr/122,https://id.eaufrance.fr/gpr/121";"173";"mg(NO3)/L";"https://id.eaufrance.fr/urf/173";"1";"Résultat > seuil de quantification et < au seuil de saturation";"2";"Laboratoire";"0";"Difficultés inconnues";"0.03";"0.1";"";"25.0";"";"";"";"706";"Qualité de l'eau - Dosage des anions dissous par chromatographie des ions en phase liquide. Partie 1 : dosage du bromure, chlorure, fluorure, nitrate, nitrite, phosphate et sulfate. (NF EN ISO 10304-1 Juillet 2009 / T90-042-1)";"https://id.eaufrance.fr/met/706";"";"";"";"";"1";"Analyse réalisée sous accréditation";"0";"3";"Donnée contrôlée niveau 2 (données validées)";"1";"Correcte";"";"";"";"";"";"18750009500166";"AGENCE DE L'EAU SEINE-NORMANDIE";"https://id.eaufrance.fr/int/18750009500166";"41054531300042";"CARSO - LABORATOIRE SANTE ENVIRONNEMENT HYGIENE DE LYON";"https://id.eaufrance.fr/int/41054531300042";"41054531300042";"CARSO - LABORATOIRE SANTE ENVIRONNEMENT HYGIENE DE LYON";"https://id.eaufrance.fr/int/41054531300042";"48.83258716372681";"2.3815423651905463";"03081000202412133";"001";"PC AESN";"20241018150524-PC-583695";"134919269"
"03081000";"LA SEINE A PARIS-12E--ARRONDISSEMENT 1";"https://id.eaufrance.fr/StationMesureEauxSurface/03081000";"3";"Eau";"https://id.eaufrance.fr/sup/3";"23";"Eau brute";"https://id.eaufrance.fr/fan/23";"2024-11-25";"12:17:00";"2025-06-03";"12:17:00";"1301";"Température de l'Eau";"https://id.eaufrance.fr/par/1301";"8.6";"32,31,215,214,213,212,209,166,165,164,122,121";"Physique,Paramètres classés par classe,Paramètres de l'analyse régulière du contrôle de surveillance de l'état chimique des eaux souterraines,Paramètres physico-chimiques pour les eaux littorales,Paramètres physico-chimiques pour les plans d'eau,Paramètres physico-chimiques pour les cours d'eau,Arrêté du 26 avril 2022 modifiant l'arrêté du 25 janvier 2010 établissant le programme de surveillance de l'état des eaux en application de l'article R.212.22 du code de l'environnement,Paramètres de l'analyse régulière du contrôle de surveillance de l'état chimique des eaux souterraines,Paramètres physico-chimiques pour les plans d'eau,Paramètres physico-chimiques pour les cours d'eau,Arrêté du 7 août 2015 modifiant l'arrêté du 25 janvier 2010 établissant le programme de surveillance de l'état des eaux en application de l'article R. 212-22 du code de l'environnement,Paramètres classés par textes réglementaires";"https://id.eaufrance.fr/gpr/32,https://id.eaufrance.fr/gpr/31,https://id.eaufrance.fr/gpr/215,https://id.eaufrance.fr/gpr/214,https://id.eaufrance.fr/gpr/213,https://id.eaufrance.fr/gpr/212,https://id.eaufrance.fr/gpr/209,https://id.eaufrance.fr/gpr/166,https://id.eaufrance.fr/gpr/165,https://id.eaufrance.fr/gpr/164,https://id.eaufrance.fr/gpr/122,https://id.eaufrance.fr/gpr/121";"27";"°C";"https://id.eaufrance.fr/urf/27";"1";"Résultat > seuil de quantification et < au seuil de saturation";"1";"In situ";"0";"Difficultés inconnues";"0.0";"0.0";"";"0.0";"";"";"";"3";"Méthode spécifique";"https://id.eaufrance.fr/met/3";"";"";"";"";"2";"Analyse réalisée hors accréditation";"0";"3";"Donnée contrôlée niveau 2 (données validées)";"1";"Correcte";"";"";"";"";"";"18750009500166";"AGENCE DE L'EAU SEINE-NORMANDIE";"https://id.eaufrance.fr/int/18750009500166";"41054531300042";"CARSO - LABORATOIRE SANTE ENVIRONNEMENT HYGIENE DE LYON";"https://id.eaufrance.fr/int/41054531300042";"41054531300042";"CARSO - LABORATOIRE SANTE ENVIRONNEMENT HYGIENE DE LYON";"https://id.eaufrance.fr/int/41054531300042";"48.83258716372681";"2.3815423651905463";"03081000202411253";"001";"PC AESN";"20241017163248-PC-582899";"134725578"
"03081000";"LA SEINE A PARIS-12E--ARRONDISSEMENT 1";"https://id.eaufrance.fr/StationMesureEauxSurface/03081000";"3";"Eau";"https://id.eaufrance.fr/sup/3";"3";"Phase aqueuse de l'eau (filtrée, centrifugée...)";"https://id.eaufrance.fr/fan/3";"2024-11-25";"12:17:00";"2025-06-03";"22:47:00";"1340";"Nitrates";"https://id.eaufrance.fr/par/1340";"23.0";"47,41,31,215,214,213,212,209,193,192,191,190,166,165,164,122,121";"Paramètres azotés|Chimique|Paramètres classés par classe|Paramètres de l'analyse régulière du contrôle de surveillance de l'état chimique des eaux souterraines|Paramètres physico-chimiques pour les eaux littorales|Paramètres physico-chimiques pour les plans d'eau|Paramètres physico-chimiques pour les cours d'eau|Arrêté du 26 avril 2022 modifiant l'arrêté du 25 janvier 2010 établissant le programme de surveillance de l'état des eaux en application de l'article R.212.22 du code de l'environnement|Avis relatif aux limites de quantification des couples «paramètre-matrice» de l'agrément des laboratoires effectuant des analyses dans le domaine de l'eau et des milieux aquatiques, matrice Eau saline|Avis relatif aux limites de quantification des couples «paramètre-matrice» de l'agrément des laboratoires effectuant des analyses dans le domaine de l'eau et des milieux aquatiques, matrice Eau résiduaire|Avis relatif aux limites de quantification des couples «paramètre-matrice» de l'agrément des laboratoires effectuant des analyses dans le domaine de l'eau et des milieux aquatiques, matrice Eau douce|Avis relatif aux limites de quantification des couples «paramètre-matrice» de l'agrément des laboratoires effectuant des analyses dans le domaine de l'eau et des milieux aquatiques|Paramètres de l'analyse régulière du contrôle de surveillance de l'état chimique des eaux souterraines|Paramètres physico-chimiques pour les plans d'eau|Paramètres physico-chimiques pour les cours d'eau|Arrêté du 7 août 2015 modifiant l'arrêté du 25 janvier 2010 établissant le programme de surveillance de l'état des eaux en application de l'article R. 212-22 du code de l'environnement|Paramètres classés par textes réglementaires";"https://id.eaufrance.fr/gpr/47,https://id.eaufrance.fr/gpr/41,https://id.eaufrance.fr/gpr/31,https://id.eaufrance.fr/gpr/215,https://id.eaufrance.fr/gpr/214,https://id.eaufrance.fr/gpr/213,https://id.eaufrance.fr/gpr/212,https://id.eaufrance.fr/gpr/209,https://id.eaufrance.fr/gpr/193,https://id.eaufrance.fr/gpr/192,https://id.eaufrance.fr/gpr/191,https://id.eaufrance.fr/gpr/190,https://id.eaufrance.fr/gpr/166,https://id.eaufrance.fr/gpr/165,https://id.eaufrance.fr/gpr/164,https://id.eaufrance.fr/gpr/122,https://id.eaufrance.fr/gpr/121";"173";"mg(NO3)/L";"https://id.eaufrance.fr/urf/173";"1";"Résultat > seuil de quantification et < au seuil de saturation";"2";"Laboratoire";"0";"Difficultés inconnues";"0.03";"0.1";"";"25.0";"";"";"";"706";"Qualité de l'eau - Dosage des anions dissous par chromatographie des ions en phase liquide. Partie 1 : dosage du bromure, chlorure, fluorure, nitrate, nitrite, phosphate et sulfate. (NF EN ISO 10304-1 Juillet 2009 / T90-042-1)";"https://id.eaufrance.fr/met/706";"";"";"";"";"1";"Analyse réalisée sous accréditation";"0";"3";"Donnée contrôlée niveau 2 (données validées)";"1";"Correcte";"";"";"";"";"";"18750009500166";"AGENCE DE L'EAU SEINE-NORMANDIE";"https://id.eaufrance.fr/int/18750009500166";"41054531300042";"CARSO - LABORATOIRE SANTE ENVIRONNEMENT HYGIENE DE LYON";"https://id.eaufrance.fr/int/41054531300042";"41054531300042";"CARSO - LABORATOIRE SANTE ENVIRONNEMENT HYGIENE DE LYON";"https://id.eaufrance.fr/int/41054531300042";"48.83258716372681";"2.3815423651905463";"03081000202411253";"001";"PC AESN";"20241017163248-PC-582899";"134725569"
"03081000";"LA SEINE A PARIS-12E--ARRONDISSEMENT 1";"https://id.eaufrance.fr/StationMesureEauxSurface/03081000";"3";"Eau";"https://id.eaufrance.fr/sup/3";"23";"Eau brute";"https://id.eaufrance.fr/fan/23";"2024-11-25";"12:17:00";"2025-06-03";"05:24:00";"1350";"Phosphore total";"https://id.eaufrance.fr/par/1350";"0.129";"48,41,31,215,214,213,212,209,194,192,191,190,166,165,164,122,121";"Paramètres phosphorés|Chimique|Paramètres classés par classe|Paramètres de l'analyse régulière du contrôle de surveillance de l'état chimique des eaux souterraines|Paramètres physico-chimiques pour les eaux littorales|Paramètres physico-chimiques pour les plans d'eau|Paramètres physico-chimiques pour les cours d'eau|Arrêté du 26 avril 2022 modifiant l'arrêté du 25 janvier 2010 établissant le programme de surveillance de l'état des eaux en application de l'article R.212.22 du code de l'environnement|Avis relatif aux limites de quantification des couples «paramètre-matrice» de l'agrément des laboratoires effectuant des analyses dans le domaine de l'eau et des milieux aquatiques, matrice Sédiment en eau de surface continentale|Avis relatif aux limites de quantification des couples «paramètre-matrice» de l'agrément des laboratoires effectuant des analyses dans le domaine de l'eau et des milieux aquatiques, matrice Eau résiduaire|Avis relatif aux limites de quantification des couples «paramètre-matrice» de l'agrément des laboratoires effectuant des analyses dans le domaine de l'eau et des milieux aquatiques, matrice Eau douce|Avis relatif aux limites de quantification des couples «paramètre-matrice» de l'agrément des laboratoires effectuant des analyses dans le domaine de l'eau et des milieux aquatiques|Paramètres de l'analyse régulière du contrôle de surveillance de l'état chimique des eaux souterraines|Paramètres physico-chimiques pour les plans d'eau|Paramètres physico-chimiques pour les cours d'eau|Arrêté du 7 août 2015 modifiant l'arrêté du 25 janvier 2010 établissant le programme de surveillance de l'état des eaux en application de l'article R. 212-22 du code de l'environnement|Paramètres classés par textes réglementaires";"https://id.eaufrance.fr/gpr/48,https://id.eaufrance.fr/gpr/41,https://id.eaufrance.fr/gpr/31,https://id.eaufrance.fr/gpr/215,https://id.eaufrance.fr/gpr/214,https://id.eaufrance.fr/gpr/213,https://id.eaufrance.fr/gpr/212,https://id.eaufrance.fr/gpr/209,https://id.eaufrance.fr/gpr/194,https://id.eaufrance.fr/gpr/192,https://id.eaufrance.fr/gpr/191,https://id.eaufrance.fr/gpr/190,https://id.eaufrance.fr/gpr/166,https://id.eaufrance.fr/gpr/165,https://id.eaufrance.fr/gpr/164,https://id.eaufrance.fr/gpr/122,https://id.eaufrance.fr/gpr/121";"177";"mg(P)/L";"https://id.eaufrance.fr/urf/177";"1";"Résultat > seuil de quantification et < au seuil de saturation";"2";"Laboratoire";"0";"Difficultés inconnues";"0.003";"0.01";"";"30.0";"";"";"";"470";"Qualité de l'eau - Dosage du phosphore - Méthode spectrométrique au molybdate d'ammonium (NF EN ISO 6878 Avril 2005 / T90-023)";"https://id.eaufrance.fr/met/470";"";"";"";"";"1";"Analyse réalisée sous accréditation";"0";"3";"Donnée contrôlée niveau 2 (données validées)";"1";"Correcte";"";"";"";"";"";"18750009500166";"AGENCE DE L'EAU SEINE-NORMANDIE";"https://id.eaufrance.fr/int/18750009500166";"41054531300042";"CARSO - LABORATOIRE SANTE ENVIRONNEMENT HYGIENE DE LYON";"https://id.eaufrance.fr/int/41054531300042";"41054531300042";"CARSO - LABORATOIRE SANTE ENVIRONNEMENT HYGIENE DE LYON";"https://id.eaufrance.fr/int/41054531300042";"48.83258716372681";"2.3815423651905463";"03081000202411253";"001";"PC AESN";"20241017163248-PC-582899";"134725571"
"03081000";"LA SEINE A PARIS-12E--ARRONDISSEMENT 1";"https://id.eaufrance.fr/StationMesureEauxSurface/03081000";"3";"Eau";"https://id.eaufrance.fr/sup/3";"23";"Eau brute";"https://id.eaufrance.fr/fan/23";"2024-10-21";"10:25:00";"2025-06-03";"10:25:00";"1301";"Température de l'Eau";"https://id.eaufrance.fr/par/1301";"15.9";"32,31,215,214,213,212,209,166,165,164,122,121";"Physique,Paramètres classés par classe,Paramètres de l'analyse régulière du contrôle de surveillance de l'état chimique des eaux souterraines,Paramètres physico-chimiques pour les eaux littorales,Paramètres physico-chimiques pour les plans d'eau,Paramètres physico-chimiques pour les cours d'eau,Arrêté du 26 avril 2022 modifiant l'arrêté du 25 janvier 2010 établissant le programme de surveillance de l'état des eaux en application de l'article R.212.22 du code de l'environnement,Paramètres de l'analyse régulière du contrôle de surveillance de l'état chimique des eaux souterraines,Paramètres physico-chimiques pour les plans d'eau,Paramètres physico-chimiques pour les cours d'eau,Arrêté du 7 août 2015 modifiant l'arrêté du 25 janvier 2010 établissant le programme de surveillance de l'état des eaux en application de l'article R. 212-22 du code de l'environnement,Paramètres classés par textes réglementaires";"https://id.eaufrance.fr/gpr/32,https://id.eaufrance.fr/gpr/31,https://id.eaufrance.fr/gpr/215,https://id.eaufrance.fr/gpr/214,https://id.eaufrance.fr/gpr/213,https://id.eaufrance.fr/gpr/212,https://id.eaufrance.fr/gpr/209,https://id.eaufrance.fr/gpr/166,https://id.eaufrance.fr/gpr/165,https://id.eaufrance.fr/gpr/164,https://id.eaufrance.fr/gpr/122,https://id.eaufrance.fr/gpr/121";"27";"°C";"https://id.eaufrance.fr/urf/27";"1";"Résultat > seuil de quantification et < au seuil de saturation";"1";"In situ";"0";"Difficultés inconnues";"0.0";"0.0";"";"0.0";"";"";"";"3";"Méthode spécifique";"https://id.eaufrance.fr/met/3";"";"";"";"";"2";"Analyse réalisée hors accréditation";"0";"3";"Donnée contrôlée niveau 2 (données validées)";"1";"Correcte";"";"";"";"";"";"18750009500166";"AGENCE DE L'EAU SEINE-NORMANDIE";"https://id.eaufrance.fr/int/18750009500166";"41054531300042";"CARSO - LABORATOIRE SANTE ENVIRONNEMENT HYGIENE DE LYON";"https://id.eaufrance.fr/int/41054531300042";"41054531300042";"CARSO - LABORATOIRE SANTE ENVIRONNEMENT HYGIENE DE LYON";"https://id.eaufrance.fr/int/41054531300042";"48.83258716372681";"2.3815423651905463";"03081000202410213";"001";"PC AESN";"20240808100245-PC-579985";"134174633"
"03081000";"LA SEINE A PARIS-12E--ARRONDISSEMENT 1";"https://id.eaufrance.fr/StationMesureEauxSurface/03081000";"3";"Eau";"https://id.eaufrance.fr/sup/3";"23";"Eau brute";"https://id.eaufrance.fr/fan/23";"2024-10-21";"10:25:00";"2025-06-03";"06:42:00";"1350";"Phosphore total";"https://id.eaufrance.fr/par/1350";"0.118";"48,41,31,215,214,213,212,209,194,192,191,190,166,165,164,122,121";"Paramètres phosphorés|Chimique|Paramètres classés par classe|Paramètres de l'analyse régulière du contrôle de surveillance de l'état chimique des eaux souterraines|Paramètres physico-chimiques pour les eaux littorales|Paramètres physico-chimiques pour les plans d'eau|Paramètres physico-chimiques pour les cours d'eau|Arrêté du 26 avril 2022 modifiant l'arrêté du 25 janvier 2010 établissant le programme de surveillance de l'état des eaux en application de l'article R.212.22 du code de l'environnement|Avis relatif aux limites de quantification des couples «paramètre-matrice» de l'agrément des laboratoires effectuant des analyses dans le domaine de l'eau et des milieux aquatiques, matrice Sédiment en eau de surface continentale|Avis relatif aux limites de quantification des couples «paramètre-matrice» de l'agrément des laboratoires effectuant des analyses dans le domaine de l'eau et des milieux aquatiques, matrice Eau résiduaire|Avis relatif aux limites de quantification des couples «paramètre-matrice» de l'agrément des laboratoires effectuant des analyses dans le domaine de l'eau et des milieux aquatiques, matrice Eau douce|Avis relatif aux limites de quantification des couples «paramètre-matrice» de l'agrément des laboratoires effectuant des analyses dans le domaine de l'eau et des milieux aquatiques|Paramètres de l'analyse régulière du contrôle de surveillance de l'état chimique des eaux souterraines|Paramètres physico-chimiques pour les plans d'eau|Paramètres physico-chimiques pour les cours d'eau|Arrêté du 7 août 2015 modifiant l'arrêté du 25 janvier 2010 établissant le programme de surveillance de l'état des eaux en application de l'article R. 212-22 du code de l'environnement|Paramètres classés par textes réglementaires";"https://id.eaufrance.fr/gpr/48,https://id.eaufrance.fr/gpr/41,https://id.eaufrance.fr/gpr/31,https://id.eaufrance.fr/gpr/215,https://id.eaufrance.fr/gpr/214,https://id.eaufrance.fr/gpr/213,https://id.eaufrance.fr/gpr/212,https://id.eaufrance.fr/gpr/209,https://id.eaufrance.fr/gpr/194,https://id.eaufrance.fr/gpr/192,https://id.eaufrance.fr/gpr/191,https://id.eaufrance.fr/gpr/190,https://id.eaufrance.fr/gpr/166,https://id.eaufrance.fr/gpr/165,https://id.eaufrance.fr/gpr/164,https://id.eaufrance.fr/gpr/122,https://id.eaufrance.fr/gpr/121";"177";"mg(P)/L";"https://id.eaufrance.fr/urf/177";"1";"Résultat > seuil de quantification et < au seuil de saturation";"2";"Laboratoire";"0";"Difficultés inconnues";"0.003";"0.01";"";"30.0";"";"";"";"470";"Qualité de l'eau - Dosage du phosphore - Méthode spectrométrique au molybdate d'ammonium (NF EN ISO 6878 Avril 2005 / T90-023)";"https://id.eaufrance.fr/met/470";"";"";"";"";"1";"Analyse réalisée sous accréditation";"0";"3";"Donnée contrôlée niveau 2 (données validées)";"1";"Correcte";"";"";"";"";"";"18750009500166";"AGENCE DE L'EAU SEINE-NORMANDIE";"https://id.eaufrance.fr/int/18750009500166";"41054531300042";"CARSO - LABORATOIRE SANTE ENVIRONNEMENT HYGIENE DE LYON";"https://id.eaufrance.fr/int/41054531300042";"41054531300042";"CARSO - LABORATOIRE SANTE ENVIRONNEMENT HYGIENE DE LYON";"https://id.eaufrance.fr/int/41054531300042";"48.83258716372681";"2.3815423651905463";"03081000202410213";"001";"PC AESN";"20240808100245-PC-579985";"134174615"
"03081000";"LA SEINE A PARIS-12E--ARRONDISSEMENT 1";"https://id.eaufrance.fr/StationMesureEauxSurface/03081000";"3";"Eau";"https://id.eaufrance.fr/sup/3";"3";"Phase aqueuse de l'eau (filtrée, centrifugée...)";"https://id.eaufrance.fr/fan/3";"2024-10-21";"10:25:00";"2025-06-03";"22:26:00";"1340";"Nitrates";"https://id.eaufrance.fr/par/1340";"23.0";"47,41,31,215,214,213,212,209,193,192,191,190,166,165,164,122,121";"Paramètres azotés|Chimique|Paramètres classés par classe|Paramètres de l'analyse régulière du contrôle de surveillance de l'état chimique des eaux souterraines|Paramètres physico-chimiques pour les eaux littorales|Paramètres physico-chimiques pour les plans d'eau|Paramètres physico-chimiques pour les cours d'eau|Arrêté du 26 avril 2022 modifiant l'arrêté du 25 janvier 2010 établissant le programme de surveillance de l'état des eaux en application de l'article R.212.22 du code de l'environnement|Avis relatif aux limites de quantification des couples «paramètre-matrice» de l'agrément des laboratoires effectuant des analyses dans le domaine de l'eau et des milieux aquatiques, matrice Eau saline|Avis relatif aux limites de quantification des couples «paramètre-matrice» de l'agrément des laboratoires effectuant des analyses dans le domaine de l'eau et des milieux aquatiques, matrice Eau résiduaire|Avis relatif aux limites de quantification des couples «paramètre-matrice» de l'agrément des laboratoires effectuant des analyses dans le domaine de l'eau et des milieux aquatiques, matrice Eau douce|Avis relatif aux limites de quantification des couples «paramètre-matrice» de l'agrément des laboratoires effectuant des analyses dans le domaine de l'eau et des milieux aquatiques|Paramètres de l'analyse régulière du contrôle de surveillance de l'état chimique des eaux souterraines|Paramètres physico-chimiques pour les plans d'eau|Paramètres physico-chimiques pour les cours d'eau|Arrêté du 7 août 2015 modifiant l'arrêté du 25 janvier 2010 établissant le programme de surveillance de l'état des eaux en application de l'article R. 212-22 du code de l'environnement|Paramètres classés par textes réglementaires";"https://id.eaufrance.fr/gpr/47,https://id.eaufrance.fr/gpr/41,https://id.eaufrance.fr/gpr/31,https://id.eaufrance.fr/gpr/215,https://id.eaufrance.fr/gpr/214,https://id.eaufrance.fr/gpr/213,https://id.eaufrance.fr/gpr/212,https://id.eaufrance.fr/gpr/209,https://id.eaufrance.fr/gpr/193,https://id.eaufrance.fr/gpr/192,https://id.eaufrance.fr/gpr/191,https://id.eaufrance.fr/gpr/190,https://id.eaufrance.fr/gpr/166,https://id.eaufrance.fr/gpr/165,https://id.eaufrance.fr/gpr/164,https://id.eaufrance.fr/gpr/122,https://id.eaufrance.fr/gpr/121";"173";"mg(NO3)/L";"https://id.eaufrance.fr/urf/173";"1";"Résultat > seuil de quantification et < au seuil de saturation";"2";"Laboratoire";"0";"Difficultés inconnues";"0.03";"0.1";"";"25.0";"";"";"";"706";"Qualité de l'eau - Dosage des anions dissous par chromatographie des ions en phase liquide. Partie 1 : dosage du bromure, chlorure, fluorure, nitrate, nitrite, phosphate et sulfate. (NF EN ISO 10304-1 Juillet 2009 / T90-042-1)";"https://id.eaufrance.fr/met/706";"";"";"";"";"1";"Analyse réalisée sous accréditation";"0";"3";"Donnée contrôlée niveau 2 (données validées)";"1";"Correcte";"";"";"";"";"";"18750009500166";"AGENCE DE L'EAU SEINE-NORMANDIE";"https://id.eaufrance.fr/int/18750009500166";"41054531300042";"CARSO - LABORATOIRE SANTE ENVIRONNEMENT HYGIENE DE LYON";"https://id.eaufrance.fr/int/41054531300042";"41054531300042";"CARSO - LABORATOIRE SANTE ENVIRONNEMENT HYGIENE DE LYON";"https://id.eaufrance.fr/int/41054531300042";"48.83258716372681";"2.3815423651905463";"03081000202410213";"001";"PC AESN";"20240808100245-PC-579985";"134174613"
"03081000";"LA SEINE A PARIS-12E--ARRONDISSEMENT 1";"https://id.eaufrance.fr/StationMesureEauxSurface/03081000";"3";"Eau";"https://id.eaufrance.fr/sup/3";"23";"Eau brute";"https://id.eaufrance.fr/fan/23";"2024-08-12";"09:53:00";"2025-06-03";"14:29:00";"1350";"Phosphore total";"https://id.eaufrance.fr/par/1350";"0.112";"48,41,31,215,214,213,212,209,194,192,191,190,166,165,164,122,121";"Paramètres phosphorés|Chimique|Paramètres classés par classe|Paramètres de l'analyse régulière du contrôle de surveillance de l'état chimique des eaux souterraines|Paramètres physico-chimiques pour les eaux littorales|Paramètres physico-chimiques pour les plans d'eau|Paramètres physico-chimiques pour les cours d'eau|Arrêté du 26 avril 2022 modifiant l'arrêté du 25 janvier 2010 établissant le programme de surveillance de l'état des eaux en application de l'article R.212.22 du code de l'environnement|Avis relatif aux limites de quantification des couples «paramètre-matrice» de l'agrément des laboratoires effectuant des analyses dans le domaine de l'eau et des milieux aquatiques, matrice Sédiment en eau de surface continentale|Avis relatif aux limites de quantification des couples «paramètre-matrice» de l'agrément des laboratoires effectuant des analyses dans le domaine de l'eau et des milieux aquatiques, matrice Eau résiduaire|Avis relatif aux limites de quantification des couples «paramètre-matrice» de l'agrément des laboratoires effectuant des analyses dans le domaine de l'eau et des milieux aquatiques, matrice Eau douce|Avis relatif aux limites de quantification des couples «paramètre-matrice» de l'agrément des laboratoires effectuant des analyses dans le domaine de l'eau et des milieux aquatiques|Paramètres de l'analyse régulière du contrôle de surveillance de l'état chimique des eaux souterraines|Paramètres physico-chimiques pour les plans d'eau|Paramètres physico-chimiques pour les cours d'eau|Arrêté du 7 août 2015 modifiant l'arrêté du 25 janvier 2010 établissant le programme de surveillance de l'état des eaux en application de l'article R. 212-22 du code de l'environnement|Paramètres classés par textes réglementaires";"https://id.eaufrance.fr/gpr/48,https://id.eaufrance.fr/gpr/41,https://id.eaufrance.fr/gpr/31,https://id.eaufrance.fr/gpr/215,https://id.eaufrance.fr/gpr/214,https://id.eaufrance.fr/gpr/213,https://id.eaufrance.fr/gpr/212,https://id.eaufrance.fr/gpr/209,https://id.eaufrance.fr/gpr/194,https://id.eaufrance.fr/gpr/192,https://id.eaufrance.fr/gpr/191,https://id.eaufrance.fr/gpr/190,https://id.eaufrance.fr/gpr/166,https://id.eaufrance.fr/gpr/165,https://id.eaufrance.fr/gpr/164,https://id.eaufrance.fr/gpr/122,https://id.eaufrance.fr/gpr/121";"177";"mg(P)/L";"https://id.eaufrance.fr/urf/177";"1";"Résultat > seuil de quantification et < au seuil de saturation";"2";"Laboratoire";"0";"Difficultés inconnues";"0.003";"0.01";"";"30.0";"";"";"";"470";"Qualité de l'eau - Dosage du phosphore - Méthode spectrométrique au molybdate d'ammonium (NF EN ISO 6878 Avril 2005 / T90-023)";"https://id.eaufrance.fr/met/470";"";"";"";"";"1";"Analyse réalisée sous accréditation";"0";"3";"Donnée contrôlée niveau 2 (données validées)";"1";"Correcte";"";"";"";"";"";"18750009500166";"AGENCE DE L'EAU SEINE-NORMANDIE";"https://id.eaufrance.fr/int/18750009500166";"41054531300042";"CARSO - LABORATOIRE SANTE ENVIRONNEMENT HYGIENE DE LYON";"https://id.eaufrance.fr/int/41054531300042";"41054531300042";"CARSO - LABORATOIRE SANTE ENVIRONNEMENT HYGIENE DE LYON";"https://id.eaufrance.fr/int/41054531300042";"48.83258716372681";"2.3815423651905463";"03081000202408123";"001";"PC AESN";"20240607130839-PC-575483";"132972019"
"03081000";"LA SEINE A PARIS-12E--ARRONDISSEMENT 1";"https://id.eaufrance.fr/StationMesureEauxSurface/03081000";"3";"Eau";"https://id.eaufrance.fr/sup/3";"23";"Eau brute";"https://id.eaufrance.fr/fan/23";"2024-08-12";"09:53:00";"2025-06-03";"09:53:00";"1301";"Température de l'Eau";"https://id.eaufrance.fr/par/1301";"23.7";"32,31,215,214,213,212,209,166,165,164,122,121";"Physique,Paramètres classés par classe,Paramètres de l'analyse régulière du contrôle de surveillance de l'état chimique des eaux souterraines,Paramètres physico-chimiques pour les eaux littorales,Paramètres physico-chimiques pour les plans d'eau,Paramètres physico-chimiques pour les cours d'eau,Arrêté du 26 avril 2022 modifiant l'arrêté du 25 janvier 2010 établissant le programme de surveillance de l'état des eaux en application de l'article R.212.22 du code de l'environnement,Paramètres de l'analyse régulière du contrôle de surveillance de l'état chimique des eaux souterraines,Paramètres physico-chimiques pour les plans d'eau,Paramètres physico-chimiques pour les cours d'eau,Arrêté du 7 août 2015 modifiant l'arrêté du 25 janvier 2010 établissant le programme de surveillance de l'état des eaux en application de l'article R. 212-22 du code de l'environnement,Paramètres classés par textes réglementaires";"https://id.eaufrance.fr/gpr/32,https://id.eaufrance.fr/gpr/31,https://id.eaufrance.fr/gpr/215,https://id.eaufrance.fr/gpr/214,https://id.eaufrance.fr/gpr/213,https://id.eaufrance.fr/gpr/212,https://id.eaufrance.fr/gpr/209,https://id.eaufrance.fr/gpr/166,https://id.eaufrance.fr/gpr/165,https://id.eaufrance.fr/gpr/164,https://id.eaufrance.fr/gpr/122,https://id.eaufrance.fr/gpr/121";"27";"°C";"https://id.eaufrance.fr/urf/27";"1";"Résultat > seuil de quantification et < au seuil de saturation";"1";"In situ";"0";"Difficultés inconnues";"0.0";"0.0";"";"0.0";"";"";"";"3";"Méthode spécifique";"https://id.eaufrance.fr/met/3";"";"";"";"";"2";"Analyse réalisée hors accréditation";"0";"3";"Donnée contrôlée niveau 2 (données validées)";"1";"Correcte";"";"";"";"";"";"18750009500166";"AGENCE DE L'EAU SEINE-NORMANDIE";"https://id.eaufrance.fr/int/18750009500166";"41054531300042";"CARSO - LABORATOIRE SANTE ENVIRONNEMENT HYGIENE DE LYON";"https://id.eaufrance.fr/int/41054531300042";"41054531300042";"CARSO - LABORATOIRE SANTE ENVIRONNEMENT HYGIENE DE LYON";"https://id.eaufrance.fr/int/41054531300042";"48.83258716372681";"2.3815423651905463";"03081000202408123";"001";"PC AESN";"20240607130839-PC-575483";"132972029"
"03081000";"LA SEINE A PARIS-12E--ARRONDISSEMENT 1";"https://id.eaufrance.fr/StationMesureEauxSurface/03081000";"3";"Eau";"https://id.eaufrance.fr/sup/3";"3";"Phase aqueuse de l'eau (filtrée, centrifugée...)";"https://id.eaufrance.fr/fan/3";"2024-08-12";"09:53:00";"2025-06-03";"00:09:00";"1340";"Nitrates";"https://id.eaufrance.fr/par/1340";"44.0";"47,41,31,215,214,213,212,209,193,192,191,190,166,165,164,122,121";"Paramètres azotés|Chimique|Paramètres classés par classe|Paramètres de l'analyse régulière du contrôle de surveillance de l'état chimique des eaux souterraines|Paramètres physico-chimiques pour les eaux littorales|Paramètres physico-chimiques pour les plans d'eau|Paramètres physico-chimiques pour les cours d'eau|Arrêté du 26 avril 2022 modifiant l'arrêté du 25 janvier 2010 établissant le programme de surveillance de l'état des eaux en application de l'article R.212.22 du code de l'environnement|Avis relatif aux limites de quantification des couples «paramètre-matrice» de l'agrément des laboratoires effectuant des analyses dans le domaine de l'eau et des milieux aquatiques, matrice Eau saline|Avis relatif aux limites de quantification des couples «paramètre-matrice» de l'agrément des laboratoires effectuant des analyses dans le domaine de l'eau et des milieux aquatiques, matrice Eau résiduaire|Avis relatif aux limites de quantification des couples «paramètre-matrice» de l'agrément des laboratoires effectuant des analyses dans le domaine de l'eau et des milieux aquatiques, matrice Eau douce|Avis relatif aux limites de quantification des couples «paramètre-matrice» de l'agrément des laboratoires effectuant des analyses dans le domaine de l'eau et des milieux aquatiques|Paramètres de l'analyse régulière du contrôle de surveillance de l'état chimique des eaux souterraines|Paramètres physico-chimiques pour les plans d'eau|Paramètres physico-chimiques pour les cours d'eau|Arrêté du 7 août 2015 modifiant l'arrêté du 25 janvier 2010 établissant le programme de surveillance de l'état des eaux en application de l'article R. 212-22 du code de l'environnement|Paramètres classés par textes réglementaires";"https://id.eaufrance.fr/gpr/47,https://id.eaufrance.fr/gpr/41,https://id.eaufrance.fr/gpr/31,https://id.eaufrance.fr/gpr/215,https://id.eaufrance.fr/gpr/214,https://id.eaufrance.fr/gpr/213,https://id.eaufrance.fr/gpr/212,https://id.eaufrance.fr/gpr/209,https://id.eaufrance.fr/gpr/193,https://id.eaufrance.fr/gpr/192,https://id.eaufrance.fr/gpr/191,https://id.eaufrance.fr/gpr/190,https://id.eaufrance.fr/gpr/166,https://id.eaufrance.fr/gpr/165,https://id.eaufrance.fr/gpr/164,https://id.eaufrance.fr/gpr/122,https://id.eaufrance.fr/gpr/121";"173";"mg(NO3)/L";"https://id.eaufrance.fr/urf/173";"1";"Résultat > seuil de quantification et < au seuil de saturation";"2";"Laboratoire";"0";"Difficultés inconnues";"0.03";"0.1";"";"25.0";"";"";"";"706";"Qualité de l'eau - Dosage des anions dissous par chromatographie des ions en phase liquide. Partie 1 : dosage du bromure, chlorure, fluorure, nitrate, nitrite, phosphate et sulfate. (NF EN ISO 10304-1 Juillet 2009 / T90-042-1)";"https://id.eaufrance.fr/met/706";"";"";"";"";"1";"Analyse réalisée sous accréditation";"0";"3";"Donnée contrôlée niveau 2 (données validées)";"1";"Correcte";"";"";"";"";"";"18750009500166";"AGENCE DE L'EAU SEINE-NORMANDIE";"https://id.eaufrance.fr/int/18750009500166";"41054531300042";"CARSO - LABORATOIRE SANTE ENVIRONNEMENT HYGIENE DE LYON";"https://id.eaufrance.fr/int/41054531300042";"41054531300042";"CARSO - LABORATOIRE SANTE ENVIRONNEMENT HYGIENE DE LYON";"https://id.eaufrance.fr/int/41054531300042";"48.83258716372681";"2.3815423651905463";"03081000202408123";"001";"PC AESN";"20240607130839-PC-575483";"132972017"
"03081000";"LA SEINE A PARIS-12E--ARRONDISSEMENT 1";"https://id.eaufrance.fr/StationMesureEauxSurface/03081000";"3";"Eau";"https://id.eaufrance.fr/sup/3";"3";"Phase aqueuse de l'eau (filtrée, centrifugée...)";"https://id.eaufrance.fr/fan/3";"2024-06-20";"09:20:00";"2025-06-03";"08:51:00";"1340";"Nitrates";"https://id.eaufrance.fr/par/1340";"25.0";"47,41,31,215,214,213,212,209,193,192,191,190,166,165,164,122,121";"Paramètres azotés|Chimique|Paramètres classés par classe|Paramètres de l'analyse régulière du contrôle de surveillance de l'état chimique des eaux souterraines|Paramètres physico-chimiques pour les eaux littorales|Paramètres physico-chimiques pour les plans d'eau|Paramètres physico-chimiques pour les cours d'eau|Arrêté du 26 avril 2022 modifiant l'arrêté du 25 janvier 2010 établissant le programme de surveillance de l'état des eaux en application de l'article R.212.22 du code de l'environnement|Avis relatif aux limites de quantification des couples «paramètre-matrice» de l'agrément des laboratoires effectuant des analyses dans le domaine de l'eau et des milieux aquatiques, matrice Eau saline|Avis relatif aux limites de quantification des couples «paramètre-matrice» de l'agrément des laboratoires effectuant des analyses dans le domaine de l'eau et des milieux aquatiques, matrice Eau résiduaire|Avis relatif aux limites de quantification des couples «paramètre-matrice» de l'agrément des laboratoires effectuant des analyses dans le domaine de l'eau et des milieux aquatiques, matrice Eau douce|Avis relatif aux limites de quantification des couples «paramètre-matrice» de l'agrément des laboratoires effectuant des analyses dans le domaine de l'eau et des milieux aquatiques|Paramètres de l'analyse régulière du contrôle de surveillance de l'état chimique des eaux souterraines|Paramètres physico-chimiques pour les plans d'eau|Paramètres physico-chimiques pour les cours d'eau|Arrêté du 7 août 2015 modifiant l'arrêté du 25 janvier 2010 établissant le programme de surveillance de l'état des eaux en application de l'article R. 212-22 du code de l'environnement|Paramètres classés par textes réglementaires";"https://id.eaufrance.fr/gpr/47,https://id.eaufrance.fr/gpr/41,https://id.eaufrance.fr/gpr/31,https://id.eaufrance.fr/gpr/215,https://id.eaufrance.fr/gpr/214,https://id.eaufrance.fr/gpr/213,https://id.eaufrance.fr/gpr/212,https://id.eaufrance.fr/gpr/209,https://id.eaufrance.fr/gpr/193,https://id.eaufrance.fr/gpr/192,https://id.eaufrance.fr/gpr/191,https://id.eaufrance.fr/gpr/190,https://id.eaufrance.fr/gpr/166,https://id.eaufrance.fr/gpr/165,https://id.eaufrance.fr/gpr/164,https://id.eaufrance.fr/gpr/122,https://id.eaufrance.fr/gpr/121";"173";"mg(NO3)/L";"https://id.eaufrance.fr/urf/173";"1";"Résultat > seuil de quantification et < au seuil de saturation";"2";"Laboratoire";"0";"Difficultés inconnues";"0.03";"0.1";"";"25.0";"";"";"";"706";"Qualité de l'eau - Dosage des anions dissous par chromatographie des ions en phase liquide. Partie 1 : dosage du bromure, chlorure, fluorure, nitrate, nitrite, phosphate et sulfate. (NF EN ISO 10304-1 Juillet 2009 / T90-042-1)";"https://id.eaufrance.fr/met/706";"";"";"";"";"2";"Analyse réalisée hors accréditation";"0";"3";"Donnée contrôlée niveau 2 (données validées)";"1";"Correcte";" L'absence du logo Cofrac provient d’un délai de mise en analyse par rapport au prélèvement supérieur aux exigences normatives.";"";"";"";"";"18750009500166";"AGENCE DE L'EAU SEINE-NORMANDIE";"https://id.eaufrance.fr/int/18750009500166";"41054531300042";"CARSO - LABORATOIRE SANTE ENVIRONNEMENT HYGIENE DE LYON";"https://id.eaufrance.fr/int/41054531300042";"41054531300042";"CARSO - LABORATOIRE SANTE ENVIRONNEMENT HYGIENE DE LYON";"https://id.eaufrance.fr/int/41054531300042";"48.83258716372681";"2.3815423651905463";"03081000202406203";"001";"PC AESN";"20240404104118-PC-570331";"131511581"
"03081000";"LA SEINE A PARIS-12E--ARRONDISSEMENT 1";"https://id.eaufrance.fr/StationMesureEauxSurface/03081000";"3";"Eau";"https://id.eaufrance.fr/sup/3";"23";"Eau brute";"https://id.eaufrance.fr/fan/23";"2024-06-20";"09:20:00";"2025-06-03";"09:20:00";"1301";"Température de l'Eau";"https://id.eaufrance.fr/par/1301";"18.4";"32,31,215,214,213,212,209,166,165,164,122,121";"Physique,Paramètres classés par classe,Paramètres de l'analyse régulière du contrôle de surveillance de l'état chimique des eaux souterraines,Paramètres physico-chimiques pour les eaux littorales,Paramètres physico-chimiques pour les plans d'eau,Paramètres physico-chimiques pour les cours d'eau,Arrêté du 26 avril 2022 modifiant l'arrêté du 25 janvier 2010 établissant le programme de surveillance de l'état des eaux en application de l'article R.212.22 du code de l'environnement,Paramètres de l'analyse régulière du contrôle de surveillance de l'état chimique des eaux souterraines,Paramètres physico-chimiques pour les plans d'eau,Paramètres physico-chimiques pour les cours d'eau,Arrêté du 7 août 2015 modifiant l'arrêté du 25 janvier 2010 établissant le programme de surveillance de l'état des eaux en application de l'article R. 212-22 du code de l'environnement,Paramètres classés par textes réglementaires";"https://id.eaufrance.fr/gpr/32,https://id.eaufrance.fr/gpr/31,https://id.eaufrance.fr/gpr/215,https://id.eaufrance.fr/gpr/214,https://id.eaufrance.fr/gpr/213,https://id.eaufrance.fr/gpr/212,https://id.eaufrance.fr/gpr/209,https://id.eaufrance.fr/gpr/166,https://id.eaufrance.fr/gpr/165,https://id.eaufrance.fr/gpr/164,https://id.eaufrance.fr/gpr/122,https://id.eaufrance.fr/gpr/121";"27";"°C";"https://id.eaufrance.fr/urf/27";"1";"Résultat > seuil de quantification et < au seuil de saturation";"1";"In situ";"0";"Difficultés inconnues";"0.0";"0.0";"";"0.0";"";"";"";"3";"Méthode spécifique";"https://id.eaufrance.fr/met/3";"";"";"";"";"2";"Analyse réalisée hors accréditation";"0";"3";"Donnée contrôlée niveau 2 (données validées)";"1";"Correcte";"";"";"";"";"";"18750009500166";"AGENCE DE L'EAU SEINE-NORMANDIE";"https://id.eaufrance.fr/int/18750009500166";"41054531300042";"CARSO - LABORATOIRE SANTE ENVIRONNEMENT HYGIENE DE LYON";"https://id.eaufrance.fr/int/41054531300042";"41054531300042";"CARSO - LABORATOIRE SANTE ENVIRONNEMENT HYGIENE DE LYON";"https://id.eaufrance.fr/int/41054531300042";"48.83258716372681";"2.3815423651905463";"03081000202406203";"001";"PC AESN";"20240404104118-PC-570331";"131511593"
"03081000";"LA SEINE A PARIS-12E--ARRONDISSEMENT 1";"https://id.eaufrance.fr/StationMesureEauxSurface/03081000";"3";"Eau";"https://id.eaufrance.fr/sup/3";"23";"Eau brute";"https://id.eaufrance.fr/fan/23";"2024-06-20";"09:20:00";"2025-06-03";"12:28:00";"1350";"Phosphore total";"https://id.eaufrance.fr/par/1350";"0.07";"48,41,31,215,214,213,212,209,194,192,191,190,166,165,164,122,121";"Paramètres phosphorés|Chimique|Paramètres classés par classe|Paramètres de l'analyse régulière du contrôle de surveillance de l'état chimique des eaux souterraines|Paramètres physico-chimiques pour les eaux littorales|Paramètres physico-chimiques pour les plans d'eau|Paramètres physico-chimiques pour les cours d'eau|Arrêté du 26 avril 2022 modifiant l'arrêté du 25 janvier 2010 établissant le programme de surveillance de l'état des eaux en application de l'article R.212.22 du code de l'environnement|Avis relatif aux limites de quantification des couples «paramètre-matrice» de l'agrément des laboratoires effectuant des analyses dans le domaine de l'eau et des milieux aquatiques, matrice Sédiment en eau de surface continentale|Avis relatif aux limites de quantification des couples «paramètre-matrice» de l'agrément des laboratoires effectuant des analyses dans le domaine de l'eau et des milieux aquatiques, matrice Eau résiduaire|Avis relatif aux limites de quantification des couples «paramètre-matrice» de l'agrément des laboratoires effectuant des analyses dans le domaine de l'eau et des milieux aquatiques, matrice Eau douce|Avis relatif aux limites de quantification des couples «paramètre-matrice» de l'agrément des laboratoires effectuant des analyses dans le domaine de l'eau et des milieux aquatiques|Paramètres de l'analyse régulière du contrôle de surveillance de l'état chimique des eaux souterraines|Paramètres physico-chimiques pour les plans d'eau|Paramètres physico-chimiques pour les cours d'eau|Arrêté du 7 août 2015 modifiant l'arrêté du 25 janvier 2010 établissant le programme de surveillance de l'état des eaux en application de l'article R. 212-22 du code de l'environnement|Paramètres classés par textes réglementaires";"https://id.eaufrance.fr/gpr/48,https://id.eaufrance.fr/gpr/41,https://id.eaufrance.fr/gpr/31,https://id.eaufrance.fr/gpr/215,https://id.eaufrance.fr/gpr/214,https://id.eaufrance.fr/gpr/213,https://id.eaufrance.fr/gpr/212,https://id.eaufrance.fr/gpr/209,https://id.eaufrance.fr/gpr/194,https://id.eaufrance.fr/gpr/192,https://id.eaufrance.fr/gpr/191,https://id.eaufrance.fr/gpr/190,https://id.eaufrance.fr/gpr/166,https://id.eaufrance.fr/gpr/165,https://id.eaufrance.fr/gpr/164,https://id.eaufrance.fr/gpr/122,https://id.eaufrance.fr/gpr/121";"177";"mg(P)/L";"https://id.eaufrance.fr/urf/177";"1";"Résultat > seuil de quantification et < au seuil de saturation";"2";"Laboratoire";"0";"Difficultés inconnues";"0.003";"0.01";"";"30.0";"";"";"";"470";"Qualité de l'eau - Dosage du phosphore - Méthode spectrométrique au molybdate d'ammonium (NF EN ISO 6878 Avril 2005 / T90-023)";"https://id.eaufrance.fr/met/470";"";"";"";"";"1";"Analyse réalisée sous accréditation";"0";"3";"Donnée contrôlée niveau 2 (données validées)";"1";"Correcte";"";"";"";"";"";"18750009500166";"AGENCE DE L'EAU SEINE-NORMANDIE";"https://id.eaufrance.fr/int/18750009500166";"41054531300042";"CARSO - LABORATOIRE SANTE ENVIRONNEMENT HYGIENE DE LYON";"https://id.eaufrance.fr/int/41054531300042";"41054531300042";"CARSO - LABORATOIRE SANTE ENVIRONNEMENT HYGIENE DE LYON";"https://id.eaufrance.fr/int/41054531300042";"48.83258716372681";"2.3815423651905463";"03081000202406203";"001";"PC AESN";"20240404104118-PC-570331";"131511583"
"03081000";"LA SEINE A PARIS-12E--ARRONDISSEMENT 1";"https://id.eaufrance.fr/StationMesureEauxSurface/03081000";"3";"Eau";"https://id.eaufrance.fr/sup/3";"23";"Eau brute";"https://id.eaufrance.fr/fan/23";"2024-04-18";"09:27:00";"2025-05-17";"14:42:00";"1350";"Phosphore total";"https://id.eaufrance.fr/par/1350";"0.048";"48,41,31,215,214,213,212,209,194,192,191,190,166,165,164,122,121";"Paramètres phosphorés|Chimique|Paramètres classés par classe|Paramètres de l'analyse régulière du contrôle de surveillance de l'état chimique des eaux souterraines|Paramètres physico-chimiques pour les eaux littorales|Paramètres physico-chimiques pour les plans d'eau|Paramètres physico-chimiques pour les cours d'eau|Arrêté du 26 avril 2022 modifiant l'arrêté du 25 janvier 2010 établissant le programme de surveillance de l'état des eaux en application de l'article R.212.22 du code de l'environnement|Avis relatif aux limites de quantification des couples «paramètre-matrice» de l'agrément des laboratoires effectuant des analyses dans le domaine de l'eau et des milieux aquatiques, matrice Sédiment en eau de surface continentale|Avis relatif aux limites de quantification des couples «paramètre-matrice» de l'agrément des laboratoires effectuant des analyses dans le domaine de l'eau et des milieux aquatiques, matrice Eau résiduaire|Avis relatif aux limites de quantification des couples «paramètre-matrice» de l'agrément des laboratoires effectuant des analyses dans le domaine de l'eau et des milieux aquatiques, matrice Eau douce|Avis relatif aux limites de quantification des couples «paramètre-matrice» de l'agrément des laboratoires effectuant des analyses dans le domaine de l'eau et des milieux aquatiques|Paramètres de l'analyse régulière du contrôle de surveillance de l'état chimique des eaux souterraines|Paramètres physico-chimiques pour les plans d'eau|Paramètres physico-chimiques pour les cours d'eau|Arrêté du 7 août 2015 modifiant l'arrêté du 25 janvier 2010 établissant le programme de surveillance de l'état des eaux en application de l'article R. 212-22 du code de l'environnement|Paramètres classés par textes réglementaires";"https://id.eaufrance.fr/gpr/48,https://id.eaufrance.fr/gpr/41,https://id.eaufrance.fr/gpr/31,https://id.eaufrance.fr/gpr/215,https://id.eaufrance.fr/gpr/214,https://id.eaufrance.fr/gpr/213,https://id.eaufrance.fr/gpr/212,https://id.eaufrance.fr/gpr/209,https://id.eaufrance.fr/gpr/194,https://id.eaufrance.fr/gpr/192,https://id.eaufrance.fr/gpr/191,https://id.eaufrance.fr/gpr/190,https://id.eaufrance.fr/gpr/166,https://id.eaufrance.fr/gpr/165,https://id.eaufrance.fr/gpr/164,https://id.eaufrance.fr/gpr/122,https://id.eaufrance.fr/gpr/121";"177";"mg(P)/L";"https://id.eaufrance.fr/urf/177";"1";"Résultat > seuil de quantification et < au seuil de saturation";"2";"Laboratoire";"0";"Difficultés inconnues";"0.003";"0.01";"";"30.0";"";"";"";"470";"Qualité de l'eau - Dosage du phosphore - Méthode spectrométrique au molybdate d'ammonium (NF EN ISO 6878 Avril 2005 / T90-023)";"https://id.eaufrance.fr/met/470";"";"";"";"";"1";"Analyse réalisée sous accréditation";"0";"3";"Donnée contrôlée niveau 2 (données validées)";"1";"Correcte";"";"";"";"";"";"18750009500166";"AGENCE DE L'EAU SEINE-NORMANDIE";"https://id.eaufrance.fr/int/18750009500166";"41054531300042";"CARSO - LABORATOIRE SANTE ENVIRONNEMENT HYGIENE DE LYON";"https://id.eaufrance.fr/int/41054531300042";"41054531300042";"CARSO - LABORATOIRE SANTE ENVIRONNEMENT HYGIENE DE LYON";"https://id.eaufrance.fr/int/41054531300042";"48.83258716372681";"2.3815423651905463";"03081000202404183";"001";"PC AESN";"20240318180543-PC-566912";"130657336"
"03081000";"LA SEINE A PARIS-12E--ARRONDISSEMENT 1";"https://id.eaufrance.fr/StationMesureEauxSurface/03081000";"3";"Eau";"https://id.eaufrance.fr/sup/3";"3";"Phase aqueuse de l'eau (filtrée, centrifugée...)";"https://id.eaufrance.fr/fan/3";"2024-04-18";"09:27:00";"2025-05-17";"09:34:00";"1340";"Nitrates";"https://id.eaufrance.fr/par/1340";"20.0";"47,41,31,215,214,213,212,209,193,192,191,190,166,165,164,122,121";"Paramètres azotés|Chimique|Paramètres classés par classe|Paramètres de l'analyse régulière du contrôle de surveillance de l'état chimique des eaux souterraines|Paramètres physico-chimiques pour les eaux littorales|Paramètres physico-chimiques pour les plans d'eau|Paramètres physico-chimiques pour les cours d'eau|Arrêté du 26 avril 2022 modifiant l'arrêté du 25 janvier 2010 établissant le programme de surveillance de l'état des eaux en application de l'article R.212.22 du code de l'environnement|Avis relatif aux limites de quantification des couples «paramètre-matrice» de l'agrément des laboratoires effectuant des analyses dans le domaine de l'eau et des milieux aquatiques, matrice Eau saline|Avis relatif aux limites de quantification des couples «paramètre-matrice» de l'agrément des laboratoires effectuant des analyses dans le domaine de l'eau et des milieux aquatiques, matrice Eau résiduaire|Avis relatif aux limites de quantification des couples «paramètre-matrice» de l'agrément des laboratoires effectuant des analyses dans le domaine de l'eau et des milieux aquatiques, matrice Eau douce|Avis relatif aux limites de quantification des couples «paramètre-matrice» de l'agrément des laboratoires effectuant des analyses dans le domaine de l'eau et des milieux aquatiques|Paramètres de l'analyse régulière du contrôle de surveillance de l'état chimique des eaux souterraines|Paramètres physico-chimiques pour les plans d'eau|Paramètres physico-chimiques pour les cours d'eau|Arrêté du 7 août 2015 modifiant l'arrêté du 25 janvier 2010 établissant le programme de surveillance de l'état des eaux en application de l'article R. 212-22 du code de l'environnement|Paramètres classés par textes réglementaires";"https://id.eaufrance.fr/gpr/47,https://id.eaufrance.fr/gpr/41,https://id.eaufrance.fr/gpr/31,https://id.eaufrance.fr/gpr/215,https://id.eaufrance.fr/gpr/214,https://id.eaufrance.fr/gpr/213,https://id.eaufrance.fr/gpr/212,https://id.eaufrance.fr/gpr/209,https://id.eaufrance.fr/gpr/193,https://id.eaufrance.fr/gpr/192,https://id.eaufrance.fr/gpr/191,https://id.eaufrance.fr/gpr/190,https://id.eaufrance.fr/gpr/166,https://id.eaufrance.fr/gpr/165,https://id.eaufrance.fr/gpr/164,https://id.eaufrance.fr/gpr/122,https://id.eaufrance.fr/gpr/121";"173";"mg(NO3)/L";"https://id.eaufrance.fr/urf/173";"1";"Résultat > seuil de quantification et < au seuil de saturation";"2";"Laboratoire";"0";"Difficultés inconnues";"0.03";"0.1";"";"25.0";"";"";"";"706";"Qualité de l'eau - Dosage des anions dissous par chromatographie des ions en phase liquide. Partie 1 : dosage du bromure, chlorure, fluorure, nitrate, nitrite, phosphate et sulfate. (NF EN ISO 10304-1 Juillet 2009 / T90-042-1)";"https://id.eaufrance.fr/met/706";"";"";"";"";"2";"Analyse réalisée hors accréditation";"0";"3";"Donnée contrôlée niveau 2 (données validées)";"1";"Correcte";" L'absence du logo Cofrac provient d’un délai de mise en analyse par rapport au prélèvement supérieur aux exigences normatives.";"";"";"";"";"18750009500166";"AGENCE DE L'EAU SEINE-NORMANDIE";"https://id.eaufrance.fr/int/18750009500166";"41054531300042";"CARSO - LABORATOIRE SANTE ENVIRONNEMENT HYGIENE DE LYON";"https://id.eaufrance.fr/int/41054531300042";"41054531300042";"CARSO - LABORATOIRE SANTE ENVIRONNEMENT HYGIENE DE LYON";"https://id.eaufrance.fr/int/41054531300042";"48.83258716372681";"2.3815423651905463";"03081000202404183";"001";"PC AESN";"20240318180543-PC-566912";"130657334"
"03081000";"LA SEINE A PARIS-12E--ARRONDISSEMENT 1";"https://id.eaufrance.fr/StationMesureEauxSurface/03081000";"3";"Eau";"https://id.eaufrance.fr/sup/3";"23";"Eau brute";"https://id.eaufrance.fr/fan/23";"2024-04-18";"09:27:00";"2025-05-17";"09:27:00";"1301";"Température de l'Eau";"https://id.eaufrance.fr/par/1301";"13.8";"32,31,215,214,213,212,209,166,165,164,122,121";"Physique,Paramètres classés par classe,Paramètres de l'analyse régulière du contrôle de surveillance de l'état chimique des eaux souterraines,Paramètres physico-chimiques pour les eaux littorales,Paramètres physico-chimiques pour les plans d'eau,Paramètres physico-chimiques pour les cours d'eau,Arrêté du 26 avril 2022 modifiant l'arrêté du 25 janvier 2010 établissant le programme de surveillance de l'état des eaux en application de l'article R.212.22 du code de l'environnement,Paramètres de l'analyse régulière du contrôle de surveillance de l'état chimique des eaux souterraines,Paramètres physico-chimiques pour les plans d'eau,Paramètres physico-chimiques pour les cours d'eau,Arrêté du 7 août 2015 modifiant l'arrêté du 25 janvier 2010 établissant le programme de surveillance de l'état des eaux en application de l'article R. 212-22 du code de l'environnement,Paramètres classés par textes réglementaires";"https://id.eaufrance.fr/gpr/32,https://id.eaufrance.fr/gpr/31,https://id.eaufrance.fr/gpr/215,https://id.eaufrance.fr/gpr/214,https://id.eaufrance.fr/gpr/213,https://id.eaufrance.fr/gpr/212,https://id.eaufrance.fr/gpr/209,https://id.eaufrance.fr/gpr/166,https://id.eaufrance.fr/gpr/165,https://id.eaufrance.fr/gpr/164,https://id.eaufrance.fr/gpr/122,https://id.eaufrance.fr/gpr/121";"27";"°C";"https://id.eaufrance.fr/urf/27";"1";"Résultat > seuil de quantification et < au seuil de saturation";"1";"In situ";"0";"Difficultés inconnues";"0.0";"0.0";"";"0.0";"";"";"";"3";"Méthode spécifique";"https://id.eaufrance.fr/met/3";"";"";"";"";"1";"Analyse réalisée sous accréditation";"0";"3";"Donnée contrôlée niveau 2 (données validées)";"1";"Correcte";"";"";"";"";"";"18750009500166";"AGENCE DE L'EAU SEINE-NORMANDIE";"https://id.eaufrance.fr/int/18750009500166";"41054531300042";"CARSO - LABORATOIRE SANTE ENVIRONNEMENT HYGIENE DE LYON";"https://id.eaufrance.fr/int/41054531300042";"41054531300042";"CARSO - LABORATOIRE SANTE ENVIRONNEMENT HYGIENE DE LYON";"https://id.eaufrance.fr/int/41054531300042";"48.83258716372681";"2.3815423651905463";"03081000202404183";"001";"PC AESN";"20240318180543-PC-566912";"130657354"
"03081000";"LA SEINE A PARIS-12E--ARRONDISSEMENT 1";"https://id.eaufrance.fr/StationMesureEauxSurface/03081000";"3";"Eau";"https://id.eaufrance.fr/sup/3";"23";"Eau brute";"https://id.eaufrance.fr/fan/23";"2024-02-26";"12:06:00";"2025-05-17";"12:06:00";"1301";"Température de l'Eau";"https://id.eaufrance.fr/par/1301";"9.4";"32,31,215,214,213,212,209,166,165,164,122,121";"Physique,Paramètres classés par classe,Paramètres de l'analyse régulière du contrôle de surveillance de l'état chimique des eaux souterraines,Paramètres physico-chimiques pour les eaux littorales,Paramètres physico-chimiques pour les plans d'eau,Paramètres physico-chimiques pour les cours d'eau,Arrêté du 26 avril 2022 modifiant l'arrêté du 25 janvier 2010 établissant le programme de surveillance de l'état des eaux en application de l'article R.212.22 du code de l'environnement,Paramètres de l'analyse régulière du contrôle de surveillance de l'état chimique des eaux souterraines,Paramètres physico-chimiques pour les plans d'eau,Paramètres physico-chimiques pour les cours d'eau,Arrêté du 7 août 2015 modifiant l'arrêté du 25 janvier 2010 établissant le programme de surveillance de l'état des eaux en application de l'article R. 212-22 du code de l'environnement,Paramètres classés par textes réglementaires";"https://id.eaufrance.fr/gpr/32,https://id.eaufrance.fr/gpr/31,https://id.eaufrance.fr/gpr/215,https://id.eaufrance.fr/gpr/214,https://id.eaufrance.fr/gpr/213,https://id.eaufrance.fr/gpr/212,https://id.eaufrance.fr/gpr/209,https://id.eaufrance.fr/gpr/166,https://id.eaufrance.fr/gpr/165,https://id.eaufrance.fr/gpr/164,https://id.eaufrance.fr/gpr/122,https://id.eaufrance.fr/gpr/121";"27";"°C";"https://id.eaufrance.fr/urf/27";"1";"Résultat > seuil de quantification et < au seuil de saturation";"1";"In situ";"0";"Difficultés inconnues";"0.0";"0.0";"";"0.0";"";"";"";"3";"Méthode spécifique";"https://id.eaufrance.fr/met/3";"";"";"";"";"2";"Analyse réalisée hors accréditation";"0";"3";"Donnée contrôlée niveau 2 (données validées)";"1";"Correcte";"";"";"";"";"";"18750009500166";"AGENCE DE L'EAU SEINE-NORMANDIE";"https://id.eaufrance.fr/int/18750009500166";"41054531300042";"CARSO - LABORATOIRE SANTE ENVIRONNEMENT HYGIENE DE LYON";"https://id.eaufrance.fr/int/41054531300042";"41054531300042";"CARSO - LABORATOIRE SANTE ENVIRONNEMENT HYGIENE DE LYON";"https://id.eaufrance.fr/int/41054531300042";"48.83258716372681";"2.3815423651905463";"03081000202402263";"001";"PC AESN";"20240114170625-PC-562103";"129344958"
"03081000";"LA SEINE A PARIS-12E--ARRONDISSEMENT 1";"https://id.eaufrance.fr/StationMesureEauxSurface/03081000";"3";"Eau";"https://id.eaufrance.fr/sup/3";"23";"Eau brute";"https://id.eaufrance.fr/fan/23";"2024-02-26";"12:06:00";"2025-05-17";"15:26:00";"1350";"Phosphore total";"https://id.eaufrance.fr/par/1350";"0.105";"48,41,31,215,214,213,212,209,194,192,191,190,166,165,164,122,121";"Paramètres phosphorés|Chimique|Paramètres classés par classe|Paramètres de l'analyse régulière du contrôle de surveillance de l'état chimique des eaux souterraines|Paramètres physico-chimiques pour les eaux littorales|Paramètres physico-chimiques pour les plans d'eau|Paramètres physico-chimiques pour les cours d'eau|Arrêté du 26 avril 2022 modifiant l'arrêté du 25 janvier 2010 établissant le programme de surveillance de l'état des eaux en application de l'article R.212.22 du code de l'environnement|Avis relatif aux limites de quantification des couples «paramètre-matrice» de l'agrément des laboratoires effectuant des analyses dans le domaine de l'eau et des milieux aquatiques, matrice Sédiment en eau de surface continentale|Avis relatif aux limites de quantification des couples «paramètre-matrice» de l'agrément des laboratoires effectuant des analyses dans le domaine de l'eau et des milieux aquatiques, matrice Eau résiduaire|Avis relatif aux limites de quantification des couples «paramètre-matrice» de l'agrément des laboratoires effectuant des analyses dans le domaine de l'eau et des milieux aquatiques, matrice Eau douce|Avis relatif aux limites de quantification des couples «paramètre-matrice» de l'agrément des laboratoires effectuant des analyses dans le domaine de l'eau et des milieux aquatiques|Paramètres de l'analyse régulière du contrôle de surveillance de l'état chimique des eaux souterraines|Paramètres physico-chimiques pour les plans d'eau|Paramètres physico-chimiques pour les cours d'eau|Arrêté du 7 août 2015 modifiant l'arrêté du 25 janvier 2010 établissant le programme de surveillance de l'état des eaux en application de l'article R. 212-22 du code de l'environnement|Paramètres classés par textes réglementaires";"https://id.eaufrance.fr/gpr/48,https://id.eaufrance.fr/gpr/41,https://id.eaufrance.fr/gpr/31,https://id.eaufrance.fr/gpr/215,https://id.eaufrance.fr/gpr/214,https://id.eaufrance.fr/gpr/213,https://id.eaufrance.fr/gpr/212,https://id.eaufrance.fr/gpr/209,https://id.eaufrance.fr/gpr/194,https://id.eaufrance.fr/gpr/192,https://id.eaufrance.fr/gpr/191,https://id.eaufrance.fr/gpr/190,https://id.eaufrance.fr/gpr/166,https://id.eaufrance.fr/gpr/165,https://id.eaufrance.fr/gpr/164,https://id.eaufrance.fr/gpr/122,https://id.eaufrance.fr/gpr/121";"177";"mg(P)/L";"https://id.eaufrance.fr/urf/177";"1";"Résultat > seuil de quantification et < au seuil de saturation";"2";"Laboratoire";"0";"Difficultés inconnues";"0.003";"0.01";"";"30.0";"";"";"";"470";"Qualité de l'eau - Dosage du phosphore - Méthode spectrométrique au molybdate d'ammonium (NF EN ISO 6878 Avril 2005 / T90-023)";"https://id.eaufrance.fr/met/470";"";"";"";"";"1";"Analyse réalisée sous accréditation";"0";"3";"Donnée contrôlée niveau 2 (données validées)";"1";"Correcte";"";"";"";"";"";"18750009500166";"AGENCE DE L'EAU SEINE-NORMANDIE";"https://id.eaufrance.fr/int/18750009500166";"41054531300042";"CARSO - LABORATOIRE SANTE ENVIRONNEMENT HYGIENE DE LYON";"https://id.eaufrance.fr/int/41054531300042";"41054531300042";"CARSO - LABORATOIRE SANTE ENVIRONNEMENT HYGIENE DE LYON";"https://id.eaufrance.fr/int/41054531300042";"48.83258716372681";"2.3815423651905463";"03081000202402263";"001";"PC AESN";"20240114170625-PC-562103";"129344951"
"03081000";"LA SEINE A PARIS-12E--ARRONDISSEMENT 1";"https://id.eaufrance.fr/StationMesureEauxSurface/03081000";"3";"Eau";"https://id.eaufrance.fr/sup/3";"3";"Phase aqueuse de l'eau (filtrée, centrifugée...)";"https://id.eaufrance.fr/fan/3";"2024-02-26";"12:06:00";"2025-05-17";"17:22:00";"1340";"Nitrates";"https://id.eaufrance.fr/par/1340";"25.0";"47,41,31,215,214,213,212,209,193,192,191,190,166,165,164,122,121";"Paramètres azotés|Chimique|Paramètres classés par classe|Paramètres de l'analyse régulière du contrôle de surveillance de l'état chimique des eaux souterraines|Paramètres physico-chimiques pour les eaux littorales|Paramètres physico-chimiques pour les plans d'eau|Paramètres physico-chimiques pour les cours d'eau|Arrêté du 26 avril 2022 modifiant l'arrêté du 25 janvier 2010 établissant le programme de surveillance de l'état des eaux en application de l'article R.212.22 du code de l'environnement|Avis relatif aux limites de quantification des couples «paramètre-matrice» de l'agrément des laboratoires effectuant des analyses dans le domaine de l'eau et des milieux aquatiques, matrice Eau saline|Avis relatif aux limites de quantification des couples «paramètre-matrice» de l'agrément des laboratoires effectuant des analyses dans le domaine de l'eau et des milieux aquatiques, matrice Eau résiduaire|Avis relatif aux limites de quantification des couples «paramètre-matrice» de l'agrément des laboratoires effectuant des analyses dans le domaine de l'eau et des milieux aquatiques, matrice Eau douce|Avis relatif aux limites de quantification des couples «paramètre-matrice» de l'agrément des laboratoires effectuant des analyses dans le domaine de l'eau et des milieux aquatiques|Paramètres de l'analyse régulière du contrôle de surveillance de l'état chimique des eaux souterraines|Paramètres physico-chimiques pour les plans d'eau|Paramètres physico-chimiques pour les cours d'eau|Arrêté du 7 août 2015 modifiant l'arrêté du 25 janvier 2010 établissant le programme de surveillance de l'état des eaux en application de l'article R. 212-22 du code de l'environnement|Paramètres classés par textes réglementaires";"https://id.eaufrance.fr/gpr/47,https://id.eaufrance.fr/gpr/41,https://id.eaufrance.fr/gpr/31,https://id.eaufrance.fr/gpr/215,https://id.eaufrance.fr/gpr/214,https://id.eaufrance.fr/gpr/213,https://id.eaufrance.fr/gpr/212,https://id.eaufrance.fr/gpr/209,https://id.eaufrance.fr/gpr/193,https://id.eaufrance.fr/gpr/192,https://id.eaufrance.fr/gpr/191,https://id.eaufrance.fr/gpr/190,https://id.eaufrance.fr/gpr/166,https://id.eaufrance.fr/gpr/165,https://id.eaufrance.fr/gpr/164,https://id.eaufrance.fr/gpr/122,https://id.eaufrance.fr/gpr/121";"173";"mg(NO3)/L";"https://id.eaufrance.fr/urf/173";"1";"Résultat > seuil de quantification et < au seuil de saturation";"2";"Laboratoire";"0";"Difficultés inconnues";"0.03";"0.1";"";"25.0";"";"";"";"706";"Qualité de l'eau - Dosage des anions dissous par chromatographie des ions en phase liquide. Partie 1 : dosage du bromure, chlorure, fluorure, nitrate, nitrite, phosphate et sulfate. (NF EN ISO 10304-1 Juillet 2009 / T90-042-1)";"https://id.eaufrance.fr/met/706";"";"";"";"";"1";"Analyse réalisée sous accréditation";"0";"3";"Donnée contrôlée niveau 2 (données validées)";"1";"Correcte";"";"";"";"";"";"18750009500166";"AGENCE DE L'EAU SEINE-NORMANDIE";"https://id.eaufrance.fr/int/18750009500166";"41054531300042";"CARSO - LABORATOIRE SANTE ENVIRONNEMENT HYGIENE DE LYON";"https://id.eaufrance.fr/int/41054531300042";"41054531300042";"CARSO - LABORATOIRE SANTE ENVIRONNEMENT HYGIENE DE LYON";"https://id.eaufrance.fr/int/41054531300042";"48.83258716372681";"2.3815423651905463";"03081000202402263";"001";"PC AESN";"20240114170625-PC-562103";"129344949"
"03081000";"LA SEINE A PARIS-12E--ARRONDISSEMENT 1";"https://id.eaufrance.fr/StationMesureEauxSurface/03081000";"3";"Eau";"https://id.eaufrance.fr/sup/3";"23";"Eau brute";"https://id.eaufrance.fr/fan/23";"2023-12-06";"20:07:00";"2024-04-25";"09:31:00";"1350";"Phosphore total";"https://id.eaufrance.fr/par/1350";"0.089";"48,41,31,215,214,213,212,209,194,192,191,190,166,165,164,122,121";"Paramètres phosphorés|Chimique|Paramètres classés par classe|Paramètres de l'analyse régulière du contrôle de surveillance de l'état chimique des eaux souterraines|Paramètres physico-chimiques pour les eaux littorales|Paramètres physico-chimiques pour les plans d'eau|Paramètres physico-chimiques pour les cours d'eau|Arrêté du 26 avril 2022 modifiant l'arrêté du 25 janvier 2010 établissant le programme de surveillance de l'état des eaux en application de l'article R.212.22 du code de l'environnement|Avis relatif aux limites de quantification des couples «paramètre-matrice» de l'agrément des laboratoires effectuant des analyses dans le domaine de l'eau et des milieux aquatiques, matrice Sédiment en eau de surface continentale|Avis relatif aux limites de quantification des couples «paramètre-matrice» de l'agrément des laboratoires effectuant des analyses dans le domaine de l'eau et des milieux aquatiques, matrice Eau résiduaire|Avis relatif aux limites de quantification des couples «paramètre-matrice» de l'agrément des laboratoires effectuant des analyses dans le domaine de l'eau et des milieux aquatiques, matrice Eau douce|Avis relatif aux limites de quantification des couples «paramètre-matrice» de l'agrément des laboratoires effectuant des analyses dans le domaine de l'eau et des milieux aquatiques|Paramètres de l'analyse régulière du contrôle de surveillance de l'état chimique des eaux souterraines|Paramètres physico-chimiques pour les plans d'eau|Paramètres physico-chimiques pour les cours d'eau|Arrêté du 7 août 2015 modifiant l'arrêté du 25 janvier 2010 établissant le programme de surveillance de l'état des eaux en application de l'article R. 212-22 du code de l'environnement|Paramètres classés par textes réglementaires";"https://id.eaufrance.fr/gpr/48,https://id.eaufrance.fr/gpr/41,https://id.eaufrance.fr/gpr/31,https://id.eaufrance.fr/gpr/215,https://id.eaufrance.fr/gpr/214,https://id.eaufrance.fr/gpr/213,https://id.eaufrance.fr/gpr/212,https://id.eaufrance.fr/gpr/209,https://id.eaufrance.fr/gpr/194,https://id.eaufrance.fr/gpr/192,https://id.eaufrance.fr/gpr/191,https://id.eaufrance.fr/gpr/190,https://id.eaufrance.fr/gpr/166,https://id.eaufrance.fr/gpr/165,https://id.eaufrance.fr/gpr/164,https://id.eaufrance.fr/gpr/122,https://id.eaufrance.fr/gpr/121";"177";"mg(P)/L";"https://id.eaufrance.fr/urf/177";"1";"Résultat > seuil de quantification et < au seuil de saturation";"2";"Laboratoire";"0";"Difficultés inconnues";"0.003";"0.01";"";"50.0";"";"";"";"470";"Qualité de l'eau - Dosage du phosphore - Méthode spectrométrique au molybdate d'ammonium (NF EN ISO 6878 Avril 2005 / T90-023)";"https://id.eaufrance.fr/met/470";"";"";"";"";"1";"Analyse réalisée sous accréditation";"0";"3";"Donnée contrôlée niveau 2 (données validées)";"1";"Correcte";"";"";"";"";"";"18750009500166";"AGENCE DE L'EAU SEINE-NORMANDIE";"https://id.eaufrance.fr/int/18750009500166";"41054531300042";"CARSO - LABORATOIRE SANTE ENVIRONNEMENT HYGIENE DE LYON";"https://id.eaufrance.fr/int/41054531300042";"41054531300042";"CARSO - LABORATOIRE SANTE ENVIRONNEMENT HYGIENE DE LYON";"https://id.eaufrance.fr/int/41054531300042";"48.83258716372681";"2.3815423651905463";"03081000202312063";"001";"PC AESN";"20231017114311-PC-556767";"127669006"
"03081000";"LA SEINE A PARIS-12E--ARRONDISSEMENT 1";"https://id.eaufrance.fr/StationMesureEauxSurface/03081000";"3";"Eau";"https://id.eaufrance.fr/sup/3";"3";"Phase aqueuse de l'eau (filtrée, centrifugée...)";"https://id.eaufrance.fr/fan/3";"2023-12-06";"20:07:00";"2024-04-25";"09:05:00";"1340";"Nitrates";"https://id.eaufrance.fr/par/1340";"28.0";"47,41,31,215,214,213,212,209,193,192,191,190,166,165,164,122,121";"Paramètres azotés|Chimique|Paramètres classés par classe|Paramètres de l'analyse régulière du contrôle de surveillance de l'état chimique des eaux souterraines|Paramètres physico-chimiques pour les eaux littorales|Paramètres physico-chimiques pour les plans d'eau|Paramètres physico-chimiques pour les cours d'eau|Arrêté du 26 avril 2022 modifiant l'arrêté du 25 janvier 2010 établissant le programme de surveillance de l'état des eaux en application de l'article R.212.22 du code de l'environnement|Avis relatif aux limites de quantification des couples «paramètre-matrice» de l'agrément des laboratoires effectuant des analyses dans le domaine de l'eau et des milieux aquatiques, matrice Eau saline|Avis relatif aux limites de quantification des couples «paramètre-matrice» de l'agrément des laboratoires effectuant des analyses dans le domaine de l'eau et des milieux aquatiques, matrice Eau résiduaire|Avis relatif aux limites de quantification des couples «paramètre-matrice» de l'agrément des laboratoires effectuant des analyses dans le domaine de l'eau et des milieux aquatiques, matrice Eau douce|Avis relatif aux limites de quantification des couples «paramètre-matrice» de l'agrément des laboratoires effectuant des analyses dans le domaine de l'eau et des milieux aquatiques|Paramètres de l'analyse régulière du contrôle de surveillance de l'état chimique des eaux souterraines|Paramètres physico-chimiques pour les plans d'eau|Paramètres physico-chimiques pour les cours d'eau|Arrêté du 7 août 2015 modifiant l'arrêté du 25 janvier 2010 établissant le programme de surveillance de l'état des eaux en application de l'article R. 212-22 du code de l'environnement|Paramètres classés par textes réglementaires";"https://id.eaufrance.fr/gpr/47,https://id.eaufrance.fr/gpr/41,https://id.eaufrance.fr/gpr/31,https://id.eaufrance.fr/gpr/215,https://id.eaufrance.fr/gpr/214,https://id.eaufrance.fr/gpr/213,https://id.eaufrance.fr/gpr/212,https://id.eaufrance.fr/gpr/209,https://id.eaufrance.fr/gpr/193,https://id.eaufrance.fr/gpr/192,https://id.eaufrance.fr/gpr/191,https://id.eaufrance.fr/gpr/190,https://id.eaufrance.fr/gpr/166,https://id.eaufrance.fr/gpr/165,https://id.eaufrance.fr/gpr/164,https://id.eaufrance.fr/gpr/122,https://id.eaufrance.fr/gpr/121";"173";"mg(NO3)/L";"https://id.eaufrance.fr/urf/173";"1";"Résultat > seuil de quantification et < au seuil de saturation";"2";"Laboratoire";"0";"Difficultés inconnues";"0.03";"0.1";"";"50.0";"";"";"";"706";"Qualité de l'eau - Dosage des anions dissous par chromatographie des ions en phase liquide. Partie 1 : dosage du bromure, chlorure, fluorure, nitrate, nitrite, phosphate et sulfate. (NF EN ISO 10304-1 Juillet 2009 / T90-042-1)";"https://id.eaufrance.fr/met/706";"";"";"";"";"1";"Analyse réalisée sous accréditation";"0";"3";"Donnée contrôlée niveau 2 (données validées)";"1";"Correcte";"";"";"";"";"";"18750009500166";"AGENCE DE L'EAU SEINE-NORMANDIE";"https://id.eaufrance.fr/int/18750009500166";"41054531300042";"CARSO - LABORATOIRE SANTE ENVIRONNEMENT HYGIENE DE LYON";"https://id.eaufrance.fr/int/41054531300042";"41054531300042";"CARSO - LABORATOIRE SANTE ENVIRONNEMENT HYGIENE DE LYON";"https://id.eaufrance.fr/int/41054531300042";"48.83258716372681";"2.3815423651905463";"03081000202312063";"001";"PC AESN";"20231017114311-PC-556767";"127669004"
"03081000";"LA SEINE A PARIS-12E--ARRONDISSEMENT 1";"https://id.eaufrance.fr/StationMesureEauxSurface/03081000";"3";"Eau";"https://id.eaufrance.fr/sup/3";"23";"Eau brute";"https://id.eaufrance.fr/fan/23";"2023-12-06";"20:07:00";"2024-04-25";"20:07:00";"1301";"Température de l'Eau";"https://id.eaufrance.fr/par/1301";"6.4";"32,31,215,214,213,212,209,166,165,164,122,121";"Physique,Paramètres classés par classe,Paramètres de l'analyse régulière du contrôle de surveillance de l'état chimique des eaux souterraines,Paramètres physico-chimiques pour les eaux littorales,Paramètres physico-chimiques pour les plans d'eau,Paramètres physico-chimiques pour les cours d'eau,Arrêté du 26 avril 2022 modifiant l'arrêté du 25 janvier 2010 établissant le programme de surveillance de l'état des eaux en application de l'article R.212.22 du code de l'environnement,Paramètres de l'analyse régulière du contrôle de surveillance de l'état chimique des eaux souterraines,Paramètres physico-chimiques pour les plans d'eau,Paramètres physico-chimiques pour les cours d'eau,Arrêté du 7 août 2015 modifiant l'arrêté du 25 janvier 2010 établissant le programme de surveillance de l'état des eaux en application de l'article R. 212-22 du code de l'environnement,Paramètres classés par textes réglementaires";"https://id.eaufrance.fr/gpr/32,https://id.eaufrance.fr/gpr/31,https://id.eaufrance.fr/gpr/215,https://id.eaufrance.fr/gpr/214,https://id.eaufrance.fr/gpr/213,https://id.eaufrance.fr/gpr/212,https://id.eaufrance.fr/gpr/209,https://id.eaufrance.fr/gpr/166,https://id.eaufrance.fr/gpr/165,https://id.eaufrance.fr/gpr/164,https://id.eaufrance.fr/gpr/122,https://id.eaufrance.fr/gpr/121";"27";"°C";"https://id.eaufrance.fr/urf/27";"1";"Résultat > seuil de quantification et < au seuil de saturation";"1";"In situ";"0";"Difficultés inconnues";"0.0";"0.0";"";"50.0";"";"";"";"3";"Méthode spécifique";"https://id.eaufrance.fr/met/3";"";"";"";"";"1";"Analyse réalisée sous accréditation";"0";"3";"Donnée contrôlée niveau 2 (données validées)";"1";"Correcte";"";"";"";"";"";"18750009500166";"AGENCE DE L'EAU SEINE-NORMANDIE";"https://id.eaufrance.fr/int/18750009500166";"41054531300042";"CARSO - LABORATOIRE SANTE ENVIRONNEMENT HYGIENE DE LYON";"https://id.eaufrance.fr/int/41054531300042";"41054531300042";"CARSO - LABORATOIRE SANTE ENVIRONNEMENT HYGIENE DE LYON";"https://id.eaufrance.fr/int/41054531300042";"48.83258716372681";"2.3815423651905463";"03081000202312063";"001";"PC AESN";"20231017114311-PC-556767";"127669013"
"03081000";"LA SEINE A PARIS-12E--ARRONDISSEMENT 1";"https://id.eaufrance.fr/StationMesureEauxSurface/03081000";"3";"Eau";"https://id.eaufrance.fr/sup/3";"3";"Phase aqueuse de l'eau (filtrée, centrifugée...)";"https://id.eaufrance.fr/fan/3";"2023-11-22";"11:51:00";"2024-04-25";"15:35:00";"1340";"Nitrates";"https://id.eaufrance.fr/par/1340";"30.0";"47,41,31,215,214,213,212,209,193,192,191,190,166,165,164,122,121";"Paramètres azotés|Chimique|Paramètres classés par classe|Paramètres de l'analyse régulière du contrôle de surveillance de l'état chimique des eaux souterraines|Paramètres physico-chimiques pour les eaux littorales|Paramètres physico-chimiques pour les plans d'eau|Paramètres physico-chimiques pour les cours d'eau|Arrêté du 26 avril 2022 modifiant l'arrêté du 25 janvier 2010 établissant le programme de surveillance de l'état des eaux en application de l'article R.212.22 du code de l'environnement|Avis relatif aux limites de quantification des couples «paramètre-matrice» de l'agrément des laboratoires effectuant des analyses dans le domaine de l'eau et des milieux aquatiques, matrice Eau saline|Avis relatif aux limites de quantification des couples «paramètre-matrice» de l'agrément des laboratoires effectuant des analyses dans le domaine de l'eau et des milieux aquatiques, matrice Eau résiduaire|Avis relatif aux limites de quantification des couples «paramètre-matrice» de l'agrément des laboratoires effectuant des analyses dans le domaine de l'eau et des milieux aquatiques, matrice Eau douce|Avis relatif aux limites de quantification des couples «paramètre-matrice» de l'agrément des laboratoires effectuant des analyses dans le domaine de l'eau et des milieux aquatiques|Paramètres de l'analyse régulière du contrôle de surveillance de l'état chimique des eaux souterraines|Paramètres physico-chimiques pour les plans d'eau|Paramètres physico-chimiques pour les cours d'eau|Arrêté du 7 août 2015 modifiant l'arrêté du 25 janvier 2010 établissant le programme de surveillance de l'état des eaux en application de l'article R. 212-22 du code de l'environnement|Paramètres classés par textes réglementaires";"https://id.eaufrance.fr/gpr/47,https://id.eaufrance.fr/gpr/41,https://id.eaufrance.fr/gpr/31,https://id.eaufrance.fr/gpr/215,https://id.eaufrance.fr/gpr/214,https://id.eaufrance.fr/gpr/213,https://id.eaufrance.fr/gpr/212,https://id.eaufrance.fr/gpr/209,https://id.eaufrance.fr/gpr/193,https://id.eaufrance.fr/gpr/192,https://id.eaufrance.fr/gpr/191,https://id.eaufrance.fr/gpr/190,https://id.eaufrance.fr/gpr/166,https://id.eaufrance.fr/gpr/165,https://id.eaufrance.fr/gpr/164,https://id.eaufrance.fr/gpr/122,https://id.eaufrance.fr/gpr/121";"173";"mg(NO3)/L";"https://id.eaufrance.fr/urf/173";"1";"Résultat > seuil de quantification et < au seuil de saturation";"2";"Laboratoire";"0";"Difficultés inconnues";"0.03";"0.1";"";"50.0";"";"";"";"706";"Qualité de l'eau - Dosage des anions dissous par chromatographie des ions en phase liquide. Partie 1 : dosage du bromure, chlorure, fluorure, nitrate, nitrite, phosphate et sulfate. (NF EN ISO 10304-1 Juillet 2009 / T90-042-1)";"https://id.eaufrance.fr/met/706";"";"";"";"";"1";"Analyse réalisée sous accréditation";"0";"3";"Donnée contrôlée niveau 2 (données validées)";"1";"Correcte";"";"";"";"";"";"18750009500166";"AGENCE DE L'EAU SEINE-NORMANDIE";"https://id.eaufrance.fr/int/18750009500166";"41054531300042";"CARSO - LABORATOIRE SANTE ENVIRONNEMENT HYGIENE DE LYON";"https://id.eaufrance.fr/int/41054531300042";"41054531300042";"CARSO - LABORATOIRE SANTE ENVIRONNEMENT HYGIENE DE LYON";"https://id.eaufrance.fr/int/41054531300042";"48.83258716372681";"2.3815423651905463";"03081000202311223";"001";"PC AESN";"20231006123035-PC-554965";"127183345"
"03081000";"LA SEINE A PARIS-12E--ARRONDISSEMENT 1";"https://id.eaufrance.fr/StationMesureEauxSurface/03081000";"3";"Eau";"https://id.eaufrance.fr/sup/3";"23";"Eau brute";"https://id.eaufrance.fr/fan/23";"2023-11-22";"11:51:00";"2024-04-25";"12:32:00";"1350";"Phosphore total";"https://id.eaufrance.fr/par/1350";"0.118";"48,41,31,215,214,213,212,209,194,192,191,190,166,165,164,122,121";"Paramètres phosphorés|Chimique|Paramètres classés par classe|Paramètres de l'analyse régulière du contrôle de surveillance de l'état chimique des eaux souterraines|Paramètres physico-chimiques pour les eaux littorales|Paramètres physico-chimiques pour les plans d'eau|Paramètres physico-chimiques pour les cours d'eau|Arrêté du 26 avril 2022 modifiant l'arrêté du 25 janvier 2010 établissant le programme de surveillance de l'état des eaux en application de l'article R.212.22 du code de l'environnement|Avis relatif aux limites de quantification des couples «paramètre-matrice» de l'agrément des laboratoires effectuant des analyses dans le domaine de l'eau et des milieux aquatiques, matrice Sédiment en eau de surface continentale|Avis relatif aux limites de quantification des couples «paramètre-matrice» de l'agrément des laboratoires effectuant des analyses dans le domaine de l'eau et des milieux aquatiques, matrice Eau résiduaire|Avis relatif aux limites de quantification des couples «paramètre-matrice» de l'agrément des laboratoires effectuant des analyses dans le domaine de l'eau et des milieux aquatiques, matrice Eau douce|Avis relatif aux limites de quantification des couples «paramètre-matrice» de l'agrément des laboratoires effectuant des analyses dans le domaine de l'eau et des milieux aquatiques|Paramètres de l'analyse régulière du contrôle de surveillance de l'état chimique des eaux souterraines|Paramètres physico-chimiques pour les plans d'eau|Paramètres physico-chimiques pour les cours d'eau|Arrêté du 7 août 2015 modifiant l'arrêté du 25 janvier 2010 établissant le programme de surveillance de l'état des eaux en application de l'article R. 212-22 du code de l'environnement|Paramètres classés par textes réglementaires";"https://id.eaufrance.fr/gpr/48,https://id.eaufrance.fr/gpr/41,https://id.eaufrance.fr/gpr/31,https://id.eaufrance.fr/gpr/215,https://id.eaufrance.fr/gpr/214,https://id.eaufrance.fr/gpr/213,https://id.eaufrance.fr/gpr/212,https://id.eaufrance.fr/gpr/209,https://id.eaufrance.fr/gpr/194,https://id.eaufrance.fr/gpr/192,https://id.eaufrance.fr/gpr/191,https://id.eaufrance.fr/gpr/190,https://id.eaufrance.fr/gpr/166,https://id.eaufrance.fr/gpr/165,https://id.eaufrance.fr/gpr/164,https://id.eaufrance.fr/gpr/122,https://id.eaufrance.fr/gpr/121";"177";"mg(P)/L";"https://id.eaufrance.fr/urf/177";"1";"Résultat > seuil de quantification et < au seuil de saturation";"2";"Laboratoire";"0";"Difficultés inconnues";"0.003";"0.01";"";"50.0";"";"";"";"470";"Qualité de l'eau - Dosage du phosphore - Méthode spectrométrique au molybdate d'ammonium (NF EN ISO 6878 Avril 2005 / T90-023)";"https://id.eaufrance.fr/met/470";"";"";"";"";"1";"Analyse réalisée sous accréditation";"0";"3";"Donnée contrôlée niveau 2 (données validées)";"1";"Correcte";"";"";"";"";"";"18750009500166";"AGENCE DE L'EAU SEINE-NORMANDIE";"https://id.eaufrance.fr/int/18750009500166";"41054531300042";"CARSO - LABORATOIRE SANTE ENVIRONNEMENT HYGIENE DE LYON";"https://id.eaufrance.fr/int/41054531300042";"41054531300042";"CARSO - LABORATOIRE SANTE ENVIRONNEMENT HYGIENE DE LYON";"https://id.eaufrance.fr/int/41054531300042";"48.83258716372681";"2.3815423651905463";"03081000202311223";"001";"PC AESN";"20231006123035-PC-554965";"127183347"
"03081000";"LA SEINE A PARIS-12E--ARRONDISSEMENT 1";"https://id.eaufrance.fr/StationMesureEauxSurface/03081000";"3";"Eau";"https://id.eaufrance.fr/sup/3";"23";"Eau brute";"https://id.eaufrance.fr/fan/23";"2023-11-22";"11:51:00";"2024-04-25";"11:51:00";"1301";"Température de l'Eau";"https://id.eaufrance.fr/par/1301";"10.9";"32,31,215,214,213,212,209,166,165,164,122,121";"Physique,Paramètres classés par classe,Paramètres de l'analyse régulière du contrôle de surveillance de l'état chimique des eaux souterraines,Paramètres physico-chimiques pour les eaux littorales,Paramètres physico-chimiques pour les plans d'eau,Paramètres physico-chimiques pour les cours d'eau,Arrêté du 26 avril 2022 modifiant l'arrêté du 25 janvier 2010 établissant le programme de surveillance de l'état des eaux en application de l'article R.212.22 du code de l'environnement,Paramètres de l'analyse régulière du contrôle de surveillance de l'état chimique des eaux souterraines,Paramètres physico-chimiques pour les plans d'eau,Paramètres physico-chimiques pour les cours d'eau,Arrêté du 7 août 2015 modifiant l'arrêté du 25 janvier 2010 établissant le programme de surveillance de l'état des eaux en application de l'article R. 212-22 du code de l'environnement,Paramètres classés par textes réglementaires";"https://id.eaufrance.fr/gpr/32,https://id.eaufrance.fr/gpr/31,https://id.eaufrance.fr/gpr/215,https://id.eaufrance.fr/gpr/214,https://id.eaufrance.fr/gpr/213,https://id.eaufrance.fr/gpr/212,https://id.eaufrance.fr/gpr/209,https://id.eaufrance.fr/gpr/166,https://id.eaufrance.fr/gpr/165,https://id.eaufrance.fr/gpr/164,https://id.eaufrance.fr/gpr/122,https://id.eaufrance.fr/gpr/121";"27";"°C";"https://id.eaufrance.fr/urf/27";"1";"Résultat > seuil de quantification et < au seuil de saturation";"1";"In situ";"0";"Difficultés inconnues";"0.0";"0.0";"";"50.0";"";"";"";"3";"Méthode spécifique";"https://id.eaufrance.fr/met/3";"";"";"";"";"1";"Analyse réalisée sous accréditation";"0";"3";"Donnée contrôlée niveau 2 (données validées)";"1";"Correcte";"";"";"";"";"";"18750009500166";"AGENCE DE L'EAU SEINE-NORMANDIE";"https://id.eaufrance.fr/int/18750009500166";"41054531300042";"CARSO - LABORATOIRE SANTE ENVIRONNEMENT HYGIENE DE LYON";"https://id.eaufrance.fr/int/41054531300042";"41054531300042";"CARSO - LABORATOIRE SANTE ENVIRONNEMENT HYGIENE DE LYON";"https://id.eaufrance.fr/int/41054531300042";"48.83258716372681";"2.3815423651905463";"03081000202311223";"001";"PC AESN";"20231006123035-PC-554965";"127183354"
"03081000";"LA SEINE A PARIS-12E--ARRONDISSEMENT 1";"https://id.eaufrance.fr/StationMesureEauxSurface/03081000";"3";"Eau";"https://id.eaufrance.fr/sup/3";"23";"Eau brute";"https://id.eaufrance.fr/fan/23";"2023-10-13";"10:53:00";"2024-04-06";"11:49:00";"1350";"Phosphore total";"https://id.eaufrance.fr/par/1350";"0.126";"48,41,31,215,214,213,212,209,194,192,191,190,166,165,164,122,121";"Paramètres phosphorés|Chimique|Paramètres classés par classe|Paramètres de l'analyse régulière du contrôle de surveillance de l'état chimique des eaux souterraines|Paramètres physico-chimiques pour les eaux littorales|Paramètres physico-chimiques pour les plans d'eau|Paramètres physico-chimiques pour les cours d'eau|Arrêté du 26 avril 2022 modifiant l'arrêté du 25 janvier 2010 établissant le programme de surveillance de l'état des eaux en application de l'article R.212.22 du code de l'environnement|Avis relatif aux limites de quantification des couples «paramètre-matrice» de l'agrément des laboratoires effectuant des analyses dans le domaine de l'eau et des milieux aquatiques, matrice Sédiment en eau de surface continentale|Avis relatif aux limites de quantification des couples «paramètre-matrice» de l'agrément des laboratoires effectuant des analyses dans le domaine de l'eau et des milieux aquatiques, matrice Eau résiduaire|Avis relatif aux limites de quantification des couples «paramètre-matrice» de l'agrément des laboratoires effectuant des analyses dans le domaine de l'eau et des milieux aquatiques, matrice Eau douce|Avis relatif aux limites de quantification des couples «paramètre-matrice» de l'agrément des laboratoires effectuant des analyses dans le domaine de l'eau et des milieux aquatiques|Paramètres de l'analyse régulière du contrôle de surveillance de l'état chimique des eaux souterraines|Paramètres physico-chimiques pour les plans d'eau|Paramètres physico-chimiques pour les cours d'eau|Arrêté du 7 août 2015 modifiant l'arrêté du 25 janvier 2010 établissant le programme de surveillance de l'état des eaux en application de l'article R. 212-22 du code de l'environnement|Paramètres classés par textes réglementaires";"https://id.eaufrance.fr/gpr/48,https://id.eaufrance.fr/gpr/41,https://id.eaufrance.fr/gpr/31,https://id.eaufrance.fr/gpr/215,https://id.eaufrance.fr/gpr/214,https://id.eaufrance.fr/gpr/213,https://id.eaufrance.fr/gpr/212,https://id.eaufrance.fr/gpr/209,https://id.eaufrance.fr/gpr/194,https://id.eaufrance.fr/gpr/192,https://id.eaufrance.fr/gpr/191,https://id.eaufrance.fr/gpr/190,https://id.eaufrance.fr/gpr/166,https://id.eaufrance.fr/gpr/165,https://id.eaufrance.fr/gpr/164,https://id.eaufrance.fr/gpr/122,https://id.eaufrance.fr/gpr/121";"177";"mg(P)/L";"https://id.eaufrance.fr/urf/177";"1";"Résultat > seuil de quantification et < au seuil de saturation";"2";"Laboratoire";"0";"Difficultés inconnues";"0.003";"0.01";"";"50.0";"";"";"";"470";"Qualité de l'eau - Dosage du phosphore - Méthode spectrométrique au molybdate d'ammonium (NF EN ISO 6878 Avril 2005 / T90-023)";"https://id.eaufrance.fr/met/470";"";"";"";"";"1";"Analyse réalisée sous accréditation";"0";"3";"Donnée contrôlée niveau 2 (données validées)";"1";"Correcte";"";"";"";"";"";"18750009500166";"AGENCE DE L'EAU SEINE-NORMANDIE";"https://id.eaufrance.fr/int/18750009500166";"41054531300042";"CARSO - LABORATOIRE SANTE ENVIRONNEMENT HYGIENE DE LYON";"https://id.eaufrance.fr/int/41054531300042";"41054531300042";"CARSO - LABORATOIRE SANTE ENVIRONNEMENT HYGIENE DE LYON";"https://id.eaufrance.fr/int/41054531300042";"48.83258716372681";"2.3815423651905463";"03081000202310133";"001";"PC AESN";"20230731170716-PC-552593";"126552349"
"03081000";"LA SEINE A PARIS-12E--ARRONDISSEMENT 1";"https://id.eaufrance.fr/StationMesureEauxSurface/03081000";"3";"Eau";"https://id.eaufrance.fr/sup/3";"3";"Phase aqueuse de l'eau (filtrée, centrifugée...)";"https://id.eaufrance.fr/fan/3";"2023-10-13";"10:53:00";"2024-04-06";"08:28:00";"1340";"Nitrates";"https://id.eaufrance.fr/par/1340";"15.0";"47,41,31,215,214,213,212,209,193,192,191,190,166,165,164,122,121";"Paramètres azotés|Chimique|Paramètres classés par classe|Paramètres de l'analyse régulière du contrôle de surveillance de l'état chimique des eaux souterraines|Paramètres physico-chimiques pour les eaux littorales|Paramètres physico-chimiques pour les plans d'eau|Paramètres physico-chimiques pour les cours d'eau|Arrêté du 26 avril 2022 modifiant l'arrêté du 25 janvier 2010 établissant le programme de surveillance de l'état des eaux en application de l'article R.212.22 du code de l'environnement|Avis relatif aux limites de quantification des couples «paramètre-matrice» de l'agrément des laboratoires effectuant des analyses dans le domaine de l'eau et des milieux aquatiques, matrice Eau saline|Avis relatif aux limites de quantification des couples «paramètre-matrice» de l'agrément des laboratoires effectuant des analyses dans le domaine de l'eau et des milieux aquatiques, matrice Eau résiduaire|Avis relatif aux limites de quantification des couples «paramètre-matrice» de l'agrément des laboratoires effectuant des analyses dans le domaine de l'eau et des milieux aquatiques, matrice Eau douce|Avis relatif aux limites de quantification des couples «paramètre-matrice» de l'agrément des laboratoires effectuant des analyses dans le domaine de l'eau et des milieux aquatiques|Paramètres de l'analyse régulière du contrôle de surveillance de l'état chimique des eaux souterraines|Paramètres physico-chimiques pour les plans d'eau|Paramètres physico-chimiques pour les cours d'eau|Arrêté du 7 août 2015 modifiant l'arrêté du 25 janvier 2010 établissant le programme de surveillance de l'état des eaux en application de l'article R. 212-22 du code de l'environnement|Paramètres classés par textes réglementaires";"https://id.eaufrance.fr/gpr/47,https://id.eaufrance.fr/gpr/41,https://id.eaufrance.fr/gpr/31,https://id.eaufrance.fr/gpr/215,https://id.eaufrance.fr/gpr/214,https://id.eaufrance.fr/gpr/213,https://id.eaufrance.fr/gpr/212,https://id.eaufrance.fr/gpr/209,https://id.eaufrance.fr/gpr/193,https://id.eaufrance.fr/gpr/192,https://id.eaufrance.fr/gpr/191,https://id.eaufrance.fr/gpr/190,https://id.eaufrance.fr/gpr/166,https://id.eaufrance.fr/gpr/165,https://id.eaufrance.fr/gpr/164,https://id.eaufrance.fr/gpr/122,https://id.eaufrance.fr/gpr/121";"173";"mg(NO3)/L";"https://id.eaufrance.fr/urf/173";"1";"Résultat > seuil de quantification et < au seuil de saturation";"2";"Laboratoire";"0";"Difficultés inconnues";"0.03";"0.1";"";"50.0";"";"";"";"706";"Qualité de l'eau - Dosage des anions dissous par chromatographie des ions en phase liquide. Partie 1 : dosage du bromure, chlorure, fluorure, nitrate, nitrite, phosphate et sulfate. (NF EN ISO 10304-1 Juillet 2009 / T90-042-1)";"https://id.eaufrance.fr/met/706";"";"";"";"";"1";"Analyse réalisée sous accréditation";"0";"3";"Donnée contrôlée niveau 2 (données validées)";"1";"Correcte";"";"";"";"";"";"18750009500166";"AGENCE DE L'EAU SEINE-NORMANDIE";"https://id.eaufrance.fr/int/18750009500166";"41054531300042";"CARSO - LABORATOIRE SANTE ENVIRONNEMENT HYGIENE DE LYON";"https://id.eaufrance.fr/int/41054531300042";"41054531300042";"CARSO - LABORATOIRE SANTE ENVIRONNEMENT HYGIENE DE LYON";"https://id.eaufrance.fr/int/41054531300042";"48.83258716372681";"2.3815423651905463";"03081000202310133";"001";"PC AESN";"20230731170716-PC-552593";"126552347"
"03081000";"LA SEINE A PARIS-12E--ARRONDISSEMENT 1";"https://id.eaufrance.fr/StationMesureEauxSurface/03081000";"3";"Eau";"https://id.eaufrance.fr/sup/3";"23";"Eau brute";"https://id.eaufrance.fr/fan/23";"2023-10-13";"10:53:00";"2024-04-06";"10:53:00";"1301";"Température de l'Eau";"https://id.eaufrance.fr/par/1301";"18.2";"32,31,215,214,213,212,209,166,165,164,122,121";"Physique,Paramètres classés par classe,Paramètres de l'analyse régulière du contrôle de surveillance de l'état chimique des eaux souterraines,Paramètres physico-chimiques pour les eaux littorales,Paramètres physico-chimiques pour les plans d'eau,Paramètres physico-chimiques pour les cours d'eau,Arrêté du 26 avril 2022 modifiant l'arrêté du 25 janvier 2010 établissant le programme de surveillance de l'état des eaux en application de l'article R.212.22 du code de l'environnement,Paramètres de l'analyse régulière du contrôle de surveillance de l'état chimique des eaux souterraines,Paramètres physico-chimiques pour les plans d'eau,Paramètres physico-chimiques pour les cours d'eau,Arrêté du 7 août 2015 modifiant l'arrêté du 25 janvier 2010 établissant le programme de surveillance de l'état des eaux en application de l'article R. 212-22 du code de l'environnement,Paramètres classés par textes réglementaires";"https://id.eaufrance.fr/gpr/32,https://id.eaufrance.fr/gpr/31,https://id.eaufrance.fr/gpr/215,https://id.eaufrance.fr/gpr/214,https://id.eaufrance.fr/gpr/213,https://id.eaufrance.fr/gpr/212,https://id.eaufrance.fr/gpr/209,https://id.eaufrance.fr/gpr/166,https://id.eaufrance.fr/gpr/165,https://id.eaufrance.fr/gpr/164,https://id.eaufrance.fr/gpr/122,https://id.eaufrance.fr/gpr/121";"27";"°C";"https://id.eaufrance.fr/urf/27";"1";"Résultat > seuil de quantification et < au seuil de saturation";"1";"In situ";"0";"Difficultés inconnues";"0.0";"0.0";"";"50.0";"";"";"";"3";"Méthode spécifique";"https://id.eaufrance.fr/met/3";"";"";"";"";"1";"Analyse réalisée sous accréditation";"0";"3";"Donnée contrôlée niveau 2 (données validées)";"1";"Correcte";"";"";"";"";"";"18750009500166";"AGENCE DE L'EAU SEINE-NORMANDIE";"https://id.eaufrance.fr/int/18750009500166";"41054531300042";"CARSO - LABORATOIRE SANTE ENVIRONNEMENT HYGIENE DE LYON";"https://id.eaufrance.fr/int/41054531300042";"41054531300042";"CARSO - LABORATOIRE SANTE ENVIRONNEMENT HYGIENE DE LYON";"https://id.eaufrance.fr/int/41054531300042";"48.83258716372681";"2.3815423651905463";"03081000202310133";"001";"PC AESN";"20230731170716-PC-552593";"126552367"
"03081000";"LA SEINE A PARIS-12E--ARRONDISSEMENT 1";"https://id.eaufrance.fr/StationMesureEauxSurface/03081000";"3";"Eau";"https://id.eaufrance.fr/sup/3";"23";"Eau brute";"https://id.eaufrance.fr/fan/23";"2023-09-19";"09:56:00";"2024-04-25";"09:56:00";"1301";"Température de l'Eau";"https://id.eaufrance.fr/par/1301";"21.8";"32,31,215,214,213,212,209,166,165,164,122,121";"Physique,Paramètres classés par classe,Paramètres de l'analyse régulière du contrôle de surveillance de l'état chimique des eaux souterraines,Paramètres physico-chimiques pour les eaux littorales,Paramètres physico-chimiques pour les plans d'eau,Paramètres physico-chimiques pour les cours d'eau,Arrêté du 26 avril 2022 modifiant l'arrêté du 25 janvier 2010 établissant le programme de surveillance de l'état des eaux en application de l'article R.212.22 du code de l'environnement,Paramètres de l'analyse régulière du contrôle de surveillance de l'état chimique des eaux souterraines,Paramètres physico-chimiques pour les plans d'eau,Paramètres physico-chimiques pour les cours d'eau,Arrêté du 7 août 2015 modifiant l'arrêté du 25 janvier 2010 établissant le programme de surveillance de l'état des eaux en application de l'article R. 212-22 du code de l'environnement,Paramètres classés par textes réglementaires";"https://id.eaufrance.fr/gpr/32,https://id.eaufrance.fr/gpr/31,https://id.eaufrance.fr/gpr/215,https://id.eaufrance.fr/gpr/214,https://id.eaufrance.fr/gpr/213,https://id.eaufrance.fr/gpr/212,https://id.eaufrance.fr/gpr/209,https://id.eaufrance.fr/gpr/166,https://id.eaufrance.fr/gpr/165,https://id.eaufrance.fr/gpr/164,https://id.eaufrance.fr/gpr/122,https://id.eaufrance.fr/gpr/121";"27";"°C";"https://id.eaufrance.fr/urf/27";"1";"Résultat > seuil de quantification et < au seuil de saturation";"1";"In situ";"0";"Difficultés inconnues";"0.0";"0.0";"";"50.0";"";"";"";"3";"Méthode spécifique";"https://id.eaufrance.fr/met/3";"";"";"";"";"1";"Analyse réalisée sous accréditation";"0";"3";"Donnée contrôlée niveau 2 (données validées)";"1";"Correcte";"";"";"";"";"";"18750009500166";"AGENCE DE L'EAU SEINE-NORMANDIE";"https://id.eaufrance.fr/int/18750009500166";"41054531300042";"CARSO - LABORATOIRE SANTE ENVIRONNEMENT HYGIENE DE LYON";"https://id.eaufrance.fr/int/41054531300042";"41054531300042";"CARSO - LABORATOIRE SANTE ENVIRONNEMENT HYGIENE DE LYON";"https://id.eaufrance.fr/int/41054531300042";"48.83258716372681";"2.3815423651905463";"03081000202309193";"001";"PC AESN";"20230727105118-PC-551293";"125931635"
"03081000";"LA SEINE A PARIS-12E--ARRONDISSEMENT 1";"https://id.eaufrance.fr/StationMesureEauxSurface/03081000";"3";"Eau";"https://id.eaufrance.fr/sup/3";"3";"Phase aqueuse de l'eau (filtrée, centrifugée...)";"https://id.eaufrance.fr/fan/3";"2023-09-19";"09:56:00";"2024-04-25";"08:49:00";"1340";"Nitrates";"https://id.eaufrance.fr/par/1340";"15.0";"47,41,31,215,214,213,212,209,193,192,191,190,166,165,164,122,121";"Paramètres azotés|Chimique|Paramètres classés par classe|Paramètres de l'analyse régulière du contrôle de surveillance de l'état chimique des eaux souterraines|Paramètres physico-chimiques pour les eaux littorales|Paramètres physico-chimiques pour les plans d'eau|Paramètres physico-chimiques pour les cours d'eau|Arrêté du 26 avril 2022 modifiant l'arrêté du 25 janvier 2010 établissant le programme de surveillance de l'état des eaux en application de l'article R.212.22 du code de l'environnement|Avis relatif aux limites de quantification des couples «paramètre-matrice» de l'agrément des laboratoires effectuant des analyses dans le domaine de l'eau et des milieux aquatiques, matrice Eau saline|Avis relatif aux limites de quantification des couples «paramètre-matrice» de l'agrément des laboratoires effectuant des analyses dans le domaine de l'eau et des milieux aquatiques, matrice Eau résiduaire|Avis relatif aux limites de quantification des couples «paramètre-matrice» de l'agrément des laboratoires effectuant des analyses dans le domaine de l'eau et des milieux aquatiques, matrice Eau douce|Avis relatif aux limites de quantification des couples «paramètre-matrice» de l'agrément des laboratoires effectuant des analyses dans le domaine de l'eau et des milieux aquatiques|Paramètres de l'analyse régulière du contrôle de surveillance de l'état chimique des eaux souterraines|Paramètres physico-chimiques pour les plans d'eau|Paramètres physico-chimiques pour les cours d'eau|Arrêté du 7 août 2015 modifiant l'arrêté du 25 janvier 2010 établissant le programme de surveillance de l'état des eaux en application de l'article R. 212-22 du code de l'environnement|Paramètres classés par textes réglementaires";"https://id.eaufrance.fr/gpr/47,https://id.eaufrance.fr/gpr/41,https://id.eaufrance.fr/gpr/31,https://id.eaufrance.fr/gpr/215,https://id.eaufrance.fr/gpr/214,https://id.eaufrance.fr/gpr/213,https://id.eaufrance.fr/gpr/212,https://id.eaufrance.fr/gpr/209,https://id.eaufrance.fr/gpr/193,https://id.eaufrance.fr/gpr/192,https://id.eaufrance.fr/gpr/191,https://id.eaufrance.fr/gpr/190,https://id.eaufrance.fr/gpr/166,https://id.eaufrance.fr/gpr/165,https://id.eaufrance.fr/gpr/164,https://id.eaufrance.fr/gpr/122,https://id.eaufrance.fr/gpr/121";"173";"mg(NO3)/L";"https://id.eaufrance.fr/urf/173";"1";"Résultat > seuil de quantification et < au seuil de saturation";"2";"Laboratoire";"0";"Difficultés inconnues";"0.03";"0.1";"";"50.0";"";"";"";"706";"Qualité de l'eau - Dosage des anions dissous par chromatographie des ions en phase liquide. Partie 1 : dosage du bromure, chlorure, fluorure, nitrate, nitrite, phosphate et sulfate. (NF EN ISO 10304-1 Juillet 2009 / T90-042-1)";"https://id.eaufrance.fr/met/706";"";"";"";"";"1";"Analyse réalisée sous accréditation";"0";"3";"Donnée contrôlée niveau 2 (données validées)";"1";"Correcte";"";"";"";"";"";"18750009500166";"AGENCE DE L'EAU SEINE-NORMANDIE";"https://id.eaufrance.fr/int/18750009500166";"41054531300042";"CARSO - LABORATOIRE SANTE ENVIRONNEMENT HYGIENE DE LYON";"https://id.eaufrance.fr/int/41054531300042";"41054531300042";"CARSO - LABORATOIRE SANTE ENVIRONNEMENT HYGIENE DE LYON";"https://id.eaufrance.fr/int/41054531300042";"48.83258716372681";"2.3815423651905463";"03081000202309193";"001";"PC AESN";"20230727105118-PC-551293";"125931626"
"03081000";"LA SEINE A PARIS-12E--ARRONDISSEMENT 1";"https://id.eaufrance.fr/StationMesureEauxSurface/03081000";"3";"Eau";"https://id.eaufrance.fr/sup/3";"23";"Eau brute";"https://id.eaufrance.fr/fan/23";"2023-09-19";"09:56:00";"2024-04-25";"10:18:00";"1350";"Phosphore total";"https://id.eaufrance.fr/par/1350";"0.107";"48,41,31,215,214,213,212,209,194,192,191,190,166,165,164,122,121";"Paramètres phosphorés|Chimique|Paramètres classés par classe|Paramètres de l'analyse régulière du contrôle de surveillance de l'état chimique des eaux souterraines|Paramètres physico-chimiques pour les eaux littorales|Paramètres physico-chimiques pour les plans d'eau|Paramètres physico-chimiques pour les cours d'eau|Arrêté du 26 avril 2022 modifiant l'arrêté du 25 janvier 2010 établissant le programme de surveillance de l'état des eaux en application de l'article R.212.22 du code de l'environnement|Avis relatif aux limites de quantification des couples «paramètre-matrice» de l'agrément des laboratoires effectuant des analyses dans le domaine de l'eau et des milieux aquatiques, matrice Sédiment en eau de surface continentale|Avis relatif aux limites de quantification des couples «paramètre-matrice» de l'agrément des laboratoires effectuant des analyses dans le domaine de l'eau et des milieux aquatiques, matrice Eau résiduaire|Avis relatif aux limites de quantification des couples «paramètre-matrice» de l'agrément des laboratoires effectuant des analyses dans le domaine de l'eau et des milieux aquatiques, matrice Eau douce|Avis relatif aux limites de quantification des couples «paramètre-matrice» de l'agrément des laboratoires effectuant des analyses dans le domaine de l'eau et des milieux aquatiques|Paramètres de l'analyse régulière du contrôle de surveillance de l'état chimique des eaux souterraines|Paramètres physico-chimiques pour les plans d'eau|Paramètres physico-chimiques pour les cours d'eau|Arrêté du 7 août 2015 modifiant l'arrêté du 25 janvier 2010 établissant le programme de surveillance de l'état des eaux en application de l'article R. 212-22 du code de l'environnement|Paramètres classés par textes réglementaires";"https://id.eaufrance.fr/gpr/48,https://id.eaufrance.fr/gpr/41,https://id.eaufrance.fr/gpr/31,https://id.eaufrance.fr/gpr/215,https://id.eaufrance.fr/gpr/214,https://id.eaufrance.fr/gpr/213,https://id.eaufrance.fr/gpr/212,https://id.eaufrance.fr/gpr/209,https://id.eaufrance.fr/gpr/194,https://id.eaufrance.fr/gpr/192,https://id.eaufrance.fr/gpr/191,https://id.eaufrance.fr/gpr/190,https://id.eaufrance.fr/gpr/166,https://id.eaufrance.fr/gpr/165,https://id.eaufrance.fr/gpr/164,https://id.eaufrance.fr/gpr/122,https://id.eaufrance.fr/gpr/121";"177";"mg(P)/L";"https://id.eaufrance.fr/urf/177";"1";"Résultat > seuil de quantification et < au seuil de saturation";"2";"Laboratoire";"0";"Difficultés inconnues";"0.003";"0.01";"";"50.0";"";"";"";"470";"Qualité de l'eau - Dosage du phosphore - Méthode spectrométrique au molybdate d'ammonium (NF EN ISO 6878 Avril 2005 / T90-023)";"https://id.eaufrance.fr/met/470";"";"";"";"";"1";"Analyse réalisée sous accréditation";"0";"3";"Donnée contrôlée niveau 2 (données validées)";"1";"Correcte";"";"";"";"";"";"18750009500166";"AGENCE DE L'EAU SEINE-NORMANDIE";"https://id.eaufrance.fr/int/18750009500166";"41054531300042";"CARSO - LABORATOIRE SANTE ENVIRONNEMENT HYGIENE DE LYON";"https://id.eaufrance.fr/int/41054531300042";"41054531300042";"CARSO - LABORATOIRE SANTE ENVIRONNEMENT HYGIENE DE LYON";"https://id.eaufrance.fr/int/41054531300042";"48.83258716372681";"2.3815423651905463";"03081000202309193";"001";"PC AESN";"20230727105118-PC-551293";"125931628"
"03081000";"LA SEINE A PARIS-12E--ARRONDISSEMENT 1";"https://id.eaufrance.fr/StationMesureEauxSurface/03081000";"3";"Eau";"https://id.eaufrance.fr/sup/3";"23";"Eau brute";"https://id.eaufrance.fr/fan/23";"2023-09-18";"15:02:00";"2024-09-19";"15:02:00";"1301";"Température de l'Eau";"https://id.eaufrance.fr/par/1301";"23.5";"32,31,215,214,213,212,209,166,165,164,122,121";"Physique,Paramètres classés par classe,Paramètres de l'analyse régulière du contrôle de surveillance de l'état chimique des eaux souterraines,Paramètres physico-chimiques pour les eaux littorales,Paramètres physico-chimiques pour les plans d'eau,Paramètres physico-chimiques pour les cours d'eau,Arrêté du 26 avril 2022 modifiant l'arrêté du 25 janvier 2010 établissant le programme de surveillance de l'état des eaux en application de l'article R.212.22 du code de l'environnement,Paramètres de l'analyse régulière du contrôle de surveillance de l'état chimique des eaux souterraines,Paramètres physico-chimiques pour les plans d'eau,Paramètres physico-chimiques pour les cours d'eau,Arrêté du 7 août 2015 modifiant l'arrêté du 25 janvier 2010 établissant le programme de surveillance de l'état des eaux en application de l'article R. 212-22 du code de l'environnement,Paramètres classés par textes réglementaires";"https://id.eaufrance.fr/gpr/32,https://id.eaufrance.fr/gpr/31,https://id.eaufrance.fr/gpr/215,https://id.eaufrance.fr/gpr/214,https://id.eaufrance.fr/gpr/213,https://id.eaufrance.fr/gpr/212,https://id.eaufrance.fr/gpr/209,https://id.eaufrance.fr/gpr/166,https://id.eaufrance.fr/gpr/165,https://id.eaufrance.fr/gpr/164,https://id.eaufrance.fr/gpr/122,https://id.eaufrance.fr/gpr/121";"27";"°C";"https://id.eaufrance.fr/urf/27";"1";"Résultat > seuil de quantification et < au seuil de saturation";"1";"In situ";"0";"Difficultés inconnues";"";"";"";"";"";"";"";"0";"Méthode inconnue";"https://id.eaufrance.fr/met/0";"";"";"";"";"0";"Inconnu";"0";"1";"Donnée brute";"4";"Non qualifié";"";"";"";"";"";"18750009500026";"AGENCE DE L'EAU SEINE-NORMANDIE";"https://id.eaufrance.fr/int/18750009500026";"32939196500038";"GROUPE DE RECHERCHE ET D'ETUDE BIOLOGIE ET ENVIRONNEMENT (SAS GREBE)";"https://id.eaufrance.fr/int/32939196500038";"32939196500038";"GROUPE DE RECHERCHE ET D'ETUDE BIOLOGIE ET ENVIRONNEMENT (SAS GREBE)";"https://id.eaufrance.fr/int/32939196500038";"48.83258716372681";"2.3815423651905463";"03081000202309183";"008";"PC AESN";"20240823123908-PC-580657";"134340724"
"03081000";"LA SEINE A PARIS-12E--ARRONDISSEMENT 1";"https://id.eaufrance.fr/StationMesureEauxSurface/03081000";"3";"Eau";"https://id.eaufrance.fr/sup/3";"23";"Eau brute";"https://id.eaufrance.fr/fan/23";"2023-08-28";"15:00:00";"2024-09-19";"15:00:00";"1301";"Température de l'Eau";"https://id.eaufrance.fr/par/1301";"22.4";"32,31,215,214,213,212,209,166,165,164,122,121";"Physique,Paramètres classés par classe,Paramètres de l'analyse régulière du contrôle de surveillance de l'état chimique des eaux souterraines,Paramètres physico-chimiques pour les eaux littorales,Paramètres physico-chimiques pour les plans d'eau,Paramètres physico-chimiques pour les cours d'eau,Arrêté du 26 avril 2022 modifiant l'arrêté du 25 janvier 2010 établissant le programme de surveillance de l'état des eaux en application de l'article R.212.22 du code de l'environnement,Paramètres de l'analyse régulière du contrôle de surveillance de l'état chimique des eaux souterraines,Paramètres physico-chimiques pour les plans d'eau,Paramètres physico-chimiques pour les cours d'eau,Arrêté du 7 août 2015 modifiant l'arrêté du 25 janvier 2010 établissant le programme de surveillance de l'état des eaux en application de l'article R. 212-22 du code de l'environnement,Paramètres classés par textes réglementaires";"https://id.eaufrance.fr/gpr/32,https://id.eaufrance.fr/gpr/31,https://id.eaufrance.fr/gpr/215,https://id.eaufrance.fr/gpr/214,https://id.eaufrance.fr/gpr/213,https://id.eaufrance.fr/gpr/212,https://id.eaufrance.fr/gpr/209,https://id.eaufrance.fr/gpr/166,https://id.eaufrance.fr/gpr/165,https://id.eaufrance.fr/gpr/164,https://id.eaufrance.fr/gpr/122,https://id.eaufrance.fr/gpr/121";"27";"°C";"https://id.eaufrance.fr/urf/27";"1";"Résultat > seuil de quantification et < au seuil de saturation";"1";"In situ";"0";"Difficultés inconnues";"";"";"";"";"";"";"";"0";"Méthode inconnue";"https://id.eaufrance.fr/met/0";"";"";"";"";"0";"Inconnu";"0";"1";"Donnée brute";"4";"Non qualifié";"";"";"";"";"";"18750009500026";"AGENCE DE L'EAU SEINE-NORMANDIE";"https://id.eaufrance.fr/int/18750009500026";"32939196500038";"GROUPE DE RECHERCHE ET D'ETUDE BIOLOGIE ET ENVIRONNEMENT (SAS GREBE)";"https://id.eaufrance.fr/int/32939196500038";"32939196500038";"GROUPE DE RECHERCHE ET D'ETUDE BIOLOGIE ET ENVIRONNEMENT (SAS GREBE)";"https://id.eaufrance.fr/int/32939196500038";"48.83258716372681";"2.3815423651905463";"03081000202308283";"008";"PC AESN";"20240823124248-PC-580779";"134341029"
"03081000";"LA SEINE A PARIS-12E--ARRONDISSEMENT 1";"https://id.eaufrance.fr/StationMesureEauxSurface/03081000";"3";"Eau";"https://id.eaufrance.fr/sup/3";"23";"Eau brute";"https://id.eaufrance.fr/fan/23";"2023-08-25";"10:03:00";"2024-04-25";"10:03:00";"1301";"Température de l'Eau";"https://id.eaufrance.fr/par/1301";"24.1";"32,31,215,214,213,212,209,166,165,164,122,121";"Physique,Paramètres classés par classe,Paramètres de l'analyse régulière du contrôle de surveillance de l'état chimique des eaux souterraines,Paramètres physico-chimiques pour les eaux littorales,Paramètres physico-chimiques pour les plans d'eau,Paramètres physico-chimiques pour les cours d'eau,Arrêté du 26 avril 2022 modifiant l'arrêté du 25 janvier 2010 établissant le programme de surveillance de l'état des eaux en application de l'article R.212.22 du code de l'environnement,Paramètres de l'analyse régulière du contrôle de surveillance de l'état chimique des eaux souterraines,Paramètres physico-chimiques pour les plans d'eau,Paramètres physico-chimiques pour les cours d'eau,Arrêté du 7 août 2015 modifiant l'arrêté du 25 janvier 2010 établissant le programme de surveillance de l'état des eaux en application de l'article R. 212-22 du code de l'environnement,Paramètres classés par textes réglementaires";"https://id.eaufrance.fr/gpr/32,https://id.eaufrance.fr/gpr/31,https://id.eaufrance.fr/gpr/215,https://id.eaufrance.fr/gpr/214,https://id.eaufrance.fr/gpr/213,https://id.eaufrance.fr/gpr/212,https://id.eaufrance.fr/gpr/209,https://id.eaufrance.fr/gpr/166,https://id.eaufrance.fr/gpr/165,https://id.eaufrance.fr/gpr/164,https://id.eaufrance.fr/gpr/122,https://id.eaufrance.fr/gpr/121";"27";"°C";"https://id.eaufrance.fr/urf/27";"1";"Résultat > seuil de quantification et < au seuil de saturation";"1";"In situ";"0";"Difficultés inconnues";"0.0";"0.0";"";"50.0";"";"";"";"3";"Méthode spécifique";"https://id.eaufrance.fr/met/3";"";"";"";"";"1";"Analyse réalisée sous accréditation";"0";"3";"Donnée contrôlée niveau 2 (données validées)";"1";"Correcte";"";"";"";"";"";"18750009500166";"AGENCE DE L'EAU SEINE-NORMANDIE";"https://id.eaufrance.fr/int/18750009500166";"41054531300042";"CARSO - LABORATOIRE SANTE ENVIRONNEMENT HYGIENE DE LYON";"https://id.eaufrance.fr/int/41054531300042";"41054531300042";"CARSO - LABORATOIRE SANTE ENVIRONNEMENT HYGIENE DE LYON";"https://id.eaufrance.fr/int/41054531300042";"48.83258716372681";"2.3815423651905463";"03081000202308253";"001";"PC AESN";"20230621101043-PC-548481";"125434081"
"03081000";"LA SEINE A PARIS-12E--ARRONDISSEMENT 1";"https://id.eaufrance.fr/StationMesureEauxSurface/03081000";"3";"Eau";"https://id.eaufrance.fr/sup/3";"3";"Phase aqueuse de l'eau (filtrée, centrifugée...)";"https://id.eaufrance.fr/fan/3";"2023-08-25";"10:03:00";"2024-04-25";"08:27:00";"1340";"Nitrates";"https://id.eaufrance.fr/par/1340";"17.0";"47,41,31,215,214,213,212,209,193,192,191,190,166,165,164,122,121";"Paramètres azotés|Chimique|Paramètres classés par classe|Paramètres de l'analyse régulière du contrôle de surveillance de l'état chimique des eaux souterraines|Paramètres physico-chimiques pour les eaux littorales|Paramètres physico-chimiques pour les plans d'eau|Paramètres physico-chimiques pour les cours d'eau|Arrêté du 26 avril 2022 modifiant l'arrêté du 25 janvier 2010 établissant le programme de surveillance de l'état des eaux en application de l'article R.212.22 du code de l'environnement|Avis relatif aux limites de quantification des couples «paramètre-matrice» de l'agrément des laboratoires effectuant des analyses dans le domaine de l'eau et des milieux aquatiques, matrice Eau saline|Avis relatif aux limites de quantification des couples «paramètre-matrice» de l'agrément des laboratoires effectuant des analyses dans le domaine de l'eau et des milieux aquatiques, matrice Eau résiduaire|Avis relatif aux limites de quantification des couples «paramètre-matrice» de l'agrément des laboratoires effectuant des analyses dans le domaine de l'eau et des milieux aquatiques, matrice Eau douce|Avis relatif aux limites de quantification des couples «paramètre-matrice» de l'agrément des laboratoires effectuant des analyses dans le domaine de l'eau et des milieux aquatiques|Paramètres de l'analyse régulière du contrôle de surveillance de l'état chimique des eaux souterraines|Paramètres physico-chimiques pour les plans d'eau|Paramètres physico-chimiques pour les cours d'eau|Arrêté du 7 août 2015 modifiant l'arrêté du 25 janvier 2010 établissant le programme de surveillance de l'état des eaux en application de l'article R. 212-22 du code de l'environnement|Paramètres classés par textes réglementaires";"https://id.eaufrance.fr/gpr/47,https://id.eaufrance.fr/gpr/41,https://id.eaufrance.fr/gpr/31,https://id.eaufrance.fr/gpr/215,https://id.eaufrance.fr/gpr/214,https://id.eaufrance.fr/gpr/213,https://id.eaufrance.fr/gpr/212,https://id.eaufrance.fr/gpr/209,https://id.eaufrance.fr/gpr/193,https://id.eaufrance.fr/gpr/192,https://id.eaufrance.fr/gpr/191,https://id.eaufrance.fr/gpr/190,https://id.eaufrance.fr/gpr/166,https://id.eaufrance.fr/gpr/165,https://id.eaufrance.fr/gpr/164,https://id.eaufrance.fr/gpr/122,https://id.eaufrance.fr/gpr/121";"173";"mg(NO3)/L";"https://id.eaufrance.fr/urf/173";"1";"Résultat > seuil de quantification et < au seuil de saturation";"2";"Laboratoire";"0";"Difficultés inconnues";"0.03";"0.1";"";"50.0";"";"";"";"706";"Qualité de l'eau - Dosage des anions dissous par chromatographie des ions en phase liquide. Partie 1 : dosage du bromure, chlorure, fluorure, nitrate, nitrite, phosphate et sulfate. (NF EN ISO 10304-1 Juillet 2009 / T90-042-1)";"https://id.eaufrance.fr/met/706";"";"";"";"";"1";"Analyse réalisée sous accréditation";"0";"3";"Donnée contrôlée niveau 2 (données validées)";"1";"Correcte";"";"";"";"";"";"18750009500166";"AGENCE DE L'EAU SEINE-NORMANDIE";"https://id.eaufrance.fr/int/18750009500166";"41054531300042";"CARSO - LABORATOIRE SANTE ENVIRONNEMENT HYGIENE DE LYON";"https://id.eaufrance.fr/int/41054531300042";"41054531300042";"CARSO - LABORATOIRE SANTE ENVIRONNEMENT HYGIENE DE LYON";"https://id.eaufrance.fr/int/41054531300042";"48.83258716372681";"2.3815423651905463";"03081000202308253";"001";"PC AESN";"20230621101043-PC-548481";"125434069"
"03081000";"LA SEINE A PARIS-12E--ARRONDISSEMENT 1";"https://id.eaufrance.fr/StationMesureEauxSurface/03081000";"3";"Eau";"https://id.eaufrance.fr/sup/3";"23";"Eau brute";"https://id.eaufrance.fr/fan/23";"2023-08-25";"10:03:00";"2024-04-25";"11:19:00";"1350";"Phosphore total";"https://id.eaufrance.fr/par/1350";"0.107";"48,41,31,215,214,213,212,209,194,192,191,190,166,165,164,122,121";"Paramètres phosphorés|Chimique|Paramètres classés par classe|Paramètres de l'analyse régulière du contrôle de surveillance de l'état chimique des eaux souterraines|Paramètres physico-chimiques pour les eaux littorales|Paramètres physico-chimiques pour les plans d'eau|Paramètres physico-chimiques pour les cours d'eau|Arrêté du 26 avril 2022 modifiant l'arrêté du 25 janvier 2010 établissant le programme de surveillance de l'état des eaux en application de l'article R.212.22 du code de l'environnement|Avis relatif aux limites de quantification des couples «paramètre-matrice» de l'agrément des laboratoires effectuant des analyses dans le domaine de l'eau et des milieux aquatiques, matrice Sédiment en eau de surface continentale|Avis relatif aux limites de quantification des couples «paramètre-matrice» de l'agrément des laboratoires effectuant des analyses dans le domaine de l'eau et des milieux aquatiques, matrice Eau résiduaire|Avis relatif aux limites de quantification des couples «paramètre-matrice» de l'agrément des laboratoires effectuant des analyses dans le domaine de l'eau et des milieux aquatiques, matrice Eau douce|Avis relatif aux limites de quantification des couples «paramètre-matrice» de l'agrément des laboratoires effectuant des analyses dans le domaine de l'eau et des milieux aquatiques|Paramètres de l'analyse régulière du contrôle de surveillance de l'état chimique des eaux souterraines|Paramètres physico-chimiques pour les plans d'eau|Paramètres physico-chimiques pour les cours d'eau|Arrêté du 7 août 2015 modifiant l'arrêté du 25 janvier 2010 établissant le programme de surveillance de l'état des eaux en application de l'article R. 212-22 du code de l'environnement|Paramètres classés par textes réglementaires";"https://id.eaufrance.fr/gpr/48,https://id.eaufrance.fr/gpr/41,https://id.eaufrance.fr/gpr/31,https://id.eaufrance.fr/gpr/215,https://id.eaufrance.fr/gpr/214,https://id.eaufrance.fr/gpr/213,https://id.eaufrance.fr/gpr/212,https://id.eaufrance.fr/gpr/209,https://id.eaufrance.fr/gpr/194,https://id.eaufrance.fr/gpr/192,https://id.eaufrance.fr/gpr/191,https://id.eaufrance.fr/gpr/190,https://id.eaufrance.fr/gpr/166,https://id.eaufrance.fr/gpr/165,https://id.eaufrance.fr/gpr/164,https://id.eaufrance.fr/gpr/122,https://id.eaufrance.fr/gpr/121";"177";"mg(P)/L";"https://id.eaufrance.fr/urf/177";"1";"Résultat > seuil de quantification et < au seuil de saturation";"2";"Laboratoire";"0";"Difficultés inconnues";"0.003";"0.01";"";"50.0";"";"";"";"470";"Qualité de l'eau - Dosage du phosphore - Méthode spectrométrique au molybdate d'ammonium (NF EN ISO 6878 Avril 2005 / T90-023)";"https://id.eaufrance.fr/met/470";"";"";"";"";"1";"Analyse réalisée sous accréditation";"0";"3";"Donnée contrôlée niveau 2 (données validées)";"1";"Correcte";"";"";"";"";"";"18750009500166";"AGENCE DE L'EAU SEINE-NORMANDIE";"https://id.eaufrance.fr/int/18750009500166";"41054531300042";"CARSO - LABORATOIRE SANTE ENVIRONNEMENT HYGIENE DE LYON";"https://id.eaufrance.fr/int/41054531300042";"41054531300042";"CARSO - LABORATOIRE SANTE ENVIRONNEMENT HYGIENE DE LYON";"https://id.eaufrance.fr/int/41054531300042";"48.83258716372681";"2.3815423651905463";"03081000202308253";"001";"PC AESN";"20230621101043-PC-548481";"125434071"
"03081000";"LA SEINE A PARIS-12E--ARRONDISSEMENT 1";"https://id.eaufrance.fr/StationMesureEauxSurface/03081000";"3";"Eau";"https://id.eaufrance.fr/sup/3";"23";"Eau brute";"https://id.eaufrance.fr/fan/23";"2023-07-24";"15:42:00";"2024-09-19";"15:42:00";"1301";"Température de l'Eau";"https://id.eaufrance.fr/par/1301";"23.0";"32,31,215,214,213,212,209,166,165,164,122,121";"Physique,Paramètres classés par classe,Paramètres de l'analyse régulière du contrôle de surveillance de l'état chimique des eaux souterraines,Paramètres physico-chimiques pour les eaux littorales,Paramètres physico-chimiques pour les plans d'eau,Paramètres physico-chimiques pour les cours d'eau,Arrêté du 26 avril 2022 modifiant l'arrêté du 25 janvier 2010 établissant le programme de surveillance de l'état des eaux en application de l'article R.212.22 du code de l'environnement,Paramètres de l'analyse régulière du contrôle de surveillance de l'état chimique des eaux souterraines,Paramètres physico-chimiques pour les plans d'eau,Paramètres physico-chimiques pour les cours d'eau,Arrêté du 7 août 2015 modifiant l'arrêté du 25 janvier 2010 établissant le programme de surveillance de l'état des eaux en application de l'article R. 212-22 du code de l'environnement,Paramètres classés par textes réglementaires";"https://id.eaufrance.fr/gpr/32,https://id.eaufrance.fr/gpr/31,https://id.eaufrance.fr/gpr/215,https://id.eaufrance.fr/gpr/214,https://id.eaufrance.fr/gpr/213,https://id.eaufrance.fr/gpr/212,https://id.eaufrance.fr/gpr/209,https://id.eaufrance.fr/gpr/166,https://id.eaufrance.fr/gpr/165,https://id.eaufrance.fr/gpr/164,https://id.eaufrance.fr/gpr/122,https://id.eaufrance.fr/gpr/121";"27";"°C";"https://id.eaufrance.fr/urf/27";"1";"Résultat > seuil de quantification et < au seuil de saturation";"1";"In situ";"0";"Difficultés inconnues";"";"";"";"";"";"";"";"0";"Méthode inconnue";"https://id.eaufrance.fr/met/0";"";"";"";"";"0";"Inconnu";"0";"1";"Donnée brute";"4";"Non qualifié";"";"";"";"";"";"18750009500026";"AGENCE DE L'EAU SEINE-NORMANDIE";"https://id.eaufrance.fr/int/18750009500026";"32939196500038";"GROUPE DE RECHERCHE ET D'ETUDE BIOLOGIE ET ENVIRONNEMENT (SAS GREBE)";"https://id.eaufrance.fr/int/32939196500038";"32939196500038";"GROUPE DE RECHERCHE ET D'ETUDE BIOLOGIE ET ENVIRONNEMENT (SAS GREBE)";"https://id.eaufrance.fr/int/32939196500038";"48.83258716372681";"2.3815423651905463";"03081000202307243";"008";"PC AESN";"20240823124244-PC-580777";"134341024"
"03081000";"LA SEINE A PARIS-12E--ARRONDISSEMENT 1";"https://id.eaufrance.fr/StationMesureEauxSurface/03081000";"3";"Eau";"https://id.eaufrance.fr/sup/3";"23";"Eau brute";"https://id.eaufrance.fr/fan/23";"2023-07-07";"10:42:00";"2024-04-25";"10:15:00";"1350";"Phosphore total";"https://id.eaufrance.fr/par/1350";"0.236";"48,41,31,215,214,213,212,209,194,192,191,190,166,165,164,122,121";"Paramètres phosphorés|Chimique|Paramètres classés par classe|Paramètres de l'analyse régulière du contrôle de surveillance de l'état chimique des eaux souterraines|Paramètres physico-chimiques pour les eaux littorales|Paramètres physico-chimiques pour les plans d'eau|Paramètres physico-chimiques pour les cours d'eau|Arrêté du 26 avril 2022 modifiant l'arrêté du 25 janvier 2010 établissant le programme de surveillance de l'état des eaux en application de l'article R.212.22 du code de l'environnement|Avis relatif aux limites de quantification des couples «paramètre-matrice» de l'agrément des laboratoires effectuant des analyses dans le domaine de l'eau et des milieux aquatiques, matrice Sédiment en eau de surface continentale|Avis relatif aux limites de quantification des couples «paramètre-matrice» de l'agrément des laboratoires effectuant des analyses dans le domaine de l'eau et des milieux aquatiques, matrice Eau résiduaire|Avis relatif aux limites de quantification des couples «paramètre-matrice» de l'agrément des laboratoires effectuant des analyses dans le domaine de l'eau et des milieux aquatiques, matrice Eau douce|Avis relatif aux limites de quantification des couples «paramètre-matrice» de l'agrément des laboratoires effectuant des analyses dans le domaine de l'eau et des milieux aquatiques|Paramètres de l'analyse régulière du contrôle de surveillance de l'état chimique des eaux souterraines|Paramètres physico-chimiques pour les plans d'eau|Paramètres physico-chimiques pour les cours d'eau|Arrêté du 7 août 2015 modifiant l'arrêté du 25 janvier 2010 établissant le programme de surveillance de l'état des eaux en application de l'article R. 212-22 du code de l'environnement|Paramètres classés par textes réglementaires";"https://id.eaufrance.fr/gpr/48,https://id.eaufrance.fr/gpr/41,https://id.eaufrance.fr/gpr/31,https://id.eaufrance.fr/gpr/215,https://id.eaufrance.fr/gpr/214,https://id.eaufrance.fr/gpr/213,https://id.eaufrance.fr/gpr/212,https://id.eaufrance.fr/gpr/209,https://id.eaufrance.fr/gpr/194,https://id.eaufrance.fr/gpr/192,https://id.eaufrance.fr/gpr/191,https://id.eaufrance.fr/gpr/190,https://id.eaufrance.fr/gpr/166,https://id.eaufrance.fr/gpr/165,https://id.eaufrance.fr/gpr/164,https://id.eaufrance.fr/gpr/122,https://id.eaufrance.fr/gpr/121";"177";"mg(P)/L";"https://id.eaufrance.fr/urf/177";"1";"Résultat > seuil de quantification et < au seuil de saturation";"2";"Laboratoire";"0";"Difficultés inconnues";"0.003";"0.01";"";"50.0";"";"";"";"470";"Qualité de l'eau - Dosage du phosphore - Méthode spectrométrique au molybdate d'ammonium (NF EN ISO 6878 Avril 2005 / T90-023)";"https://id.eaufrance.fr/met/470";"";"";"";"";"1";"Analyse réalisée sous accréditation";"0";"3";"Donnée contrôlée niveau 2 (données validées)";"1";"Correcte";"";"";"";"";"";"18750009500166";"AGENCE DE L'EAU SEINE-NORMANDIE";"https://id.eaufrance.fr/int/18750009500166";"41054531300042";"CARSO - LABORATOIRE SANTE ENVIRONNEMENT HYGIENE DE LYON";"https://id.eaufrance.fr/int/41054531300042";"41054531300042";"CARSO - LABORATOIRE SANTE ENVIRONNEMENT HYGIENE DE LYON";"https://id.eaufrance.fr/int/41054531300042";"48.83258716372681";"2.3815423651905463";"03081000202307073";"001";"PC AESN";"20230516132716-PC-544695";"123969386"
"03081000";"LA SEINE A PARIS-12E--ARRONDISSEMENT 1";"https://id.eaufrance.fr/StationMesureEauxSurface/03081000";"3";"Eau";"https://id.eaufrance.fr/sup/3";"3";"Phase aqueuse de l'eau (filtrée, centrifugée...)";"https://id.eaufrance.fr/fan/3";"2023-07-07";"10:42:00";"2024-04-25";"08:09:00";"1340";"Nitrates";"https://id.eaufrance.fr/par/1340";"18.0";"47,41,31,215,214,213,212,209,193,192,191,190,166,165,164,122,121";"Paramètres azotés|Chimique|Paramètres classés par classe|Paramètres de l'analyse régulière du contrôle de surveillance de l'état chimique des eaux souterraines|Paramètres physico-chimiques pour les eaux littorales|Paramètres physico-chimiques pour les plans d'eau|Paramètres physico-chimiques pour les cours d'eau|Arrêté du 26 avril 2022 modifiant l'arrêté du 25 janvier 2010 établissant le programme de surveillance de l'état des eaux en application de l'article R.212.22 du code de l'environnement|Avis relatif aux limites de quantification des couples «paramètre-matrice» de l'agrément des laboratoires effectuant des analyses dans le domaine de l'eau et des milieux aquatiques, matrice Eau saline|Avis relatif aux limites de quantification des couples «paramètre-matrice» de l'agrément des laboratoires effectuant des analyses dans le domaine de l'eau et des milieux aquatiques, matrice Eau résiduaire|Avis relatif aux limites de quantification des couples «paramètre-matrice» de l'agrément des laboratoires effectuant des analyses dans le domaine de l'eau et des milieux aquatiques, matrice Eau douce|Avis relatif aux limites de quantification des couples «paramètre-matrice» de l'agrément des laboratoires effectuant des analyses dans le domaine de l'eau et des milieux aquatiques|Paramètres de l'analyse régulière du contrôle de surveillance de l'état chimique des eaux souterraines|Paramètres physico-chimiques pour les plans d'eau|Paramètres physico-chimiques pour les cours d'eau|Arrêté du 7 août 2015 modifiant l'arrêté du 25 janvier 2010 établissant le programme de surveillance de l'état des eaux en application de l'article R. 212-22 du code de l'environnement|Paramètres classés par textes réglementaires";"https://id.eaufrance.fr/gpr/47,https://id.eaufrance.fr/gpr/41,https://id.eaufrance.fr/gpr/31,https://id.eaufrance.fr/gpr/215,https://id.eaufrance.fr/gpr/214,https://id.eaufrance.fr/gpr/213,https://id.eaufrance.fr/gpr/212,https://id.eaufrance.fr/gpr/209,https://id.eaufrance.fr/gpr/193,https://id.eaufrance.fr/gpr/192,https://id.eaufrance.fr/gpr/191,https://id.eaufrance.fr/gpr/190,https://id.eaufrance.fr/gpr/166,https://id.eaufrance.fr/gpr/165,https://id.eaufrance.fr/gpr/164,https://id.eaufrance.fr/gpr/122,https://id.eaufrance.fr/gpr/121";"173";"mg(NO3)/L";"https://id.eaufrance.fr/urf/173";"1";"Résultat > seuil de quantification et < au seuil de saturation";"2";"Laboratoire";"0";"Difficultés inconnues";"0.03";"0.1";"";"50.0";"";"";"";"706";"Qualité de l'eau - Dosage des anions dissous par chromatographie des ions en phase liquide. Partie 1 : dosage du bromure, chlorure, fluorure, nitrate, nitrite, phosphate et sulfate. (NF EN ISO 10304-1 Juillet 2009 / T90-042-1)";"https://id.eaufrance.fr/met/706";"";"";"";"";"1";"Analyse réalisée sous accréditation";"0";"3";"Donnée contrôlée niveau 2 (données validées)";"1";"Correcte";"";"";"";"";"";"18750009500166";"AGENCE DE L'EAU SEINE-NORMANDIE";"https://id.eaufrance.fr/int/18750009500166";"41054531300042";"CARSO - LABORATOIRE SANTE ENVIRONNEMENT HYGIENE DE LYON";"https://id.eaufrance.fr/int/41054531300042";"41054531300042";"CARSO - LABORATOIRE SANTE ENVIRONNEMENT HYGIENE DE LYON";"https://id.eaufrance.fr/int/41054531300042";"48.83258716372681";"2.3815423651905463";"03081000202307073";"001";"PC AESN";"20230516132716-PC-544695";"123969384"
"03081000";"LA SEINE A PARIS-12E--ARRONDISSEMENT 1";"https://id.eaufrance.fr/StationMesureEauxSurface/03081000";"3";"Eau";"https://id.eaufrance.fr/sup/3";"23";"Eau brute";"https://id.eaufrance.fr/fan/23";"2023-07-07";"10:42:00";"2024-04-25";"10:42:00";"1301";"Température de l'Eau";"https://id.eaufrance.fr/par/1301";"22.7";"32,31,215,214,213,212,209,166,165,164,122,121";"Physique,Paramètres classés par classe,Paramètres de l'analyse régulière du contrôle de surveillance de l'état chimique des eaux souterraines,Paramètres physico-chimiques pour les eaux littorales,Paramètres physico-chimiques pour les plans d'eau,Paramètres physico-chimiques pour les cours d'eau,Arrêté du 26 avril 2022 modifiant l'arrêté du 25 janvier 2010 établissant le programme de surveillance de l'état des eaux en application de l'article R.212.22 du code de l'environnement,Paramètres de l'analyse régulière du contrôle de surveillance de l'état chimique des eaux souterraines,Paramètres physico-chimiques pour les plans d'eau,Paramètres physico-chimiques pour les cours d'eau,Arrêté du 7 août 2015 modifiant l'arrêté du 25 janvier 2010 établissant le programme de surveillance de l'état des eaux en application de l'article R. 212-22 du code de l'environnement,Paramètres classés par textes réglementaires";"https://id.eaufrance.fr/gpr/32,https://id.eaufrance.fr/gpr/31,https://id.eaufrance.fr/gpr/215,https://id.eaufrance.fr/gpr/214,https://id.eaufrance.fr/gpr/213,https://id.eaufrance.fr/gpr/212,https://id.eaufrance.fr/gpr/209,https://id.eaufrance.fr/gpr/166,https://id.eaufrance.fr/gpr/165,https://id.eaufrance.fr/gpr/164,https://id.eaufrance.fr/gpr/122,https://id.eaufrance.fr/gpr/121";"27";"°C";"https://id.eaufrance.fr/urf/27";"1";"Résultat > seuil de quantification et < au seuil de saturation";"1";"In situ";"0";"Difficultés inconnues";"0.0";"0.0";"";"50.0";"";"";"";"3";"Méthode spécifique";"https://id.eaufrance.fr/met/3";"";"";"";"";"1";"Analyse réalisée sous accréditation";"0";"3";"Donnée contrôlée niveau 2 (données validées)";"1";"Correcte";"";"";"";"";"";"18750009500166";"AGENCE DE L'EAU SEINE-NORMANDIE";"https://id.eaufrance.fr/int/18750009500166";"41054531300042";"CARSO - LABORATOIRE SANTE ENVIRONNEMENT HYGIENE DE LYON";"https://id.eaufrance.fr/int/41054531300042";"41054531300042";"CARSO - LABORATOIRE SANTE ENVIRONNEMENT HYGIENE DE LYON";"https://id.eaufrance.fr/int/41054531300042";"48.83258716372681";"2.3815423651905463";"03081000202307073";"001";"PC AESN";"20230516132716-PC-544695";"123969393"
"03081000";"LA SEINE A PARIS-12E--ARRONDISSEMENT 1";"https://id.eaufrance.fr/StationMesureEauxSurface/03081000";"3";"Eau";"https://id.eaufrance.fr/sup/3";"23";"Eau brute";"https://id.eaufrance.fr/fan/23";"2023-06-27";"15:59:00";"2024-09-19";"15:59:00";"1301";"Température de l'Eau";"https://id.eaufrance.fr/par/1301";"25.4";"32,31,215,214,213,212,209,166,165,164,122,121";"Physique,Paramètres classés par classe,Paramètres de l'analyse régulière du contrôle de surveillance de l'état chimique des eaux souterraines,Paramètres physico-chimiques pour les eaux littorales,Paramètres physico-chimiques pour les plans d'eau,Paramètres physico-chimiques pour les cours d'eau,Arrêté du 26 avril 2022 modifiant l'arrêté du 25 janvier 2010 établissant le programme de surveillance de l'état des eaux en application de l'article R.212.22 du code de l'environnement,Paramètres de l'analyse régulière du contrôle de surveillance de l'état chimique des eaux souterraines,Paramètres physico-chimiques pour les plans d'eau,Paramètres physico-chimiques pour les cours d'eau,Arrêté du 7 août 2015 modifiant l'arrêté du 25 janvier 2010 établissant le programme de surveillance de l'état des eaux en application de l'article R. 212-22 du code de l'environnement,Paramètres classés par textes réglementaires";"https://id.eaufrance.fr/gpr/32,https://id.eaufrance.fr/gpr/31,https://id.eaufrance.fr/gpr/215,https://id.eaufrance.fr/gpr/214,https://id.eaufrance.fr/gpr/213,https://id.eaufrance.fr/gpr/212,https://id.eaufrance.fr/gpr/209,https://id.eaufrance.fr/gpr/166,https://id.eaufrance.fr/gpr/165,https://id.eaufrance.fr/gpr/164,https://id.eaufrance.fr/gpr/122,https://id.eaufrance.fr/gpr/121";"27";"°C";"https://id.eaufrance.fr/urf/27";"1";"Résultat > seuil de quantification et < au seuil de saturation";"1";"In situ";"0";"Difficultés inconnues";"";"";"";"";"";"";"";"0";"Méthode inconnue";"https://id.eaufrance.fr/met/0";"";"";"";"";"0";"Inconnu";"0";"1";"Donnée brute";"4";"Non qualifié";"";"";"";"";"";"18750009500026";"AGENCE DE L'EAU SEINE-NORMANDIE";"https://id.eaufrance.fr/int/18750009500026";"32939196500038";"GROUPE DE RECHERCHE ET D'ETUDE BIOLOGIE ET ENVIRONNEMENT (SAS GREBE)";"https://id.eaufrance.fr/int/32939196500038";"32939196500038";"GROUPE DE RECHERCHE ET D'ETUDE BIOLOGIE ET ENVIRONNEMENT (SAS GREBE)";"https://id.eaufrance.fr/int/32939196500038";"48.83258716372681";"2.3815423651905463";"03081000202306273";"008";"PC AESN";"20240823124240-PC-580775";"134341019"
"03081000";"LA SEINE A PARIS-12E--ARRONDISSEMENT 1";"https://id.eaufrance.fr/StationMesureEauxSurface/03081000";"3";"Eau";"https://id.eaufrance.fr/sup/3";"23";"Eau brute";"https://id.eaufrance.fr/fan/23";"2023-06-14";"11:25:00";"2024-04-25";"11:25:00";"1301";"Température de l'Eau";"https://id.eaufrance.fr/par/1301";"24.3";"32,31,215,214,213,212,209,166,165,164,122,121";"Physique,Paramètres classés par classe,Paramètres de l'analyse régulière du contrôle de surveillance de l'état chimique des eaux souterraines,Paramètres physico-chimiques pour les eaux littorales,Paramètres physico-chimiques pour les plans d'eau,Paramètres physico-chimiques pour les cours d'eau,Arrêté du 26 avril 2022 modifiant l'arrêté du 25 janvier 2010 établissant le programme de surveillance de l'état des eaux en application de l'article R.212.22 du code de l'environnement,Paramètres de l'analyse régulière du contrôle de surveillance de l'état chimique des eaux souterraines,Paramètres physico-chimiques pour les plans d'eau,Paramètres physico-chimiques pour les cours d'eau,Arrêté du 7 août 2015 modifiant l'arrêté du 25 janvier 2010 établissant le programme de surveillance de l'état des eaux en application de l'article R. 212-22 du code de l'environnement,Paramètres classés par textes réglementaires";"https://id.eaufrance.fr/gpr/32,https://id.eaufrance.fr/gpr/31,https://id.eaufrance.fr/gpr/215,https://id.eaufrance.fr/gpr/214,https://id.eaufrance.fr/gpr/213,https://id.eaufrance.fr/gpr/212,https://id.eaufrance.fr/gpr/209,https://id.eaufrance.fr/gpr/166,https://id.eaufrance.fr/gpr/165,https://id.eaufrance.fr/gpr/164,https://id.eaufrance.fr/gpr/122,https://id.eaufrance.fr/gpr/121";"27";"°C";"https://id.eaufrance.fr/urf/27";"1";"Résultat > seuil de quantification et < au seuil de saturation";"1";"In situ";"0";"Difficultés inconnues";"0.0";"0.0";"";"50.0";"";"";"";"3";"Méthode spécifique";"https://id.eaufrance.fr/met/3";"";"";"";"";"1";"Analyse réalisée sous accréditation";"0";"3";"Donnée contrôlée niveau 2 (données validées)";"1";"Correcte";"";"";"";"";"";"18750009500026";"AGENCE DE L'EAU SEINE-NORMANDIE";"https://id.eaufrance.fr/int/18750009500026";"41054531300042";"CARSO - LABORATOIRE SANTE ENVIRONNEMENT HYGIENE DE LYON";"https://id.eaufrance.fr/int/41054531300042";"41054531300042";"CARSO - LABORATOIRE SANTE ENVIRONNEMENT HYGIENE DE LYON";"https://id.eaufrance.fr/int/41054531300042";"48.83258716372681";"2.3815423651905463";"03081000202306143";"001";"PC AESN";"20230419090523-PC-543039";"123261706"
"03081000";"LA SEINE A PARIS-12E--ARRONDISSEMENT 1";"https://id.eaufrance.fr/StationMesureEauxSurface/03081000";"3";"Eau";"https://id.eaufrance.fr/sup/3";"3";"Phase aqueuse de l'eau (filtrée, centrifugée...)";"https://id.eaufrance.fr/fan/3";"2023-06-14";"11:25:00";"2024-04-25";"12:33:00";"1340";"Nitrates";"https://id.eaufrance.fr/par/1340";"19.0";"47,41,31,215,214,213,212,209,193,192,191,190,166,165,164,122,121";"Paramètres azotés|Chimique|Paramètres classés par classe|Paramètres de l'analyse régulière du contrôle de surveillance de l'état chimique des eaux souterraines|Paramètres physico-chimiques pour les eaux littorales|Paramètres physico-chimiques pour les plans d'eau|Paramètres physico-chimiques pour les cours d'eau|Arrêté du 26 avril 2022 modifiant l'arrêté du 25 janvier 2010 établissant le programme de surveillance de l'état des eaux en application de l'article R.212.22 du code de l'environnement|Avis relatif aux limites de quantification des couples «paramètre-matrice» de l'agrément des laboratoires effectuant des analyses dans le domaine de l'eau et des milieux aquatiques, matrice Eau saline|Avis relatif aux limites de quantification des couples «paramètre-matrice» de l'agrément des laboratoires effectuant des analyses dans le domaine de l'eau et des milieux aquatiques, matrice Eau résiduaire|Avis relatif aux limites de quantification des couples «paramètre-matrice» de l'agrément des laboratoires effectuant des analyses dans le domaine de l'eau et des milieux aquatiques, matrice Eau douce|Avis relatif aux limites de quantification des couples «paramètre-matrice» de l'agrément des laboratoires effectuant des analyses dans le domaine de l'eau et des milieux aquatiques|Paramètres de l'analyse régulière du contrôle de surveillance de l'état chimique des eaux souterraines|Paramètres physico-chimiques pour les plans d'eau|Paramètres physico-chimiques pour les cours d'eau|Arrêté du 7 août 2015 modifiant l'arrêté du 25 janvier 2010 établissant le programme de surveillance de l'état des eaux en application de l'article R. 212-22 du code de l'environnement|Paramètres classés par textes réglementaires";"https://id.eaufrance.fr/gpr/47,https://id.eaufrance.fr/gpr/41,https://id.eaufrance.fr/gpr/31,https://id.eaufrance.fr/gpr/215,https://id.eaufrance.fr/gpr/214,https://id.eaufrance.fr/gpr/213,https://id.eaufrance.fr/gpr/212,https://id.eaufrance.fr/gpr/209,https://id.eaufrance.fr/gpr/193,https://id.eaufrance.fr/gpr/192,https://id.eaufrance.fr/gpr/191,https://id.eaufrance.fr/gpr/190,https://id.eaufrance.fr/gpr/166,https://id.eaufrance.fr/gpr/165,https://id.eaufrance.fr/gpr/164,https://id.eaufrance.fr/gpr/122,https://id.eaufrance.fr/gpr/121";"173";"mg(NO3)/L";"https://id.eaufrance.fr/urf/173";"1";"Résultat > seuil de quantification et < au seuil de saturation";"2";"Laboratoire";"0";"Difficultés inconnues";"0.03";"0.1";"";"50.0";"";"";"";"706";"Qualité de l'eau - Dosage des anions dissous par chromatographie des ions en phase liquide. Partie 1 : dosage du bromure, chlorure, fluorure, nitrate, nitrite, phosphate et sulfate. (NF EN ISO 10304-1 Juillet 2009 / T90-042-1)";"https://id.eaufrance.fr/met/706";"";"";"";"";"1";"Analyse réalisée sous accréditation";"0";"3";"Donnée contrôlée niveau 2 (données validées)";"1";"Correcte";"";"";"";"";"";"18750009500026";"AGENCE DE L'EAU SEINE-NORMANDIE";"https://id.eaufrance.fr/int/18750009500026";"41054531300042";"CARSO - LABORATOIRE SANTE ENVIRONNEMENT HYGIENE DE LYON";"https://id.eaufrance.fr/int/41054531300042";"41054531300042";"CARSO - LABORATOIRE SANTE ENVIRONNEMENT HYGIENE DE LYON";"https://id.eaufrance.fr/int/41054531300042";"48.83258716372681";"2.3815423651905463";"03081000202306143";"001";"PC AESN";"20230419090523-PC-543039";"123261694"
"03081000";"LA SEINE A PARIS-12E--ARRONDISSEMENT 1";"https://id.eaufrance.fr/StationMesureEauxSurface/03081000";"3";"Eau";"https://id.eaufrance.fr/sup/3";"23";"Eau brute";"https://id.eaufrance.fr/fan/23";"2023-06-14";"11:25:00";"2024-04-25";"11:32:00";"1350";"Phosphore total";"https://id.eaufrance.fr/par/1350";"0.157";"48,41,31,215,214,213,212,209,194,192,191,190,166,165,164,122,121";"Paramètres phosphorés|Chimique|Paramètres classés par classe|Paramètres de l'analyse régulière du contrôle de surveillance de l'état chimique des eaux souterraines|Paramètres physico-chimiques pour les eaux littorales|Paramètres physico-chimiques pour les plans d'eau|Paramètres physico-chimiques pour les cours d'eau|Arrêté du 26 avril 2022 modifiant l'arrêté du 25 janvier 2010 établissant le programme de surveillance de l'état des eaux en application de l'article R.212.22 du code de l'environnement|Avis relatif aux limites de quantification des couples «paramètre-matrice» de l'agrément des laboratoires effectuant des analyses dans le domaine de l'eau et des milieux aquatiques, matrice Sédiment en eau de surface continentale|Avis relatif aux limites de quantification des couples «paramètre-matrice» de l'agrément des laboratoires effectuant des analyses dans le domaine de l'eau et des milieux aquatiques, matrice Eau résiduaire|Avis relatif aux limites de quantification des couples «paramètre-matrice» de l'agrément des laboratoires effectuant des analyses dans le domaine de l'eau et des milieux aquatiques, matrice Eau douce|Avis relatif aux limites de quantification des couples «paramètre-matrice» de l'agrément des laboratoires effectuant des analyses dans le domaine de l'eau et des milieux aquatiques|Paramètres de l'analyse régulière du contrôle de surveillance de l'état chimique des eaux souterraines|Paramètres physico-chimiques pour les plans d'eau|Paramètres physico-chimiques pour les cours d'eau|Arrêté du 7 août 2015 modifiant l'arrêté du 25 janvier 2010 établissant le programme de surveillance de l'état des eaux en application de l'article R. 212-22 du code de l'environnement|Paramètres classés par textes réglementaires";"https://id.eaufrance.fr/gpr/48,https://id.eaufrance.fr/gpr/41,https://id.eaufrance.fr/gpr/31,https://id.eaufrance.fr/gpr/215,https://id.eaufrance.fr/gpr/214,https://id.eaufrance.fr/gpr/213,https://id.eaufrance.fr/gpr/212,https://id.eaufrance.fr/gpr/209,https://id.eaufrance.fr/gpr/194,https://id.eaufrance.fr/gpr/192,https://id.eaufrance.fr/gpr/191,https://id.eaufrance.fr/gpr/190,https://id.eaufrance.fr/gpr/166,https://id.eaufrance.fr/gpr/165,https://id.eaufrance.fr/gpr/164,https://id.eaufrance.fr/gpr/122,https://id.eaufrance.fr/gpr/121";"177";"mg(P)/L";"https://id.eaufrance.fr/urf/177";"1";"Résultat > seuil de quantification et < au seuil de saturation";"2";"Laboratoire";"0";"Difficultés inconnues";"0.003";"0.01";"";"50.0";"";"";"";"470";"Qualité de l'eau - Dosage du phosphore - Méthode spectrométrique au molybdate d'ammonium (NF EN ISO 6878 Avril 2005 / T90-023)";"https://id.eaufrance.fr/met/470";"";"";"";"";"1";"Analyse réalisée sous accréditation";"0";"3";"Donnée contrôlée niveau 2 (données validées)";"1";"Correcte";"";"";"";"";"";"18750009500026";"AGENCE DE L'EAU SEINE-NORMANDIE";"https://id.eaufrance.fr/int/18750009500026";"41054531300042";"CARSO - LABORATOIRE SANTE ENVIRONNEMENT HYGIENE DE LYON";"https://id.eaufrance.fr/int/41054531300042";"41054531300042";"CARSO - LABORATOIRE SANTE ENVIRONNEMENT HYGIENE DE LYON";"https://id.eaufrance.fr/int/41054531300042";"48.83258716372681";"2.3815423651905463";"03081000202306143";"001";"PC AESN";"20230419090523-PC-543039";"123261696"
"03081000";"LA SEINE A PARIS-12E--ARRONDISSEMENT 1";"https://id.eaufrance.fr/StationMesureEauxSurface/03081000";"3";"Eau";"https://id.eaufrance.fr/sup/3";"23";"Eau brute";"https://id.eaufrance.fr/fan/23";"2023-05-30";"15:43:00";"2024-08-30";"15:43:00";"1301";"Température de l'Eau";"https://id.eaufrance.fr/par/1301";"20.9";"32,31,215,214,213,212,209,166,165,164,122,121";"Physique,Paramètres classés par classe,Paramètres de l'analyse régulière du contrôle de surveillance de l'état chimique des eaux souterraines,Paramètres physico-chimiques pour les eaux littorales,Paramètres physico-chimiques pour les plans d'eau,Paramètres physico-chimiques pour les cours d'eau,Arrêté du 26 avril 2022 modifiant l'arrêté du 25 janvier 2010 établissant le programme de surveillance de l'état des eaux en application de l'article R.212.22 du code de l'environnement,Paramètres de l'analyse régulière du contrôle de surveillance de l'état chimique des eaux souterraines,Paramètres physico-chimiques pour les plans d'eau,Paramètres physico-chimiques pour les cours d'eau,Arrêté du 7 août 2015 modifiant l'arrêté du 25 janvier 2010 établissant le programme de surveillance de l'état des eaux en application de l'article R. 212-22 du code de l'environnement,Paramètres classés par textes réglementaires";"https://id.eaufrance.fr/gpr/32,https://id.eaufrance.fr/gpr/31,https://id.eaufrance.fr/gpr/215,https://id.eaufrance.fr/gpr/214,https://id.eaufrance.fr/gpr/213,https://id.eaufrance.fr/gpr/212,https://id.eaufrance.fr/gpr/209,https://id.eaufrance.fr/gpr/166,https://id.eaufrance.fr/gpr/165,https://id.eaufrance.fr/gpr/164,https://id.eaufrance.fr/gpr/122,https://id.eaufrance.fr/gpr/121";"27";"°C";"https://id.eaufrance.fr/urf/27";"1";"Résultat > seuil de quantification et < au seuil de saturation";"1";"In situ";"0";"Difficultés inconnues";"";"";"";"";"";"";"";"0";"Méthode inconnue";"https://id.eaufrance.fr/met/0";"";"";"";"";"0";"Inconnu";"0";"1";"Donnée brute";"4";"Non qualifié";"";"";"";"";"";"18750009500026";"AGENCE DE L'EAU SEINE-NORMANDIE";"https://id.eaufrance.fr/int/18750009500026";"32939196500038";"GROUPE DE RECHERCHE ET D'ETUDE BIOLOGIE ET ENVIRONNEMENT (SAS GREBE)";"https://id.eaufrance.fr/int/32939196500038";"32939196500038";"GROUPE DE RECHERCHE ET D'ETUDE BIOLOGIE ET ENVIRONNEMENT (SAS GREBE)";"https://id.eaufrance.fr/int/32939196500038";"48.83258716372681";"2.3815423651905463";"03081000202305303";"008";"PC AESN";"20240823124237-PC-580773";"134341014"
"03081000";"LA SEINE A PARIS-12E--ARRONDISSEMENT 1";"https://id.eaufrance.fr/StationMesureEauxSurface/03081000";"3";"Eau";"https://id.eaufrance.fr/sup/3";"23";"Eau brute";"https://id.eaufrance.fr/fan/23";"2023-05-12";"08:37:00";"2024-07-08";"08:37:00";"1301";"Température de l'Eau";"https://id.eaufrance.fr/par/1301";"16.7";"32,31,215,214,213,212,209,166,165,164,122,121";"Physique,Paramètres classés par classe,Paramètres de l'analyse régulière du contrôle de surveillance de l'état chimique des eaux souterraines,Paramètres physico-chimiques pour les eaux littorales,Paramètres physico-chimiques pour les plans d'eau,Paramètres physico-chimiques pour les cours d'eau,Arrêté du 26 avril 2022 modifiant l'arrêté du 25 janvier 2010 établissant le programme de surveillance de l'état des eaux en application de l'article R.212.22 du code de l'environnement,Paramètres de l'analyse régulière du contrôle de surveillance de l'état chimique des eaux souterraines,Paramètres physico-chimiques pour les plans d'eau,Paramètres physico-chimiques pour les cours d'eau,Arrêté du 7 août 2015 modifiant l'arrêté du 25 janvier 2010 établissant le programme de surveillance de l'état des eaux en application de l'article R. 212-22 du code de l'environnement,Paramètres classés par textes réglementaires";"https://id.eaufrance.fr/gpr/32,https://id.eaufrance.fr/gpr/31,https://id.eaufrance.fr/gpr/215,https://id.eaufrance.fr/gpr/214,https://id.eaufrance.fr/gpr/213,https://id.eaufrance.fr/gpr/212,https://id.eaufrance.fr/gpr/209,https://id.eaufrance.fr/gpr/166,https://id.eaufrance.fr/gpr/165,https://id.eaufrance.fr/gpr/164,https://id.eaufrance.fr/gpr/122,https://id.eaufrance.fr/gpr/121";"27";"°C";"https://id.eaufrance.fr/urf/27";"1";"Résultat > seuil de quantification et < au seuil de saturation";"1";"In situ";"0";"Difficultés inconnues";"0.0";"0.0";"";"50.0";"";"";"";"3";"Méthode spécifique";"https://id.eaufrance.fr/met/3";"";"";"";"";"1";"Analyse réalisée sous accréditation";"0";"3";"Donnée contrôlée niveau 2 (données validées)";"1";"Correcte";"";"";"";"";"";"18750009500026";"AGENCE DE L'EAU SEINE-NORMANDIE";"https://id.eaufrance.fr/int/18750009500026";"41054531300042";"CARSO - LABORATOIRE SANTE ENVIRONNEMENT HYGIENE DE LYON";"https://id.eaufrance.fr/int/41054531300042";"41054531300042";"CARSO - LABORATOIRE SANTE ENVIRONNEMENT HYGIENE DE LYON";"https://id.eaufrance.fr/int/41054531300042";"48.83258716372681";"2.3815423651905463";"03081000202305123";"001";"PC AESN";"20230411133427-PC-541603";"122667631"
"03081000";"LA SEINE A PARIS-12E--ARRONDISSEMENT 1";"https://id.eaufrance.fr/StationMesureEauxSurface/03081000";"3";"Eau";"https://id.eaufrance.fr/sup/3";"3";"Phase aqueuse de l'eau (filtrée, centrifugée...)";"https://id.eaufrance.fr/fan/3";"2023-05-12";"08:37:00";"2024-07-08";"09:08:00";"1340";"Nitrates";"https://id.eaufrance.fr/par/1340";"21.0";"47,41,31,215,214,213,212,209,193,192,191,190,166,165,164,122,121";"Paramètres azotés|Chimique|Paramètres classés par classe|Paramètres de l'analyse régulière du contrôle de surveillance de l'état chimique des eaux souterraines|Paramètres physico-chimiques pour les eaux littorales|Paramètres physico-chimiques pour les plans d'eau|Paramètres physico-chimiques pour les cours d'eau|Arrêté du 26 avril 2022 modifiant l'arrêté du 25 janvier 2010 établissant le programme de surveillance de l'état des eaux en application de l'article R.212.22 du code de l'environnement|Avis relatif aux limites de quantification des couples «paramètre-matrice» de l'agrément des laboratoires effectuant des analyses dans le domaine de l'eau et des milieux aquatiques, matrice Eau saline|Avis relatif aux limites de quantification des couples «paramètre-matrice» de l'agrément des laboratoires effectuant des analyses dans le domaine de l'eau et des milieux aquatiques, matrice Eau résiduaire|Avis relatif aux limites de quantification des couples «paramètre-matrice» de l'agrément des laboratoires effectuant des analyses dans le domaine de l'eau et des milieux aquatiques, matrice Eau douce|Avis relatif aux limites de quantification des couples «paramètre-matrice» de l'agrément des laboratoires effectuant des analyses dans le domaine de l'eau et des milieux aquatiques|Paramètres de l'analyse régulière du contrôle de surveillance de l'état chimique des eaux souterraines|Paramètres physico-chimiques pour les plans d'eau|Paramètres physico-chimiques pour les cours d'eau|Arrêté du 7 août 2015 modifiant l'arrêté du 25 janvier 2010 établissant le programme de surveillance de l'état des eaux en application de l'article R. 212-22 du code de l'environnement|Paramètres classés par textes réglementaires";"https://id.eaufrance.fr/gpr/47,https://id.eaufrance.fr/gpr/41,https://id.eaufrance.fr/gpr/31,https://id.eaufrance.fr/gpr/215,https://id.eaufrance.fr/gpr/214,https://id.eaufrance.fr/gpr/213,https://id.eaufrance.fr/gpr/212,https://id.eaufrance.fr/gpr/209,https://id.eaufrance.fr/gpr/193,https://id.eaufrance.fr/gpr/192,https://id.eaufrance.fr/gpr/191,https://id.eaufrance.fr/gpr/190,https://id.eaufrance.fr/gpr/166,https://id.eaufrance.fr/gpr/165,https://id.eaufrance.fr/gpr/164,https://id.eaufrance.fr/gpr/122,https://id.eaufrance.fr/gpr/121";"173";"mg(NO3)/L";"https://id.eaufrance.fr/urf/173";"1";"Résultat > seuil de quantification et < au seuil de saturation";"2";"Laboratoire";"0";"Difficultés inconnues";"0.03";"0.1";"";"50.0";"";"";"";"706";"Qualité de l'eau - Dosage des anions dissous par chromatographie des ions en phase liquide. Partie 1 : dosage du bromure, chlorure, fluorure, nitrate, nitrite, phosphate et sulfate. (NF EN ISO 10304-1 Juillet 2009 / T90-042-1)";"https://id.eaufrance.fr/met/706";"";"";"";"";"1";"Analyse réalisée sous accréditation";"0";"3";"Donnée contrôlée niveau 2 (données validées)";"1";"Correcte";"";"";"";"";"";"18750009500026";"AGENCE DE L'EAU SEINE-NORMANDIE";"https://id.eaufrance.fr/int/18750009500026";"41054531300042";"CARSO - LABORATOIRE SANTE ENVIRONNEMENT HYGIENE DE LYON";"https://id.eaufrance.fr/int/41054531300042";"41054531300042";"CARSO - LABORATOIRE SANTE ENVIRONNEMENT HYGIENE DE LYON";"https://id.eaufrance.fr/int/41054531300042";"48.83258716372681";"2.3815423651905463";"03081000202305123";"001";"PC AESN";"20230411133427-PC-541603";"122667622"
"03081000";"LA SEINE A PARIS-12E--ARRONDISSEMENT 1";"https://id.eaufrance.fr/StationMesureEauxSurface/03081000";"3";"Eau";"https://id.eaufrance.fr/sup/3";"23";"Eau brute";"https://id.eaufrance.fr/fan/23";"2023-05-12";"08:37:00";"2024-07-08";"09:48:00";"1350";"Phosphore total";"https://id.eaufrance.fr/par/1350";"0.12";"48,41,31,215,214,213,212,209,194,192,191,190,166,165,164,122,121";"Paramètres phosphorés|Chimique|Paramètres classés par classe|Paramètres de l'analyse régulière du contrôle de surveillance de l'état chimique des eaux souterraines|Paramètres physico-chimiques pour les eaux littorales|Paramètres physico-chimiques pour les plans d'eau|Paramètres physico-chimiques pour les cours d'eau|Arrêté du 26 avril 2022 modifiant l'arrêté du 25 janvier 2010 établissant le programme de surveillance de l'état des eaux en application de l'article R.212.22 du code de l'environnement|Avis relatif aux limites de quantification des couples «paramètre-matrice» de l'agrément des laboratoires effectuant des analyses dans le domaine de l'eau et des milieux aquatiques, matrice Sédiment en eau de surface continentale|Avis relatif aux limites de quantification des couples «paramètre-matrice» de l'agrément des laboratoires effectuant des analyses dans le domaine de l'eau et des milieux aquatiques, matrice Eau résiduaire|Avis relatif aux limites de quantification des couples «paramètre-matrice» de l'agrément des laboratoires effectuant des analyses dans le domaine de l'eau et des milieux aquatiques, matrice Eau douce|Avis relatif aux limites de quantification des couples «paramètre-matrice» de l'agrément des laboratoires effectuant des analyses dans le domaine de l'eau et des milieux aquatiques|Paramètres de l'analyse régulière du contrôle de surveillance de l'état chimique des eaux souterraines|Paramètres physico-chimiques pour les plans d'eau|Paramètres physico-chimiques pour les cours d'eau|Arrêté du 7 août 2015 modifiant l'arrêté du 25 janvier 2010 établissant le programme de surveillance de l'état des eaux en application de l'article R. 212-22 du code de l'environnement|Paramètres classés par textes réglementaires";"https://id.eaufrance.fr/gpr/48,https://id.eaufrance.fr/gpr/41,https://id.eaufrance.fr/gpr/31,https://id.eaufrance.fr/gpr/215,https://id.eaufrance.fr/gpr/214,https://id.eaufrance.fr/gpr/213,https://id.eaufrance.fr/gpr/212,https://id.eaufrance.fr/gpr/209,https://id.eaufrance.fr/gpr/194,https://id.eaufrance.fr/gpr/192,https://id.eaufrance.fr/gpr/191,https://id.eaufrance.fr/gpr/190,https://id.eaufrance.fr/gpr/166,https://id.eaufrance.fr/gpr/165,https://id.eaufrance.fr/gpr/164,https://id.eaufrance.fr/gpr/122,https://id.eaufrance.fr/gpr/121";"177";"mg(P)/L";"https://id.eaufrance.fr/urf/177";"1";"Résultat > seuil de quantification et < au seuil de saturation";"2";"Laboratoire";"0";"Difficultés inconnues";"0.003";"0.01";"";"50.0";"";"";"";"470";"Qualité de l'eau - Dosage du phosphore - Méthode spectrométrique au molybdate d'ammonium (NF EN ISO 6878 Avril 2005 / T90-023)";"https://id.eaufrance.fr/met/470";"";"";"";"";"1";"Analyse réalisée sous accréditation";"0";"3";"Donnée contrôlée niveau 2 (données validées)";"1";"Correcte";"";"";"";"";"";"18750009500026";"AGENCE DE L'EAU SEINE-NORMANDIE";"https://id.eaufrance.fr/int/18750009500026";"41054531300042";"CARSO - LABORATOIRE SANTE ENVIRONNEMENT HYGIENE DE LYON";"https://id.eaufrance.fr/int/41054531300042";"41054531300042";"CARSO - LABORATOIRE SANTE ENVIRONNEMENT HYGIENE DE LYON";"https://id.eaufrance.fr/int/41054531300042";"48.83258716372681";"2.3815423651905463";"03081000202305123";"001";"PC AESN";"20230411133427-PC-541603";"122667624"
"03081000";"LA SEINE A PARIS-12E--ARRONDISSEMENT 1";"https://id.eaufrance.fr/StationMesureEauxSurface/03081000";"3";"Eau";"https://id.eaufrance.fr/sup/3";"23";"Eau brute";"https://id.eaufrance.fr/fan/23";"2023-04-17";"15:30:00";"2024-09-19";"15:30:00";"1301";"Température de l'Eau";"https://id.eaufrance.fr/par/1301";"12.2";"32,31,215,214,213,212,209,166,165,164,122,121";"Physique,Paramètres classés par classe,Paramètres de l'analyse régulière du contrôle de surveillance de l'état chimique des eaux souterraines,Paramètres physico-chimiques pour les eaux littorales,Paramètres physico-chimiques pour les plans d'eau,Paramètres physico-chimiques pour les cours d'eau,Arrêté du 26 avril 2022 modifiant l'arrêté du 25 janvier 2010 établissant le programme de surveillance de l'état des eaux en application de l'article R.212.22 du code de l'environnement,Paramètres de l'analyse régulière du contrôle de surveillance de l'état chimique des eaux souterraines,Paramètres physico-chimiques pour les plans d'eau,Paramètres physico-chimiques pour les cours d'eau,Arrêté du 7 août 2015 modifiant l'arrêté du 25 janvier 2010 établissant le programme de surveillance de l'état des eaux en application de l'article R. 212-22 du code de l'environnement,Paramètres classés par textes réglementaires";"https://id.eaufrance.fr/gpr/32,https://id.eaufrance.fr/gpr/31,https://id.eaufrance.fr/gpr/215,https://id.eaufrance.fr/gpr/214,https://id.eaufrance.fr/gpr/213,https://id.eaufrance.fr/gpr/212,https://id.eaufrance.fr/gpr/209,https://id.eaufrance.fr/gpr/166,https://id.eaufrance.fr/gpr/165,https://id.eaufrance.fr/gpr/164,https://id.eaufrance.fr/gpr/122,https://id.eaufrance.fr/gpr/121";"27";"°C";"https://id.eaufrance.fr/urf/27";"1";"Résultat > seuil de quantification et < au seuil de saturation";"1";"In situ";"0";"Difficultés inconnues";"";"";"";"";"";"";"";"0";"Méthode inconnue";"https://id.eaufrance.fr/met/0";"";"";"";"";"0";"Inconnu";"0";"1";"Donnée brute";"4";"Non qualifié";"";"";"";"";"";"18750009500026";"AGENCE DE L'EAU SEINE-NORMANDIE";"https://id.eaufrance.fr/int/18750009500026";"32939196500038";"GROUPE DE RECHERCHE ET D'ETUDE BIOLOGIE ET ENVIRONNEMENT (SAS GREBE)";"https://id.eaufrance.fr/int/32939196500038";"32939196500038";"GROUPE DE RECHERCHE ET D'ETUDE BIOLOGIE ET ENVIRONNEMENT (SAS GREBE)";"https://id.eaufrance.fr/int/32939196500038";"48.83258716372681";"2.3815423651905463";"03081000202304173";"008";"PC AESN";"20240823124233-PC-580771";"134341009"
"03081000";"LA SEINE A PARIS-12E--ARRONDISSEMENT 1";"https://id.eaufrance.fr/StationMesureEauxSurface/03081000";"3";"Eau";"https://id.eaufrance.fr/sup/3";"3";"Phase aqueuse de l'eau (filtrée, centrifugée...)";"https://id.eaufrance.fr/fan/3";"2023-04-13";"09:43:00";"2024-04-06";"09:06:00";"1340";"Nitrates";"https://id.eaufrance.fr/par/1340";"23.0";"47,41,31,215,214,213,212,209,193,192,191,190,166,165,164,122,121";"Paramètres azotés|Chimique|Paramètres classés par classe|Paramètres de l'analyse régulière du contrôle de surveillance de l'état chimique des eaux souterraines|Paramètres physico-chimiques pour les eaux littorales|Paramètres physico-chimiques pour les plans d'eau|Paramètres physico-chimiques pour les cours d'eau|Arrêté du 26 avril 2022 modifiant l'arrêté du 25 janvier 2010 établissant le programme de surveillance de l'état des eaux en application de l'article R.212.22 du code de l'environnement|Avis relatif aux limites de quantification des couples «paramètre-matrice» de l'agrément des laboratoires effectuant des analyses dans le domaine de l'eau et des milieux aquatiques, matrice Eau saline|Avis relatif aux limites de quantification des couples «paramètre-matrice» de l'agrément des laboratoires effectuant des analyses dans le domaine de l'eau et des milieux aquatiques, matrice Eau résiduaire|Avis relatif aux limites de quantification des couples «paramètre-matrice» de l'agrément des laboratoires effectuant des analyses dans le domaine de l'eau et des milieux aquatiques, matrice Eau douce|Avis relatif aux limites de quantification des couples «paramètre-matrice» de l'agrément des laboratoires effectuant des analyses dans le domaine de l'eau et des milieux aquatiques|Paramètres de l'analyse régulière du contrôle de surveillance de l'état chimique des eaux souterraines|Paramètres physico-chimiques pour les plans d'eau|Paramètres physico-chimiques pour les cours d'eau|Arrêté du 7 août 2015 modifiant l'arrêté du 25 janvier 2010 établissant le programme de surveillance de l'état des eaux en application de l'article R. 212-22 du code de l'environnement|Paramètres classés par textes réglementaires";"https://id.eaufrance.fr/gpr/47,https://id.eaufrance.fr/gpr/41,https://id.eaufrance.fr/gpr/31,https://id.eaufrance.fr/gpr/215,https://id.eaufrance.fr/gpr/214,https://id.eaufrance.fr/gpr/213,https://id.eaufrance.fr/gpr/212,https://id.eaufrance.fr/gpr/209,https://id.eaufrance.fr/gpr/193,https://id.eaufrance.fr/gpr/192,https://id.eaufrance.fr/gpr/191,https://id.eaufrance.fr/gpr/190,https://id.eaufrance.fr/gpr/166,https://id.eaufrance.fr/gpr/165,https://id.eaufrance.fr/gpr/164,https://id.eaufrance.fr/gpr/122,https://id.eaufrance.fr/gpr/121";"173";"mg(NO3)/L";"https://id.eaufrance.fr/urf/173";"1";"Résultat > seuil de quantification et < au seuil de saturation";"2";"Laboratoire";"0";"Difficultés inconnues";"0.03";"0.1";"";"50.0";"";"";"";"706";"Qualité de l'eau - Dosage des anions dissous par chromatographie des ions en phase liquide. Partie 1 : dosage du bromure, chlorure, fluorure, nitrate, nitrite, phosphate et sulfate. (NF EN ISO 10304-1 Juillet 2009 / T90-042-1)";"https://id.eaufrance.fr/met/706";"";"";"";"";"1";"Analyse réalisée sous accréditation";"0";"3";"Donnée contrôlée niveau 2 (données validées)";"1";"Correcte";"";"";"";"";"";"18750009500026";"AGENCE DE L'EAU SEINE-NORMANDIE";"https://id.eaufrance.fr/int/18750009500026";"41054531300042";"CARSO - LABORATOIRE SANTE ENVIRONNEMENT HYGIENE DE LYON";"https://id.eaufrance.fr/int/41054531300042";"41054531300042";"CARSO - LABORATOIRE SANTE ENVIRONNEMENT HYGIENE DE LYON";"https://id.eaufrance.fr/int/41054531300042";"48.83258716372681";"2.3815423651905463";"03081000202304133";"001";"PC AESN";"20230307140708-PC-540140";"122279530"
"03081000";"LA SEINE A PARIS-12E--ARRONDISSEMENT 1";"https://id.eaufrance.fr/StationMesureEauxSurface/03081000";"3";"Eau";"https://id.eaufrance.fr/sup/3";"23";"Eau brute";"https://id.eaufrance.fr/fan/23";"2023-04-13";"09:43:00";"2024-04-06";"11:28:00";"1350";"Phosphore total";"https://id.eaufrance.fr/par/1350";"0.086";"48,41,31,215,214,213,212,209,194,192,191,190,166,165,164,122,121";"Paramètres phosphorés|Chimique|Paramètres classés par classe|Paramètres de l'analyse régulière du contrôle de surveillance de l'état chimique des eaux souterraines|Paramètres physico-chimiques pour les eaux littorales|Paramètres physico-chimiques pour les plans d'eau|Paramètres physico-chimiques pour les cours d'eau|Arrêté du 26 avril 2022 modifiant l'arrêté du 25 janvier 2010 établissant le programme de surveillance de l'état des eaux en application de l'article R.212.22 du code de l'environnement|Avis relatif aux limites de quantification des couples «paramètre-matrice» de l'agrément des laboratoires effectuant des analyses dans le domaine de l'eau et des milieux aquatiques, matrice Sédiment en eau de surface continentale|Avis relatif aux limites de quantification des couples «paramètre-matrice» de l'agrément des laboratoires effectuant des analyses dans le domaine de l'eau et des milieux aquatiques, matrice Eau résiduaire|Avis relatif aux limites de quantification des couples «paramètre-matrice» de l'agrément des laboratoires effectuant des analyses dans le domaine de l'eau et des milieux aquatiques, matrice Eau douce|Avis relatif aux limites de quantification des couples «paramètre-matrice» de l'agrément des laboratoires effectuant des analyses dans le domaine de l'eau et des milieux aquatiques|Paramètres de l'analyse régulière du contrôle de surveillance de l'état chimique des eaux souterraines|Paramètres physico-chimiques pour les plans d'eau|Paramètres physico-chimiques pour les cours d'eau|Arrêté du 7 août 2015 modifiant l'arrêté du 25 janvier 2010 établissant le programme de surveillance de l'état des eaux en application de l'article R. 212-22 du code de l'environnement|Paramètres classés par textes réglementaires";"https://id.eaufrance.fr/gpr/48,https://id.eaufrance.fr/gpr/41,https://id.eaufrance.fr/gpr/31,https://id.eaufrance.fr/gpr/215,https://id.eaufrance.fr/gpr/214,https://id.eaufrance.fr/gpr/213,https://id.eaufrance.fr/gpr/212,https://id.eaufrance.fr/gpr/209,https://id.eaufrance.fr/gpr/194,https://id.eaufrance.fr/gpr/192,https://id.eaufrance.fr/gpr/191,https://id.eaufrance.fr/gpr/190,https://id.eaufrance.fr/gpr/166,https://id.eaufrance.fr/gpr/165,https://id.eaufrance.fr/gpr/164,https://id.eaufrance.fr/gpr/122,https://id.eaufrance.fr/gpr/121";"177";"mg(P)/L";"https://id.eaufrance.fr/urf/177";"1";"Résultat > seuil de quantification et < au seuil de saturation";"2";"Laboratoire";"0";"Difficultés inconnues";"0.003";"0.01";"";"50.0";"";"";"";"470";"Qualité de l'eau - Dosage du phosphore - Méthode spectrométrique au molybdate d'ammonium (NF EN ISO 6878 Avril 2005 / T90-023)";"https://id.eaufrance.fr/met/470";"";"";"";"";"1";"Analyse réalisée sous accréditation";"0";"3";"Donnée contrôlée niveau 2 (données validées)";"1";"Correcte";"";"";"";"";"";"18750009500026";"AGENCE DE L'EAU SEINE-NORMANDIE";"https://id.eaufrance.fr/int/18750009500026";"41054531300042";"CARSO - LABORATOIRE SANTE ENVIRONNEMENT HYGIENE DE LYON";"https://id.eaufrance.fr/int/41054531300042";"41054531300042";"CARSO - LABORATOIRE SANTE ENVIRONNEMENT HYGIENE DE LYON";"https://id.eaufrance.fr/int/41054531300042";"48.83258716372681";"2.3815423651905463";"03081000202304133";"001";"PC AESN";"20230307140708-PC-540140";"122279532"
"03081000";"LA SEINE A PARIS-12E--ARRONDISSEMENT 1";"https://id.eaufrance.fr/StationMesureEauxSurface/03081000";"3";"Eau";"https://id.eaufrance.fr/sup/3";"23";"Eau brute";"https://id.eaufrance.fr/fan/23";"2023-04-13";"09:43:00";"2024-04-06";"09:43:00";"1301";"Température de l'Eau";"https://id.eaufrance.fr/par/1301";"12.5";"32,31,215,214,213,212,209,166,165,164,122,121";"Physique,Paramètres classés par classe,Paramètres de l'analyse régulière du contrôle de surveillance de l'état chimique des eaux souterraines,Paramètres physico-chimiques pour les eaux littorales,Paramètres physico-chimiques pour les plans d'eau,Paramètres physico-chimiques pour les cours d'eau,Arrêté du 26 avril 2022 modifiant l'arrêté du 25 janvier 2010 établissant le programme de surveillance de l'état des eaux en application de l'article R.212.22 du code de l'environnement,Paramètres de l'analyse régulière du contrôle de surveillance de l'état chimique des eaux souterraines,Paramètres physico-chimiques pour les plans d'eau,Paramètres physico-chimiques pour les cours d'eau,Arrêté du 7 août 2015 modifiant l'arrêté du 25 janvier 2010 établissant le programme de surveillance de l'état des eaux en application de l'article R. 212-22 du code de l'environnement,Paramètres classés par textes réglementaires";"https://id.eaufrance.fr/gpr/32,https://id.eaufrance.fr/gpr/31,https://id.eaufrance.fr/gpr/215,https://id.eaufrance.fr/gpr/214,https://id.eaufrance.fr/gpr/213,https://id.eaufrance.fr/gpr/212,https://id.eaufrance.fr/gpr/209,https://id.eaufrance.fr/gpr/166,https://id.eaufrance.fr/gpr/165,https://id.eaufrance.fr/gpr/164,https://id.eaufrance.fr/gpr/122,https://id.eaufrance.fr/gpr/121";"27";"°C";"https://id.eaufrance.fr/urf/27";"1";"Résultat > seuil de quantification et < au seuil de saturation";"1";"In situ";"0";"Difficultés inconnues";"0.0";"0.0";"";"50.0";"";"";"";"3";"Méthode spécifique";"https://id.eaufrance.fr/met/3";"";"";"";"";"1";"Analyse réalisée sous accréditation";"0";"3";"Donnée contrôlée niveau 2 (données validées)";"1";"Correcte";"";"";"";"";"";"18750009500026";"AGENCE DE L'EAU SEINE-NORMANDIE";"https://id.eaufrance.fr/int/18750009500026";"41054531300042";"CARSO - LABORATOIRE SANTE ENVIRONNEMENT HYGIENE DE LYON";"https://id.eaufrance.fr/int/41054531300042";"41054531300042";"CARSO - LABORATOIRE SANTE ENVIRONNEMENT HYGIENE DE LYON";"https://id.eaufrance.fr/int/41054531300042";"48.83258716372681";"2.3815423651905463";"03081000202304133";"001";"PC AESN";"20230307140708-PC-540140";"122279550"
"03081000";"LA SEINE A PARIS-12E--ARRONDISSEMENT 1";"https://id.eaufrance.fr/StationMesureEauxSurface/03081000";"3";"Eau";"https://id.eaufrance.fr/sup/3";"23";"Eau brute";"https://id.eaufrance.fr/fan/23";"2023-03-15";"09:34:00";"2024-07-08";"09:34:00";"1301";"Température de l'Eau";"https://id.eaufrance.fr/par/1301";"9.4";"32,31,215,214,213,212,209,166,165,164,122,121";"Physique,Paramètres classés par classe,Paramètres de l'analyse régulière du contrôle de surveillance de l'état chimique des eaux souterraines,Paramètres physico-chimiques pour les eaux littorales,Paramètres physico-chimiques pour les plans d'eau,Paramètres physico-chimiques pour les cours d'eau,Arrêté du 26 avril 2022 modifiant l'arrêté du 25 janvier 2010 établissant le programme de surveillance de l'état des eaux en application de l'article R.212.22 du code de l'environnement,Paramètres de l'analyse régulière du contrôle de surveillance de l'état chimique des eaux souterraines,Paramètres physico-chimiques pour les plans d'eau,Paramètres physico-chimiques pour les cours d'eau,Arrêté du 7 août 2015 modifiant l'arrêté du 25 janvier 2010 établissant le programme de surveillance de l'état des eaux en application de l'article R. 212-22 du code de l'environnement,Paramètres classés par textes réglementaires";"https://id.eaufrance.fr/gpr/32,https://id.eaufrance.fr/gpr/31,https://id.eaufrance.fr/gpr/215,https://id.eaufrance.fr/gpr/214,https://id.eaufrance.fr/gpr/213,https://id.eaufrance.fr/gpr/212,https://id.eaufrance.fr/gpr/209,https://id.eaufrance.fr/gpr/166,https://id.eaufrance.fr/gpr/165,https://id.eaufrance.fr/gpr/164,https://id.eaufrance.fr/gpr/122,https://id.eaufrance.fr/gpr/121";"27";"°C";"https://id.eaufrance.fr/urf/27";"1";"Résultat > seuil de quantification et < au seuil de saturation";"1";"In situ";"0";"Difficultés inconnues";"0.0";"0.0";"";"50.0";"";"";"";"3";"Méthode spécifique";"https://id.eaufrance.fr/met/3";"";"";"";"";"1";"Analyse réalisée sous accréditation";"0";"3";"Donnée contrôlée niveau 2 (données validées)";"1";"Correcte";"";"";"";"";"";"18750009500026";"AGENCE DE L'EAU SEINE-NORMANDIE";"https://id.eaufrance.fr/int/18750009500026";"41054531300042";"CARSO - LABORATOIRE SANTE ENVIRONNEMENT HYGIENE DE LYON";"https://id.eaufrance.fr/int/41054531300042";"41054531300042";"CARSO - LABORATOIRE SANTE ENVIRONNEMENT HYGIENE DE LYON";"https://id.eaufrance.fr/int/41054531300042";"48.83258716372681";"2.3815423651905463";"03081000202303153";"001";"PC AESN";"20230208171955-PC-538366";"121540243"
"03081000";"LA SEINE A PARIS-12E--ARRONDISSEMENT 1";"https://id.eaufrance.fr/StationMesureEauxSurface/03081000";"3";"Eau";"https://id.eaufrance.fr/sup/3";"23";"Eau brute";"https://id.eaufrance.fr/fan/23";"2023-03-15";"09:34:00";"2024-07-08";"11:17:00";"1350";"Phosphore total";"https://id.eaufrance.fr/par/1350";"0.071";"48,41,31,215,214,213,212,209,194,192,191,190,166,165,164,122,121";"Paramètres phosphorés|Chimique|Paramètres classés par classe|Paramètres de l'analyse régulière du contrôle de surveillance de l'état chimique des eaux souterraines|Paramètres physico-chimiques pour les eaux littorales|Paramètres physico-chimiques pour les plans d'eau|Paramètres physico-chimiques pour les cours d'eau|Arrêté du 26 avril 2022 modifiant l'arrêté du 25 janvier 2010 établissant le programme de surveillance de l'état des eaux en application de l'article R.212.22 du code de l'environnement|Avis relatif aux limites de quantification des couples «paramètre-matrice» de l'agrément des laboratoires effectuant des analyses dans le domaine de l'eau et des milieux aquatiques, matrice Sédiment en eau de surface continentale|Avis relatif aux limites de quantification des couples «paramètre-matrice» de l'agrément des laboratoires effectuant des analyses dans le domaine de l'eau et des milieux aquatiques, matrice Eau résiduaire|Avis relatif aux limites de quantification des couples «paramètre-matrice» de l'agrément des laboratoires effectuant des analyses dans le domaine de l'eau et des milieux aquatiques, matrice Eau douce|Avis relatif aux limites de quantification des couples «paramètre-matrice» de l'agrément des laboratoires effectuant des analyses dans le domaine de l'eau et des milieux aquatiques|Paramètres de l'analyse régulière du contrôle de surveillance de l'état chimique des eaux souterraines|Paramètres physico-chimiques pour les plans d'eau|Paramètres physico-chimiques pour les cours d'eau|Arrêté du 7 août 2015 modifiant l'arrêté du 25 janvier 2010 établissant le programme de surveillance de l'état des eaux en application de l'article R. 212-22 du code de l'environnement|Paramètres classés par textes réglementaires";"https://id.eaufrance.fr/gpr/48,https://id.eaufrance.fr/gpr/41,https://id.eaufrance.fr/gpr/31,https://id.eaufrance.fr/gpr/215,https://id.eaufrance.fr/gpr/214,https://id.eaufrance.fr/gpr/213,https://id.eaufrance.fr/gpr/212,https://id.eaufrance.fr/gpr/209,https://id.eaufrance.fr/gpr/194,https://id.eaufrance.fr/gpr/192,https://id.eaufrance.fr/gpr/191,https://id.eaufrance.fr/gpr/190,https://id.eaufrance.fr/gpr/166,https://id.eaufrance.fr/gpr/165,https://id.eaufrance.fr/gpr/164,https://id.eaufrance.fr/gpr/122,https://id.eaufrance.fr/gpr/121";"177";"mg(P)/L";"https://id.eaufrance.fr/urf/177";"1";"Résultat > seuil de quantification et < au seuil de saturation";"2";"Laboratoire";"0";"Difficultés inconnues";"0.003";"0.01";"";"50.0";"";"";"";"470";"Qualité de l'eau - Dosage du phosphore - Méthode spectrométrique au molybdate d'ammonium (NF EN ISO 6878 Avril 2005 / T90-023)";"https://id.eaufrance.fr/met/470";"";"";"";"";"1";"Analyse réalisée sous accréditation";"0";"3";"Donnée contrôlée niveau 2 (données validées)";"1";"Correcte";"";"";"";"";"";"18750009500026";"AGENCE DE L'EAU SEINE-NORMANDIE";"https://id.eaufrance.fr/int/18750009500026";"41054531300042";"CARSO - LABORATOIRE SANTE ENVIRONNEMENT HYGIENE DE LYON";"https://id.eaufrance.fr/int/41054531300042";"41054531300042";"CARSO - LABORATOIRE SANTE ENVIRONNEMENT HYGIENE DE LYON";"https://id.eaufrance.fr/int/41054531300042";"48.83258716372681";"2.3815423651905463";"03081000202303153";"001";"PC AESN";"20230208171955-PC-538366";"121540236"
"03081000";"LA SEINE A PARIS-12E--ARRONDISSEMENT 1";"https://id.eaufrance.fr/StationMesureEauxSurface/03081000";"3";"Eau";"https://id.eaufrance.fr/sup/3";"3";"Phase aqueuse de l'eau (filtrée, centrifugée...)";"https://id.eaufrance.fr/fan/3";"2023-03-15";"09:34:00";"2024-07-08";"08:50:00";"1340";"Nitrates";"https://id.eaufrance.fr/par/1340";"26.0";"47,41,31,215,214,213,212,209,193,192,191,190,166,165,164,122,121";"Paramètres azotés|Chimique|Paramètres classés par classe|Paramètres de l'analyse régulière du contrôle de surveillance de l'état chimique des eaux souterraines|Paramètres physico-chimiques pour les eaux littorales|Paramètres physico-chimiques pour les plans d'eau|Paramètres physico-chimiques pour les cours d'eau|Arrêté du 26 avril 2022 modifiant l'arrêté du 25 janvier 2010 établissant le programme de surveillance de l'état des eaux en application de l'article R.212.22 du code de l'environnement|Avis relatif aux limites de quantification des couples «paramètre-matrice» de l'agrément des laboratoires effectuant des analyses dans le domaine de l'eau et des milieux aquatiques, matrice Eau saline|Avis relatif aux limites de quantification des couples «paramètre-matrice» de l'agrément des laboratoires effectuant des analyses dans le domaine de l'eau et des milieux aquatiques, matrice Eau résiduaire|Avis relatif aux limites de quantification des couples «paramètre-matrice» de l'agrément des laboratoires effectuant des analyses dans le domaine de l'eau et des milieux aquatiques, matrice Eau douce|Avis relatif aux limites de quantification des couples «paramètre-matrice» de l'agrément des laboratoires effectuant des analyses dans le domaine de l'eau et des milieux aquatiques|Paramètres de l'analyse régulière du contrôle de surveillance de l'état chimique des eaux souterraines|Paramètres physico-chimiques pour les plans d'eau|Paramètres physico-chimiques pour les cours d'eau|Arrêté du 7 août 2015 modifiant l'arrêté du 25 janvier 2010 établissant le programme de surveillance de l'état des eaux en application de l'article R. 212-22 du code de l'environnement|Paramètres classés par textes réglementaires";"https://id.eaufrance.fr/gpr/47,https://id.eaufrance.fr/gpr/41,https://id.eaufrance.fr/gpr/31,https://id.eaufrance.fr/gpr/215,https://id.eaufrance.fr/gpr/214,https://id.eaufrance.fr/gpr/213,https://id.eaufrance.fr/gpr/212,https://id.eaufrance.fr/gpr/209,https://id.eaufrance.fr/gpr/193,https://id.eaufrance.fr/gpr/192,https://id.eaufrance.fr/gpr/191,https://id.eaufrance.fr/gpr/190,https://id.eaufrance.fr/gpr/166,https://id.eaufrance.fr/gpr/165,https://id.eaufrance.fr/gpr/164,https://id.eaufrance.fr/gpr/122,https://id.eaufrance.fr/gpr/121";"173";"mg(NO3)/L";"https://id.eaufrance.fr/urf/173";"1";"Résultat > seuil de quantification et < au seuil de saturation";"2";"Laboratoire";"0";"Difficultés inconnues";"0.03";"0.1";"";"50.0";"";"";"";"706";"Qualité de l'eau - Dosage des anions dissous par chromatographie des ions en phase liquide. Partie 1 : dosage du bromure, chlorure, fluorure, nitrate, nitrite, phosphate et sulfate. (NF EN ISO 10304-1 Juillet 2009 / T90-042-1)";"https://id.eaufrance.fr/met/706";"";"";"";"";"1";"Analyse réalisée sous accréditation";"0";"3";"Donnée contrôlée niveau 2 (données validées)";"1";"Correcte";"";"";"";"";"";"18750009500026";"AGENCE DE L'EAU SEINE-NORMANDIE";"https://id.eaufrance.fr/int/18750009500026";"41054531300042";"CARSO - LABORATOIRE SANTE ENVIRONNEMENT HYGIENE DE LYON";"https://id.eaufrance.fr/int/41054531300042";"41054531300042";"CARSO - LABORATOIRE SANTE ENVIRONNEMENT HYGIENE DE LYON";"https://id.eaufrance.fr/int/41054531300042";"48.83258716372681";"2.3815423651905463";"03081000202303153";"001";"PC AESN";"20230208171955-PC-538366";"121540234"
"03081000";"LA SEINE A PARIS-12E--ARRONDISSEMENT 1";"https://id.eaufrance.fr/StationMesureEauxSurface/03081000";"3";"Eau";"https://id.eaufrance.fr/sup/3";"3";"Phase aqueuse de l'eau (filtrée, centrifugée...)";"https://id.eaufrance.fr/fan/3";"2023-02-10";"10:43:00";"2024-04-25";"09:14:00";"1340";"Nitrates";"https://id.eaufrance.fr/par/1340";"32.0";"47,41,31,215,214,213,212,209,193,192,191,190,166,165,164,122,121";"Paramètres azotés|Chimique|Paramètres classés par classe|Paramètres de l'analyse régulière du contrôle de surveillance de l'état chimique des eaux souterraines|Paramètres physico-chimiques pour les eaux littorales|Paramètres physico-chimiques pour les plans d'eau|Paramètres physico-chimiques pour les cours d'eau|Arrêté du 26 avril 2022 modifiant l'arrêté du 25 janvier 2010 établissant le programme de surveillance de l'état des eaux en application de l'article R.212.22 du code de l'environnement|Avis relatif aux limites de quantification des couples «paramètre-matrice» de l'agrément des laboratoires effectuant des analyses dans le domaine de l'eau et des milieux aquatiques, matrice Eau saline|Avis relatif aux limites de quantification des couples «paramètre-matrice» de l'agrément des laboratoires effectuant des analyses dans le domaine de l'eau et des milieux aquatiques, matrice Eau résiduaire|Avis relatif aux limites de quantification des couples «paramètre-matrice» de l'agrément des laboratoires effectuant des analyses dans le domaine de l'eau et des milieux aquatiques, matrice Eau douce|Avis relatif aux limites de quantification des couples «paramètre-matrice» de l'agrément des laboratoires effectuant des analyses dans le domaine de l'eau et des milieux aquatiques|Paramètres de l'analyse régulière du contrôle de surveillance de l'état chimique des eaux souterraines|Paramètres physico-chimiques pour les plans d'eau|Paramètres physico-chimiques pour les cours d'eau|Arrêté du 7 août 2015 modifiant l'arrêté du 25 janvier 2010 établissant le programme de surveillance de l'état des eaux en application de l'article R. 212-22 du code de l'environnement|Paramètres classés par textes réglementaires";"https://id.eaufrance.fr/gpr/47,https://id.eaufrance.fr/gpr/41,https://id.eaufrance.fr/gpr/31,https://id.eaufrance.fr/gpr/215,https://id.eaufrance.fr/gpr/214,https://id.eaufrance.fr/gpr/213,https://id.eaufrance.fr/gpr/212,https://id.eaufrance.fr/gpr/209,https://id.eaufrance.fr/gpr/193,https://id.eaufrance.fr/gpr/192,https://id.eaufrance.fr/gpr/191,https://id.eaufrance.fr/gpr/190,https://id.eaufrance.fr/gpr/166,https://id.eaufrance.fr/gpr/165,https://id.eaufrance.fr/gpr/164,https://id.eaufrance.fr/gpr/122,https://id.eaufrance.fr/gpr/121";"173";"mg(NO3)/L";"https://id.eaufrance.fr/urf/173";"1";"Résultat > seuil de quantification et < au seuil de saturation";"2";"Laboratoire";"0";"Difficultés inconnues";"0.03";"0.1";"";"50.0";"";"";"";"706";"Qualité de l'eau - Dosage des anions dissous par chromatographie des ions en phase liquide. Partie 1 : dosage du bromure, chlorure, fluorure, nitrate, nitrite, phosphate et sulfate. (NF EN ISO 10304-1 Juillet 2009 / T90-042-1)";"https://id.eaufrance.fr/met/706";"";"";"";"";"2";"Analyse réalisée hors accréditation";"0";"3";"Donnée contrôlée niveau 2 (données validées)";"1";"Correcte";" L'absence du logo Cofrac provient d’un délai de mise en analyse par rapport au prélèvement supérieur aux exigences normatives.";"";"";"";"";"18750009500026";"AGENCE DE L'EAU SEINE-NORMANDIE";"https://id.eaufrance.fr/int/18750009500026";"41054531300042";"CARSO - LABORATOIRE SANTE ENVIRONNEMENT HYGIENE DE LYON";"https://id.eaufrance.fr/int/41054531300042";"41054531300042";"CARSO - LABORATOIRE SANTE ENVIRONNEMENT HYGIENE DE LYON";"https://id.eaufrance.fr/int/41054531300042";"48.83258716372681";"2.3815423651905463";"03081000202302103";"001";"PC AESN";"20230102144318-PC-535157";"120410434"
"03081000";"LA SEINE A PARIS-12E--ARRONDISSEMENT 1";"https://id.eaufrance.fr/StationMesureEauxSurface/03081000";"3";"Eau";"https://id.eaufrance.fr/sup/3";"23";"Eau brute";"https://id.eaufrance.fr/fan/23";"2023-02-10";"10:43:00";"2024-04-25";"10:43:00";"1301";"Température de l'Eau";"https://id.eaufrance.fr/par/1301";"7.0";"32,31,215,214,213,212,209,166,165,164,122,121";"Physique,Paramètres classés par classe,Paramètres de l'analyse régulière du contrôle de surveillance de l'état chimique des eaux souterraines,Paramètres physico-chimiques pour les eaux littorales,Paramètres physico-chimiques pour les plans d'eau,Paramètres physico-chimiques pour les cours d'eau,Arrêté du 26 avril 2022 modifiant l'arrêté du 25 janvier 2010 établissant le programme de surveillance de l'état des eaux en application de l'article R.212.22 du code de l'environnement,Paramètres de l'analyse régulière du contrôle de surveillance de l'état chimique des eaux souterraines,Paramètres physico-chimiques pour les plans d'eau,Paramètres physico-chimiques pour les cours d'eau,Arrêté du 7 août 2015 modifiant l'arrêté du 25 janvier 2010 établissant le programme de surveillance de l'état des eaux en application de l'article R. 212-22 du code de l'environnement,Paramètres classés par textes réglementaires";"https://id.eaufrance.fr/gpr/32,https://id.eaufrance.fr/gpr/31,https://id.eaufrance.fr/gpr/215,https://id.eaufrance.fr/gpr/214,https://id.eaufrance.fr/gpr/213,https://id.eaufrance.fr/gpr/212,https://id.eaufrance.fr/gpr/209,https://id.eaufrance.fr/gpr/166,https://id.eaufrance.fr/gpr/165,https://id.eaufrance.fr/gpr/164,https://id.eaufrance.fr/gpr/122,https://id.eaufrance.fr/gpr/121";"27";"°C";"https://id.eaufrance.fr/urf/27";"1";"Résultat > seuil de quantification et < au seuil de saturation";"1";"In situ";"0";"Difficultés inconnues";"0.0";"0.0";"";"50.0";"";"";"";"3";"Méthode spécifique";"https://id.eaufrance.fr/met/3";"";"";"";"";"1";"Analyse réalisée sous accréditation";"0";"3";"Donnée contrôlée niveau 2 (données validées)";"1";"Correcte";"";"";"";"";"";"18750009500026";"AGENCE DE L'EAU SEINE-NORMANDIE";"https://id.eaufrance.fr/int/18750009500026";"41054531300042";"CARSO - LABORATOIRE SANTE ENVIRONNEMENT HYGIENE DE LYON";"https://id.eaufrance.fr/int/41054531300042";"41054531300042";"CARSO - LABORATOIRE SANTE ENVIRONNEMENT HYGIENE DE LYON";"https://id.eaufrance.fr/int/41054531300042";"48.83258716372681";"2.3815423651905463";"03081000202302103";"001";"PC AESN";"20230102144318-PC-535157";"120410443"
"03081000";"LA SEINE A PARIS-12E--ARRONDISSEMENT 1";"https://id.eaufrance.fr/StationMesureEauxSurface/03081000";"3";"Eau";"https://id.eaufrance.fr/sup/3";"23";"Eau brute";"https://id.eaufrance.fr/fan/23";"2023-02-10";"10:43:00";"2024-04-25";"08:33:00";"1350";"Phosphore total";"https://id.eaufrance.fr/par/1350";"0.08";"48,41,31,215,214,213,212,209,194,192,191,190,166,165,164,122,121";"Paramètres phosphorés|Chimique|Paramètres classés par classe|Paramètres de l'analyse régulière du contrôle de surveillance de l'état chimique des eaux souterraines|Paramètres physico-chimiques pour les eaux littorales|Paramètres physico-chimiques pour les plans d'eau|Paramètres physico-chimiques pour les cours d'eau|Arrêté du 26 avril 2022 modifiant l'arrêté du 25 janvier 2010 établissant le programme de surveillance de l'état des eaux en application de l'article R.212.22 du code de l'environnement|Avis relatif aux limites de quantification des couples «paramètre-matrice» de l'agrément des laboratoires effectuant des analyses dans le domaine de l'eau et des milieux aquatiques, matrice Sédiment en eau de surface continentale|Avis relatif aux limites de quantification des couples «paramètre-matrice» de l'agrément des laboratoires effectuant des analyses dans le domaine de l'eau et des milieux aquatiques, matrice Eau résiduaire|Avis relatif aux limites de quantification des couples «paramètre-matrice» de l'agrément des laboratoires effectuant des analyses dans le domaine de l'eau et des milieux aquatiques, matrice Eau douce|Avis relatif aux limites de quantification des couples «paramètre-matrice» de l'agrément des laboratoires effectuant des analyses dans le domaine de l'eau et des milieux aquatiques|Paramètres de l'analyse régulière du contrôle de surveillance de l'état chimique des eaux souterraines|Paramètres physico-chimiques pour les plans d'eau|Paramètres physico-chimiques pour les cours d'eau|Arrêté du 7 août 2015 modifiant l'arrêté du 25 janvier 2010 établissant le programme de surveillance de l'état des eaux en application de l'article R. 212-22 du code de l'environnement|Paramètres classés par textes réglementaires";"https://id.eaufrance.fr/gpr/48,https://id.eaufrance.fr/gpr/41,https://id.eaufrance.fr/gpr/31,https://id.eaufrance.fr/gpr/215,https://id.eaufrance.fr/gpr/214,https://id.eaufrance.fr/gpr/213,https://id.eaufrance.fr/gpr/212,https://id.eaufrance.fr/gpr/209,https://id.eaufrance.fr/gpr/194,https://id.eaufrance.fr/gpr/192,https://id.eaufrance.fr/gpr/191,https://id.eaufrance.fr/gpr/190,https://id.eaufrance.fr/gpr/166,https://id.eaufrance.fr/gpr/165,https://id.eaufrance.fr/gpr/164,https://id.eaufrance.fr/gpr/122,https://id.eaufrance.fr/gpr/121";"177";"mg(P)/L";"https://id.eaufrance.fr/urf/177";"1";"Résultat > seuil de quantification et < au seuil de saturation";"2";"Laboratoire";"0";"Difficultés inconnues";"0.003";"0.01";"";"50.0";"";"";"";"470";"Qualité de l'eau - Dosage du phosphore - Méthode spectrométrique au molybdate d'ammonium (NF EN ISO 6878 Avril 2005 / T90-023)";"https://id.eaufrance.fr/met/470";"";"";"";"";"1";"Analyse réalisée sous accréditation";"0";"3";"Donnée contrôlée niveau 2 (données validées)";"1";"Correcte";"";"";"";"";"";"18750009500026";"AGENCE DE L'EAU SEINE-NORMANDIE";"https://id.eaufrance.fr/int/18750009500026";"41054531300042";"CARSO - LABORATOIRE SANTE ENVIRONNEMENT HYGIENE DE LYON";"https://id.eaufrance.fr/int/41054531300042";"41054531300042";"CARSO - LABORATOIRE SANTE ENVIRONNEMENT HYGIENE DE LYON";"https://id.eaufrance.fr/int/41054531300042";"48.83258716372681";"2.3815423651905463";"03081000202302103";"001";"PC AESN";"20230102144318-PC-535157";"120410436"
"03081000";"LA SEINE A PARIS-12E--ARRONDISSEMENT 1";"https://id.eaufrance.fr/StationMesureEauxSurface/03081000";"3";"Eau";"https://id.eaufrance.fr/sup/3";"23";"Eau brute";"https://id.eaufrance.fr/fan/23";"2023-01-12";"09:46:00";"2024-01-25";"09:46:00";"1301";"Température de l'Eau";"https://id.eaufrance.fr/par/1301";"9.4";"32,31,215,214,213,212,209,166,165,164,122,121";"Physique,Paramètres classés par classe,Paramètres de l'analyse régulière du contrôle de surveillance de l'état chimique des eaux souterraines,Paramètres physico-chimiques pour les eaux littorales,Paramètres physico-chimiques pour les plans d'eau,Paramètres physico-chimiques pour les cours d'eau,Arrêté du 26 avril 2022 modifiant l'arrêté du 25 janvier 2010 établissant le programme de surveillance de l'état des eaux en application de l'article R.212.22 du code de l'environnement,Paramètres de l'analyse régulière du contrôle de surveillance de l'état chimique des eaux souterraines,Paramètres physico-chimiques pour les plans d'eau,Paramètres physico-chimiques pour les cours d'eau,Arrêté du 7 août 2015 modifiant l'arrêté du 25 janvier 2010 établissant le programme de surveillance de l'état des eaux en application de l'article R. 212-22 du code de l'environnement,Paramètres classés par textes réglementaires";"https://id.eaufrance.fr/gpr/32,https://id.eaufrance.fr/gpr/31,https://id.eaufrance.fr/gpr/215,https://id.eaufrance.fr/gpr/214,https://id.eaufrance.fr/gpr/213,https://id.eaufrance.fr/gpr/212,https://id.eaufrance.fr/gpr/209,https://id.eaufrance.fr/gpr/166,https://id.eaufrance.fr/gpr/165,https://id.eaufrance.fr/gpr/164,https://id.eaufrance.fr/gpr/122,https://id.eaufrance.fr/gpr/121";"27";"°C";"https://id.eaufrance.fr/urf/27";"1";"Résultat > seuil de quantification et < au seuil de saturation";"1";"In situ";"0";"Difficultés inconnues";"0.0";"0.0";"";"50.0";"";"";"";"3";"Méthode spécifique";"https://id.eaufrance.fr/met/3";"";"";"";"";"1";"Analyse réalisée sous accréditation";"0";"3";"Donnée contrôlée niveau 2 (données validées)";"1";"Correcte";"";"";"";"";"";"18750009500026";"AGENCE DE L'EAU SEINE-NORMANDIE";"https://id.eaufrance.fr/int/18750009500026";"41054531300042";"CARSO - LABORATOIRE SANTE ENVIRONNEMENT HYGIENE DE LYON";"https://id.eaufrance.fr/int/41054531300042";"41054531300042";"CARSO - LABORATOIRE SANTE ENVIRONNEMENT HYGIENE DE LYON";"https://id.eaufrance.fr/int/41054531300042";"48.83258716372681";"2.3815423651905463";"03081000202301123";"001";"PC AESN";"20221214160602-PC-533553";"119888252"
"03081000";"LA SEINE A PARIS-12E--ARRONDISSEMENT 1";"https://id.eaufrance.fr/StationMesureEauxSurface/03081000";"3";"Eau";"https://id.eaufrance.fr/sup/3";"3";"Phase aqueuse de l'eau (filtrée, centrifugée...)";"https://id.eaufrance.fr/fan/3";"2023-01-12";"09:46:00";"2024-01-25";"08:39:00";"1340";"Nitrates";"https://id.eaufrance.fr/par/1340";"29.0";"47,41,31,215,214,213,212,209,193,192,191,190,166,165,164,122,121";"Paramètres azotés|Chimique|Paramètres classés par classe|Paramètres de l'analyse régulière du contrôle de surveillance de l'état chimique des eaux souterraines|Paramètres physico-chimiques pour les eaux littorales|Paramètres physico-chimiques pour les plans d'eau|Paramètres physico-chimiques pour les cours d'eau|Arrêté du 26 avril 2022 modifiant l'arrêté du 25 janvier 2010 établissant le programme de surveillance de l'état des eaux en application de l'article R.212.22 du code de l'environnement|Avis relatif aux limites de quantification des couples «paramètre-matrice» de l'agrément des laboratoires effectuant des analyses dans le domaine de l'eau et des milieux aquatiques, matrice Eau saline|Avis relatif aux limites de quantification des couples «paramètre-matrice» de l'agrément des laboratoires effectuant des analyses dans le domaine de l'eau et des milieux aquatiques, matrice Eau résiduaire|Avis relatif aux limites de quantification des couples «paramètre-matrice» de l'agrément des laboratoires effectuant des analyses dans le domaine de l'eau et des milieux aquatiques, matrice Eau douce|Avis relatif aux limites de quantification des couples «paramètre-matrice» de l'agrément des laboratoires effectuant des analyses dans le domaine de l'eau et des milieux aquatiques|Paramètres de l'analyse régulière du contrôle de surveillance de l'état chimique des eaux souterraines|Paramètres physico-chimiques pour les plans d'eau|Paramètres physico-chimiques pour les cours d'eau|Arrêté du 7 août 2015 modifiant l'arrêté du 25 janvier 2010 établissant le programme de surveillance de l'état des eaux en application de l'article R. 212-22 du code de l'environnement|Paramètres classés par textes réglementaires";"https://id.eaufrance.fr/gpr/47,https://id.eaufrance.fr/gpr/41,https://id.eaufrance.fr/gpr/31,https://id.eaufrance.fr/gpr/215,https://id.eaufrance.fr/gpr/214,https://id.eaufrance.fr/gpr/213,https://id.eaufrance.fr/gpr/212,https://id.eaufrance.fr/gpr/209,https://id.eaufrance.fr/gpr/193,https://id.eaufrance.fr/gpr/192,https://id.eaufrance.fr/gpr/191,https://id.eaufrance.fr/gpr/190,https://id.eaufrance.fr/gpr/166,https://id.eaufrance.fr/gpr/165,https://id.eaufrance.fr/gpr/164,https://id.eaufrance.fr/gpr/122,https://id.eaufrance.fr/gpr/121";"173";"mg(NO3)/L";"https://id.eaufrance.fr/urf/173";"1";"Résultat > seuil de quantification et < au seuil de saturation";"2";"Laboratoire";"0";"Difficultés inconnues";"0.03";"0.1";"";"50.0";"";"";"";"706";"Qualité de l'eau - Dosage des anions dissous par chromatographie des ions en phase liquide. Partie 1 : dosage du bromure, chlorure, fluorure, nitrate, nitrite, phosphate et sulfate. (NF EN ISO 10304-1 Juillet 2009 / T90-042-1)";"https://id.eaufrance.fr/met/706";"";"";"";"";"1";"Analyse réalisée sous accréditation";"0";"3";"Donnée contrôlée niveau 2 (données validées)";"1";"Correcte";"";"";"";"";"";"18750009500026";"AGENCE DE L'EAU SEINE-NORMANDIE";"https://id.eaufrance.fr/int/18750009500026";"41054531300042";"CARSO - LABORATOIRE SANTE ENVIRONNEMENT HYGIENE DE LYON";"https://id.eaufrance.fr/int/41054531300042";"41054531300042";"CARSO - LABORATOIRE SANTE ENVIRONNEMENT HYGIENE DE LYON";"https://id.eaufrance.fr/int/41054531300042";"48.83258716372681";"2.3815423651905463";"03081000202301123";"001";"PC AESN";"20221214160602-PC-533553";"119888243"
"03081000";"LA SEINE A PARIS-12E--ARRONDISSEMENT 1";"https://id.eaufrance.fr/StationMesureEauxSurface/03081000";"3";"Eau";"https://id.eaufrance.fr/sup/3";"23";"Eau brute";"https://id.eaufrance.fr/fan/23";"2023-01-12";"09:46:00";"2024-01-25";"14:20:00";"1350";"Phosphore total";"https://id.eaufrance.fr/par/1350";"0.115";"48,41,31,215,214,213,212,209,194,192,191,190,166,165,164,122,121";"Paramètres phosphorés|Chimique|Paramètres classés par classe|Paramètres de l'analyse régulière du contrôle de surveillance de l'état chimique des eaux souterraines|Paramètres physico-chimiques pour les eaux littorales|Paramètres physico-chimiques pour les plans d'eau|Paramètres physico-chimiques pour les cours d'eau|Arrêté du 26 avril 2022 modifiant l'arrêté du 25 janvier 2010 établissant le programme de surveillance de l'état des eaux en application de l'article R.212.22 du code de l'environnement|Avis relatif aux limites de quantification des couples «paramètre-matrice» de l'agrément des laboratoires effectuant des analyses dans le domaine de l'eau et des milieux aquatiques, matrice Sédiment en eau de surface continentale|Avis relatif aux limites de quantification des couples «paramètre-matrice» de l'agrément des laboratoires effectuant des analyses dans le domaine de l'eau et des milieux aquatiques, matrice Eau résiduaire|Avis relatif aux limites de quantification des couples «paramètre-matrice» de l'agrément des laboratoires effectuant des analyses dans le domaine de l'eau et des milieux aquatiques, matrice Eau douce|Avis relatif aux limites de quantification des couples «paramètre-matrice» de l'agrément des laboratoires effectuant des analyses dans le domaine de l'eau et des milieux aquatiques|Paramètres de l'analyse régulière du contrôle de surveillance de l'état chimique des eaux souterraines|Paramètres physico-chimiques pour les plans d'eau|Paramètres physico-chimiques pour les cours d'eau|Arrêté du 7 août 2015 modifiant l'arrêté du 25 janvier 2010 établissant le programme de surveillance de l'état des eaux en application de l'article R. 212-22 du code de l'environnement|Paramètres classés par textes réglementaires";"https://id.eaufrance.fr/gpr/48,https://id.eaufrance.fr/gpr/41,https://id.eaufrance.fr/gpr/31,https://id.eaufrance.fr/gpr/215,https://id.eaufrance.fr/gpr/214,https://id.eaufrance.fr/gpr/213,https://id.eaufrance.fr/gpr/212,https://id.eaufrance.fr/gpr/209,https://id.eaufrance.fr/gpr/194,https://id.eaufrance.fr/gpr/192,https://id.eaufrance.fr/gpr/191,https://id.eaufrance.fr/gpr/190,https://id.eaufrance.fr/gpr/166,https://id.eaufrance.fr/gpr/165,https://id.eaufrance.fr/gpr/164,https://id.eaufrance.fr/gpr/122,https://id.eaufrance.fr/gpr/121";"177";"mg(P)/L";"https://id.eaufrance.fr/urf/177";"1";"Résultat > seuil de quantification et < au seuil de saturation";"2";"Laboratoire";"0";"Difficultés inconnues";"0.003";"0.01";"";"50.0";"";"";"";"470";"Qualité de l'eau - Dosage du phosphore - Méthode spectrométrique au molybdate d'ammonium (NF EN ISO 6878 Avril 2005 / T90-023)";"https://id.eaufrance.fr/met/470";"";"";"";"";"1";"Analyse réalisée sous accréditation";"0";"3";"Donnée contrôlée niveau 2 (données validées)";"1";"Correcte";"";"";"";"";"";"18750009500026";"AGENCE DE L'EAU SEINE-NORMANDIE";"https://id.eaufrance.fr/int/18750009500026";"41054531300042";"CARSO - LABORATOIRE SANTE ENVIRONNEMENT HYGIENE DE LYON";"https://id.eaufrance.fr/int/41054531300042";"41054531300042";"CARSO - LABORATOIRE SANTE ENVIRONNEMENT HYGIENE DE LYON";"https://id.eaufrance.fr/int/41054531300042";"48.83258716372681";"2.3815423651905463";"03081000202301123";"001";"PC AESN";"20221214160602-PC-533553";"119888245"
"03081000";"LA SEINE A PARIS-12E--ARRONDISSEMENT 1";"https://id.eaufrance.fr/StationMesureEauxSurface/03081000";"3";"Eau";"https://id.eaufrance.fr/sup/3";"23";"Eau brute";"https://id.eaufrance.fr/fan/23";"2022-12-14";"12:51:00";"2024-04-06";"19:28:00";"1350";"Phosphore total";"https://id.eaufrance.fr/par/1350";"0.14";"48,41,31,215,214,213,212,209,194,192,191,190,166,165,164,122,121";"Paramètres phosphorés|Chimique|Paramètres classés par classe|Paramètres de l'analyse régulière du contrôle de surveillance de l'état chimique des eaux souterraines|Paramètres physico-chimiques pour les eaux littorales|Paramètres physico-chimiques pour les plans d'eau|Paramètres physico-chimiques pour les cours d'eau|Arrêté du 26 avril 2022 modifiant l'arrêté du 25 janvier 2010 établissant le programme de surveillance de l'état des eaux en application de l'article R.212.22 du code de l'environnement|Avis relatif aux limites de quantification des couples «paramètre-matrice» de l'agrément des laboratoires effectuant des analyses dans le domaine de l'eau et des milieux aquatiques, matrice Sédiment en eau de surface continentale|Avis relatif aux limites de quantification des couples «paramètre-matrice» de l'agrément des laboratoires effectuant des analyses dans le domaine de l'eau et des milieux aquatiques, matrice Eau résiduaire|Avis relatif aux limites de quantification des couples «paramètre-matrice» de l'agrément des laboratoires effectuant des analyses dans le domaine de l'eau et des milieux aquatiques, matrice Eau douce|Avis relatif aux limites de quantification des couples «paramètre-matrice» de l'agrément des laboratoires effectuant des analyses dans le domaine de l'eau et des milieux aquatiques|Paramètres de l'analyse régulière du contrôle de surveillance de l'état chimique des eaux souterraines|Paramètres physico-chimiques pour les plans d'eau|Paramètres physico-chimiques pour les cours d'eau|Arrêté du 7 août 2015 modifiant l'arrêté du 25 janvier 2010 établissant le programme de surveillance de l'état des eaux en application de l'article R. 212-22 du code de l'environnement|Paramètres classés par textes réglementaires";"https://id.eaufrance.fr/gpr/48,https://id.eaufrance.fr/gpr/41,https://id.eaufrance.fr/gpr/31,https://id.eaufrance.fr/gpr/215,https://id.eaufrance.fr/gpr/214,https://id.eaufrance.fr/gpr/213,https://id.eaufrance.fr/gpr/212,https://id.eaufrance.fr/gpr/209,https://id.eaufrance.fr/gpr/194,https://id.eaufrance.fr/gpr/192,https://id.eaufrance.fr/gpr/191,https://id.eaufrance.fr/gpr/190,https://id.eaufrance.fr/gpr/166,https://id.eaufrance.fr/gpr/165,https://id.eaufrance.fr/gpr/164,https://id.eaufrance.fr/gpr/122,https://id.eaufrance.fr/gpr/121";"177";"mg(P)/L";"https://id.eaufrance.fr/urf/177";"1";"Résultat > seuil de quantification et < au seuil de saturation";"2";"Laboratoire";"0";"Difficultés inconnues";"0.003";"0.01";"";"50.0";"";"";"";"470";"Qualité de l'eau - Dosage du phosphore - Méthode spectrométrique au molybdate d'ammonium (NF EN ISO 6878 Avril 2005 / T90-023)";"https://id.eaufrance.fr/met/470";"";"";"";"";"1";"Analyse réalisée sous accréditation";"0";"3";"Donnée contrôlée niveau 2 (données validées)";"1";"Correcte";"";"";"";"";"";"18750009500026";"AGENCE DE L'EAU SEINE-NORMANDIE";"https://id.eaufrance.fr/int/18750009500026";"41054531300042";"CARSO - LABORATOIRE SANTE ENVIRONNEMENT HYGIENE DE LYON";"https://id.eaufrance.fr/int/41054531300042";"41054531300042";"CARSO - LABORATOIRE SANTE ENVIRONNEMENT HYGIENE DE LYON";"https://id.eaufrance.fr/int/41054531300042";"48.83258716372681";"2.3815423651905463";"03081000202212143";"001";"PC AESN";"20221109164951-PC-530230";"118453238"
"03081000";"LA SEINE A PARIS-12E--ARRONDISSEMENT 1";"https://id.eaufrance.fr/StationMesureEauxSurface/03081000";"3";"Eau";"https://id.eaufrance.fr/sup/3";"23";"Eau brute";"https://id.eaufrance.fr/fan/23";"2022-12-14";"12:51:00";"2024-04-06";"12:51:00";"1301";"Température de l'Eau";"https://id.eaufrance.fr/par/1301";"5.5";"32,31,215,214,213,212,209,166,165,164,122,121";"Physique,Paramètres classés par classe,Paramètres de l'analyse régulière du contrôle de surveillance de l'état chimique des eaux souterraines,Paramètres physico-chimiques pour les eaux littorales,Paramètres physico-chimiques pour les plans d'eau,Paramètres physico-chimiques pour les cours d'eau,Arrêté du 26 avril 2022 modifiant l'arrêté du 25 janvier 2010 établissant le programme de surveillance de l'état des eaux en application de l'article R.212.22 du code de l'environnement,Paramètres de l'analyse régulière du contrôle de surveillance de l'état chimique des eaux souterraines,Paramètres physico-chimiques pour les plans d'eau,Paramètres physico-chimiques pour les cours d'eau,Arrêté du 7 août 2015 modifiant l'arrêté du 25 janvier 2010 établissant le programme de surveillance de l'état des eaux en application de l'article R. 212-22 du code de l'environnement,Paramètres classés par textes réglementaires";"https://id.eaufrance.fr/gpr/32,https://id.eaufrance.fr/gpr/31,https://id.eaufrance.fr/gpr/215,https://id.eaufrance.fr/gpr/214,https://id.eaufrance.fr/gpr/213,https://id.eaufrance.fr/gpr/212,https://id.eaufrance.fr/gpr/209,https://id.eaufrance.fr/gpr/166,https://id.eaufrance.fr/gpr/165,https://id.eaufrance.fr/gpr/164,https://id.eaufrance.fr/gpr/122,https://id.eaufrance.fr/gpr/121";"27";"°C";"https://id.eaufrance.fr/urf/27";"1";"Résultat > seuil de quantification et < au seuil de saturation";"1";"In situ";"0";"Difficultés inconnues";"0.0";"0.0";"";"50.0";"";"";"";"3";"Méthode spécifique";"https://id.eaufrance.fr/met/3";"";"";"";"";"1";"Analyse réalisée sous accréditation";"0";"3";"Donnée contrôlée niveau 2 (données validées)";"1";"Correcte";"";"";"";"";"";"18750009500026";"AGENCE DE L'EAU SEINE-NORMANDIE";"https://id.eaufrance.fr/int/18750009500026";"41054531300042";"CARSO - LABORATOIRE SANTE ENVIRONNEMENT HYGIENE DE LYON";"https://id.eaufrance.fr/int/41054531300042";"41054531300042";"CARSO - LABORATOIRE SANTE ENVIRONNEMENT HYGIENE DE LYON";"https://id.eaufrance.fr/int/41054531300042";"48.83258716372681";"2.3815423651905463";"03081000202212143";"001";"PC AESN";"20221109164951-PC-530230";"118453245"
"03081000";"LA SEINE A PARIS-12E--ARRONDISSEMENT 1";"https://id.eaufrance.fr/StationMesureEauxSurface/03081000";"3";"Eau";"https://id.eaufrance.fr/sup/3";"3";"Phase aqueuse de l'eau (filtrée, centrifugée...)";"https://id.eaufrance.fr/fan/3";"2022-12-14";"12:51:00";"2024-04-06";"10:36:00";"1340";"Nitrates";"https://id.eaufrance.fr/par/1340";"29.0";"47,41,31,215,214,213,212,209,193,192,191,190,166,165,164,122,121";"Paramètres azotés|Chimique|Paramètres classés par classe|Paramètres de l'analyse régulière du contrôle de surveillance de l'état chimique des eaux souterraines|Paramètres physico-chimiques pour les eaux littorales|Paramètres physico-chimiques pour les plans d'eau|Paramètres physico-chimiques pour les cours d'eau|Arrêté du 26 avril 2022 modifiant l'arrêté du 25 janvier 2010 établissant le programme de surveillance de l'état des eaux en application de l'article R.212.22 du code de l'environnement|Avis relatif aux limites de quantification des couples «paramètre-matrice» de l'agrément des laboratoires effectuant des analyses dans le domaine de l'eau et des milieux aquatiques, matrice Eau saline|Avis relatif aux limites de quantification des couples «paramètre-matrice» de l'agrément des laboratoires effectuant des analyses dans le domaine de l'eau et des milieux aquatiques, matrice Eau résiduaire|Avis relatif aux limites de quantification des couples «paramètre-matrice» de l'agrément des laboratoires effectuant des analyses dans le domaine de l'eau et des milieux aquatiques, matrice Eau douce|Avis relatif aux limites de quantification des couples «paramètre-matrice» de l'agrément des laboratoires effectuant des analyses dans le domaine de l'eau et des milieux aquatiques|Paramètres de l'analyse régulière du contrôle de surveillance de l'état chimique des eaux souterraines|Paramètres physico-chimiques pour les plans d'eau|Paramètres physico-chimiques pour les cours d'eau|Arrêté du 7 août 2015 modifiant l'arrêté du 25 janvier 2010 établissant le programme de surveillance de l'état des eaux en application de l'article R. 212-22 du code de l'environnement|Paramètres classés par textes réglementaires";"https://id.eaufrance.fr/gpr/47,https://id.eaufrance.fr/gpr/41,https://id.eaufrance.fr/gpr/31,https://id.eaufrance.fr/gpr/215,https://id.eaufrance.fr/gpr/214,https://id.eaufrance.fr/gpr/213,https://id.eaufrance.fr/gpr/212,https://id.eaufrance.fr/gpr/209,https://id.eaufrance.fr/gpr/193,https://id.eaufrance.fr/gpr/192,https://id.eaufrance.fr/gpr/191,https://id.eaufrance.fr/gpr/190,https://id.eaufrance.fr/gpr/166,https://id.eaufrance.fr/gpr/165,https://id.eaufrance.fr/gpr/164,https://id.eaufrance.fr/gpr/122,https://id.eaufrance.fr/gpr/121";"173";"mg(NO3)/L";"https://id.eaufrance.fr/urf/173";"1";"Résultat > seuil de quantification et < au seuil de saturation";"2";"Laboratoire";"0";"Difficultés inconnues";"0.03";"0.1";"";"50.0";"";"";"";"706";"Qualité de l'eau - Dosage des anions dissous par chromatographie des ions en phase liquide. Partie 1 : dosage du bromure, chlorure, fluorure, nitrate, nitrite, phosphate et sulfate. (NF EN ISO 10304-1 Juillet 2009 / T90-042-1)";"https://id.eaufrance.fr/met/706";"";"";"";"";"2";"Analyse réalisée hors accréditation";"0";"3";"Donnée contrôlée niveau 2 (données validées)";"1";"Correcte";" L'absence du logo Cofrac provient d’un délai de mise en analyse par rapport au prélèvement supérieur aux exigences normatives.";"";"";"";"";"18750009500026";"AGENCE DE L'EAU SEINE-NORMANDIE";"https://id.eaufrance.fr/int/18750009500026";"41054531300042";"CARSO - LABORATOIRE SANTE ENVIRONNEMENT HYGIENE DE LYON";"https://id.eaufrance.fr/int/41054531300042";"41054531300042";"CARSO - LABORATOIRE SANTE ENVIRONNEMENT HYGIENE DE LYON";"https://id.eaufrance.fr/int/41054531300042";"48.83258716372681";"2.3815423651905463";"03081000202212143";"001";"PC AESN";"20221109164951-PC-530230";"118453236"
"03081000";"LA SEINE A PARIS-12E--ARRONDISSEMENT 1";"https://id.eaufrance.fr/StationMesureEauxSurface/03081000";"3";"Eau";"https://id.eaufrance.fr/sup/3";"23";"Eau brute";"https://id.eaufrance.fr/fan/23";"2022-11-16";"11:14:00";"2024-04-06";"16:27:00";"1350";"Phosphore total";"https://id.eaufrance.fr/par/1350";"0.126";"48,41,31,215,214,213,212,209,194,192,191,190,166,165,164,122,121";"Paramètres phosphorés|Chimique|Paramètres classés par classe|Paramètres de l'analyse régulière du contrôle de surveillance de l'état chimique des eaux souterraines|Paramètres physico-chimiques pour les eaux littorales|Paramètres physico-chimiques pour les plans d'eau|Paramètres physico-chimiques pour les cours d'eau|Arrêté du 26 avril 2022 modifiant l'arrêté du 25 janvier 2010 établissant le programme de surveillance de l'état des eaux en application de l'article R.212.22 du code de l'environnement|Avis relatif aux limites de quantification des couples «paramètre-matrice» de l'agrément des laboratoires effectuant des analyses dans le domaine de l'eau et des milieux aquatiques, matrice Sédiment en eau de surface continentale|Avis relatif aux limites de quantification des couples «paramètre-matrice» de l'agrément des laboratoires effectuant des analyses dans le domaine de l'eau et des milieux aquatiques, matrice Eau résiduaire|Avis relatif aux limites de quantification des couples «paramètre-matrice» de l'agrément des laboratoires effectuant des analyses dans le domaine de l'eau et des milieux aquatiques, matrice Eau douce|Avis relatif aux limites de quantification des couples «paramètre-matrice» de l'agrément des laboratoires effectuant des analyses dans le domaine de l'eau et des milieux aquatiques|Paramètres de l'analyse régulière du contrôle de surveillance de l'état chimique des eaux souterraines|Paramètres physico-chimiques pour les plans d'eau|Paramètres physico-chimiques pour les cours d'eau|Arrêté du 7 août 2015 modifiant l'arrêté du 25 janvier 2010 établissant le programme de surveillance de l'état des eaux en application de l'article R. 212-22 du code de l'environnement|Paramètres classés par textes réglementaires";"https://id.eaufrance.fr/gpr/48,https://id.eaufrance.fr/gpr/41,https://id.eaufrance.fr/gpr/31,https://id.eaufrance.fr/gpr/215,https://id.eaufrance.fr/gpr/214,https://id.eaufrance.fr/gpr/213,https://id.eaufrance.fr/gpr/212,https://id.eaufrance.fr/gpr/209,https://id.eaufrance.fr/gpr/194,https://id.eaufrance.fr/gpr/192,https://id.eaufrance.fr/gpr/191,https://id.eaufrance.fr/gpr/190,https://id.eaufrance.fr/gpr/166,https://id.eaufrance.fr/gpr/165,https://id.eaufrance.fr/gpr/164,https://id.eaufrance.fr/gpr/122,https://id.eaufrance.fr/gpr/121";"177";"mg(P)/L";"https://id.eaufrance.fr/urf/177";"1";"Résultat > seuil de quantification et < au seuil de saturation";"2";"Laboratoire";"0";"Difficultés inconnues";"0.003";"0.01";"";"50.0";"";"";"";"470";"Qualité de l'eau - Dosage du phosphore - Méthode spectrométrique au molybdate d'ammonium (NF EN ISO 6878 Avril 2005 / T90-023)";"https://id.eaufrance.fr/met/470";"";"";"";"";"1";"Analyse réalisée sous accréditation";"0";"3";"Donnée contrôlée niveau 2 (données validées)";"1";"Correcte";"";"";"";"";"";"18750009500026";"AGENCE DE L'EAU SEINE-NORMANDIE";"https://id.eaufrance.fr/int/18750009500026";"41054531300042";"CARSO - LABORATOIRE SANTE ENVIRONNEMENT HYGIENE DE LYON";"https://id.eaufrance.fr/int/41054531300042";"41054531300042";"CARSO - LABORATOIRE SANTE ENVIRONNEMENT HYGIENE DE LYON";"https://id.eaufrance.fr/int/41054531300042";"48.83258716372681";"2.3815423651905463";"03081000202211163";"001";"PC AESN";"20220822122647-PC-525839";"117035990"
"03081000";"LA SEINE A PARIS-12E--ARRONDISSEMENT 1";"https://id.eaufrance.fr/StationMesureEauxSurface/03081000";"3";"Eau";"https://id.eaufrance.fr/sup/3";"3";"Phase aqueuse de l'eau (filtrée, centrifugée...)";"https://id.eaufrance.fr/fan/3";"2022-11-16";"11:14:00";"2024-04-06";"02:43:00";"1340";"Nitrates";"https://id.eaufrance.fr/par/1340";"20.0";"47,41,31,215,214,213,212,209,193,192,191,190,166,165,164,122,121";"Paramètres azotés|Chimique|Paramètres classés par classe|Paramètres de l'analyse régulière du contrôle de surveillance de l'état chimique des eaux souterraines|Paramètres physico-chimiques pour les eaux littorales|Paramètres physico-chimiques pour les plans d'eau|Paramètres physico-chimiques pour les cours d'eau|Arrêté du 26 avril 2022 modifiant l'arrêté du 25 janvier 2010 établissant le programme de surveillance de l'état des eaux en application de l'article R.212.22 du code de l'environnement|Avis relatif aux limites de quantification des couples «paramètre-matrice» de l'agrément des laboratoires effectuant des analyses dans le domaine de l'eau et des milieux aquatiques, matrice Eau saline|Avis relatif aux limites de quantification des couples «paramètre-matrice» de l'agrément des laboratoires effectuant des analyses dans le domaine de l'eau et des milieux aquatiques, matrice Eau résiduaire|Avis relatif aux limites de quantification des couples «paramètre-matrice» de l'agrément des laboratoires effectuant des analyses dans le domaine de l'eau et des milieux aquatiques, matrice Eau douce|Avis relatif aux limites de quantification des couples «paramètre-matrice» de l'agrément des laboratoires effectuant des analyses dans le domaine de l'eau et des milieux aquatiques|Paramètres de l'analyse régulière du contrôle de surveillance de l'état chimique des eaux souterraines|Paramètres physico-chimiques pour les plans d'eau|Paramètres physico-chimiques pour les cours d'eau|Arrêté du 7 août 2015 modifiant l'arrêté du 25 janvier 2010 établissant le programme de surveillance de l'état des eaux en application de l'article R. 212-22 du code de l'environnement|Paramètres classés par textes réglementaires";"https://id.eaufrance.fr/gpr/47,https://id.eaufrance.fr/gpr/41,https://id.eaufrance.fr/gpr/31,https://id.eaufrance.fr/gpr/215,https://id.eaufrance.fr/gpr/214,https://id.eaufrance.fr/gpr/213,https://id.eaufrance.fr/gpr/212,https://id.eaufrance.fr/gpr/209,https://id.eaufrance.fr/gpr/193,https://id.eaufrance.fr/gpr/192,https://id.eaufrance.fr/gpr/191,https://id.eaufrance.fr/gpr/190,https://id.eaufrance.fr/gpr/166,https://id.eaufrance.fr/gpr/165,https://id.eaufrance.fr/gpr/164,https://id.eaufrance.fr/gpr/122,https://id.eaufrance.fr/gpr/121";"173";"mg(NO3)/L";"https://id.eaufrance.fr/urf/173";"1";"Résultat > seuil de quantification et < au seuil de saturation";"2";"Laboratoire";"0";"Difficultés inconnues";"0.03";"0.1";"";"50.0";"";"";"";"706";"Qualité de l'eau - Dosage des anions dissous par chromatographie des ions en phase liquide. Partie 1 : dosage du bromure, chlorure, fluorure, nitrate, nitrite, phosphate et sulfate. (NF EN ISO 10304-1 Juillet 2009 / T90-042-1)";"https://id.eaufrance.fr/met/706";"";"";"";"";"2";"Analyse réalisée hors accréditation";"0";"3";"Donnée contrôlée niveau 2 (données validées)";"1";"Correcte";" L'absence du logo Cofrac provient d’un délai de mise en analyse par rapport au prélèvement supérieur aux exigences normatives.";"";"";"";"";"18750009500026";"AGENCE DE L'EAU SEINE-NORMANDIE";"https://id.eaufrance.fr/int/18750009500026";"41054531300042";"CARSO - LABORATOIRE SANTE ENVIRONNEMENT HYGIENE DE LYON";"https://id.eaufrance.fr/int/41054531300042";"41054531300042";"CARSO - LABORATOIRE SANTE ENVIRONNEMENT HYGIENE DE LYON";"https://id.eaufrance.fr/int/41054531300042";"48.83258716372681";"2.3815423651905463";"03081000202211163";"001";"PC AESN";"20220822122647-PC-525839";"117035988"
"03081000";"LA SEINE A PARIS-12E--ARRONDISSEMENT 1";"https://id.eaufrance.fr/StationMesureEauxSurface/03081000";"3";"Eau";"https://id.eaufrance.fr/sup/3";"23";"Eau brute";"https://id.eaufrance.fr/fan/23";"2022-11-16";"11:14:00";"2024-04-06";"11:14:00";"1301";"Température de l'Eau";"https://id.eaufrance.fr/par/1301";"12.0";"32,31,215,214,213,212,209,166,165,164,122,121";"Physique,Paramètres classés par classe,Paramètres de l'analyse régulière du contrôle de surveillance de l'état chimique des eaux souterraines,Paramètres physico-chimiques pour les eaux littorales,Paramètres physico-chimiques pour les plans d'eau,Paramètres physico-chimiques pour les cours d'eau,Arrêté du 26 avril 2022 modifiant l'arrêté du 25 janvier 2010 établissant le programme de surveillance de l'état des eaux en application de l'article R.212.22 du code de l'environnement,Paramètres de l'analyse régulière du contrôle de surveillance de l'état chimique des eaux souterraines,Paramètres physico-chimiques pour les plans d'eau,Paramètres physico-chimiques pour les cours d'eau,Arrêté du 7 août 2015 modifiant l'arrêté du 25 janvier 2010 établissant le programme de surveillance de l'état des eaux en application de l'article R. 212-22 du code de l'environnement,Paramètres classés par textes réglementaires";"https://id.eaufrance.fr/gpr/32,https://id.eaufrance.fr/gpr/31,https://id.eaufrance.fr/gpr/215,https://id.eaufrance.fr/gpr/214,https://id.eaufrance.fr/gpr/213,https://id.eaufrance.fr/gpr/212,https://id.eaufrance.fr/gpr/209,https://id.eaufrance.fr/gpr/166,https://id.eaufrance.fr/gpr/165,https://id.eaufrance.fr/gpr/164,https://id.eaufrance.fr/gpr/122,https://id.eaufrance.fr/gpr/121";"27";"°C";"https://id.eaufrance.fr/urf/27";"1";"Résultat > seuil de quantification et < au seuil de saturation";"1";"In situ";"0";"Difficultés inconnues";"0.0";"0.0";"";"50.0";"";"";"";"3";"Méthode spécifique";"https://id.eaufrance.fr/met/3";"";"";"";"";"1";"Analyse réalisée sous accréditation";"0";"3";"Donnée contrôlée niveau 2 (données validées)";"1";"Correcte";"";"";"";"";"";"18750009500026";"AGENCE DE L'EAU SEINE-NORMANDIE";"https://id.eaufrance.fr/int/18750009500026";"41054531300042";"CARSO - LABORATOIRE SANTE ENVIRONNEMENT HYGIENE DE LYON";"https://id.eaufrance.fr/int/41054531300042";"41054531300042";"CARSO - LABORATOIRE SANTE ENVIRONNEMENT HYGIENE DE LYON";"https://id.eaufrance.fr/int/41054531300042";"48.83258716372681";"2.3815423651905463";"03081000202211163";"001";"PC AESN";"20220822122647-PC-525839";"117035999"
"03081000";"LA SEINE A PARIS-12E--ARRONDISSEMENT 1";"https://id.eaufrance.fr/StationMesureEauxSurface/03081000";"3";"Eau";"https://id.eaufrance.fr/sup/3";"23";"Eau brute";"https://id.eaufrance.fr/fan/23";"2022-10-17";"12:29:00";"2024-04-06";"16:57:00";"1350";"Phosphore total";"https://id.eaufrance.fr/par/1350";"0.137";"48,41,31,215,214,213,212,209,194,192,191,190,166,165,164,122,121";"Paramètres phosphorés|Chimique|Paramètres classés par classe|Paramètres de l'analyse régulière du contrôle de surveillance de l'état chimique des eaux souterraines|Paramètres physico-chimiques pour les eaux littorales|Paramètres physico-chimiques pour les plans d'eau|Paramètres physico-chimiques pour les cours d'eau|Arrêté du 26 avril 2022 modifiant l'arrêté du 25 janvier 2010 établissant le programme de surveillance de l'état des eaux en application de l'article R.212.22 du code de l'environnement|Avis relatif aux limites de quantification des couples «paramètre-matrice» de l'agrément des laboratoires effectuant des analyses dans le domaine de l'eau et des milieux aquatiques, matrice Sédiment en eau de surface continentale|Avis relatif aux limites de quantification des couples «paramètre-matrice» de l'agrément des laboratoires effectuant des analyses dans le domaine de l'eau et des milieux aquatiques, matrice Eau résiduaire|Avis relatif aux limites de quantification des couples «paramètre-matrice» de l'agrément des laboratoires effectuant des analyses dans le domaine de l'eau et des milieux aquatiques, matrice Eau douce|Avis relatif aux limites de quantification des couples «paramètre-matrice» de l'agrément des laboratoires effectuant des analyses dans le domaine de l'eau et des milieux aquatiques|Paramètres de l'analyse régulière du contrôle de surveillance de l'état chimique des eaux souterraines|Paramètres physico-chimiques pour les plans d'eau|Paramètres physico-chimiques pour les cours d'eau|Arrêté du 7 août 2015 modifiant l'arrêté du 25 janvier 2010 établissant le programme de surveillance de l'état des eaux en application de l'article R. 212-22 du code de l'environnement|Paramètres classés par textes réglementaires";"https://id.eaufrance.fr/gpr/48,https://id.eaufrance.fr/gpr/41,https://id.eaufrance.fr/gpr/31,https://id.eaufrance.fr/gpr/215,https://id.eaufrance.fr/gpr/214,https://id.eaufrance.fr/gpr/213,https://id.eaufrance.fr/gpr/212,https://id.eaufrance.fr/gpr/209,https://id.eaufrance.fr/gpr/194,https://id.eaufrance.fr/gpr/192,https://id.eaufrance.fr/gpr/191,https://id.eaufrance.fr/gpr/190,https://id.eaufrance.fr/gpr/166,https://id.eaufrance.fr/gpr/165,https://id.eaufrance.fr/gpr/164,https://id.eaufrance.fr/gpr/122,https://id.eaufrance.fr/gpr/121";"177";"mg(P)/L";"https://id.eaufrance.fr/urf/177";"1";"Résultat > seuil de quantification et < au seuil de saturation";"2";"Laboratoire";"0";"Difficultés inconnues";"0.003";"0.01";"";"50.0";"";"";"";"470";"Qualité de l'eau - Dosage du phosphore - Méthode spectrométrique au molybdate d'ammonium (NF EN ISO 6878 Avril 2005 / T90-023)";"https://id.eaufrance.fr/met/470";"";"";"";"";"1";"Analyse réalisée sous accréditation";"0";"3";"Donnée contrôlée niveau 2 (données validées)";"1";"Correcte";"";"";"";"";"";"18750009500026";"AGENCE DE L'EAU SEINE-NORMANDIE";"https://id.eaufrance.fr/int/18750009500026";"41054531300042";"CARSO - LABORATOIRE SANTE ENVIRONNEMENT HYGIENE DE LYON";"https://id.eaufrance.fr/int/41054531300042";"41054531300042";"CARSO - LABORATOIRE SANTE ENVIRONNEMENT HYGIENE DE LYON";"https://id.eaufrance.fr/int/41054531300042";"48.83258716372681";"2.3815423651905463";"03081000202210173";"001";"PC AESN";"20220729101047-PC-523297";"116630329"
"03081000";"LA SEINE A PARIS-12E--ARRONDISSEMENT 1";"https://id.eaufrance.fr/StationMesureEauxSurface/03081000";"3";"Eau";"https://id.eaufrance.fr/sup/3";"3";"Phase aqueuse de l'eau (filtrée, centrifugée...)";"https://id.eaufrance.fr/fan/3";"2022-10-17";"12:29:00";"2024-04-06";"08:12:00";"1340";"Nitrates";"https://id.eaufrance.fr/par/1340";"17.0";"47,41,31,215,214,213,212,209,193,192,191,190,166,165,164,122,121";"Paramètres azotés|Chimique|Paramètres classés par classe|Paramètres de l'analyse régulière du contrôle de surveillance de l'état chimique des eaux souterraines|Paramètres physico-chimiques pour les eaux littorales|Paramètres physico-chimiques pour les plans d'eau|Paramètres physico-chimiques pour les cours d'eau|Arrêté du 26 avril 2022 modifiant l'arrêté du 25 janvier 2010 établissant le programme de surveillance de l'état des eaux en application de l'article R.212.22 du code de l'environnement|Avis relatif aux limites de quantification des couples «paramètre-matrice» de l'agrément des laboratoires effectuant des analyses dans le domaine de l'eau et des milieux aquatiques, matrice Eau saline|Avis relatif aux limites de quantification des couples «paramètre-matrice» de l'agrément des laboratoires effectuant des analyses dans le domaine de l'eau et des milieux aquatiques, matrice Eau résiduaire|Avis relatif aux limites de quantification des couples «paramètre-matrice» de l'agrément des laboratoires effectuant des analyses dans le domaine de l'eau et des milieux aquatiques, matrice Eau douce|Avis relatif aux limites de quantification des couples «paramètre-matrice» de l'agrément des laboratoires effectuant des analyses dans le domaine de l'eau et des milieux aquatiques|Paramètres de l'analyse régulière du contrôle de surveillance de l'état chimique des eaux souterraines|Paramètres physico-chimiques pour les plans d'eau|Paramètres physico-chimiques pour les cours d'eau|Arrêté du 7 août 2015 modifiant l'arrêté du 25 janvier 2010 établissant le programme de surveillance de l'état des eaux en application de l'article R. 212-22 du code de l'environnement|Paramètres classés par textes réglementaires";"https://id.eaufrance.fr/gpr/47,https://id.eaufrance.fr/gpr/41,https://id.eaufrance.fr/gpr/31,https://id.eaufrance.fr/gpr/215,https://id.eaufrance.fr/gpr/214,https://id.eaufrance.fr/gpr/213,https://id.eaufrance.fr/gpr/212,https://id.eaufrance.fr/gpr/209,https://id.eaufrance.fr/gpr/193,https://id.eaufrance.fr/gpr/192,https://id.eaufrance.fr/gpr/191,https://id.eaufrance.fr/gpr/190,https://id.eaufrance.fr/gpr/166,https://id.eaufrance.fr/gpr/165,https://id.eaufrance.fr/gpr/164,https://id.eaufrance.fr/gpr/122,https://id.eaufrance.fr/gpr/121";"173";"mg(NO3)/L";"https://id.eaufrance.fr/urf/173";"1";"Résultat > seuil de quantification et < au seuil de saturation";"2";"Laboratoire";"0";"Difficultés inconnues";"0.03";"0.1";"";"50.0";"";"";"";"706";"Qualité de l'eau - Dosage des anions dissous par chromatographie des ions en phase liquide. Partie 1 : dosage du bromure, chlorure, fluorure, nitrate, nitrite, phosphate et sulfate. (NF EN ISO 10304-1 Juillet 2009 / T90-042-1)";"https://id.eaufrance.fr/met/706";"";"";"";"";"1";"Analyse réalisée sous accréditation";"0";"3";"Donnée contrôlée niveau 2 (données validées)";"1";"Correcte";"";"";"";"";"";"18750009500026";"AGENCE DE L'EAU SEINE-NORMANDIE";"https://id.eaufrance.fr/int/18750009500026";"41054531300042";"CARSO - LABORATOIRE SANTE ENVIRONNEMENT HYGIENE DE LYON";"https://id.eaufrance.fr/int/41054531300042";"41054531300042";"CARSO - LABORATOIRE SANTE ENVIRONNEMENT HYGIENE DE LYON";"https://id.eaufrance.fr/int/41054531300042";"48.83258716372681";"2.3815423651905463";"03081000202210173";"001";"PC AESN";"20220729101047-PC-523297";"116630327"
"03081000";"LA SEINE A PARIS-12E--ARRONDISSEMENT 1";"https://id.eaufrance.fr/StationMesureEauxSurface/03081000";"3";"Eau";"https://id.eaufrance.fr/sup/3";"23";"Eau brute";"https://id.eaufrance.fr/fan/23";"2022-10-17";"12:29:00";"2024-04-06";"12:29:00";"1301";"Température de l'Eau";"https://id.eaufrance.fr/par/1301";"16.3";"32,31,215,214,213,212,209,166,165,164,122,121";"Physique,Paramètres classés par classe,Paramètres de l'analyse régulière du contrôle de surveillance de l'état chimique des eaux souterraines,Paramètres physico-chimiques pour les eaux littorales,Paramètres physico-chimiques pour les plans d'eau,Paramètres physico-chimiques pour les cours d'eau,Arrêté du 26 avril 2022 modifiant l'arrêté du 25 janvier 2010 établissant le programme de surveillance de l'état des eaux en application de l'article R.212.22 du code de l'environnement,Paramètres de l'analyse régulière du contrôle de surveillance de l'état chimique des eaux souterraines,Paramètres physico-chimiques pour les plans d'eau,Paramètres physico-chimiques pour les cours d'eau,Arrêté du 7 août 2015 modifiant l'arrêté du 25 janvier 2010 établissant le programme de surveillance de l'état des eaux en application de l'article R. 212-22 du code de l'environnement,Paramètres classés par textes réglementaires";"https://id.eaufrance.fr/gpr/32,https://id.eaufrance.fr/gpr/31,https://id.eaufrance.fr/gpr/215,https://id.eaufrance.fr/gpr/214,https://id.eaufrance.fr/gpr/213,https://id.eaufrance.fr/gpr/212,https://id.eaufrance.fr/gpr/209,https://id.eaufrance.fr/gpr/166,https://id.eaufrance.fr/gpr/165,https://id.eaufrance.fr/gpr/164,https://id.eaufrance.fr/gpr/122,https://id.eaufrance.fr/gpr/121";"27";"°C";"https://id.eaufrance.fr/urf/27";"1";"Résultat > seuil de quantification et < au seuil de saturation";"1";"In situ";"0";"Difficultés inconnues";"0.0";"0.0";"";"50.0";"";"";"";"3";"Méthode spécifique";"https://id.eaufrance.fr/met/3";"";"";"";"";"1";"Analyse réalisée sous accréditation";"0";"3";"Donnée contrôlée niveau 2 (données validées)";"1";"Correcte";"";"";"";"";"";"18750009500026";"AGENCE DE L'EAU SEINE-NORMANDIE";"https://id.eaufrance.fr/int/18750009500026";"41054531300042";"CARSO - LABORATOIRE SANTE ENVIRONNEMENT HYGIENE DE LYON";"https://id.eaufrance.fr/int/41054531300042";"41054531300042";"CARSO - LABORATOIRE SANTE ENVIRONNEMENT HYGIENE DE LYON";"https://id.eaufrance.fr/int/41054531300042";"48.83258716372681";"2.3815423651905463";"03081000202210173";"001";"PC AESN";"20220729101047-PC-523297";"116630349"
"03081000";"LA SEINE A PARIS-12E--ARRONDISSEMENT 1";"https://id.eaufrance.fr/StationMesureEauxSurface/03081000";"3";"Eau";"https://id.eaufrance.fr/sup/3";"23";"Eau brute";"https://id.eaufrance.fr/fan/23";"2022-09-19";"17:15:00";"2023-07-18";"17:15:00";"1301";"Température de l'Eau";"https://id.eaufrance.fr/par/1301";"19.2";"32,31,215,214,213,212,209,166,165,164,122,121";"Physique,Paramètres classés par classe,Paramètres de l'analyse régulière du contrôle de surveillance de l'état chimique des eaux souterraines,Paramètres physico-chimiques pour les eaux littorales,Paramètres physico-chimiques pour les plans d'eau,Paramètres physico-chimiques pour les cours d'eau,Arrêté du 26 avril 2022 modifiant l'arrêté du 25 janvier 2010 établissant le programme de surveillance de l'état des eaux en application de l'article R.212.22 du code de l'environnement,Paramètres de l'analyse régulière du contrôle de surveillance de l'état chimique des eaux souterraines,Paramètres physico-chimiques pour les plans d'eau,Paramètres physico-chimiques pour les cours d'eau,Arrêté du 7 août 2015 modifiant l'arrêté du 25 janvier 2010 établissant le programme de surveillance de l'état des eaux en application de l'article R. 212-22 du code de l'environnement,Paramètres classés par textes réglementaires";"https://id.eaufrance.fr/gpr/32,https://id.eaufrance.fr/gpr/31,https://id.eaufrance.fr/gpr/215,https://id.eaufrance.fr/gpr/214,https://id.eaufrance.fr/gpr/213,https://id.eaufrance.fr/gpr/212,https://id.eaufrance.fr/gpr/209,https://id.eaufrance.fr/gpr/166,https://id.eaufrance.fr/gpr/165,https://id.eaufrance.fr/gpr/164,https://id.eaufrance.fr/gpr/122,https://id.eaufrance.fr/gpr/121";"27";"°C";"https://id.eaufrance.fr/urf/27";"1";"Résultat > seuil de quantification et < au seuil de saturation";"1";"In situ";"0";"Difficultés inconnues";"";"";"";"";"";"";"";"0";"Méthode inconnue";"https://id.eaufrance.fr/met/0";"";"";"";"";"0";"Inconnu";"0";"1";"Donnée brute";"4";"Non qualifié";"";"";"";"";"";"18750009500026";"AGENCE DE L'EAU SEINE-NORMANDIE";"https://id.eaufrance.fr/int/18750009500026";"32939196500038";"GROUPE DE RECHERCHE ET D'ETUDE BIOLOGIE ET ENVIRONNEMENT (SAS GREBE)";"https://id.eaufrance.fr/int/32939196500038";"32939196500038";"GROUPE DE RECHERCHE ET D'ETUDE BIOLOGIE ET ENVIRONNEMENT (SAS GREBE)";"https://id.eaufrance.fr/int/32939196500038";"48.83258716372681";"2.3815423651905463";"03081000202209193";"008";"PC AESN";"20230703215249-PC-550038";"125660953"
"03081000";"LA SEINE A PARIS-12E--ARRONDISSEMENT 1";"https://id.eaufrance.fr/StationMesureEauxSurface/03081000";"3";"Eau";"https://id.eaufrance.fr/sup/3";"3";"Phase aqueuse de l'eau (filtrée, centrifugée...)";"https://id.eaufrance.fr/fan/3";"2022-08-24";"11:03:00";"2024-04-06";"09:18:00";"1340";"Nitrates";"https://id.eaufrance.fr/par/1340";"15.0";"47,41,31,215,214,213,212,209,193,192,191,190,166,165,164,122,121";"Paramètres azotés|Chimique|Paramètres classés par classe|Paramètres de l'analyse régulière du contrôle de surveillance de l'état chimique des eaux souterraines|Paramètres physico-chimiques pour les eaux littorales|Paramètres physico-chimiques pour les plans d'eau|Paramètres physico-chimiques pour les cours d'eau|Arrêté du 26 avril 2022 modifiant l'arrêté du 25 janvier 2010 établissant le programme de surveillance de l'état des eaux en application de l'article R.212.22 du code de l'environnement|Avis relatif aux limites de quantification des couples «paramètre-matrice» de l'agrément des laboratoires effectuant des analyses dans le domaine de l'eau et des milieux aquatiques, matrice Eau saline|Avis relatif aux limites de quantification des couples «paramètre-matrice» de l'agrément des laboratoires effectuant des analyses dans le domaine de l'eau et des milieux aquatiques, matrice Eau résiduaire|Avis relatif aux limites de quantification des couples «paramètre-matrice» de l'agrément des laboratoires effectuant des analyses dans le domaine de l'eau et des milieux aquatiques, matrice Eau douce|Avis relatif aux limites de quantification des couples «paramètre-matrice» de l'agrément des laboratoires effectuant des analyses dans le domaine de l'eau et des milieux aquatiques|Paramètres de l'analyse régulière du contrôle de surveillance de l'état chimique des eaux souterraines|Paramètres physico-chimiques pour les plans d'eau|Paramètres physico-chimiques pour les cours d'eau|Arrêté du 7 août 2015 modifiant l'arrêté du 25 janvier 2010 établissant le programme de surveillance de l'état des eaux en application de l'article R. 212-22 du code de l'environnement|Paramètres classés par textes réglementaires";"https://id.eaufrance.fr/gpr/47,https://id.eaufrance.fr/gpr/41,https://id.eaufrance.fr/gpr/31,https://id.eaufrance.fr/gpr/215,https://id.eaufrance.fr/gpr/214,https://id.eaufrance.fr/gpr/213,https://id.eaufrance.fr/gpr/212,https://id.eaufrance.fr/gpr/209,https://id.eaufrance.fr/gpr/193,https://id.eaufrance.fr/gpr/192,https://id.eaufrance.fr/gpr/191,https://id.eaufrance.fr/gpr/190,https://id.eaufrance.fr/gpr/166,https://id.eaufrance.fr/gpr/165,https://id.eaufrance.fr/gpr/164,https://id.eaufrance.fr/gpr/122,https://id.eaufrance.fr/gpr/121";"173";"mg(NO3)/L";"https://id.eaufrance.fr/urf/173";"1";"Résultat > seuil de quantification et < au seuil de saturation";"2";"Laboratoire";"0";"Difficultés inconnues";"0.03";"0.1";"";"50.0";"";"";"";"706";"Qualité de l'eau - Dosage des anions dissous par chromatographie des ions en phase liquide. Partie 1 : dosage du bromure, chlorure, fluorure, nitrate, nitrite, phosphate et sulfate. (NF EN ISO 10304-1 Juillet 2009 / T90-042-1)";"https://id.eaufrance.fr/met/706";"";"";"";"";"1";"Analyse réalisée sous accréditation";"0";"3";"Donnée contrôlée niveau 2 (données validées)";"1";"Correcte";"";"";"";"";"";"18750009500026";"AGENCE DE L'EAU SEINE-NORMANDIE";"https://id.eaufrance.fr/int/18750009500026";"41054531300042";"CARSO - LABORATOIRE SANTE ENVIRONNEMENT HYGIENE DE LYON";"https://id.eaufrance.fr/int/41054531300042";"41054531300042";"CARSO - LABORATOIRE SANTE ENVIRONNEMENT HYGIENE DE LYON";"https://id.eaufrance.fr/int/41054531300042";"48.83258716372681";"2.3815423651905463";"03081000202208243";"001";"PC AESN";"20220711220802-PC-519954";"115080500"
"03081000";"LA SEINE A PARIS-12E--ARRONDISSEMENT 1";"https://id.eaufrance.fr/StationMesureEauxSurface/03081000";"3";"Eau";"https://id.eaufrance.fr/sup/3";"23";"Eau brute";"https://id.eaufrance.fr/fan/23";"2022-08-24";"11:03:00";"2024-04-06";"11:03:00";"1301";"Température de l'Eau";"https://id.eaufrance.fr/par/1301";"23.5";"32,31,215,214,213,212,209,166,165,164,122,121";"Physique,Paramètres classés par classe,Paramètres de l'analyse régulière du contrôle de surveillance de l'état chimique des eaux souterraines,Paramètres physico-chimiques pour les eaux littorales,Paramètres physico-chimiques pour les plans d'eau,Paramètres physico-chimiques pour les cours d'eau,Arrêté du 26 avril 2022 modifiant l'arrêté du 25 janvier 2010 établissant le programme de surveillance de l'état des eaux en application de l'article R.212.22 du code de l'environnement,Paramètres de l'analyse régulière du contrôle de surveillance de l'état chimique des eaux souterraines,Paramètres physico-chimiques pour les plans d'eau,Paramètres physico-chimiques pour les cours d'eau,Arrêté du 7 août 2015 modifiant l'arrêté du 25 janvier 2010 établissant le programme de surveillance de l'état des eaux en application de l'article R. 212-22 du code de l'environnement,Paramètres classés par textes réglementaires";"https://id.eaufrance.fr/gpr/32,https://id.eaufrance.fr/gpr/31,https://id.eaufrance.fr/gpr/215,https://id.eaufrance.fr/gpr/214,https://id.eaufrance.fr/gpr/213,https://id.eaufrance.fr/gpr/212,https://id.eaufrance.fr/gpr/209,https://id.eaufrance.fr/gpr/166,https://id.eaufrance.fr/gpr/165,https://id.eaufrance.fr/gpr/164,https://id.eaufrance.fr/gpr/122,https://id.eaufrance.fr/gpr/121";"27";"°C";"https://id.eaufrance.fr/urf/27";"1";"Résultat > seuil de quantification et < au seuil de saturation";"1";"In situ";"0";"Difficultés inconnues";"0.0";"0.0";"";"50.0";"";"";"";"3";"Méthode spécifique";"https://id.eaufrance.fr/met/3";"";"";"";"";"1";"Analyse réalisée sous accréditation";"0";"3";"Donnée contrôlée niveau 2 (données validées)";"1";"Correcte";"";"";"";"";"";"18750009500026";"AGENCE DE L'EAU SEINE-NORMANDIE";"https://id.eaufrance.fr/int/18750009500026";"41054531300042";"CARSO - LABORATOIRE SANTE ENVIRONNEMENT HYGIENE DE LYON";"https://id.eaufrance.fr/int/41054531300042";"41054531300042";"CARSO - LABORATOIRE SANTE ENVIRONNEMENT HYGIENE DE LYON";"https://id.eaufrance.fr/int/41054531300042";"48.83258716372681";"2.3815423651905463";"03081000202208243";"001";"PC AESN";"20220711220802-PC-519954";"115080516"
"03081000";"LA SEINE A PARIS-12E--ARRONDISSEMENT 1";"https://id.eaufrance.fr/StationMesureEauxSurface/03081000";"3";"Eau";"https://id.eaufrance.fr/sup/3";"23";"Eau brute";"https://id.eaufrance.fr/fan/23";"2022-08-24";"11:03:00";"2024-04-06";"15:28:00";"1350";"Phosphore total";"https://id.eaufrance.fr/par/1350";"0.112";"48,41,31,215,214,213,212,209,194,192,191,190,166,165,164,122,121";"Paramètres phosphorés|Chimique|Paramètres classés par classe|Paramètres de l'analyse régulière du contrôle de surveillance de l'état chimique des eaux souterraines|Paramètres physico-chimiques pour les eaux littorales|Paramètres physico-chimiques pour les plans d'eau|Paramètres physico-chimiques pour les cours d'eau|Arrêté du 26 avril 2022 modifiant l'arrêté du 25 janvier 2010 établissant le programme de surveillance de l'état des eaux en application de l'article R.212.22 du code de l'environnement|Avis relatif aux limites de quantification des couples «paramètre-matrice» de l'agrément des laboratoires effectuant des analyses dans le domaine de l'eau et des milieux aquatiques, matrice Sédiment en eau de surface continentale|Avis relatif aux limites de quantification des couples «paramètre-matrice» de l'agrément des laboratoires effectuant des analyses dans le domaine de l'eau et des milieux aquatiques, matrice Eau résiduaire|Avis relatif aux limites de quantification des couples «paramètre-matrice» de l'agrément des laboratoires effectuant des analyses dans le domaine de l'eau et des milieux aquatiques, matrice Eau douce|Avis relatif aux limites de quantification des couples «paramètre-matrice» de l'agrément des laboratoires effectuant des analyses dans le domaine de l'eau et des milieux aquatiques|Paramètres de l'analyse régulière du contrôle de surveillance de l'état chimique des eaux souterraines|Paramètres physico-chimiques pour les plans d'eau|Paramètres physico-chimiques pour les cours d'eau|Arrêté du 7 août 2015 modifiant l'arrêté du 25 janvier 2010 établissant le programme de surveillance de l'état des eaux en application de l'article R. 212-22 du code de l'environnement|Paramètres classés par textes réglementaires";"https://id.eaufrance.fr/gpr/48,https://id.eaufrance.fr/gpr/41,https://id.eaufrance.fr/gpr/31,https://id.eaufrance.fr/gpr/215,https://id.eaufrance.fr/gpr/214,https://id.eaufrance.fr/gpr/213,https://id.eaufrance.fr/gpr/212,https://id.eaufrance.fr/gpr/209,https://id.eaufrance.fr/gpr/194,https://id.eaufrance.fr/gpr/192,https://id.eaufrance.fr/gpr/191,https://id.eaufrance.fr/gpr/190,https://id.eaufrance.fr/gpr/166,https://id.eaufrance.fr/gpr/165,https://id.eaufrance.fr/gpr/164,https://id.eaufrance.fr/gpr/122,https://id.eaufrance.fr/gpr/121";"177";"mg(P)/L";"https://id.eaufrance.fr/urf/177";"1";"Résultat > seuil de quantification et < au seuil de saturation";"2";"Laboratoire";"0";"Difficultés inconnues";"0.003";"0.01";"";"50.0";"";"";"";"470";"Qualité de l'eau - Dosage du phosphore - Méthode spectrométrique au molybdate d'ammonium (NF EN ISO 6878 Avril 2005 / T90-023)";"https://id.eaufrance.fr/met/470";"";"";"";"";"1";"Analyse réalisée sous accréditation";"0";"3";"Donnée contrôlée niveau 2 (données validées)";"1";"Correcte";"";"";"";"";"";"18750009500026";"AGENCE DE L'EAU SEINE-NORMANDIE";"https://id.eaufrance.fr/int/18750009500026";"41054531300042";"CARSO - LABORATOIRE SANTE ENVIRONNEMENT HYGIENE DE LYON";"https://id.eaufrance.fr/int/41054531300042";"41054531300042";"CARSO - LABORATOIRE SANTE ENVIRONNEMENT HYGIENE DE LYON";"https://id.eaufrance.fr/int/41054531300042";"48.83258716372681";"2.3815423651905463";"03081000202208243";"001";"PC AESN";"20220711220802-PC-519954";"115080502"
"03081000";"LA SEINE A PARIS-12E--ARRONDISSEMENT 1";"https://id.eaufrance.fr/StationMesureEauxSurface/03081000";"3";"Eau";"https://id.eaufrance.fr/sup/3";"23";"Eau brute";"https://id.eaufrance.fr/fan/23";"2022-08-22";"17:34:00";"2023-07-18";"17:34:00";"1301";"Température de l'Eau";"https://id.eaufrance.fr/par/1301";"23.1";"32,31,215,214,213,212,209,166,165,164,122,121";"Physique,Paramètres classés par classe,Paramètres de l'analyse régulière du contrôle de surveillance de l'état chimique des eaux souterraines,Paramètres physico-chimiques pour les eaux littorales,Paramètres physico-chimiques pour les plans d'eau,Paramètres physico-chimiques pour les cours d'eau,Arrêté du 26 avril 2022 modifiant l'arrêté du 25 janvier 2010 établissant le programme de surveillance de l'état des eaux en application de l'article R.212.22 du code de l'environnement,Paramètres de l'analyse régulière du contrôle de surveillance de l'état chimique des eaux souterraines,Paramètres physico-chimiques pour les plans d'eau,Paramètres physico-chimiques pour les cours d'eau,Arrêté du 7 août 2015 modifiant l'arrêté du 25 janvier 2010 établissant le programme de surveillance de l'état des eaux en application de l'article R. 212-22 du code de l'environnement,Paramètres classés par textes réglementaires";"https://id.eaufrance.fr/gpr/32,https://id.eaufrance.fr/gpr/31,https://id.eaufrance.fr/gpr/215,https://id.eaufrance.fr/gpr/214,https://id.eaufrance.fr/gpr/213,https://id.eaufrance.fr/gpr/212,https://id.eaufrance.fr/gpr/209,https://id.eaufrance.fr/gpr/166,https://id.eaufrance.fr/gpr/165,https://id.eaufrance.fr/gpr/164,https://id.eaufrance.fr/gpr/122,https://id.eaufrance.fr/gpr/121";"27";"°C";"https://id.eaufrance.fr/urf/27";"1";"Résultat > seuil de quantification et < au seuil de saturation";"1";"In situ";"0";"Difficultés inconnues";"";"";"";"";"";"";"";"0";"Méthode inconnue";"https://id.eaufrance.fr/met/0";"";"";"";"";"0";"Inconnu";"0";"1";"Donnée brute";"4";"Non qualifié";"";"";"";"";"";"18750009500026";"AGENCE DE L'EAU SEINE-NORMANDIE";"https://id.eaufrance.fr/int/18750009500026";"32939196500038";"GROUPE DE RECHERCHE ET D'ETUDE BIOLOGIE ET ENVIRONNEMENT (SAS GREBE)";"https://id.eaufrance.fr/int/32939196500038";"32939196500038";"GROUPE DE RECHERCHE ET D'ETUDE BIOLOGIE ET ENVIRONNEMENT (SAS GREBE)";"https://id.eaufrance.fr/int/32939196500038";"48.83258716372681";"2.3815423651905463";"03081000202208223";"008";"PC AESN";"20230703215248-PC-550032";"125664858"
"03081000";"LA SEINE A PARIS-12E--ARRONDISSEMENT 1";"https://id.eaufrance.fr/StationMesureEauxSurface/03081000";"3";"Eau";"https://id.eaufrance.fr/sup/3";"23";"Eau brute";"https://id.eaufrance.fr/fan/23";"2022-07-25";"18:18:00";"2023-07-18";"18:18:00";"1301";"Température de l'Eau";"https://id.eaufrance.fr/par/1301";"25.1";"32,31,215,214,213,212,209,166,165,164,122,121";"Physique,Paramètres classés par classe,Paramètres de l'analyse régulière du contrôle de surveillance de l'état chimique des eaux souterraines,Paramètres physico-chimiques pour les eaux littorales,Paramètres physico-chimiques pour les plans d'eau,Paramètres physico-chimiques pour les cours d'eau,Arrêté du 26 avril 2022 modifiant l'arrêté du 25 janvier 2010 établissant le programme de surveillance de l'état des eaux en application de l'article R.212.22 du code de l'environnement,Paramètres de l'analyse régulière du contrôle de surveillance de l'état chimique des eaux souterraines,Paramètres physico-chimiques pour les plans d'eau,Paramètres physico-chimiques pour les cours d'eau,Arrêté du 7 août 2015 modifiant l'arrêté du 25 janvier 2010 établissant le programme de surveillance de l'état des eaux en application de l'article R. 212-22 du code de l'environnement,Paramètres classés par textes réglementaires";"https://id.eaufrance.fr/gpr/32,https://id.eaufrance.fr/gpr/31,https://id.eaufrance.fr/gpr/215,https://id.eaufrance.fr/gpr/214,https://id.eaufrance.fr/gpr/213,https://id.eaufrance.fr/gpr/212,https://id.eaufrance.fr/gpr/209,https://id.eaufrance.fr/gpr/166,https://id.eaufrance.fr/gpr/165,https://id.eaufrance.fr/gpr/164,https://id.eaufrance.fr/gpr/122,https://id.eaufrance.fr/gpr/121";"27";"°C";"https://id.eaufrance.fr/urf/27";"1";"Résultat > seuil de quantification et < au seuil de saturation";"1";"In situ";"0";"Difficultés inconnues";"";"";"";"";"";"";"";"0";"Méthode inconnue";"https://id.eaufrance.fr/met/0";"";"";"";"";"0";"Inconnu";"0";"1";"Donnée brute";"4";"Non qualifié";"";"";"";"";"";"18750009500026";"AGENCE DE L'EAU SEINE-NORMANDIE";"https://id.eaufrance.fr/int/18750009500026";"32939196500038";"GROUPE DE RECHERCHE ET D'ETUDE BIOLOGIE ET ENVIRONNEMENT (SAS GREBE)";"https://id.eaufrance.fr/int/32939196500038";"32939196500038";"GROUPE DE RECHERCHE ET D'ETUDE BIOLOGIE ET ENVIRONNEMENT (SAS GREBE)";"https://id.eaufrance.fr/int/32939196500038";"48.83258716372681";"2.3815423651905463";"03081000202207253";"008";"PC AESN";"20230703215248-PC-550034";"125664738"
"03081000";"LA SEINE A PARIS-12E--ARRONDISSEMENT 1";"https://id.eaufrance.fr/StationMesureEauxSurface/03081000";"3";"Eau";"https://id.eaufrance.fr/sup/3";"23";"Eau brute";"https://id.eaufrance.fr/fan/23";"2022-06-20";"17:57:00";"2023-07-18";"17:57:00";"1301";"Température de l'Eau";"https://id.eaufrance.fr/par/1301";"24.1";"32,31,215,214,213,212,209,166,165,164,122,121";"Physique,Paramètres classés par classe,Paramètres de l'analyse régulière du contrôle de surveillance de l'état chimique des eaux souterraines,Paramètres physico-chimiques pour les eaux littorales,Paramètres physico-chimiques pour les plans d'eau,Paramètres physico-chimiques pour les cours d'eau,Arrêté du 26 avril 2022 modifiant l'arrêté du 25 janvier 2010 établissant le programme de surveillance de l'état des eaux en application de l'article R.212.22 du code de l'environnement,Paramètres de l'analyse régulière du contrôle de surveillance de l'état chimique des eaux souterraines,Paramètres physico-chimiques pour les plans d'eau,Paramètres physico-chimiques pour les cours d'eau,Arrêté du 7 août 2015 modifiant l'arrêté du 25 janvier 2010 établissant le programme de surveillance de l'état des eaux en application de l'article R. 212-22 du code de l'environnement,Paramètres classés par textes réglementaires";"https://id.eaufrance.fr/gpr/32,https://id.eaufrance.fr/gpr/31,https://id.eaufrance.fr/gpr/215,https://id.eaufrance.fr/gpr/214,https://id.eaufrance.fr/gpr/213,https://id.eaufrance.fr/gpr/212,https://id.eaufrance.fr/gpr/209,https://id.eaufrance.fr/gpr/166,https://id.eaufrance.fr/gpr/165,https://id.eaufrance.fr/gpr/164,https://id.eaufrance.fr/gpr/122,https://id.eaufrance.fr/gpr/121";"27";"°C";"https://id.eaufrance.fr/urf/27";"1";"Résultat > seuil de quantification et < au seuil de saturation";"1";"In situ";"0";"Difficultés inconnues";"";"";"";"";"";"";"";"0";"Méthode inconnue";"https://id.eaufrance.fr/met/0";"";"";"";"";"0";"Inconnu";"0";"1";"Donnée brute";"4";"Non qualifié";"";"";"";"";"";"18750009500026";"AGENCE DE L'EAU SEINE-NORMANDIE";"https://id.eaufrance.fr/int/18750009500026";"32939196500038";"GROUPE DE RECHERCHE ET D'ETUDE BIOLOGIE ET ENVIRONNEMENT (SAS GREBE)";"https://id.eaufrance.fr/int/32939196500038";"32939196500038";"GROUPE DE RECHERCHE ET D'ETUDE BIOLOGIE ET ENVIRONNEMENT (SAS GREBE)";"https://id.eaufrance.fr/int/32939196500038";"48.83258716372681";"2.3815423651905463";"03081000202206203";"008";"PC AESN";"20230703215249-PC-550036";"125664663"
"03081000";"LA SEINE A PARIS-12E--ARRONDISSEMENT 1";"https://id.eaufrance.fr/StationMesureEauxSurface/03081000";"3";"Eau";"https://id.eaufrance.fr/sup/3";"23";"Eau brute";"https://id.eaufrance.fr/fan/23";"2022-06-15";"11:35:00";"2024-04-06";"16:30:00";"1350";"Phosphore total";"https://id.eaufrance.fr/par/1350";"0.195";"48,41,31,215,214,213,212,209,194,192,191,190,166,165,164,122,121";"Paramètres phosphorés|Chimique|Paramètres classés par classe|Paramètres de l'analyse régulière du contrôle de surveillance de l'état chimique des eaux souterraines|Paramètres physico-chimiques pour les eaux littorales|Paramètres physico-chimiques pour les plans d'eau|Paramètres physico-chimiques pour les cours d'eau|Arrêté du 26 avril 2022 modifiant l'arrêté du 25 janvier 2010 établissant le programme de surveillance de l'état des eaux en application de l'article R.212.22 du code de l'environnement|Avis relatif aux limites de quantification des couples «paramètre-matrice» de l'agrément des laboratoires effectuant des analyses dans le domaine de l'eau et des milieux aquatiques, matrice Sédiment en eau de surface continentale|Avis relatif aux limites de quantification des couples «paramètre-matrice» de l'agrément des laboratoires effectuant des analyses dans le domaine de l'eau et des milieux aquatiques, matrice Eau résiduaire|Avis relatif aux limites de quantification des couples «paramètre-matrice» de l'agrément des laboratoires effectuant des analyses dans le domaine de l'eau et des milieux aquatiques, matrice Eau douce|Avis relatif aux limites de quantification des couples «paramètre-matrice» de l'agrément des laboratoires effectuant des analyses dans le domaine de l'eau et des milieux aquatiques|Paramètres de l'analyse régulière du contrôle de surveillance de l'état chimique des eaux souterraines|Paramètres physico-chimiques pour les plans d'eau|Paramètres physico-chimiques pour les cours d'eau|Arrêté du 7 août 2015 modifiant l'arrêté du 25 janvier 2010 établissant le programme de surveillance de l'état des eaux en application de l'article R. 212-22 du code de l'environnement|Paramètres classés par textes réglementaires";"https://id.eaufrance.fr/gpr/48,https://id.eaufrance.fr/gpr/41,https://id.eaufrance.fr/gpr/31,https://id.eaufrance.fr/gpr/215,https://id.eaufrance.fr/gpr/214,https://id.eaufrance.fr/gpr/213,https://id.eaufrance.fr/gpr/212,https://id.eaufrance.fr/gpr/209,https://id.eaufrance.fr/gpr/194,https://id.eaufrance.fr/gpr/192,https://id.eaufrance.fr/gpr/191,https://id.eaufrance.fr/gpr/190,https://id.eaufrance.fr/gpr/166,https://id.eaufrance.fr/gpr/165,https://id.eaufrance.fr/gpr/164,https://id.eaufrance.fr/gpr/122,https://id.eaufrance.fr/gpr/121";"177";"mg(P)/L";"https://id.eaufrance.fr/urf/177";"1";"Résultat > seuil de quantification et < au seuil de saturation";"2";"Laboratoire";"0";"Difficultés inconnues";"0.003";"0.01";"";"50.0";"";"";"";"470";"Qualité de l'eau - Dosage du phosphore - Méthode spectrométrique au molybdate d'ammonium (NF EN ISO 6878 Avril 2005 / T90-023)";"https://id.eaufrance.fr/met/470";"";"";"";"";"1";"Analyse réalisée sous accréditation";"0";"3";"Donnée contrôlée niveau 2 (données validées)";"1";"Correcte";"";"";"";"";"";"18750009500026";"AGENCE DE L'EAU SEINE-NORMANDIE";"https://id.eaufrance.fr/int/18750009500026";"41054531300042";"CARSO - LABORATOIRE SANTE ENVIRONNEMENT HYGIENE DE LYON";"https://id.eaufrance.fr/int/41054531300042";"41054531300042";"CARSO - LABORATOIRE SANTE ENVIRONNEMENT HYGIENE DE LYON";"https://id.eaufrance.fr/int/41054531300042";"48.83258716372681";"2.3815423651905463";"03081000202206153";"001";"PC AESN";"20220505224609-PC-515499";"113951448"
"03081000";"LA SEINE A PARIS-12E--ARRONDISSEMENT 1";"https://id.eaufrance.fr/StationMesureEauxSurface/03081000";"3";"Eau";"https://id.eaufrance.fr/sup/3";"3";"Phase aqueuse de l'eau (filtrée, centrifugée...)";"https://id.eaufrance.fr/fan/3";"2022-06-15";"11:35:00";"2024-04-06";"16:00:00";"1340";"Nitrates";"https://id.eaufrance.fr/par/1340";"24.0";"47,41,31,215,214,213,212,209,193,192,191,190,166,165,164,122,121";"Paramètres azotés|Chimique|Paramètres classés par classe|Paramètres de l'analyse régulière du contrôle de surveillance de l'état chimique des eaux souterraines|Paramètres physico-chimiques pour les eaux littorales|Paramètres physico-chimiques pour les plans d'eau|Paramètres physico-chimiques pour les cours d'eau|Arrêté du 26 avril 2022 modifiant l'arrêté du 25 janvier 2010 établissant le programme de surveillance de l'état des eaux en application de l'article R.212.22 du code de l'environnement|Avis relatif aux limites de quantification des couples «paramètre-matrice» de l'agrément des laboratoires effectuant des analyses dans le domaine de l'eau et des milieux aquatiques, matrice Eau saline|Avis relatif aux limites de quantification des couples «paramètre-matrice» de l'agrément des laboratoires effectuant des analyses dans le domaine de l'eau et des milieux aquatiques, matrice Eau résiduaire|Avis relatif aux limites de quantification des couples «paramètre-matrice» de l'agrément des laboratoires effectuant des analyses dans le domaine de l'eau et des milieux aquatiques, matrice Eau douce|Avis relatif aux limites de quantification des couples «paramètre-matrice» de l'agrément des laboratoires effectuant des analyses dans le domaine de l'eau et des milieux aquatiques|Paramètres de l'analyse régulière du contrôle de surveillance de l'état chimique des eaux souterraines|Paramètres physico-chimiques pour les plans d'eau|Paramètres physico-chimiques pour les cours d'eau|Arrêté du 7 août 2015 modifiant l'arrêté du 25 janvier 2010 établissant le programme de surveillance de l'état des eaux en application de l'article R. 212-22 du code de l'environnement|Paramètres classés par textes réglementaires";"https://id.eaufrance.fr/gpr/47,https://id.eaufrance.fr/gpr/41,https://id.eaufrance.fr/gpr/31,https://id.eaufrance.fr/gpr/215,https://id.eaufrance.fr/gpr/214,https://id.eaufrance.fr/gpr/213,https://id.eaufrance.fr/gpr/212,https://id.eaufrance.fr/gpr/209,https://id.eaufrance.fr/gpr/193,https://id.eaufrance.fr/gpr/192,https://id.eaufrance.fr/gpr/191,https://id.eaufrance.fr/gpr/190,https://id.eaufrance.fr/gpr/166,https://id.eaufrance.fr/gpr/165,https://id.eaufrance.fr/gpr/164,https://id.eaufrance.fr/gpr/122,https://id.eaufrance.fr/gpr/121";"173";"mg(NO3)/L";"https://id.eaufrance.fr/urf/173";"1";"Résultat > seuil de quantification et < au seuil de saturation";"2";"Laboratoire";"0";"Difficultés inconnues";"0.03";"0.1";"";"50.0";"";"";"";"706";"Qualité de l'eau - Dosage des anions dissous par chromatographie des ions en phase liquide. Partie 1 : dosage du bromure, chlorure, fluorure, nitrate, nitrite, phosphate et sulfate. (NF EN ISO 10304-1 Juillet 2009 / T90-042-1)";"https://id.eaufrance.fr/met/706";"";"";"";"";"2";"Analyse réalisée hors accréditation";"0";"3";"Donnée contrôlée niveau 2 (données validées)";"1";"Correcte";" L'absence du logo Cofrac provient d’un délai de mise en analyse par rapport au prélèvement supérieur aux exigences normatives.";"";"";"";"";"18750009500026";"AGENCE DE L'EAU SEINE-NORMANDIE";"https://id.eaufrance.fr/int/18750009500026";"41054531300042";"CARSO - LABORATOIRE SANTE ENVIRONNEMENT HYGIENE DE LYON";"https://id.eaufrance.fr/int/41054531300042";"41054531300042";"CARSO - LABORATOIRE SANTE ENVIRONNEMENT HYGIENE DE LYON";"https://id.eaufrance.fr/int/41054531300042";"48.83258716372681";"2.3815423651905463";"03081000202206153";"001";"PC AESN";"20220505224609-PC-515499";"113951446"
"03081000";"LA SEINE A PARIS-12E--ARRONDISSEMENT 1";"https://id.eaufrance.fr/StationMesureEauxSurface/03081000";"3";"Eau";"https://id.eaufrance.fr/sup/3";"23";"Eau brute";"https://id.eaufrance.fr/fan/23";"2022-06-15";"11:35:00";"2024-04-06";"11:35:00";"1301";"Température de l'Eau";"https://id.eaufrance.fr/par/1301";"23.1";"32,31,215,214,213,212,209,166,165,164,122,121";"Physique,Paramètres classés par classe,Paramètres de l'analyse régulière du contrôle de surveillance de l'état chimique des eaux souterraines,Paramètres physico-chimiques pour les eaux littorales,Paramètres physico-chimiques pour les plans d'eau,Paramètres physico-chimiques pour les cours d'eau,Arrêté du 26 avril 2022 modifiant l'arrêté du 25 janvier 2010 établissant le programme de surveillance de l'état des eaux en application de l'article R.212.22 du code de l'environnement,Paramètres de l'analyse régulière du contrôle de surveillance de l'état chimique des eaux souterraines,Paramètres physico-chimiques pour les plans d'eau,Paramètres physico-chimiques pour les cours d'eau,Arrêté du 7 août 2015 modifiant l'arrêté du 25 janvier 2010 établissant le programme de surveillance de l'état des eaux en application de l'article R. 212-22 du code de l'environnement,Paramètres classés par textes réglementaires";"https://id.eaufrance.fr/gpr/32,https://id.eaufrance.fr/gpr/31,https://id.eaufrance.fr/gpr/215,https://id.eaufrance.fr/gpr/214,https://id.eaufrance.fr/gpr/213,https://id.eaufrance.fr/gpr/212,https://id.eaufrance.fr/gpr/209,https://id.eaufrance.fr/gpr/166,https://id.eaufrance.fr/gpr/165,https://id.eaufrance.fr/gpr/164,https://id.eaufrance.fr/gpr/122,https://id.eaufrance.fr/gpr/121";"27";"°C";"https://id.eaufrance.fr/urf/27";"1";"Résultat > seuil de quantification et < au seuil de saturation";"1";"In situ";"0";"Difficultés inconnues";"0.0";"0.0";"";"50.0";"";"";"";"3";"Méthode spécifique";"https://id.eaufrance.fr/met/3";"";"";"";"";"1";"Analyse réalisée sous accréditation";"0";"3";"Donnée contrôlée niveau 2 (données validées)";"1";"Correcte";"";"";"";"";"";"18750009500026";"AGENCE DE L'EAU SEINE-NORMANDIE";"https://id.eaufrance.fr/int/18750009500026";"41054531300042";"CARSO - LABORATOIRE SANTE ENVIRONNEMENT HYGIENE DE LYON";"https://id.eaufrance.fr/int/41054531300042";"41054531300042";"CARSO - LABORATOIRE SANTE ENVIRONNEMENT HYGIENE DE LYON";"https://id.eaufrance.fr/int/41054531300042";"48.83258716372681";"2.3815423651905463";"03081000202206153";"001";"PC AESN";"20220505224609-PC-515499";"113951459"
"03081000";"LA SEINE A PARIS-12E--ARRONDISSEMENT 1";"https://id.eaufrance.fr/StationMesureEauxSurface/03081000";"3";"Eau";"https://id.eaufrance.fr/sup/3";"23";"Eau brute";"https://id.eaufrance.fr/fan/23";"2022-04-12";"13:11:00";"2024-04-06";"08:27:00";"1350";"Phosphore total";"https://id.eaufrance.fr/par/1350";"0.082";"48,41,31,215,214,213,212,209,194,192,191,190,166,165,164,122,121";"Paramètres phosphorés|Chimique|Paramètres classés par classe|Paramètres de l'analyse régulière du contrôle de surveillance de l'état chimique des eaux souterraines|Paramètres physico-chimiques pour les eaux littorales|Paramètres physico-chimiques pour les plans d'eau|Paramètres physico-chimiques pour les cours d'eau|Arrêté du 26 avril 2022 modifiant l'arrêté du 25 janvier 2010 établissant le programme de surveillance de l'état des eaux en application de l'article R.212.22 du code de l'environnement|Avis relatif aux limites de quantification des couples «paramètre-matrice» de l'agrément des laboratoires effectuant des analyses dans le domaine de l'eau et des milieux aquatiques, matrice Sédiment en eau de surface continentale|Avis relatif aux limites de quantification des couples «paramètre-matrice» de l'agrément des laboratoires effectuant des analyses dans le domaine de l'eau et des milieux aquatiques, matrice Eau résiduaire|Avis relatif aux limites de quantification des couples «paramètre-matrice» de l'agrément des laboratoires effectuant des analyses dans le domaine de l'eau et des milieux aquatiques, matrice Eau douce|Avis relatif aux limites de quantification des couples «paramètre-matrice» de l'agrément des laboratoires effectuant des analyses dans le domaine de l'eau et des milieux aquatiques|Paramètres de l'analyse régulière du contrôle de surveillance de l'état chimique des eaux souterraines|Paramètres physico-chimiques pour les plans d'eau|Paramètres physico-chimiques pour les cours d'eau|Arrêté du 7 août 2015 modifiant l'arrêté du 25 janvier 2010 établissant le programme de surveillance de l'état des eaux en application de l'article R. 212-22 du code de l'environnement|Paramètres classés par textes réglementaires";"https://id.eaufrance.fr/gpr/48,https://id.eaufrance.fr/gpr/41,https://id.eaufrance.fr/gpr/31,https://id.eaufrance.fr/gpr/215,https://id.eaufrance.fr/gpr/214,https://id.eaufrance.fr/gpr/213,https://id.eaufrance.fr/gpr/212,https://id.eaufrance.fr/gpr/209,https://id.eaufrance.fr/gpr/194,https://id.eaufrance.fr/gpr/192,https://id.eaufrance.fr/gpr/191,https://id.eaufrance.fr/gpr/190,https://id.eaufrance.fr/gpr/166,https://id.eaufrance.fr/gpr/165,https://id.eaufrance.fr/gpr/164,https://id.eaufrance.fr/gpr/122,https://id.eaufrance.fr/gpr/121";"177";"mg(P)/L";"https://id.eaufrance.fr/urf/177";"1";"Résultat > seuil de quantification et < au seuil de saturation";"2";"Laboratoire";"0";"Difficultés inconnues";"0.003";"0.01";"";"50.0";"";"";"";"470";"Qualité de l'eau - Dosage du phosphore - Méthode spectrométrique au molybdate d'ammonium (NF EN ISO 6878 Avril 2005 / T90-023)";"https://id.eaufrance.fr/met/470";"";"";"";"";"1";"Analyse réalisée sous accréditation";"0";"3";"Donnée contrôlée niveau 2 (données validées)";"1";"Correcte";"";"";"";"";"";"18750009500026";"AGENCE DE L'EAU SEINE-NORMANDIE";"https://id.eaufrance.fr/int/18750009500026";"41054531300042";"CARSO - LABORATOIRE SANTE ENVIRONNEMENT HYGIENE DE LYON";"https://id.eaufrance.fr/int/41054531300042";"41054531300042";"CARSO - LABORATOIRE SANTE ENVIRONNEMENT HYGIENE DE LYON";"https://id.eaufrance.fr/int/41054531300042";"48.83258716372681";"2.3815423651905463";"03081000202204123";"001";"PC AESN";"20220308174227-PC-509371";"112289998"
"03081000";"LA SEINE A PARIS-12E--ARRONDISSEMENT 1";"https://id.eaufrance.fr/StationMesureEauxSurface/03081000";"3";"Eau";"https://id.eaufrance.fr/sup/3";"3";"Phase aqueuse de l'eau (filtrée, centrifugée...)";"https://id.eaufrance.fr/fan/3";"2022-04-12";"13:11:00";"2024-04-06";"09:11:00";"1340";"Nitrates";"https://id.eaufrance.fr/par/1340";"28.0";"47,41,31,215,214,213,212,209,193,192,191,190,166,165,164,122,121";"Paramètres azotés|Chimique|Paramètres classés par classe|Paramètres de l'analyse régulière du contrôle de surveillance de l'état chimique des eaux souterraines|Paramètres physico-chimiques pour les eaux littorales|Paramètres physico-chimiques pour les plans d'eau|Paramètres physico-chimiques pour les cours d'eau|Arrêté du 26 avril 2022 modifiant l'arrêté du 25 janvier 2010 établissant le programme de surveillance de l'état des eaux en application de l'article R.212.22 du code de l'environnement|Avis relatif aux limites de quantification des couples «paramètre-matrice» de l'agrément des laboratoires effectuant des analyses dans le domaine de l'eau et des milieux aquatiques, matrice Eau saline|Avis relatif aux limites de quantification des couples «paramètre-matrice» de l'agrément des laboratoires effectuant des analyses dans le domaine de l'eau et des milieux aquatiques, matrice Eau résiduaire|Avis relatif aux limites de quantification des couples «paramètre-matrice» de l'agrément des laboratoires effectuant des analyses dans le domaine de l'eau et des milieux aquatiques, matrice Eau douce|Avis relatif aux limites de quantification des couples «paramètre-matrice» de l'agrément des laboratoires effectuant des analyses dans le domaine de l'eau et des milieux aquatiques|Paramètres de l'analyse régulière du contrôle de surveillance de l'état chimique des eaux souterraines|Paramètres physico-chimiques pour les plans d'eau|Paramètres physico-chimiques pour les cours d'eau|Arrêté du 7 août 2015 modifiant l'arrêté du 25 janvier 2010 établissant le programme de surveillance de l'état des eaux en application de l'article R. 212-22 du code de l'environnement|Paramètres classés par textes réglementaires";"https://id.eaufrance.fr/gpr/47,https://id.eaufrance.fr/gpr/41,https://id.eaufrance.fr/gpr/31,https://id.eaufrance.fr/gpr/215,https://id.eaufrance.fr/gpr/214,https://id.eaufrance.fr/gpr/213,https://id.eaufrance.fr/gpr/212,https://id.eaufrance.fr/gpr/209,https://id.eaufrance.fr/gpr/193,https://id.eaufrance.fr/gpr/192,https://id.eaufrance.fr/gpr/191,https://id.eaufrance.fr/gpr/190,https://id.eaufrance.fr/gpr/166,https://id.eaufrance.fr/gpr/165,https://id.eaufrance.fr/gpr/164,https://id.eaufrance.fr/gpr/122,https://id.eaufrance.fr/gpr/121";"173";"mg(NO3)/L";"https://id.eaufrance.fr/urf/173";"1";"Résultat > seuil de quantification et < au seuil de saturation";"2";"Laboratoire";"0";"Difficultés inconnues";"0.03";"0.1";"";"50.0";"";"";"";"706";"Qualité de l'eau - Dosage des anions dissous par chromatographie des ions en phase liquide. Partie 1 : dosage du bromure, chlorure, fluorure, nitrate, nitrite, phosphate et sulfate. (NF EN ISO 10304-1 Juillet 2009 / T90-042-1)";"https://id.eaufrance.fr/met/706";"";"";"";"";"1";"Analyse réalisée sous accréditation";"0";"3";"Donnée contrôlée niveau 2 (données validées)";"1";"Correcte";"";"";"";"";"";"18750009500026";"AGENCE DE L'EAU SEINE-NORMANDIE";"https://id.eaufrance.fr/int/18750009500026";"41054531300042";"CARSO - LABORATOIRE SANTE ENVIRONNEMENT HYGIENE DE LYON";"https://id.eaufrance.fr/int/41054531300042";"41054531300042";"CARSO - LABORATOIRE SANTE ENVIRONNEMENT HYGIENE DE LYON";"https://id.eaufrance.fr/int/41054531300042";"48.83258716372681";"2.3815423651905463";"03081000202204123";"001";"PC AESN";"20220308174227-PC-509371";"112289996"
"03081000";"LA SEINE A PARIS-12E--ARRONDISSEMENT 1";"https://id.eaufrance.fr/StationMesureEauxSurface/03081000";"3";"Eau";"https://id.eaufrance.fr/sup/3";"23";"Eau brute";"https://id.eaufrance.fr/fan/23";"2022-04-12";"13:11:00";"2024-04-06";"13:11:00";"1301";"Température de l'Eau";"https://id.eaufrance.fr/par/1301";"13.0";"32,31,215,214,213,212,209,166,165,164,122,121";"Physique,Paramètres classés par classe,Paramètres de l'analyse régulière du contrôle de surveillance de l'état chimique des eaux souterraines,Paramètres physico-chimiques pour les eaux littorales,Paramètres physico-chimiques pour les plans d'eau,Paramètres physico-chimiques pour les cours d'eau,Arrêté du 26 avril 2022 modifiant l'arrêté du 25 janvier 2010 établissant le programme de surveillance de l'état des eaux en application de l'article R.212.22 du code de l'environnement,Paramètres de l'analyse régulière du contrôle de surveillance de l'état chimique des eaux souterraines,Paramètres physico-chimiques pour les plans d'eau,Paramètres physico-chimiques pour les cours d'eau,Arrêté du 7 août 2015 modifiant l'arrêté du 25 janvier 2010 établissant le programme de surveillance de l'état des eaux en application de l'article R. 212-22 du code de l'environnement,Paramètres classés par textes réglementaires";"https://id.eaufrance.fr/gpr/32,https://id.eaufrance.fr/gpr/31,https://id.eaufrance.fr/gpr/215,https://id.eaufrance.fr/gpr/214,https://id.eaufrance.fr/gpr/213,https://id.eaufrance.fr/gpr/212,https://id.eaufrance.fr/gpr/209,https://id.eaufrance.fr/gpr/166,https://id.eaufrance.fr/gpr/165,https://id.eaufrance.fr/gpr/164,https://id.eaufrance.fr/gpr/122,https://id.eaufrance.fr/gpr/121";"27";"°C";"https://id.eaufrance.fr/urf/27";"1";"Résultat > seuil de quantification et < au seuil de saturation";"1";"In situ";"0";"Difficultés inconnues";"0.0";"0.0";"";"50.0";"";"";"";"3";"Méthode spécifique";"https://id.eaufrance.fr/met/3";"";"";"";"";"1";"Analyse réalisée sous accréditation";"0";"3";"Donnée contrôlée niveau 2 (données validées)";"1";"Correcte";"";"";"";"";"";"18750009500026";"AGENCE DE L'EAU SEINE-NORMANDIE";"https://id.eaufrance.fr/int/18750009500026";"41054531300042";"CARSO - LABORATOIRE SANTE ENVIRONNEMENT HYGIENE DE LYON";"https://id.eaufrance.fr/int/41054531300042";"41054531300042";"CARSO - LABORATOIRE SANTE ENVIRONNEMENT HYGIENE DE LYON";"https://id.eaufrance.fr/int/41054531300042";"48.83258716372681";"2.3815423651905463";"03081000202204123";"001";"PC AESN";"20220308174227-PC-509371";"112290019"
"03081000";"LA SEINE A PARIS-12E--ARRONDISSEMENT 1";"https://id.eaufrance.fr/StationMesureEauxSurface/03081000";"3";"Eau";"https://id.eaufrance.fr/sup/3";"23";"Eau brute";"https://id.eaufrance.fr/fan/23";"2022-02-15";"13:22:00";"2024-04-06";"13:22:00";"1301";"Température de l'Eau";"https://id.eaufrance.fr/par/1301";"8.0";"32,31,215,214,213,212,209,166,165,164,122,121";"Physique,Paramètres classés par classe,Paramètres de l'analyse régulière du contrôle de surveillance de l'état chimique des eaux souterraines,Paramètres physico-chimiques pour les eaux littorales,Paramètres physico-chimiques pour les plans d'eau,Paramètres physico-chimiques pour les cours d'eau,Arrêté du 26 avril 2022 modifiant l'arrêté du 25 janvier 2010 établissant le programme de surveillance de l'état des eaux en application de l'article R.212.22 du code de l'environnement,Paramètres de l'analyse régulière du contrôle de surveillance de l'état chimique des eaux souterraines,Paramètres physico-chimiques pour les plans d'eau,Paramètres physico-chimiques pour les cours d'eau,Arrêté du 7 août 2015 modifiant l'arrêté du 25 janvier 2010 établissant le programme de surveillance de l'état des eaux en application de l'article R. 212-22 du code de l'environnement,Paramètres classés par textes réglementaires";"https://id.eaufrance.fr/gpr/32,https://id.eaufrance.fr/gpr/31,https://id.eaufrance.fr/gpr/215,https://id.eaufrance.fr/gpr/214,https://id.eaufrance.fr/gpr/213,https://id.eaufrance.fr/gpr/212,https://id.eaufrance.fr/gpr/209,https://id.eaufrance.fr/gpr/166,https://id.eaufrance.fr/gpr/165,https://id.eaufrance.fr/gpr/164,https://id.eaufrance.fr/gpr/122,https://id.eaufrance.fr/gpr/121";"27";"°C";"https://id.eaufrance.fr/urf/27";"1";"Résultat > seuil de quantification et < au seuil de saturation";"1";"In situ";"0";"Difficultés inconnues";"0.0";"0.0";"";"50.0";"";"";"";"3";"Méthode spécifique";"https://id.eaufrance.fr/met/3";"";"";"";"";"1";"Analyse réalisée sous accréditation";"0";"3";"Donnée contrôlée niveau 2 (données validées)";"1";"Correcte";"";"";"";"";"";"18750009500026";"AGENCE DE L'EAU SEINE-NORMANDIE";"https://id.eaufrance.fr/int/18750009500026";"41054531300042";"CARSO - LABORATOIRE SANTE ENVIRONNEMENT HYGIENE DE LYON";"https://id.eaufrance.fr/int/41054531300042";"41054531300042";"CARSO - LABORATOIRE SANTE ENVIRONNEMENT HYGIENE DE LYON";"https://id.eaufrance.fr/int/41054531300042";"48.83258716372681";"2.3815423651905463";"03081000202202153";"001";"PC AESN";"20220104110110-PC-505172";"110930755"
"03081000";"LA SEINE A PARIS-12E--ARRONDISSEMENT 1";"https://id.eaufrance.fr/StationMesureEauxSurface/03081000";"3";"Eau";"https://id.eaufrance.fr/sup/3";"23";"Eau brute";"https://id.eaufrance.fr/fan/23";"2022-02-15";"13:22:00";"2024-04-06";"09:32:00";"1350";"Phosphore total";"https://id.eaufrance.fr/par/1350";"0.083";"48,41,31,215,214,213,212,209,194,192,191,190,166,165,164,122,121";"Paramètres phosphorés|Chimique|Paramètres classés par classe|Paramètres de l'analyse régulière du contrôle de surveillance de l'état chimique des eaux souterraines|Paramètres physico-chimiques pour les eaux littorales|Paramètres physico-chimiques pour les plans d'eau|Paramètres physico-chimiques pour les cours d'eau|Arrêté du 26 avril 2022 modifiant l'arrêté du 25 janvier 2010 établissant le programme de surveillance de l'état des eaux en application de l'article R.212.22 du code de l'environnement|Avis relatif aux limites de quantification des couples «paramètre-matrice» de l'agrément des laboratoires effectuant des analyses dans le domaine de l'eau et des milieux aquatiques, matrice Sédiment en eau de surface continentale|Avis relatif aux limites de quantification des couples «paramètre-matrice» de l'agrément des laboratoires effectuant des analyses dans le domaine de l'eau et des milieux aquatiques, matrice Eau résiduaire|Avis relatif aux limites de quantification des couples «paramètre-matrice» de l'agrément des laboratoires effectuant des analyses dans le domaine de l'eau et des milieux aquatiques, matrice Eau douce|Avis relatif aux limites de quantification des couples «paramètre-matrice» de l'agrément des laboratoires effectuant des analyses dans le domaine de l'eau et des milieux aquatiques|Paramètres de l'analyse régulière du contrôle de surveillance de l'état chimique des eaux souterraines|Paramètres physico-chimiques pour les plans d'eau|Paramètres physico-chimiques pour les cours d'eau|Arrêté du 7 août 2015 modifiant l'arrêté du 25 janvier 2010 établissant le programme de surveillance de l'état des eaux en application de l'article R. 212-22 du code de l'environnement|Paramètres classés par textes réglementaires";"https://id.eaufrance.fr/gpr/48,https://id.eaufrance.fr/gpr/41,https://id.eaufrance.fr/gpr/31,https://id.eaufrance.fr/gpr/215,https://id.eaufrance.fr/gpr/214,https://id.eaufrance.fr/gpr/213,https://id.eaufrance.fr/gpr/212,https://id.eaufrance.fr/gpr/209,https://id.eaufrance.fr/gpr/194,https://id.eaufrance.fr/gpr/192,https://id.eaufrance.fr/gpr/191,https://id.eaufrance.fr/gpr/190,https://id.eaufrance.fr/gpr/166,https://id.eaufrance.fr/gpr/165,https://id.eaufrance.fr/gpr/164,https://id.eaufrance.fr/gpr/122,https://id.eaufrance.fr/gpr/121";"177";"mg(P)/L";"https://id.eaufrance.fr/urf/177";"1";"Résultat > seuil de quantification et < au seuil de saturation";"2";"Laboratoire";"0";"Difficultés inconnues";"0.003";"0.01";"";"50.0";"";"";"";"470";"Qualité de l'eau - Dosage du phosphore - Méthode spectrométrique au molybdate d'ammonium (NF EN ISO 6878 Avril 2005 / T90-023)";"https://id.eaufrance.fr/met/470";"";"";"";"";"1";"Analyse réalisée sous accréditation";"0";"3";"Donnée contrôlée niveau 2 (données validées)";"1";"Correcte";"";"";"";"";"";"18750009500026";"AGENCE DE L'EAU SEINE-NORMANDIE";"https://id.eaufrance.fr/int/18750009500026";"41054531300042";"CARSO - LABORATOIRE SANTE ENVIRONNEMENT HYGIENE DE LYON";"https://id.eaufrance.fr/int/41054531300042";"41054531300042";"CARSO - LABORATOIRE SANTE ENVIRONNEMENT HYGIENE DE LYON";"https://id.eaufrance.fr/int/41054531300042";"48.83258716372681";"2.3815423651905463";"03081000202202153";"001";"PC AESN";"20220104110110-PC-505172";"110930747"
"03081000";"LA SEINE A PARIS-12E--ARRONDISSEMENT 1";"https://id.eaufrance.fr/StationMesureEauxSurface/03081000";"3";"Eau";"https://id.eaufrance.fr/sup/3";"3";"Phase aqueuse de l'eau (filtrée, centrifugée...)";"https://id.eaufrance.fr/fan/3";"2022-02-15";"13:22:00";"2024-04-06";"09:23:00";"1340";"Nitrates";"https://id.eaufrance.fr/par/1340";"27.0";"47,41,31,215,214,213,212,209,193,192,191,190,166,165,164,122,121";"Paramètres azotés|Chimique|Paramètres classés par classe|Paramètres de l'analyse régulière du contrôle de surveillance de l'état chimique des eaux souterraines|Paramètres physico-chimiques pour les eaux littorales|Paramètres physico-chimiques pour les plans d'eau|Paramètres physico-chimiques pour les cours d'eau|Arrêté du 26 avril 2022 modifiant l'arrêté du 25 janvier 2010 établissant le programme de surveillance de l'état des eaux en application de l'article R.212.22 du code de l'environnement|Avis relatif aux limites de quantification des couples «paramètre-matrice» de l'agrément des laboratoires effectuant des analyses dans le domaine de l'eau et des milieux aquatiques, matrice Eau saline|Avis relatif aux limites de quantification des couples «paramètre-matrice» de l'agrément des laboratoires effectuant des analyses dans le domaine de l'eau et des milieux aquatiques, matrice Eau résiduaire|Avis relatif aux limites de quantification des couples «paramètre-matrice» de l'agrément des laboratoires effectuant des analyses dans le domaine de l'eau et des milieux aquatiques, matrice Eau douce|Avis relatif aux limites de quantification des couples «paramètre-matrice» de l'agrément des laboratoires effectuant des analyses dans le domaine de l'eau et des milieux aquatiques|Paramètres de l'analyse régulière du contrôle de surveillance de l'état chimique des eaux souterraines|Paramètres physico-chimiques pour les plans d'eau|Paramètres physico-chimiques pour les cours d'eau|Arrêté du 7 août 2015 modifiant l'arrêté du 25 janvier 2010 établissant le programme de surveillance de l'état des eaux en application de l'article R. 212-22 du code de l'environnement|Paramètres classés par textes réglementaires";"https://id.eaufrance.fr/gpr/47,https://id.eaufrance.fr/gpr/41,https://id.eaufrance.fr/gpr/31,https://id.eaufrance.fr/gpr/215,https://id.eaufrance.fr/gpr/214,https://id.eaufrance.fr/gpr/213,https://id.eaufrance.fr/gpr/212,https://id.eaufrance.fr/gpr/209,https://id.eaufrance.fr/gpr/193,https://id.eaufrance.fr/gpr/192,https://id.eaufrance.fr/gpr/191,https://id.eaufrance.fr/gpr/190,https://id.eaufrance.fr/gpr/166,https://id.eaufrance.fr/gpr/165,https://id.eaufrance.fr/gpr/164,https://id.eaufrance.fr/gpr/122,https://id.eaufrance.fr/gpr/121";"173";"mg(NO3)/L";"https://id.eaufrance.fr/urf/173";"1";"Résultat > seuil de quantification et < au seuil de saturation";"2";"Laboratoire";"0";"Difficultés inconnues";"0.03";"0.1";"";"50.0";"";"";"";"706";"Qualité de l'eau - Dosage des anions dissous par chromatographie des ions en phase liquide. Partie 1 : dosage du bromure, chlorure, fluorure, nitrate, nitrite, phosphate et sulfate. (NF EN ISO 10304-1 Juillet 2009 / T90-042-1)";"https://id.eaufrance.fr/met/706";"";"";"";"";"1";"Analyse réalisée sous accréditation";"0";"3";"Donnée contrôlée niveau 2 (données validées)";"1";"Correcte";"";"";"";"";"";"18750009500026";"AGENCE DE L'EAU SEINE-NORMANDIE";"https://id.eaufrance.fr/int/18750009500026";"41054531300042";"CARSO - LABORATOIRE SANTE ENVIRONNEMENT HYGIENE DE LYON";"https://id.eaufrance.fr/int/41054531300042";"41054531300042";"CARSO - LABORATOIRE SANTE ENVIRONNEMENT HYGIENE DE LYON";"https://id.eaufrance.fr/int/41054531300042";"48.83258716372681";"2.3815423651905463";"03081000202202153";"001";"PC AESN";"20220104110110-PC-505172";"110930745"
"03081000";"LA SEINE A PARIS-12E--ARRONDISSEMENT 1";"https://id.eaufrance.fr/StationMesureEauxSurface/03081000";"3";"Eau";"https://id.eaufrance.fr/sup/3";"23";"Eau brute";"https://id.eaufrance.fr/fan/23";"2021-12-22";"10:45:00";"2024-04-06";"10:45:00";"1301";"Température de l'Eau";"https://id.eaufrance.fr/par/1301";"5.7";"32,31,215,214,213,212,209,166,165,164,122,121";"Physique,Paramètres classés par classe,Paramètres de l'analyse régulière du contrôle de surveillance de l'état chimique des eaux souterraines,Paramètres physico-chimiques pour les eaux littorales,Paramètres physico-chimiques pour les plans d'eau,Paramètres physico-chimiques pour les cours d'eau,Arrêté du 26 avril 2022 modifiant l'arrêté du 25 janvier 2010 établissant le programme de surveillance de l'état des eaux en application de l'article R.212.22 du code de l'environnement,Paramètres de l'analyse régulière du contrôle de surveillance de l'état chimique des eaux souterraines,Paramètres physico-chimiques pour les plans d'eau,Paramètres physico-chimiques pour les cours d'eau,Arrêté du 7 août 2015 modifiant l'arrêté du 25 janvier 2010 établissant le programme de surveillance de l'état des eaux en application de l'article R. 212-22 du code de l'environnement,Paramètres classés par textes réglementaires";"https://id.eaufrance.fr/gpr/32,https://id.eaufrance.fr/gpr/31,https://id.eaufrance.fr/gpr/215,https://id.eaufrance.fr/gpr/214,https://id.eaufrance.fr/gpr/213,https://id.eaufrance.fr/gpr/212,https://id.eaufrance.fr/gpr/209,https://id.eaufrance.fr/gpr/166,https://id.eaufrance.fr/gpr/165,https://id.eaufrance.fr/gpr/164,https://id.eaufrance.fr/gpr/122,https://id.eaufrance.fr/gpr/121";"27";"°C";"https://id.eaufrance.fr/urf/27";"1";"Résultat > seuil de quantification et < au seuil de saturation";"1";"In situ";"0";"Difficultés inconnues";"0.0";"0.0";"";"50.0";"";"";"";"3";"Méthode spécifique";"https://id.eaufrance.fr/met/3";"";"";"";"";"1";"Analyse réalisée sous accréditation";"0";"3";"Donnée contrôlée niveau 2 (données validées)";"1";"Correcte";"";"";"";"";"";"18750009500026";"AGENCE DE L'EAU SEINE-NORMANDIE";"https://id.eaufrance.fr/int/18750009500026";"41054531300042";"CARSO - LABORATOIRE SANTE ENVIRONNEMENT HYGIENE DE LYON";"https://id.eaufrance.fr/int/41054531300042";"41054531300042";"CARSO - LABORATOIRE SANTE ENVIRONNEMENT HYGIENE DE LYON";"https://id.eaufrance.fr/int/41054531300042";"48.83258716372681";"2.3815423651905463";"03081000202112223";"001";"PC AESN";"20211029114746-PC-502066";"109977838"
"03081000";"LA SEINE A PARIS-12E--ARRONDISSEMENT 1";"https://id.eaufrance.fr/StationMesureEauxSurface/03081000";"3";"Eau";"https://id.eaufrance.fr/sup/3";"23";"Eau brute";"https://id.eaufrance.fr/fan/23";"2021-12-22";"10:45:00";"2024-04-06";"16:01:00";"1350";"Phosphore total";"https://id.eaufrance.fr/par/1350";"0.072";"48,41,31,215,214,213,212,209,194,192,191,190,166,165,164,122,121";"Paramètres phosphorés|Chimique|Paramètres classés par classe|Paramètres de l'analyse régulière du contrôle de surveillance de l'état chimique des eaux souterraines|Paramètres physico-chimiques pour les eaux littorales|Paramètres physico-chimiques pour les plans d'eau|Paramètres physico-chimiques pour les cours d'eau|Arrêté du 26 avril 2022 modifiant l'arrêté du 25 janvier 2010 établissant le programme de surveillance de l'état des eaux en application de l'article R.212.22 du code de l'environnement|Avis relatif aux limites de quantification des couples «paramètre-matrice» de l'agrément des laboratoires effectuant des analyses dans le domaine de l'eau et des milieux aquatiques, matrice Sédiment en eau de surface continentale|Avis relatif aux limites de quantification des couples «paramètre-matrice» de l'agrément des laboratoires effectuant des analyses dans le domaine de l'eau et des milieux aquatiques, matrice Eau résiduaire|Avis relatif aux limites de quantification des couples «paramètre-matrice» de l'agrément des laboratoires effectuant des analyses dans le domaine de l'eau et des milieux aquatiques, matrice Eau douce|Avis relatif aux limites de quantification des couples «paramètre-matrice» de l'agrément des laboratoires effectuant des analyses dans le domaine de l'eau et des milieux aquatiques|Paramètres de l'analyse régulière du contrôle de surveillance de l'état chimique des eaux souterraines|Paramètres physico-chimiques pour les plans d'eau|Paramètres physico-chimiques pour les cours d'eau|Arrêté du 7 août 2015 modifiant l'arrêté du 25 janvier 2010 établissant le programme de surveillance de l'état des eaux en application de l'article R. 212-22 du code de l'environnement|Paramètres classés par textes réglementaires";"https://id.eaufrance.fr/gpr/48,https://id.eaufrance.fr/gpr/41,https://id.eaufrance.fr/gpr/31,https://id.eaufrance.fr/gpr/215,https://id.eaufrance.fr/gpr/214,https://id.eaufrance.fr/gpr/213,https://id.eaufrance.fr/gpr/212,https://id.eaufrance.fr/gpr/209,https://id.eaufrance.fr/gpr/194,https://id.eaufrance.fr/gpr/192,https://id.eaufrance.fr/gpr/191,https://id.eaufrance.fr/gpr/190,https://id.eaufrance.fr/gpr/166,https://id.eaufrance.fr/gpr/165,https://id.eaufrance.fr/gpr/164,https://id.eaufrance.fr/gpr/122,https://id.eaufrance.fr/gpr/121";"177";"mg(P)/L";"https://id.eaufrance.fr/urf/177";"1";"Résultat > seuil de quantification et < au seuil de saturation";"2";"Laboratoire";"0";"Difficultés inconnues";"0.003";"0.01";"";"50.0";"";"";"";"470";"Qualité de l'eau - Dosage du phosphore - Méthode spectrométrique au molybdate d'ammonium (NF EN ISO 6878 Avril 2005 / T90-023)";"https://id.eaufrance.fr/met/470";"";"";"";"";"1";"Analyse réalisée sous accréditation";"0";"3";"Donnée contrôlée niveau 2 (données validées)";"1";"Correcte";"";"";"";"";"";"18750009500026";"AGENCE DE L'EAU SEINE-NORMANDIE";"https://id.eaufrance.fr/int/18750009500026";"41054531300042";"CARSO - LABORATOIRE SANTE ENVIRONNEMENT HYGIENE DE LYON";"https://id.eaufrance.fr/int/41054531300042";"41054531300042";"CARSO - LABORATOIRE SANTE ENVIRONNEMENT HYGIENE DE LYON";"https://id.eaufrance.fr/int/41054531300042";"48.83258716372681";"2.3815423651905463";"03081000202112223";"001";"PC AESN";"20211029114746-PC-502066";"109977828"
"03081000";"LA SEINE A PARIS-12E--ARRONDISSEMENT 1";"https://id.eaufrance.fr/StationMesureEauxSurface/03081000";"3";"Eau";"https://id.eaufrance.fr/sup/3";"3";"Phase aqueuse de l'eau (filtrée, centrifugée...)";"https://id.eaufrance.fr/fan/3";"2021-12-22";"10:45:00";"2024-04-06";"08:56:00";"1340";"Nitrates";"https://id.eaufrance.fr/par/1340";"29.0";"47,41,31,215,214,213,212,209,193,192,191,190,166,165,164,122,121";"Paramètres azotés|Chimique|Paramètres classés par classe|Paramètres de l'analyse régulière du contrôle de surveillance de l'état chimique des eaux souterraines|Paramètres physico-chimiques pour les eaux littorales|Paramètres physico-chimiques pour les plans d'eau|Paramètres physico-chimiques pour les cours d'eau|Arrêté du 26 avril 2022 modifiant l'arrêté du 25 janvier 2010 établissant le programme de surveillance de l'état des eaux en application de l'article R.212.22 du code de l'environnement|Avis relatif aux limites de quantification des couples «paramètre-matrice» de l'agrément des laboratoires effectuant des analyses dans le domaine de l'eau et des milieux aquatiques, matrice Eau saline|Avis relatif aux limites de quantification des couples «paramètre-matrice» de l'agrément des laboratoires effectuant des analyses dans le domaine de l'eau et des milieux aquatiques, matrice Eau résiduaire|Avis relatif aux limites de quantification des couples «paramètre-matrice» de l'agrément des laboratoires effectuant des analyses dans le domaine de l'eau et des milieux aquatiques, matrice Eau douce|Avis relatif aux limites de quantification des couples «paramètre-matrice» de l'agrément des laboratoires effectuant des analyses dans le domaine de l'eau et des milieux aquatiques|Paramètres de l'analyse régulière du contrôle de surveillance de l'état chimique des eaux souterraines|Paramètres physico-chimiques pour les plans d'eau|Paramètres physico-chimiques pour les cours d'eau|Arrêté du 7 août 2015 modifiant l'arrêté du 25 janvier 2010 établissant le programme de surveillance de l'état des eaux en application de l'article R. 212-22 du code de l'environnement|Paramètres classés par textes réglementaires";"https://id.eaufrance.fr/gpr/47,https://id.eaufrance.fr/gpr/41,https://id.eaufrance.fr/gpr/31,https://id.eaufrance.fr/gpr/215,https://id.eaufrance.fr/gpr/214,https://id.eaufrance.fr/gpr/213,https://id.eaufrance.fr/gpr/212,https://id.eaufrance.fr/gpr/209,https://id.eaufrance.fr/gpr/193,https://id.eaufrance.fr/gpr/192,https://id.eaufrance.fr/gpr/191,https://id.eaufrance.fr/gpr/190,https://id.eaufrance.fr/gpr/166,https://id.eaufrance.fr/gpr/165,https://id.eaufrance.fr/gpr/164,https://id.eaufrance.fr/gpr/122,https://id.eaufrance.fr/gpr/121";"173";"mg(NO3)/L";"https://id.eaufrance.fr/urf/173";"1";"Résultat > seuil de quantification et < au seuil de saturation";"2";"Laboratoire";"0";"Difficultés inconnues";"0.03";"0.1";"";"50.0";"";"";"";"706";"Qualité de l'eau - Dosage des anions dissous par chromatographie des ions en phase liquide. Partie 1 : dosage du bromure, chlorure, fluorure, nitrate, nitrite, phosphate et sulfate. (NF EN ISO 10304-1 Juillet 2009 / T90-042-1)";"https://id.eaufrance.fr/met/706";"";"";"";"";"1";"Analyse réalisée sous accréditation";"0";"3";"Donnée contrôlée niveau 2 (données validées)";"1";"Correcte";"";"";"";"";"";"18750009500026";"AGENCE DE L'EAU SEINE-NORMANDIE";"https://id.eaufrance.fr/int/18750009500026";"41054531300042";"CARSO - LABORATOIRE SANTE ENVIRONNEMENT HYGIENE DE LYON";"https://id.eaufrance.fr/int/41054531300042";"41054531300042";"CARSO - LABORATOIRE SANTE ENVIRONNEMENT HYGIENE DE LYON";"https://id.eaufrance.fr/int/41054531300042";"48.83258716372681";"2.3815423651905463";"03081000202112223";"001";"PC AESN";"20211029114746-PC-502066";"109977826"
"03081000";"LA SEINE A PARIS-12E--ARRONDISSEMENT 1";"https://id.eaufrance.fr/StationMesureEauxSurface/03081000";"3";"Eau";"https://id.eaufrance.fr/sup/3";"23";"Eau brute";"https://id.eaufrance.fr/fan/23";"2021-11-17";"12:49:00";"2024-04-06";"12:49:00";"1301";"Température de l'Eau";"https://id.eaufrance.fr/par/1301";"9.8";"32,31,215,214,213,212,209,166,165,164,122,121";"Physique,Paramètres classés par classe,Paramètres de l'analyse régulière du contrôle de surveillance de l'état chimique des eaux souterraines,Paramètres physico-chimiques pour les eaux littorales,Paramètres physico-chimiques pour les plans d'eau,Paramètres physico-chimiques pour les cours d'eau,Arrêté du 26 avril 2022 modifiant l'arrêté du 25 janvier 2010 établissant le programme de surveillance de l'état des eaux en application de l'article R.212.22 du code de l'environnement,Paramètres de l'analyse régulière du contrôle de surveillance de l'état chimique des eaux souterraines,Paramètres physico-chimiques pour les plans d'eau,Paramètres physico-chimiques pour les cours d'eau,Arrêté du 7 août 2015 modifiant l'arrêté du 25 janvier 2010 établissant le programme de surveillance de l'état des eaux en application de l'article R. 212-22 du code de l'environnement,Paramètres classés par textes réglementaires";"https://id.eaufrance.fr/gpr/32,https://id.eaufrance.fr/gpr/31,https://id.eaufrance.fr/gpr/215,https://id.eaufrance.fr/gpr/214,https://id.eaufrance.fr/gpr/213,https://id.eaufrance.fr/gpr/212,https://id.eaufrance.fr/gpr/209,https://id.eaufrance.fr/gpr/166,https://id.eaufrance.fr/gpr/165,https://id.eaufrance.fr/gpr/164,https://id.eaufrance.fr/gpr/122,https://id.eaufrance.fr/gpr/121";"27";"°C";"https://id.eaufrance.fr/urf/27";"1";"Résultat > seuil de quantification et < au seuil de saturation";"1";"In situ";"0";"Difficultés inconnues";"0.0";"0.0";"";"50.0";"";"";"";"3";"Méthode spécifique";"https://id.eaufrance.fr/met/3";"";"";"";"";"1";"Analyse réalisée sous accréditation";"0";"3";"Donnée contrôlée niveau 2 (données validées)";"1";"Correcte";"";"";"";"";"";"18750009500026";"AGENCE DE L'EAU SEINE-NORMANDIE";"https://id.eaufrance.fr/int/18750009500026";"41054531300042";"CARSO - LABORATOIRE SANTE ENVIRONNEMENT HYGIENE DE LYON";"https://id.eaufrance.fr/int/41054531300042";"41054531300042";"CARSO - LABORATOIRE SANTE ENVIRONNEMENT HYGIENE DE LYON";"https://id.eaufrance.fr/int/41054531300042";"48.83258716372681";"2.3815423651905463";"03081000202111173";"001";"PC AESN";"20210908095816-PC-498102";"108731354"
"03081000";"LA SEINE A PARIS-12E--ARRONDISSEMENT 1";"https://id.eaufrance.fr/StationMesureEauxSurface/03081000";"3";"Eau";"https://id.eaufrance.fr/sup/3";"23";"Eau brute";"https://id.eaufrance.fr/fan/23";"2021-11-17";"12:49:00";"2024-04-06";"17:51:00";"1350";"Phosphore total";"https://id.eaufrance.fr/par/1350";"0.104";"48,41,31,215,214,213,212,209,194,192,191,190,166,165,164,122,121";"Paramètres phosphorés|Chimique|Paramètres classés par classe|Paramètres de l'analyse régulière du contrôle de surveillance de l'état chimique des eaux souterraines|Paramètres physico-chimiques pour les eaux littorales|Paramètres physico-chimiques pour les plans d'eau|Paramètres physico-chimiques pour les cours d'eau|Arrêté du 26 avril 2022 modifiant l'arrêté du 25 janvier 2010 établissant le programme de surveillance de l'état des eaux en application de l'article R.212.22 du code de l'environnement|Avis relatif aux limites de quantification des couples «paramètre-matrice» de l'agrément des laboratoires effectuant des analyses dans le domaine de l'eau et des milieux aquatiques, matrice Sédiment en eau de surface continentale|Avis relatif aux limites de quantification des couples «paramètre-matrice» de l'agrément des laboratoires effectuant des analyses dans le domaine de l'eau et des milieux aquatiques, matrice Eau résiduaire|Avis relatif aux limites de quantification des couples «paramètre-matrice» de l'agrément des laboratoires effectuant des analyses dans le domaine de l'eau et des milieux aquatiques, matrice Eau douce|Avis relatif aux limites de quantification des couples «paramètre-matrice» de l'agrément des laboratoires effectuant des analyses dans le domaine de l'eau et des milieux aquatiques|Paramètres de l'analyse régulière du contrôle de surveillance de l'état chimique des eaux souterraines|Paramètres physico-chimiques pour les plans d'eau|Paramètres physico-chimiques pour les cours d'eau|Arrêté du 7 août 2015 modifiant l'arrêté du 25 janvier 2010 établissant le programme de surveillance de l'état des eaux en application de l'article R. 212-22 du code de l'environnement|Paramètres classés par textes réglementaires";"https://id.eaufrance.fr/gpr/48,https://id.eaufrance.fr/gpr/41,https://id.eaufrance.fr/gpr/31,https://id.eaufrance.fr/gpr/215,https://id.eaufrance.fr/gpr/214,https://id.eaufrance.fr/gpr/213,https://id.eaufrance.fr/gpr/212,https://id.eaufrance.fr/gpr/209,https://id.eaufrance.fr/gpr/194,https://id.eaufrance.fr/gpr/192,https://id.eaufrance.fr/gpr/191,https://id.eaufrance.fr/gpr/190,https://id.eaufrance.fr/gpr/166,https://id.eaufrance.fr/gpr/165,https://id.eaufrance.fr/gpr/164,https://id.eaufrance.fr/gpr/122,https://id.eaufrance.fr/gpr/121";"177";"mg(P)/L";"https://id.eaufrance.fr/urf/177";"1";"Résultat > seuil de quantification et < au seuil de saturation";"2";"Laboratoire";"0";"Difficultés inconnues";"0.003";"0.01";"";"50.0";"";"";"";"470";"Qualité de l'eau - Dosage du phosphore - Méthode spectrométrique au molybdate d'ammonium (NF EN ISO 6878 Avril 2005 / T90-023)";"https://id.eaufrance.fr/met/470";"";"";"";"";"1";"Analyse réalisée sous accréditation";"0";"3";"Donnée contrôlée niveau 2 (données validées)";"1";"Correcte";"";"";"";"";"";"18750009500026";"AGENCE DE L'EAU SEINE-NORMANDIE";"https://id.eaufrance.fr/int/18750009500026";"41054531300042";"CARSO - LABORATOIRE SANTE ENVIRONNEMENT HYGIENE DE LYON";"https://id.eaufrance.fr/int/41054531300042";"41054531300042";"CARSO - LABORATOIRE SANTE ENVIRONNEMENT HYGIENE DE LYON";"https://id.eaufrance.fr/int/41054531300042";"48.83258716372681";"2.3815423651905463";"03081000202111173";"001";"PC AESN";"20210908095816-PC-498102";"108731346"
"03081000";"LA SEINE A PARIS-12E--ARRONDISSEMENT 1";"https://id.eaufrance.fr/StationMesureEauxSurface/03081000";"3";"Eau";"https://id.eaufrance.fr/sup/3";"3";"Phase aqueuse de l'eau (filtrée, centrifugée...)";"https://id.eaufrance.fr/fan/3";"2021-11-17";"12:49:00";"2024-04-06";"18:10:00";"1340";"Nitrates";"https://id.eaufrance.fr/par/1340";"21.0";"47,41,31,215,214,213,212,209,193,192,191,190,166,165,164,122,121";"Paramètres azotés|Chimique|Paramètres classés par classe|Paramètres de l'analyse régulière du contrôle de surveillance de l'état chimique des eaux souterraines|Paramètres physico-chimiques pour les eaux littorales|Paramètres physico-chimiques pour les plans d'eau|Paramètres physico-chimiques pour les cours d'eau|Arrêté du 26 avril 2022 modifiant l'arrêté du 25 janvier 2010 établissant le programme de surveillance de l'état des eaux en application de l'article R.212.22 du code de l'environnement|Avis relatif aux limites de quantification des couples «paramètre-matrice» de l'agrément des laboratoires effectuant des analyses dans le domaine de l'eau et des milieux aquatiques, matrice Eau saline|Avis relatif aux limites de quantification des couples «paramètre-matrice» de l'agrément des laboratoires effectuant des analyses dans le domaine de l'eau et des milieux aquatiques, matrice Eau résiduaire|Avis relatif aux limites de quantification des couples «paramètre-matrice» de l'agrément des laboratoires effectuant des analyses dans le domaine de l'eau et des milieux aquatiques, matrice Eau douce|Avis relatif aux limites de quantification des couples «paramètre-matrice» de l'agrément des laboratoires effectuant des analyses dans le domaine de l'eau et des milieux aquatiques|Paramètres de l'analyse régulière du contrôle de surveillance de l'état chimique des eaux souterraines|Paramètres physico-chimiques pour les plans d'eau|Paramètres physico-chimiques pour les cours d'eau|Arrêté du 7 août 2015 modifiant l'arrêté du 25 janvier 2010 établissant le programme de surveillance de l'état des eaux en application de l'article R. 212-22 du code de l'environnement|Paramètres classés par textes réglementaires";"https://id.eaufrance.fr/gpr/47,https://id.eaufrance.fr/gpr/41,https://id.eaufrance.fr/gpr/31,https://id.eaufrance.fr/gpr/215,https://id.eaufrance.fr/gpr/214,https://id.eaufrance.fr/gpr/213,https://id.eaufrance.fr/gpr/212,https://id.eaufrance.fr/gpr/209,https://id.eaufrance.fr/gpr/193,https://id.eaufrance.fr/gpr/192,https://id.eaufrance.fr/gpr/191,https://id.eaufrance.fr/gpr/190,https://id.eaufrance.fr/gpr/166,https://id.eaufrance.fr/gpr/165,https://id.eaufrance.fr/gpr/164,https://id.eaufrance.fr/gpr/122,https://id.eaufrance.fr/gpr/121";"173";"mg(NO3)/L";"https://id.eaufrance.fr/urf/173";"1";"Résultat > seuil de quantification et < au seuil de saturation";"2";"Laboratoire";"0";"Difficultés inconnues";"0.03";"0.1";"";"50.0";"";"";"";"706";"Qualité de l'eau - Dosage des anions dissous par chromatographie des ions en phase liquide. Partie 1 : dosage du bromure, chlorure, fluorure, nitrate, nitrite, phosphate et sulfate. (NF EN ISO 10304-1 Juillet 2009 / T90-042-1)";"https://id.eaufrance.fr/met/706";"";"";"";"";"1";"Analyse réalisée sous accréditation";"0";"3";"Donnée contrôlée niveau 2 (données validées)";"1";"Correcte";"";"";"";"";"";"18750009500026";"AGENCE DE L'EAU SEINE-NORMANDIE";"https://id.eaufrance.fr/int/18750009500026";"41054531300042";"CARSO - LABORATOIRE SANTE ENVIRONNEMENT HYGIENE DE LYON";"https://id.eaufrance.fr/int/41054531300042";"41054531300042";"CARSO - LABORATOIRE SANTE ENVIRONNEMENT HYGIENE DE LYON";"https://id.eaufrance.fr/int/41054531300042";"48.83258716372681";"2.3815423651905463";"03081000202111173";"001";"PC AESN";"20210908095816-PC-498102";"108731344"
"03081000";"LA SEINE A PARIS-12E--ARRONDISSEMENT 1";"https://id.eaufrance.fr/StationMesureEauxSurface/03081000";"3";"Eau";"https://id.eaufrance.fr/sup/3";"23";"Eau brute";"https://id.eaufrance.fr/fan/23";"2021-10-14";"14:50:00";"2024-04-06";"14:50:00";"1301";"Température de l'Eau";"https://id.eaufrance.fr/par/1301";"15.3";"32,31,215,214,213,212,209,166,165,164,122,121";"Physique,Paramètres classés par classe,Paramètres de l'analyse régulière du contrôle de surveillance de l'état chimique des eaux souterraines,Paramètres physico-chimiques pour les eaux littorales,Paramètres physico-chimiques pour les plans d'eau,Paramètres physico-chimiques pour les cours d'eau,Arrêté du 26 avril 2022 modifiant l'arrêté du 25 janvier 2010 établissant le programme de surveillance de l'état des eaux en application de l'article R.212.22 du code de l'environnement,Paramètres de l'analyse régulière du contrôle de surveillance de l'état chimique des eaux souterraines,Paramètres physico-chimiques pour les plans d'eau,Paramètres physico-chimiques pour les cours d'eau,Arrêté du 7 août 2015 modifiant l'arrêté du 25 janvier 2010 établissant le programme de surveillance de l'état des eaux en application de l'article R. 212-22 du code de l'environnement,Paramètres classés par textes réglementaires";"https://id.eaufrance.fr/gpr/32,https://id.eaufrance.fr/gpr/31,https://id.eaufrance.fr/gpr/215,https://id.eaufrance.fr/gpr/214,https://id.eaufrance.fr/gpr/213,https://id.eaufrance.fr/gpr/212,https://id.eaufrance.fr/gpr/209,https://id.eaufrance.fr/gpr/166,https://id.eaufrance.fr/gpr/165,https://id.eaufrance.fr/gpr/164,https://id.eaufrance.fr/gpr/122,https://id.eaufrance.fr/gpr/121";"27";"°C";"https://id.eaufrance.fr/urf/27";"1";"Résultat > seuil de quantification et < au seuil de saturation";"1";"In situ";"0";"Difficultés inconnues";"0.0";"0.0";"";"50.0";"";"";"";"3";"Méthode spécifique";"https://id.eaufrance.fr/met/3";"";"";"";"";"1";"Analyse réalisée sous accréditation";"0";"3";"Donnée contrôlée niveau 2 (données validées)";"1";"Correcte";"";"";"";"";"";"18750009500026";"AGENCE DE L'EAU SEINE-NORMANDIE";"https://id.eaufrance.fr/int/18750009500026";"41054531300042";"CARSO - LABORATOIRE SANTE ENVIRONNEMENT HYGIENE DE LYON";"https://id.eaufrance.fr/int/41054531300042";"41054531300042";"CARSO - LABORATOIRE SANTE ENVIRONNEMENT HYGIENE DE LYON";"https://id.eaufrance.fr/int/41054531300042";"48.83258716372681";"2.3815423651905463";"03081000202110143";"001";"PC AESN";"20210817102523-PC-496215";"107971058"
"03081000";"LA SEINE A PARIS-12E--ARRONDISSEMENT 1";"https://id.eaufrance.fr/StationMesureEauxSurface/03081000";"3";"Eau";"https://id.eaufrance.fr/sup/3";"3";"Phase aqueuse de l'eau (filtrée, centrifugée...)";"https://id.eaufrance.fr/fan/3";"2021-10-14";"14:50:00";"2024-04-06";"08:59:00";"1340";"Nitrates";"https://id.eaufrance.fr/par/1340";"18.0";"47,41,31,215,214,213,212,209,193,192,191,190,166,165,164,122,121";"Paramètres azotés|Chimique|Paramètres classés par classe|Paramètres de l'analyse régulière du contrôle de surveillance de l'état chimique des eaux souterraines|Paramètres physico-chimiques pour les eaux littorales|Paramètres physico-chimiques pour les plans d'eau|Paramètres physico-chimiques pour les cours d'eau|Arrêté du 26 avril 2022 modifiant l'arrêté du 25 janvier 2010 établissant le programme de surveillance de l'état des eaux en application de l'article R.212.22 du code de l'environnement|Avis relatif aux limites de quantification des couples «paramètre-matrice» de l'agrément des laboratoires effectuant des analyses dans le domaine de l'eau et des milieux aquatiques, matrice Eau saline|Avis relatif aux limites de quantification des couples «paramètre-matrice» de l'agrément des laboratoires effectuant des analyses dans le domaine de l'eau et des milieux aquatiques, matrice Eau résiduaire|Avis relatif aux limites de quantification des couples «paramètre-matrice» de l'agrément des laboratoires effectuant des analyses dans le domaine de l'eau et des milieux aquatiques, matrice Eau douce|Avis relatif aux limites de quantification des couples «paramètre-matrice» de l'agrément des laboratoires effectuant des analyses dans le domaine de l'eau et des milieux aquatiques|Paramètres de l'analyse régulière du contrôle de surveillance de l'état chimique des eaux souterraines|Paramètres physico-chimiques pour les plans d'eau|Paramètres physico-chimiques pour les cours d'eau|Arrêté du 7 août 2015 modifiant l'arrêté du 25 janvier 2010 établissant le programme de surveillance de l'état des eaux en application de l'article R. 212-22 du code de l'environnement|Paramètres classés par textes réglementaires";"https://id.eaufrance.fr/gpr/47,https://id.eaufrance.fr/gpr/41,https://id.eaufrance.fr/gpr/31,https://id.eaufrance.fr/gpr/215,https://id.eaufrance.fr/gpr/214,https://id.eaufrance.fr/gpr/213,https://id.eaufrance.fr/gpr/212,https://id.eaufrance.fr/gpr/209,https://id.eaufrance.fr/gpr/193,https://id.eaufrance.fr/gpr/192,https://id.eaufrance.fr/gpr/191,https://id.eaufrance.fr/gpr/190,https://id.eaufrance.fr/gpr/166,https://id.eaufrance.fr/gpr/165,https://id.eaufrance.fr/gpr/164,https://id.eaufrance.fr/gpr/122,https://id.eaufrance.fr/gpr/121";"173";"mg(NO3)/L";"https://id.eaufrance.fr/urf/173";"1";"Résultat > seuil de quantification et < au seuil de saturation";"2";"Laboratoire";"0";"Difficultés inconnues";"0.03";"0.1";"";"50.0";"";"";"";"706";"Qualité de l'eau - Dosage des anions dissous par chromatographie des ions en phase liquide. Partie 1 : dosage du bromure, chlorure, fluorure, nitrate, nitrite, phosphate et sulfate. (NF EN ISO 10304-1 Juillet 2009 / T90-042-1)";"https://id.eaufrance.fr/met/706";"";"";"";"";"1";"Analyse réalisée sous accréditation";"0";"3";"Donnée contrôlée niveau 2 (données validées)";"1";"Correcte";"";"";"";"";"";"18750009500026";"AGENCE DE L'EAU SEINE-NORMANDIE";"https://id.eaufrance.fr/int/18750009500026";"41054531300042";"CARSO - LABORATOIRE SANTE ENVIRONNEMENT HYGIENE DE LYON";"https://id.eaufrance.fr/int/41054531300042";"41054531300042";"CARSO - LABORATOIRE SANTE ENVIRONNEMENT HYGIENE DE LYON";"https://id.eaufrance.fr/int/41054531300042";"48.83258716372681";"2.3815423651905463";"03081000202110143";"001";"PC AESN";"20210817102523-PC-496215";"107971037"
"03081000";"LA SEINE A PARIS-12E--ARRONDISSEMENT 1";"https://id.eaufrance.fr/StationMesureEauxSurface/03081000";"3";"Eau";"https://id.eaufrance.fr/sup/3";"23";"Eau brute";"https://id.eaufrance.fr/fan/23";"2021-10-14";"14:50:00";"2024-04-06";"14:50:00";"1350";"Phosphore total";"https://id.eaufrance.fr/par/1350";"0.111";"48,41,31,215,214,213,212,209,194,192,191,190,166,165,164,122,121";"Paramètres phosphorés|Chimique|Paramètres classés par classe|Paramètres de l'analyse régulière du contrôle de surveillance de l'état chimique des eaux souterraines|Paramètres physico-chimiques pour les eaux littorales|Paramètres physico-chimiques pour les plans d'eau|Paramètres physico-chimiques pour les cours d'eau|Arrêté du 26 avril 2022 modifiant l'arrêté du 25 janvier 2010 établissant le programme de surveillance de l'état des eaux en application de l'article R.212.22 du code de l'environnement|Avis relatif aux limites de quantification des couples «paramètre-matrice» de l'agrément des laboratoires effectuant des analyses dans le domaine de l'eau et des milieux aquatiques, matrice Sédiment en eau de surface continentale|Avis relatif aux limites de quantification des couples «paramètre-matrice» de l'agrément des laboratoires effectuant des analyses dans le domaine de l'eau et des milieux aquatiques, matrice Eau résiduaire|Avis relatif aux limites de quantification des couples «paramètre-matrice» de l'agrément des laboratoires effectuant des analyses dans le domaine de l'eau et des milieux aquatiques, matrice Eau douce|Avis relatif aux limites de quantification des couples «paramètre-matrice» de l'agrément des laboratoires effectuant des analyses dans le domaine de l'eau et des milieux aquatiques|Paramètres de l'analyse régulière du contrôle de surveillance de l'état chimique des eaux souterraines|Paramètres physico-chimiques pour les plans d'eau|Paramètres physico-chimiques pour les cours d'eau|Arrêté du 7 août 2015 modifiant l'arrêté du 25 janvier 2010 établissant le programme de surveillance de l'état des eaux en application de l'article R. 212-22 du code de l'environnement|Paramètres classés par textes réglementaires";"https://id.eaufrance.fr/gpr/48,https://id.eaufrance.fr/gpr/41,https://id.eaufrance.fr/gpr/31,https://id.eaufrance.fr/gpr/215,https://id.eaufrance.fr/gpr/214,https://id.eaufrance.fr/gpr/213,https://id.eaufrance.fr/gpr/212,https://id.eaufrance.fr/gpr/209,https://id.eaufrance.fr/gpr/194,https://id.eaufrance.fr/gpr/192,https://id.eaufrance.fr/gpr/191,https://id.eaufrance.fr/gpr/190,https://id.eaufrance.fr/gpr/166,https://id.eaufrance.fr/gpr/165,https://id.eaufrance.fr/gpr/164,https://id.eaufrance.fr/gpr/122,https://id.eaufrance.fr/gpr/121";"177";"mg(P)/L";"https://id.eaufrance.fr/urf/177";"1";"Résultat > seuil de quantification et < au seuil de saturation";"2";"Laboratoire";"0";"Difficultés inconnues";"0.003";"0.01";"";"50.0";"";"";"";"470";"Qualité de l'eau - Dosage du phosphore - Méthode spectrométrique au molybdate d'ammonium (NF EN ISO 6878 Avril 2005 / T90-023)";"https://id.eaufrance.fr/met/470";"";"";"";"";"1";"Analyse réalisée sous accréditation";"0";"3";"Donnée contrôlée niveau 2 (données validées)";"1";"Correcte";"";"";"";"";"";"18750009500026";"AGENCE DE L'EAU SEINE-NORMANDIE";"https://id.eaufrance.fr/int/18750009500026";"41054531300042";"CARSO - LABORATOIRE SANTE ENVIRONNEMENT HYGIENE DE LYON";"https://id.eaufrance.fr/int/41054531300042";"41054531300042";"CARSO - LABORATOIRE SANTE ENVIRONNEMENT HYGIENE DE LYON";"https://id.eaufrance.fr/int/41054531300042";"48.83258716372681";"2.3815423651905463";"03081000202110143";"001";"PC AESN";"20210817102523-PC-496215";"107971039"
"03081000";"LA SEINE A PARIS-12E--ARRONDISSEMENT 1";"https://id.eaufrance.fr/StationMesureEauxSurface/03081000";"3";"Eau";"https://id.eaufrance.fr/sup/3";"23";"Eau brute";"https://id.eaufrance.fr/fan/23";"2021-08-17";"09:43:00";"2024-04-06";"09:43:00";"1301";"Température de l'Eau";"https://id.eaufrance.fr/par/1301";"20.8";"32,31,215,214,213,212,209,166,165,164,122,121";"Physique,Paramètres classés par classe,Paramètres de l'analyse régulière du contrôle de surveillance de l'état chimique des eaux souterraines,Paramètres physico-chimiques pour les eaux littorales,Paramètres physico-chimiques pour les plans d'eau,Paramètres physico-chimiques pour les cours d'eau,Arrêté du 26 avril 2022 modifiant l'arrêté du 25 janvier 2010 établissant le programme de surveillance de l'état des eaux en application de l'article R.212.22 du code de l'environnement,Paramètres de l'analyse régulière du contrôle de surveillance de l'état chimique des eaux souterraines,Paramètres physico-chimiques pour les plans d'eau,Paramètres physico-chimiques pour les cours d'eau,Arrêté du 7 août 2015 modifiant l'arrêté du 25 janvier 2010 établissant le programme de surveillance de l'état des eaux en application de l'article R. 212-22 du code de l'environnement,Paramètres classés par textes réglementaires";"https://id.eaufrance.fr/gpr/32,https://id.eaufrance.fr/gpr/31,https://id.eaufrance.fr/gpr/215,https://id.eaufrance.fr/gpr/214,https://id.eaufrance.fr/gpr/213,https://id.eaufrance.fr/gpr/212,https://id.eaufrance.fr/gpr/209,https://id.eaufrance.fr/gpr/166,https://id.eaufrance.fr/gpr/165,https://id.eaufrance.fr/gpr/164,https://id.eaufrance.fr/gpr/122,https://id.eaufrance.fr/gpr/121";"27";"°C";"https://id.eaufrance.fr/urf/27";"1";"Résultat > seuil de quantification et < au seuil de saturation";"1";"In situ";"0";"Difficultés inconnues";"0.0";"0.0";"";"50.0";"";"";"";"3";"Méthode spécifique";"https://id.eaufrance.fr/met/3";"";"";"";"";"1";"Analyse réalisée sous accréditation";"0";"3";"Donnée contrôlée niveau 2 (données validées)";"1";"Correcte";"";"";"";"";"";"18750009500026";"AGENCE DE L'EAU SEINE-NORMANDIE";"https://id.eaufrance.fr/int/18750009500026";"41054531300042";"CARSO - LABORATOIRE SANTE ENVIRONNEMENT HYGIENE DE LYON";"https://id.eaufrance.fr/int/41054531300042";"41054531300042";"CARSO - LABORATOIRE SANTE ENVIRONNEMENT HYGIENE DE LYON";"https://id.eaufrance.fr/int/41054531300042";"48.83258716372681";"2.3815423651905463";"03081000202108173";"001";"PC AESN";"20210629225052-PC-490577";"106483835"
"03081000";"LA SEINE A PARIS-12E--ARRONDISSEMENT 1";"https://id.eaufrance.fr/StationMesureEauxSurface/03081000";"3";"Eau";"https://id.eaufrance.fr/sup/3";"3";"Phase aqueuse de l'eau (filtrée, centrifugée...)";"https://id.eaufrance.fr/fan/3";"2021-08-17";"09:43:00";"2024-04-06";"07:11:00";"1340";"Nitrates";"https://id.eaufrance.fr/par/1340";"17.0";"47,41,31,215,214,213,212,209,193,192,191,190,166,165,164,122,121";"Paramètres azotés|Chimique|Paramètres classés par classe|Paramètres de l'analyse régulière du contrôle de surveillance de l'état chimique des eaux souterraines|Paramètres physico-chimiques pour les eaux littorales|Paramètres physico-chimiques pour les plans d'eau|Paramètres physico-chimiques pour les cours d'eau|Arrêté du 26 avril 2022 modifiant l'arrêté du 25 janvier 2010 établissant le programme de surveillance de l'état des eaux en application de l'article R.212.22 du code de l'environnement|Avis relatif aux limites de quantification des couples «paramètre-matrice» de l'agrément des laboratoires effectuant des analyses dans le domaine de l'eau et des milieux aquatiques, matrice Eau saline|Avis relatif aux limites de quantification des couples «paramètre-matrice» de l'agrément des laboratoires effectuant des analyses dans le domaine de l'eau et des milieux aquatiques, matrice Eau résiduaire|Avis relatif aux limites de quantification des couples «paramètre-matrice» de l'agrément des laboratoires effectuant des analyses dans le domaine de l'eau et des milieux aquatiques, matrice Eau douce|Avis relatif aux limites de quantification des couples «paramètre-matrice» de l'agrément des laboratoires effectuant des analyses dans le domaine de l'eau et des milieux aquatiques|Paramètres de l'analyse régulière du contrôle de surveillance de l'état chimique des eaux souterraines|Paramètres physico-chimiques pour les plans d'eau|Paramètres physico-chimiques pour les cours d'eau|Arrêté du 7 août 2015 modifiant l'arrêté du 25 janvier 2010 établissant le programme de surveillance de l'état des eaux en application de l'article R. 212-22 du code de l'environnement|Paramètres classés par textes réglementaires";"https://id.eaufrance.fr/gpr/47,https://id.eaufrance.fr/gpr/41,https://id.eaufrance.fr/gpr/31,https://id.eaufrance.fr/gpr/215,https://id.eaufrance.fr/gpr/214,https://id.eaufrance.fr/gpr/213,https://id.eaufrance.fr/gpr/212,https://id.eaufrance.fr/gpr/209,https://id.eaufrance.fr/gpr/193,https://id.eaufrance.fr/gpr/192,https://id.eaufrance.fr/gpr/191,https://id.eaufrance.fr/gpr/190,https://id.eaufrance.fr/gpr/166,https://id.eaufrance.fr/gpr/165,https://id.eaufrance.fr/gpr/164,https://id.eaufrance.fr/gpr/122,https://id.eaufrance.fr/gpr/121";"173";"mg(NO3)/L";"https://id.eaufrance.fr/urf/173";"1";"Résultat > seuil de quantification et < au seuil de saturation";"2";"Laboratoire";"0";"Difficultés inconnues";"0.03";"0.1";"";"50.0";"";"";"";"706";"Qualité de l'eau - Dosage des anions dissous par chromatographie des ions en phase liquide. Partie 1 : dosage du bromure, chlorure, fluorure, nitrate, nitrite, phosphate et sulfate. (NF EN ISO 10304-1 Juillet 2009 / T90-042-1)";"https://id.eaufrance.fr/met/706";"";"";"";"";"1";"Analyse réalisée sous accréditation";"0";"3";"Donnée contrôlée niveau 2 (données validées)";"1";"Correcte";"";"";"";"";"";"18750009500026";"AGENCE DE L'EAU SEINE-NORMANDIE";"https://id.eaufrance.fr/int/18750009500026";"41054531300042";"CARSO - LABORATOIRE SANTE ENVIRONNEMENT HYGIENE DE LYON";"https://id.eaufrance.fr/int/41054531300042";"41054531300042";"CARSO - LABORATOIRE SANTE ENVIRONNEMENT HYGIENE DE LYON";"https://id.eaufrance.fr/int/41054531300042";"48.83258716372681";"2.3815423651905463";"03081000202108173";"001";"PC AESN";"20210629225052-PC-490577";"106483823"
"03081000";"LA SEINE A PARIS-12E--ARRONDISSEMENT 1";"https://id.eaufrance.fr/StationMesureEauxSurface/03081000";"3";"Eau";"https://id.eaufrance.fr/sup/3";"23";"Eau brute";"https://id.eaufrance.fr/fan/23";"2021-08-17";"09:43:00";"2024-04-06";"16:13:00";"1350";"Phosphore total";"https://id.eaufrance.fr/par/1350";"0.076";"48,41,31,215,214,213,212,209,194,192,191,190,166,165,164,122,121";"Paramètres phosphorés|Chimique|Paramètres classés par classe|Paramètres de l'analyse régulière du contrôle de surveillance de l'état chimique des eaux souterraines|Paramètres physico-chimiques pour les eaux littorales|Paramètres physico-chimiques pour les plans d'eau|Paramètres physico-chimiques pour les cours d'eau|Arrêté du 26 avril 2022 modifiant l'arrêté du 25 janvier 2010 établissant le programme de surveillance de l'état des eaux en application de l'article R.212.22 du code de l'environnement|Avis relatif aux limites de quantification des couples «paramètre-matrice» de l'agrément des laboratoires effectuant des analyses dans le domaine de l'eau et des milieux aquatiques, matrice Sédiment en eau de surface continentale|Avis relatif aux limites de quantification des couples «paramètre-matrice» de l'agrément des laboratoires effectuant des analyses dans le domaine de l'eau et des milieux aquatiques, matrice Eau résiduaire|Avis relatif aux limites de quantification des couples «paramètre-matrice» de l'agrément des laboratoires effectuant des analyses dans le domaine de l'eau et des milieux aquatiques, matrice Eau douce|Avis relatif aux limites de quantification des couples «paramètre-matrice» de l'agrément des laboratoires effectuant des analyses dans le domaine de l'eau et des milieux aquatiques|Paramètres de l'analyse régulière du contrôle de surveillance de l'état chimique des eaux souterraines|Paramètres physico-chimiques pour les plans d'eau|Paramètres physico-chimiques pour les cours d'eau|Arrêté du 7 août 2015 modifiant l'arrêté du 25 janvier 2010 établissant le programme de surveillance de l'état des eaux en application de l'article R. 212-22 du code de l'environnement|Paramètres classés par textes réglementaires";"https://id.eaufrance.fr/gpr/48,https://id.eaufrance.fr/gpr/41,https://id.eaufrance.fr/gpr/31,https://id.eaufrance.fr/gpr/215,https://id.eaufrance.fr/gpr/214,https://id.eaufrance.fr/gpr/213,https://id.eaufrance.fr/gpr/212,https://id.eaufrance.fr/gpr/209,https://id.eaufrance.fr/gpr/194,https://id.eaufrance.fr/gpr/192,https://id.eaufrance.fr/gpr/191,https://id.eaufrance.fr/gpr/190,https://id.eaufrance.fr/gpr/166,https://id.eaufrance.fr/gpr/165,https://id.eaufrance.fr/gpr/164,https://id.eaufrance.fr/gpr/122,https://id.eaufrance.fr/gpr/121";"177";"mg(P)/L";"https://id.eaufrance.fr/urf/177";"1";"Résultat > seuil de quantification et < au seuil de saturation";"2";"Laboratoire";"0";"Difficultés inconnues";"0.003";"0.01";"";"50.0";"";"";"";"470";"Qualité de l'eau - Dosage du phosphore - Méthode spectrométrique au molybdate d'ammonium (NF EN ISO 6878 Avril 2005 / T90-023)";"https://id.eaufrance.fr/met/470";"";"";"";"";"1";"Analyse réalisée sous accréditation";"0";"3";"Donnée contrôlée niveau 2 (données validées)";"1";"Correcte";"";"";"";"";"";"18750009500026";"AGENCE DE L'EAU SEINE-NORMANDIE";"https://id.eaufrance.fr/int/18750009500026";"41054531300042";"CARSO - LABORATOIRE SANTE ENVIRONNEMENT HYGIENE DE LYON";"https://id.eaufrance.fr/int/41054531300042";"41054531300042";"CARSO - LABORATOIRE SANTE ENVIRONNEMENT HYGIENE DE LYON";"https://id.eaufrance.fr/int/41054531300042";"48.83258716372681";"2.3815423651905463";"03081000202108173";"001";"PC AESN";"20210629225052-PC-490577";"106483825"
"03081000";"LA SEINE A PARIS-12E--ARRONDISSEMENT 1";"https://id.eaufrance.fr/StationMesureEauxSurface/03081000";"3";"Eau";"https://id.eaufrance.fr/sup/3";"23";"Eau brute";"https://id.eaufrance.fr/fan/23";"2021-06-15";"13:21:00";"2024-04-06";"08:06:00";"1350";"Phosphore total";"https://id.eaufrance.fr/par/1350";"0.118";"48,41,31,215,214,213,212,209,194,192,191,190,166,165,164,122,121";"Paramètres phosphorés|Chimique|Paramètres classés par classe|Paramètres de l'analyse régulière du contrôle de surveillance de l'état chimique des eaux souterraines|Paramètres physico-chimiques pour les eaux littorales|Paramètres physico-chimiques pour les plans d'eau|Paramètres physico-chimiques pour les cours d'eau|Arrêté du 26 avril 2022 modifiant l'arrêté du 25 janvier 2010 établissant le programme de surveillance de l'état des eaux en application de l'article R.212.22 du code de l'environnement|Avis relatif aux limites de quantification des couples «paramètre-matrice» de l'agrément des laboratoires effectuant des analyses dans le domaine de l'eau et des milieux aquatiques, matrice Sédiment en eau de surface continentale|Avis relatif aux limites de quantification des couples «paramètre-matrice» de l'agrément des laboratoires effectuant des analyses dans le domaine de l'eau et des milieux aquatiques, matrice Eau résiduaire|Avis relatif aux limites de quantification des couples «paramètre-matrice» de l'agrément des laboratoires effectuant des analyses dans le domaine de l'eau et des milieux aquatiques, matrice Eau douce|Avis relatif aux limites de quantification des couples «paramètre-matrice» de l'agrément des laboratoires effectuant des analyses dans le domaine de l'eau et des milieux aquatiques|Paramètres de l'analyse régulière du contrôle de surveillance de l'état chimique des eaux souterraines|Paramètres physico-chimiques pour les plans d'eau|Paramètres physico-chimiques pour les cours d'eau|Arrêté du 7 août 2015 modifiant l'arrêté du 25 janvier 2010 établissant le programme de surveillance de l'état des eaux en application de l'article R. 212-22 du code de l'environnement|Paramètres classés par textes réglementaires";"https://id.eaufrance.fr/gpr/48,https://id.eaufrance.fr/gpr/41,https://id.eaufrance.fr/gpr/31,https://id.eaufrance.fr/gpr/215,https://id.eaufrance.fr/gpr/214,https://id.eaufrance.fr/gpr/213,https://id.eaufrance.fr/gpr/212,https://id.eaufrance.fr/gpr/209,https://id.eaufrance.fr/gpr/194,https://id.eaufrance.fr/gpr/192,https://id.eaufrance.fr/gpr/191,https://id.eaufrance.fr/gpr/190,https://id.eaufrance.fr/gpr/166,https://id.eaufrance.fr/gpr/165,https://id.eaufrance.fr/gpr/164,https://id.eaufrance.fr/gpr/122,https://id.eaufrance.fr/gpr/121";"177";"mg(P)/L";"https://id.eaufrance.fr/urf/177";"1";"Résultat > seuil de quantification et < au seuil de saturation";"2";"Laboratoire";"0";"Difficultés inconnues";"0.003";"0.01";"";"50.0";"";"";"";"470";"Qualité de l'eau - Dosage du phosphore - Méthode spectrométrique au molybdate d'ammonium (NF EN ISO 6878 Avril 2005 / T90-023)";"https://id.eaufrance.fr/met/470";"";"";"";"";"1";"Analyse réalisée sous accréditation";"0";"3";"Donnée contrôlée niveau 2 (données validées)";"1";"Correcte";"";"";"";"";"";"18750009500026";"AGENCE DE L'EAU SEINE-NORMANDIE";"https://id.eaufrance.fr/int/18750009500026";"41054531300042";"CARSO - LABORATOIRE SANTE ENVIRONNEMENT HYGIENE DE LYON";"https://id.eaufrance.fr/int/41054531300042";"41054531300042";"CARSO - LABORATOIRE SANTE ENVIRONNEMENT HYGIENE DE LYON";"https://id.eaufrance.fr/int/41054531300042";"48.83258716372681";"2.3815423651905463";"03081000202106153";"001";"PC AESN";"20210510152225-PC-486435";"105315557"
"03081000";"LA SEINE A PARIS-12E--ARRONDISSEMENT 1";"https://id.eaufrance.fr/StationMesureEauxSurface/03081000";"3";"Eau";"https://id.eaufrance.fr/sup/3";"3";"Phase aqueuse de l'eau (filtrée, centrifugée...)";"https://id.eaufrance.fr/fan/3";"2021-06-15";"13:21:00";"2024-04-06";"08:15:00";"1340";"Nitrates";"https://id.eaufrance.fr/par/1340";"20.0";"47,41,31,215,214,213,212,209,193,192,191,190,166,165,164,122,121";"Paramètres azotés|Chimique|Paramètres classés par classe|Paramètres de l'analyse régulière du contrôle de surveillance de l'état chimique des eaux souterraines|Paramètres physico-chimiques pour les eaux littorales|Paramètres physico-chimiques pour les plans d'eau|Paramètres physico-chimiques pour les cours d'eau|Arrêté du 26 avril 2022 modifiant l'arrêté du 25 janvier 2010 établissant le programme de surveillance de l'état des eaux en application de l'article R.212.22 du code de l'environnement|Avis relatif aux limites de quantification des couples «paramètre-matrice» de l'agrément des laboratoires effectuant des analyses dans le domaine de l'eau et des milieux aquatiques, matrice Eau saline|Avis relatif aux limites de quantification des couples «paramètre-matrice» de l'agrément des laboratoires effectuant des analyses dans le domaine de l'eau et des milieux aquatiques, matrice Eau résiduaire|Avis relatif aux limites de quantification des couples «paramètre-matrice» de l'agrément des laboratoires effectuant des analyses dans le domaine de l'eau et des milieux aquatiques, matrice Eau douce|Avis relatif aux limites de quantification des couples «paramètre-matrice» de l'agrément des laboratoires effectuant des analyses dans le domaine de l'eau et des milieux aquatiques|Paramètres de l'analyse régulière du contrôle de surveillance de l'état chimique des eaux souterraines|Paramètres physico-chimiques pour les plans d'eau|Paramètres physico-chimiques pour les cours d'eau|Arrêté du 7 août 2015 modifiant l'arrêté du 25 janvier 2010 établissant le programme de surveillance de l'état des eaux en application de l'article R. 212-22 du code de l'environnement|Paramètres classés par textes réglementaires";"https://id.eaufrance.fr/gpr/47,https://id.eaufrance.fr/gpr/41,https://id.eaufrance.fr/gpr/31,https://id.eaufrance.fr/gpr/215,https://id.eaufrance.fr/gpr/214,https://id.eaufrance.fr/gpr/213,https://id.eaufrance.fr/gpr/212,https://id.eaufrance.fr/gpr/209,https://id.eaufrance.fr/gpr/193,https://id.eaufrance.fr/gpr/192,https://id.eaufrance.fr/gpr/191,https://id.eaufrance.fr/gpr/190,https://id.eaufrance.fr/gpr/166,https://id.eaufrance.fr/gpr/165,https://id.eaufrance.fr/gpr/164,https://id.eaufrance.fr/gpr/122,https://id.eaufrance.fr/gpr/121";"173";"mg(NO3)/L";"https://id.eaufrance.fr/urf/173";"1";"Résultat > seuil de quantification et < au seuil de saturation";"2";"Laboratoire";"0";"Difficultés inconnues";"0.03";"0.1";"";"50.0";"";"";"";"706";"Qualité de l'eau - Dosage des anions dissous par chromatographie des ions en phase liquide. Partie 1 : dosage du bromure, chlorure, fluorure, nitrate, nitrite, phosphate et sulfate. (NF EN ISO 10304-1 Juillet 2009 / T90-042-1)";"https://id.eaufrance.fr/met/706";"";"";"";"";"1";"Analyse réalisée sous accréditation";"0";"3";"Donnée contrôlée niveau 2 (données validées)";"1";"Correcte";"";"";"";"";"";"18750009500026";"AGENCE DE L'EAU SEINE-NORMANDIE";"https://id.eaufrance.fr/int/18750009500026";"41054531300042";"CARSO - LABORATOIRE SANTE ENVIRONNEMENT HYGIENE DE LYON";"https://id.eaufrance.fr/int/41054531300042";"41054531300042";"CARSO - LABORATOIRE SANTE ENVIRONNEMENT HYGIENE DE LYON";"https://id.eaufrance.fr/int/41054531300042";"48.83258716372681";"2.3815423651905463";"03081000202106153";"001";"PC AESN";"20210510152225-PC-486435";"105315555"
"03081000";"LA SEINE A PARIS-12E--ARRONDISSEMENT 1";"https://id.eaufrance.fr/StationMesureEauxSurface/03081000";"3";"Eau";"https://id.eaufrance.fr/sup/3";"23";"Eau brute";"https://id.eaufrance.fr/fan/23";"2021-06-15";"13:21:00";"2024-04-06";"13:21:00";"1301";"Température de l'Eau";"https://id.eaufrance.fr/par/1301";"23.5";"32,31,215,214,213,212,209,166,165,164,122,121";"Physique,Paramètres classés par classe,Paramètres de l'analyse régulière du contrôle de surveillance de l'état chimique des eaux souterraines,Paramètres physico-chimiques pour les eaux littorales,Paramètres physico-chimiques pour les plans d'eau,Paramètres physico-chimiques pour les cours d'eau,Arrêté du 26 avril 2022 modifiant l'arrêté du 25 janvier 2010 établissant le programme de surveillance de l'état des eaux en application de l'article R.212.22 du code de l'environnement,Paramètres de l'analyse régulière du contrôle de surveillance de l'état chimique des eaux souterraines,Paramètres physico-chimiques pour les plans d'eau,Paramètres physico-chimiques pour les cours d'eau,Arrêté du 7 août 2015 modifiant l'arrêté du 25 janvier 2010 établissant le programme de surveillance de l'état des eaux en application de l'article R. 212-22 du code de l'environnement,Paramètres classés par textes réglementaires";"https://id.eaufrance.fr/gpr/32,https://id.eaufrance.fr/gpr/31,https://id.eaufrance.fr/gpr/215,https://id.eaufrance.fr/gpr/214,https://id.eaufrance.fr/gpr/213,https://id.eaufrance.fr/gpr/212,https://id.eaufrance.fr/gpr/209,https://id.eaufrance.fr/gpr/166,https://id.eaufrance.fr/gpr/165,https://id.eaufrance.fr/gpr/164,https://id.eaufrance.fr/gpr/122,https://id.eaufrance.fr/gpr/121";"27";"°C";"https://id.eaufrance.fr/urf/27";"1";"Résultat > seuil de quantification et < au seuil de saturation";"1";"In situ";"0";"Difficultés inconnues";"0.0";"0.0";"";"50.0";"";"";"";"3";"Méthode spécifique";"https://id.eaufrance.fr/met/3";"";"";"";"";"1";"Analyse réalisée sous accréditation";"0";"3";"Donnée contrôlée niveau 2 (données validées)";"1";"Correcte";"";"";"";"";"";"18750009500026";"AGENCE DE L'EAU SEINE-NORMANDIE";"https://id.eaufrance.fr/int/18750009500026";"41054531300042";"CARSO - LABORATOIRE SANTE ENVIRONNEMENT HYGIENE DE LYON";"https://id.eaufrance.fr/int/41054531300042";"41054531300042";"CARSO - LABORATOIRE SANTE ENVIRONNEMENT HYGIENE DE LYON";"https://id.eaufrance.fr/int/41054531300042";"48.83258716372681";"2.3815423651905463";"03081000202106153";"001";"PC AESN";"20210510152225-PC-486435";"105315569"
"03081000";"LA SEINE A PARIS-12E--ARRONDISSEMENT 1";"https://id.eaufrance.fr/StationMesureEauxSurface/03081000";"3";"Eau";"https://id.eaufrance.fr/sup/3";"23";"Eau brute";"https://id.eaufrance.fr/fan/23";"2021-04-19";"09:55:00";"2024-04-06";"10:17:00";"1350";"Phosphore total";"https://id.eaufrance.fr/par/1350";"0.054";"48,41,31,215,214,213,212,209,194,192,191,190,166,165,164,122,121";"Paramètres phosphorés|Chimique|Paramètres classés par classe|Paramètres de l'analyse régulière du contrôle de surveillance de l'état chimique des eaux souterraines|Paramètres physico-chimiques pour les eaux littorales|Paramètres physico-chimiques pour les plans d'eau|Paramètres physico-chimiques pour les cours d'eau|Arrêté du 26 avril 2022 modifiant l'arrêté du 25 janvier 2010 établissant le programme de surveillance de l'état des eaux en application de l'article R.212.22 du code de l'environnement|Avis relatif aux limites de quantification des couples «paramètre-matrice» de l'agrément des laboratoires effectuant des analyses dans le domaine de l'eau et des milieux aquatiques, matrice Sédiment en eau de surface continentale|Avis relatif aux limites de quantification des couples «paramètre-matrice» de l'agrément des laboratoires effectuant des analyses dans le domaine de l'eau et des milieux aquatiques, matrice Eau résiduaire|Avis relatif aux limites de quantification des couples «paramètre-matrice» de l'agrément des laboratoires effectuant des analyses dans le domaine de l'eau et des milieux aquatiques, matrice Eau douce|Avis relatif aux limites de quantification des couples «paramètre-matrice» de l'agrément des laboratoires effectuant des analyses dans le domaine de l'eau et des milieux aquatiques|Paramètres de l'analyse régulière du contrôle de surveillance de l'état chimique des eaux souterraines|Paramètres physico-chimiques pour les plans d'eau|Paramètres physico-chimiques pour les cours d'eau|Arrêté du 7 août 2015 modifiant l'arrêté du 25 janvier 2010 établissant le programme de surveillance de l'état des eaux en application de l'article R. 212-22 du code de l'environnement|Paramètres classés par textes réglementaires";"https://id.eaufrance.fr/gpr/48,https://id.eaufrance.fr/gpr/41,https://id.eaufrance.fr/gpr/31,https://id.eaufrance.fr/gpr/215,https://id.eaufrance.fr/gpr/214,https://id.eaufrance.fr/gpr/213,https://id.eaufrance.fr/gpr/212,https://id.eaufrance.fr/gpr/209,https://id.eaufrance.fr/gpr/194,https://id.eaufrance.fr/gpr/192,https://id.eaufrance.fr/gpr/191,https://id.eaufrance.fr/gpr/190,https://id.eaufrance.fr/gpr/166,https://id.eaufrance.fr/gpr/165,https://id.eaufrance.fr/gpr/164,https://id.eaufrance.fr/gpr/122,https://id.eaufrance.fr/gpr/121";"177";"mg(P)/L";"https://id.eaufrance.fr/urf/177";"1";"Résultat > seuil de quantification et < au seuil de saturation";"2";"Laboratoire";"0";"Difficultés inconnues";"0.003";"0.01";"";"50.0";"";"";"";"470";"Qualité de l'eau - Dosage du phosphore - Méthode spectrométrique au molybdate d'ammonium (NF EN ISO 6878 Avril 2005 / T90-023)";"https://id.eaufrance.fr/met/470";"";"";"";"";"1";"Analyse réalisée sous accréditation";"0";"3";"Donnée contrôlée niveau 2 (données validées)";"1";"Correcte";"";"";"";"";"";"18750009500026";"AGENCE DE L'EAU SEINE-NORMANDIE";"https://id.eaufrance.fr/int/18750009500026";"41054531300042";"CARSO - LABORATOIRE SANTE ENVIRONNEMENT HYGIENE DE LYON";"https://id.eaufrance.fr/int/41054531300042";"41054531300042";"CARSO - LABORATOIRE SANTE ENVIRONNEMENT HYGIENE DE LYON";"https://id.eaufrance.fr/int/41054531300042";"48.83258716372681";"2.3815423651905463";"03081000202104193";"001";"PC AESN";"20210308212758-PC-483781";"104185076"
"03081000";"LA SEINE A PARIS-12E--ARRONDISSEMENT 1";"https://id.eaufrance.fr/StationMesureEauxSurface/03081000";"3";"Eau";"https://id.eaufrance.fr/sup/3";"3";"Phase aqueuse de l'eau (filtrée, centrifugée...)";"https://id.eaufrance.fr/fan/3";"2021-04-19";"09:55:00";"2024-04-06";"09:48:00";"1340";"Nitrates";"https://id.eaufrance.fr/par/1340";"26.0";"47,41,31,215,214,213,212,209,193,192,191,190,166,165,164,122,121";"Paramètres azotés|Chimique|Paramètres classés par classe|Paramètres de l'analyse régulière du contrôle de surveillance de l'état chimique des eaux souterraines|Paramètres physico-chimiques pour les eaux littorales|Paramètres physico-chimiques pour les plans d'eau|Paramètres physico-chimiques pour les cours d'eau|Arrêté du 26 avril 2022 modifiant l'arrêté du 25 janvier 2010 établissant le programme de surveillance de l'état des eaux en application de l'article R.212.22 du code de l'environnement|Avis relatif aux limites de quantification des couples «paramètre-matrice» de l'agrément des laboratoires effectuant des analyses dans le domaine de l'eau et des milieux aquatiques, matrice Eau saline|Avis relatif aux limites de quantification des couples «paramètre-matrice» de l'agrément des laboratoires effectuant des analyses dans le domaine de l'eau et des milieux aquatiques, matrice Eau résiduaire|Avis relatif aux limites de quantification des couples «paramètre-matrice» de l'agrément des laboratoires effectuant des analyses dans le domaine de l'eau et des milieux aquatiques, matrice Eau douce|Avis relatif aux limites de quantification des couples «paramètre-matrice» de l'agrément des laboratoires effectuant des analyses dans le domaine de l'eau et des milieux aquatiques|Paramètres de l'analyse régulière du contrôle de surveillance de l'état chimique des eaux souterraines|Paramètres physico-chimiques pour les plans d'eau|Paramètres physico-chimiques pour les cours d'eau|Arrêté du 7 août 2015 modifiant l'arrêté du 25 janvier 2010 établissant le programme de surveillance de l'état des eaux en application de l'article R. 212-22 du code de l'environnement|Paramètres classés par textes réglementaires";"https://id.eaufrance.fr/gpr/47,https://id.eaufrance.fr/gpr/41,https://id.eaufrance.fr/gpr/31,https://id.eaufrance.fr/gpr/215,https://id.eaufrance.fr/gpr/214,https://id.eaufrance.fr/gpr/213,https://id.eaufrance.fr/gpr/212,https://id.eaufrance.fr/gpr/209,https://id.eaufrance.fr/gpr/193,https://id.eaufrance.fr/gpr/192,https://id.eaufrance.fr/gpr/191,https://id.eaufrance.fr/gpr/190,https://id.eaufrance.fr/gpr/166,https://id.eaufrance.fr/gpr/165,https://id.eaufrance.fr/gpr/164,https://id.eaufrance.fr/gpr/122,https://id.eaufrance.fr/gpr/121";"173";"mg(NO3)/L";"https://id.eaufrance.fr/urf/173";"1";"Résultat > seuil de quantification et < au seuil de saturation";"2";"Laboratoire";"0";"Difficultés inconnues";"0.03";"0.1";"";"50.0";"";"";"";"706";"Qualité de l'eau - Dosage des anions dissous par chromatographie des ions en phase liquide. Partie 1 : dosage du bromure, chlorure, fluorure, nitrate, nitrite, phosphate et sulfate. (NF EN ISO 10304-1 Juillet 2009 / T90-042-1)";"https://id.eaufrance.fr/met/706";"";"";"";"";"1";"Analyse réalisée sous accréditation";"0";"3";"Donnée contrôlée niveau 2 (données validées)";"1";"Correcte";"";"";"";"";"";"18750009500026";"AGENCE DE L'EAU SEINE-NORMANDIE";"https://id.eaufrance.fr/int/18750009500026";"41054531300042";"CARSO - LABORATOIRE SANTE ENVIRONNEMENT HYGIENE DE LYON";"https://id.eaufrance.fr/int/41054531300042";"41054531300042";"CARSO - LABORATOIRE SANTE ENVIRONNEMENT HYGIENE DE LYON";"https://id.eaufrance.fr/int/41054531300042";"48.83258716372681";"2.3815423651905463";"03081000202104193";"001";"PC AESN";"20210308212758-PC-483781";"104185074"
"03081000";"LA SEINE A PARIS-12E--ARRONDISSEMENT 1";"https://id.eaufrance.fr/StationMesureEauxSurface/03081000";"3";"Eau";"https://id.eaufrance.fr/sup/3";"23";"Eau brute";"https://id.eaufrance.fr/fan/23";"2021-04-19";"09:55:00";"2024-04-06";"09:55:00";"1301";"Température de l'Eau";"https://id.eaufrance.fr/par/1301";"11.3";"32,31,215,214,213,212,209,166,165,164,122,121";"Physique,Paramètres classés par classe,Paramètres de l'analyse régulière du contrôle de surveillance de l'état chimique des eaux souterraines,Paramètres physico-chimiques pour les eaux littorales,Paramètres physico-chimiques pour les plans d'eau,Paramètres physico-chimiques pour les cours d'eau,Arrêté du 26 avril 2022 modifiant l'arrêté du 25 janvier 2010 établissant le programme de surveillance de l'état des eaux en application de l'article R.212.22 du code de l'environnement,Paramètres de l'analyse régulière du contrôle de surveillance de l'état chimique des eaux souterraines,Paramètres physico-chimiques pour les plans d'eau,Paramètres physico-chimiques pour les cours d'eau,Arrêté du 7 août 2015 modifiant l'arrêté du 25 janvier 2010 établissant le programme de surveillance de l'état des eaux en application de l'article R. 212-22 du code de l'environnement,Paramètres classés par textes réglementaires";"https://id.eaufrance.fr/gpr/32,https://id.eaufrance.fr/gpr/31,https://id.eaufrance.fr/gpr/215,https://id.eaufrance.fr/gpr/214,https://id.eaufrance.fr/gpr/213,https://id.eaufrance.fr/gpr/212,https://id.eaufrance.fr/gpr/209,https://id.eaufrance.fr/gpr/166,https://id.eaufrance.fr/gpr/165,https://id.eaufrance.fr/gpr/164,https://id.eaufrance.fr/gpr/122,https://id.eaufrance.fr/gpr/121";"27";"°C";"https://id.eaufrance.fr/urf/27";"1";"Résultat > seuil de quantification et < au seuil de saturation";"1";"In situ";"0";"Difficultés inconnues";"0.0";"0.0";"";"50.0";"";"";"";"3";"Méthode spécifique";"https://id.eaufrance.fr/met/3";"";"";"";"";"1";"Analyse réalisée sous accréditation";"0";"3";"Donnée contrôlée niveau 2 (données validées)";"1";"Correcte";"";"";"";"";"";"18750009500026";"AGENCE DE L'EAU SEINE-NORMANDIE";"https://id.eaufrance.fr/int/18750009500026";"41054531300042";"CARSO - LABORATOIRE SANTE ENVIRONNEMENT HYGIENE DE LYON";"https://id.eaufrance.fr/int/41054531300042";"41054531300042";"CARSO - LABORATOIRE SANTE ENVIRONNEMENT HYGIENE DE LYON";"https://id.eaufrance.fr/int/41054531300042";"48.83258716372681";"2.3815423651905463";"03081000202104193";"001";"PC AESN";"20210308212758-PC-483781";"104185096"
"03081000";"LA SEINE A PARIS-12E--ARRONDISSEMENT 1";"https://id.eaufrance.fr/StationMesureEauxSurface/03081000";"3";"Eau";"https://id.eaufrance.fr/sup/3";"23";"Eau brute";"https://id.eaufrance.fr/fan/23";"2021-02-12";"13:36:00";"2024-04-06";"13:36:00";"1301";"Température de l'Eau";"https://id.eaufrance.fr/par/1301";"3.7";"32,31,215,214,213,212,209,166,165,164,122,121";"Physique,Paramètres classés par classe,Paramètres de l'analyse régulière du contrôle de surveillance de l'état chimique des eaux souterraines,Paramètres physico-chimiques pour les eaux littorales,Paramètres physico-chimiques pour les plans d'eau,Paramètres physico-chimiques pour les cours d'eau,Arrêté du 26 avril 2022 modifiant l'arrêté du 25 janvier 2010 établissant le programme de surveillance de l'état des eaux en application de l'article R.212.22 du code de l'environnement,Paramètres de l'analyse régulière du contrôle de surveillance de l'état chimique des eaux souterraines,Paramètres physico-chimiques pour les plans d'eau,Paramètres physico-chimiques pour les cours d'eau,Arrêté du 7 août 2015 modifiant l'arrêté du 25 janvier 2010 établissant le programme de surveillance de l'état des eaux en application de l'article R. 212-22 du code de l'environnement,Paramètres classés par textes réglementaires";"https://id.eaufrance.fr/gpr/32,https://id.eaufrance.fr/gpr/31,https://id.eaufrance.fr/gpr/215,https://id.eaufrance.fr/gpr/214,https://id.eaufrance.fr/gpr/213,https://id.eaufrance.fr/gpr/212,https://id.eaufrance.fr/gpr/209,https://id.eaufrance.fr/gpr/166,https://id.eaufrance.fr/gpr/165,https://id.eaufrance.fr/gpr/164,https://id.eaufrance.fr/gpr/122,https://id.eaufrance.fr/gpr/121";"27";"°C";"https://id.eaufrance.fr/urf/27";"1";"Résultat > seuil de quantification et < au seuil de saturation";"1";"In situ";"0";"Difficultés inconnues";"0.0";"0.0";"";"50.0";"";"";"";"3";"Méthode spécifique";"https://id.eaufrance.fr/met/3";"";"";"";"";"1";"Analyse réalisée sous accréditation";"0";"3";"Donnée contrôlée niveau 2 (données validées)";"1";"Correcte";"";"";"";"";"";"18750009500026";"AGENCE DE L'EAU SEINE-NORMANDIE";"https://id.eaufrance.fr/int/18750009500026";"41054531300042";"CARSO - LABORATOIRE SANTE ENVIRONNEMENT HYGIENE DE LYON";"https://id.eaufrance.fr/int/41054531300042";"41054531300042";"CARSO - LABORATOIRE SANTE ENVIRONNEMENT HYGIENE DE LYON";"https://id.eaufrance.fr/int/41054531300042";"48.83258716372681";"2.3815423651905463";"03081000202102123";"001";"PC AESN";"20210112143320-PC-480825";"103220223"
"03081000";"LA SEINE A PARIS-12E--ARRONDISSEMENT 1";"https://id.eaufrance.fr/StationMesureEauxSurface/03081000";"3";"Eau";"https://id.eaufrance.fr/sup/3";"3";"Phase aqueuse de l'eau (filtrée, centrifugée...)";"https://id.eaufrance.fr/fan/3";"2021-02-12";"13:36:00";"2024-04-06";"09:03:00";"1340";"Nitrates";"https://id.eaufrance.fr/par/1340";"23.0";"47,41,31,215,214,213,212,209,193,192,191,190,166,165,164,122,121";"Paramètres azotés|Chimique|Paramètres classés par classe|Paramètres de l'analyse régulière du contrôle de surveillance de l'état chimique des eaux souterraines|Paramètres physico-chimiques pour les eaux littorales|Paramètres physico-chimiques pour les plans d'eau|Paramètres physico-chimiques pour les cours d'eau|Arrêté du 26 avril 2022 modifiant l'arrêté du 25 janvier 2010 établissant le programme de surveillance de l'état des eaux en application de l'article R.212.22 du code de l'environnement|Avis relatif aux limites de quantification des couples «paramètre-matrice» de l'agrément des laboratoires effectuant des analyses dans le domaine de l'eau et des milieux aquatiques, matrice Eau saline|Avis relatif aux limites de quantification des couples «paramètre-matrice» de l'agrément des laboratoires effectuant des analyses dans le domaine de l'eau et des milieux aquatiques, matrice Eau résiduaire|Avis relatif aux limites de quantification des couples «paramètre-matrice» de l'agrément des laboratoires effectuant des analyses dans le domaine de l'eau et des milieux aquatiques, matrice Eau douce|Avis relatif aux limites de quantification des couples «paramètre-matrice» de l'agrément des laboratoires effectuant des analyses dans le domaine de l'eau et des milieux aquatiques|Paramètres de l'analyse régulière du contrôle de surveillance de l'état chimique des eaux souterraines|Paramètres physico-chimiques pour les plans d'eau|Paramètres physico-chimiques pour les cours d'eau|Arrêté du 7 août 2015 modifiant l'arrêté du 25 janvier 2010 établissant le programme de surveillance de l'état des eaux en application de l'article R. 212-22 du code de l'environnement|Paramètres classés par textes réglementaires";"https://id.eaufrance.fr/gpr/47,https://id.eaufrance.fr/gpr/41,https://id.eaufrance.fr/gpr/31,https://id.eaufrance.fr/gpr/215,https://id.eaufrance.fr/gpr/214,https://id.eaufrance.fr/gpr/213,https://id.eaufrance.fr/gpr/212,https://id.eaufrance.fr/gpr/209,https://id.eaufrance.fr/gpr/193,https://id.eaufrance.fr/gpr/192,https://id.eaufrance.fr/gpr/191,https://id.eaufrance.fr/gpr/190,https://id.eaufrance.fr/gpr/166,https://id.eaufrance.fr/gpr/165,https://id.eaufrance.fr/gpr/164,https://id.eaufrance.fr/gpr/122,https://id.eaufrance.fr/gpr/121";"173";"mg(NO3)/L";"https://id.eaufrance.fr/urf/173";"1";"Résultat > seuil de quantification et < au seuil de saturation";"2";"Laboratoire";"0";"Difficultés inconnues";"0.03";"0.1";"";"50.0";"";"";"";"706";"Qualité de l'eau - Dosage des anions dissous par chromatographie des ions en phase liquide. Partie 1 : dosage du bromure, chlorure, fluorure, nitrate, nitrite, phosphate et sulfate. (NF EN ISO 10304-1 Juillet 2009 / T90-042-1)";"https://id.eaufrance.fr/met/706";"";"";"";"";"1";"Analyse réalisée sous accréditation";"0";"3";"Donnée contrôlée niveau 2 (données validées)";"1";"Correcte";"";"";"";"";"";"18750009500026";"AGENCE DE L'EAU SEINE-NORMANDIE";"https://id.eaufrance.fr/int/18750009500026";"41054531300042";"CARSO - LABORATOIRE SANTE ENVIRONNEMENT HYGIENE DE LYON";"https://id.eaufrance.fr/int/41054531300042";"41054531300042";"CARSO - LABORATOIRE SANTE ENVIRONNEMENT HYGIENE DE LYON";"https://id.eaufrance.fr/int/41054531300042";"48.83258716372681";"2.3815423651905463";"03081000202102123";"001";"PC AESN";"20210112143320-PC-480825";"103220214"
"03081000";"LA SEINE A PARIS-12E--ARRONDISSEMENT 1";"https://id.eaufrance.fr/StationMesureEauxSurface/03081000";"3";"Eau";"https://id.eaufrance.fr/sup/3";"23";"Eau brute";"https://id.eaufrance.fr/fan/23";"2021-02-12";"13:36:00";"2024-04-06";"10:25:00";"1350";"Phosphore total";"https://id.eaufrance.fr/par/1350";"0.076";"48,41,31,215,214,213,212,209,194,192,191,190,166,165,164,122,121";"Paramètres phosphorés|Chimique|Paramètres classés par classe|Paramètres de l'analyse régulière du contrôle de surveillance de l'état chimique des eaux souterraines|Paramètres physico-chimiques pour les eaux littorales|Paramètres physico-chimiques pour les plans d'eau|Paramètres physico-chimiques pour les cours d'eau|Arrêté du 26 avril 2022 modifiant l'arrêté du 25 janvier 2010 établissant le programme de surveillance de l'état des eaux en application de l'article R.212.22 du code de l'environnement|Avis relatif aux limites de quantification des couples «paramètre-matrice» de l'agrément des laboratoires effectuant des analyses dans le domaine de l'eau et des milieux aquatiques, matrice Sédiment en eau de surface continentale|Avis relatif aux limites de quantification des couples «paramètre-matrice» de l'agrément des laboratoires effectuant des analyses dans le domaine de l'eau et des milieux aquatiques, matrice Eau résiduaire|Avis relatif aux limites de quantification des couples «paramètre-matrice» de l'agrément des laboratoires effectuant des analyses dans le domaine de l'eau et des milieux aquatiques, matrice Eau douce|Avis relatif aux limites de quantification des couples «paramètre-matrice» de l'agrément des laboratoires effectuant des analyses dans le domaine de l'eau et des milieux aquatiques|Paramètres de l'analyse régulière du contrôle de surveillance de l'état chimique des eaux souterraines|Paramètres physico-chimiques pour les plans d'eau|Paramètres physico-chimiques pour les cours d'eau|Arrêté du 7 août 2015 modifiant l'arrêté du 25 janvier 2010 établissant le programme de surveillance de l'état des eaux en application de l'article R. 212-22 du code de l'environnement|Paramètres classés par textes réglementaires";"https://id.eaufrance.fr/gpr/48,https://id.eaufrance.fr/gpr/41,https://id.eaufrance.fr/gpr/31,https://id.eaufrance.fr/gpr/215,https://id.eaufrance.fr/gpr/214,https://id.eaufrance.fr/gpr/213,https://id.eaufrance.fr/gpr/212,https://id.eaufrance.fr/gpr/209,https://id.eaufrance.fr/gpr/194,https://id.eaufrance.fr/gpr/192,https://id.eaufrance.fr/gpr/191,https://id.eaufrance.fr/gpr/190,https://id.eaufrance.fr/gpr/166,https://id.eaufrance.fr/gpr/165,https://id.eaufrance.fr/gpr/164,https://id.eaufrance.fr/gpr/122,https://id.eaufrance.fr/gpr/121";"177";"mg(P)/L";"https://id.eaufrance.fr/urf/177";"1";"Résultat > seuil de quantification et < au seuil de saturation";"2";"Laboratoire";"0";"Difficultés inconnues";"0.003";"0.01";"";"50.0";"";"";"";"470";"Qualité de l'eau - Dosage du phosphore - Méthode spectrométrique au molybdate d'ammonium (NF EN ISO 6878 Avril 2005 / T90-023)";"https://id.eaufrance.fr/met/470";"";"";"";"";"1";"Analyse réalisée sous accréditation";"0";"3";"Donnée contrôlée niveau 2 (données validées)";"1";"Correcte";"";"";"";"";"";"18750009500026";"AGENCE DE L'EAU SEINE-NORMANDIE";"https://id.eaufrance.fr/int/18750009500026";"41054531300042";"CARSO - LABORATOIRE SANTE ENVIRONNEMENT HYGIENE DE LYON";"https://id.eaufrance.fr/int/41054531300042";"41054531300042";"CARSO - LABORATOIRE SANTE ENVIRONNEMENT HYGIENE DE LYON";"https://id.eaufrance.fr/int/41054531300042";"48.83258716372681";"2.3815423651905463";"03081000202102123";"001";"PC AESN";"20210112143320-PC-480825";"103220216"
