site,date,variable,value
river,2021-03-03,temperature,7.9
river,2021-03-04,temperature,7.833333333333334
river,2021-03-05,temperature,7.766666666666667
river,2021-03-06,temperature,7.7
river,2021-03-07,temperature,7.633333333333334
river,2021-03-08,temperature,7.566666666666666
river,2021-03-09,temperature,7.5
river,2021-03-10,temperature,7.957142857142857
river,2021-03-11,temperature,8.414285714285715
river,2021-03-12,temperature,8.87142857142857
river,2021-03-13,temperature,9.328571428571427
river,2021-03-14,temperature,9.785714285714285
river,2021-03-15,temperature,10.242857142857142
river,2021-03-16,temperature,10.7
river,2021-03-17,temperature,10.424999999999999
river,2021-03-18,temperature,10.149999999999999
river,2021-03-19,temperature,9.875
river,2021-03-20,temperature,9.6
river,2021-03-21,temperature,9.325
river,2021-03-22,temperature,9.05
river,2021-03-23,temperature,8.775
river,2021-03-24,temperature,8.5
river,2021-03-25,temperature,8.675
river,2021-03-26,temperature,8.85
river,2021-03-27,temperature,9.025
river,2021-03-28,temperature,9.2
river,2021-03-29,temperature,9.375
river,2021-03-30,temperature,9.55
river,2021-03-31,temperature,9.725
river,2021-04-01,temperature,9.9
river,2021-04-02,temperature,10.32
river,2021-04-03,temperature,10.74
river,2021-04-04,temperature,11.16
river,2021-04-05,temperature,11.58
river,2021-04-06,temperature,12.0
river,2021-04-07,temperature,12.075
river,2021-04-08,temperature,12.15
river,2021-04-09,temperature,12.225
river,2021-04-10,temperature,12.3
river,2021-04-11,temperature,12.375
river,2021-04-12,temperature,12.45
river,2021-04-13,temperature,12.525
river,2021-04-14,temperature,12.6
river,2021-04-15,temperature,12.683333333333334
river,2021-04-16,temperature,12.766666666666666
river,2021-04-17,temperature,12.85
river,2021-04-18,temperature,12.933333333333334
river,2021-04-19,temperature,13.016666666666666
river,2021-04-20,temperature,13.1
river,2021-04-21,temperature,13.028571428571428
river,2021-04-22,temperature,12.957142857142857
river,2021-04-23,temperature,12.885714285714286
river,2021-04-24,temperature,12.814285714285713
river,2021-04-25,temperature,12.742857142857142
river,2021-04-26,temperature,12.67142857142857
river,2021-04-27,temperature,12.6
river,2021-04-28,temperature,12.737499999999999
river,2021-04-29,temperature,12.875
river,2021-04-30,temperature,13.0125
river,2021-05-01,temperature,13.149999999999999
river,2021-05-02,temperature,13.2875
river,2021-05-03,temperature,13.424999999999999
river,2021-05-04,temperature,13.5625
river,2021-05-05,temperature,13.7
river,2021-05-06,temperature,13.816666666666666
river,2021-05-07,temperature,13.933333333333334
river,2021-05-08,temperature,14.05
river,2021-05-09,temperature,14.166666666666666
river,2021-05-10,temperature,14.283333333333333
river,2021-05-11,temperature,14.4
river,2021-05-12,temperature,14.242857142857144
river,2021-05-13,temperature,14.085714285714285
river,2021-05-14,temperature,13.928571428571429
river,2021-05-15,temperature,13.771428571428572
river,2021-05-16,temperature,13.614285714285716
river,2021-05-17,temperature,13.457142857142857
river,2021-05-18,temperature,13.3
river,2021-05-19,temperature,13.9375
river,2021-05-20,temperature,14.575
river,2021-05-21,temperature,15.2125
river,2021-05-22,temperature,15.85
river,2021-05-23,temperature,16.4875
river,2021-05-24,temperature,17.125
river,2021-05-25,temperature,17.7625
river,2021-05-26,temperature,18.4
river,2021-05-27,temperature,18.73333333333333
river,2021-05-28,temperature,19.066666666666666
river,2021-05-29,temperature,19.4
river,2021-05-30,temperature,19.73333333333333
river,2021-05-31,temperature,20.066666666666666
river,2021-06-01,temperature,20.4
river,2021-06-02,temperature,19.84285714285714
river,2021-06-03,temperature,19.285714285714285
river,2021-06-04,temperature,18.728571428571428
river,2021-06-05,temperature,18.17142857142857
river,2021-06-06,temperature,17.614285714285714
river,2021-06-07,temperature,17.057142857142857
river,2021-06-08,temperature,16.5
river,2021-06-09,temperature,17.014285714285716
river,2021-06-10,temperature,17.52857142857143
river,2021-06-11,temperature,18.042857142857144
river,2021-06-12,temperature,18.557142857142857
river,2021-06-13,temperature,19.071428571428573
river,2021-06-14,temperature,19.585714285714285
river,2021-06-15,temperature,20.1
river,2021-06-16,temperature,19.842857142857145
river,2021-06-17,temperature,19.585714285714285
river,2021-06-18,temperature,19.32857142857143
river,2021-06-19,temperature,19.071428571428573
river,2021-06-20,temperature,18.814285714285717
river,2021-06-21,temperature,18.557142857142857
river,2021-06-22,temperature,18.3
river,2021-06-23,temperature,19.014285714285716
river,2021-06-24,temperature,19.728571428571428
river,2021-06-25,temperature,20.442857142857143
river,2021-06-26,temperature,21.15714285714286
river,2021-06-27,temperature,21.871428571428574
river,2021-06-28,temperature,22.585714285714285
river,2021-06-29,temperature,23.3
river,2021-06-30,temperature,23.042857142857144
river,2021-07-01,temperature,22.785714285714285
river,2021-07-02,temperature,22.52857142857143
river,2021-07-03,temperature,22.271428571428572
river,2021-07-04,temperature,22.014285714285716
river,2021-07-05,temperature,21.757142857142856
river,2021-07-06,temperature,21.5
river,2021-07-07,temperature,21.257142857142856
river,2021-07-08,temperature,21.014285714285716
river,2021-07-09,temperature,20.771428571428572
river,2021-07-10,temperature,20.52857142857143
river,2021-07-11,temperature,20.285714285714285
river,2021-07-12,temperature,20.042857142857144
river,2021-07-13,temperature,19.8
river,2021-07-14,temperature,19.62857142857143
river,2021-07-15,temperature,19.45714285714286
river,2021-07-16,temperature,19.28571428571429
river,2021-07-17,temperature,19.114285714285714
river,2021-07-18,temperature,18.942857142857143
river,2021-07-19,temperature,18.771428571428572
river,2021-07-20,temperature,18.6
river,2021-07-21,temperature,18.614285714285714
river,2021-07-22,temperature,18.62857142857143
river,2021-07-23,temperature,18.642857142857142
river,2021-07-24,temperature,18.65714285714286
river,2021-07-25,temperature,18.67142857142857
river,2021-07-26,temperature,18.685714285714287
river,2021-07-27,temperature,18.7
river,2021-07-28,temperature,18.662499999999998
river,2021-07-29,temperature,18.625
river,2021-07-30,temperature,18.5875
river,2021-07-31,temperature,18.549999999999997
river,2021-08-01,temperature,18.5125
river,2021-08-02,temperature,18.474999999999998
river,2021-08-03,temperature,18.4375
river,2021-08-04,temperature,18.4
river,2021-08-05,temperature,18.4
river,2021-08-06,temperature,18.4
river,2021-08-07,temperature,18.4
river,2021-08-08,temperature,18.4
river,2021-08-09,temperature,18.4
river,2021-08-10,temperature,18.4
river,2021-08-11,temperature,18.628571428571426
river,2021-08-12,temperature,18.857142857142858
river,2021-08-13,temperature,19.085714285714285
river,2021-08-14,temperature,19.314285714285713
river,2021-08-15,temperature,19.54285714285714
river,2021-08-16,temperature,19.771428571428572
river,2021-08-17,temperature,20.0
river,2021-08-18,temperature,19.914285714285715
river,2021-08-19,temperature,19.82857142857143
river,2021-08-20,temperature,19.742857142857144
river,2021-08-21,temperature,19.657142857142855
river,2021-08-22,temperature,19.57142857142857
river,2021-08-23,temperature,19.485714285714284
river,2021-08-24,temperature,19.4
river,2021-08-25,temperature,19.155555555555555
river,2021-08-26,temperature,18.91111111111111
river,2021-08-27,temperature,18.666666666666664
river,2021-08-28,temperature,18.42222222222222
river,2021-08-29,temperature,18.177777777777777
river,2021-08-30,temperature,17.933333333333334
river,2021-08-31,temperature,17.68888888888889
river,2021-09-01,temperature,17.444444444444443
river,2021-09-02,temperature,17.2
river,2021-09-03,temperature,17.12
river,2021-09-04,temperature,17.04
river,2021-09-05,temperature,16.96
river,2021-09-06,temperature,16.88
river,2021-09-07,temperature,16.8
river,2021-09-08,temperature,16.925
river,2021-09-09,temperature,17.05
river,2021-09-10,temperature,17.175
river,2021-09-11,temperature,17.3
river,2021-09-12,temperature,17.425
river,2021-09-13,temperature,17.55
river,2021-09-14,temperature,17.675
river,2021-09-15,temperature,17.8
river,2021-09-16,temperature,17.785714285714285
river,2021-09-17,temperature,17.771428571428572
river,2021-09-18,temperature,17.757142857142856
river,2021-09-19,temperature,17.742857142857144
river,2021-09-20,temperature,17.728571428571428
river,2021-09-21,temperature,17.714285714285715
river,2021-09-22,temperature,17.7
river,2021-09-23,temperature,17.771428571428572
river,2021-09-24,temperature,17.84285714285714
river,2021-09-25,temperature,17.914285714285715
river,2021-09-26,temperature,17.985714285714284
river,2021-09-27,temperature,18.057142857142857
river,2021-09-28,temperature,18.128571428571426
river,2021-09-29,temperature,18.2
river,2021-09-30,temperature,17.733333333333334
river,2021-10-01,temperature,17.266666666666666
river,2021-10-02,temperature,16.8
river,2021-10-03,temperature,16.333333333333332
river,2021-10-04,temperature,15.866666666666667
river,2021-10-05,temperature,15.4
river,2021-10-06,temperature,15.4
river,2021-10-07,temperature,15.4
river,2021-10-08,temperature,15.4
river,2021-10-09,temperature,15.4
river,2021-10-10,temperature,15.4
river,2021-10-11,temperature,15.4
river,2021-10-12,temperature,15.4
river,2021-10-13,temperature,15.4
river,2021-10-14,temperature,14.914285714285715
river,2021-10-15,temperature,14.428571428571429
river,2021-10-16,temperature,13.942857142857143
river,2021-10-17,temperature,13.457142857142857
river,2021-10-18,temperature,12.971428571428572
river,2021-10-19,temperature,12.485714285714286
river,2021-10-20,temperature,12.0
river,2021-10-21,temperature,12.342857142857143
river,2021-10-22,temperature,12.685714285714285
river,2021-10-23,temperature,13.028571428571428
river,2021-10-24,temperature,13.371428571428572
river,2021-10-25,temperature,13.714285714285715
river,2021-10-26,temperature,14.057142857142857
river,2021-10-27,temperature,14.4
river,2021-10-28,temperature,14.314285714285715
river,2021-10-29,temperature,14.22857142857143
river,2021-10-30,temperature,14.142857142857144
river,2021-10-31,temperature,14.057142857142857
river,2021-11-01,temperature,13.971428571428572
river,2021-11-02,temperature,13.885714285714286
river,2021-11-03,temperature,13.8
river,2021-11-04,temperature,13.3
river,2021-11-05,temperature,12.8
river,2021-11-06,temperature,12.3
river,2021-11-07,temperature,11.8
river,2021-11-08,temperature,11.3
river,2021-11-09,temperature,10.8
river,2021-11-10,temperature,10.3
river,2021-11-11,temperature,10.200000000000001
river,2021-11-12,temperature,10.1
river,2021-11-13,temperature,10.0
river,2021-11-14,temperature,9.9
river,2021-11-15,temperature,9.8
river,2021-11-16,temperature,9.7
river,2021-11-17,temperature,9.6
river,2021-11-18,temperature,9.628571428571428
river,2021-11-19,temperature,9.657142857142857
river,2021-11-20,temperature,9.685714285714285
river,2021-11-21,temperature,9.714285714285715
river,2021-11-22,temperature,9.742857142857144
river,2021-11-23,temperature,9.771428571428572
river,2021-11-24,temperature,9.8
river,2021-11-25,temperature,9.314285714285715
river,2021-11-26,temperature,8.82857142857143
river,2021-11-27,temperature,8.342857142857143
river,2021-11-28,temperature,7.857142857142858
river,2021-11-29,temperature,7.371428571428572
river,2021-11-30,temperature,6.885714285714286
river,2021-12-01,temperature,6.4
river,2021-12-02,temperature,6.557142857142858
river,2021-12-03,temperature,6.714285714285714
river,2021-12-04,temperature,6.871428571428572
river,2021-12-05,temperature,7.0285714285714285
river,2021-12-06,temperature,7.185714285714286
river,2021-12-07,temperature,7.3428571428571425
river,2021-12-08,temperature,7.5
river,2021-12-09,temperature,7.4125
river,2021-12-10,temperature,7.325
river,2021-12-11,temperature,7.2375
river,2021-12-12,temperature,7.15
river,2021-12-13,temperature,7.0625
river,2021-12-14,temperature,6.975
river,2021-12-15,temperature,6.8875
river,2021-12-16,temperature,6.8
river,2021-12-17,temperature,6.6049999999999995
river,2021-12-18,temperature,6.41
river,2021-12-19,temperature,6.215
river,2021-12-20,temperature,6.02
river,2021-12-21,temperature,5.824999999999999
river,2021-12-22,temperature,5.63
river,2021-12-23,temperature,5.435
river,2021-12-24,temperature,5.24
river,2021-12-25,temperature,5.045
river,2021-12-26,temperature,4.85
river,2021-12-27,temperature,4.654999999999999
river,2021-12-28,temperature,4.46
river,2021-12-29,temperature,4.265
river,2021-12-30,temperature,4.07
river,2021-12-31,temperature,3.8749999999999996
river,2022-01-01,temperature,3.6799999999999997
river,2022-01-02,temperature,3.485
river,2022-01-03,temperature,3.2899999999999996
river,2022-01-04,temperature,3.0949999999999998
river,2022-01-05,temperature,2.9
river,2022-01-06,temperature,2.9857142857142858
river,2022-01-07,temperature,3.071428571428571
river,2022-01-08,temperature,3.157142857142857
river,2022-01-09,temperature,3.242857142857143
river,2022-01-10,temperature,3.3285714285714287
river,2022-01-11,temperature,3.414285714285714
river,2022-01-12,temperature,3.5
river,2022-01-13,temperature,3.914285714285714
river,2022-01-14,temperature,4.328571428571428
river,2022-01-15,temperature,4.742857142857143
river,2022-01-16,temperature,5.1571428571428575
river,2022-01-17,temperature,5.571428571428571
river,2022-01-18,temperature,5.985714285714286
river,2022-01-19,temperature,6.4
river,2022-01-20,temperature,6.214285714285714
river,2022-01-21,temperature,6.0285714285714285
river,2022-01-22,temperature,5.842857142857143
river,2022-01-23,temperature,5.6571428571428575
river,2022-01-24,temperature,5.4714285714285715
river,2022-01-25,temperature,5.285714285714286
river,2022-01-26,temperature,5.1
river,2022-01-27,temperature,5.142857142857142
river,2022-01-28,temperature,5.185714285714286
river,2022-01-29,temperature,5.228571428571429
river,2022-01-30,temperature,5.271428571428571
river,2022-01-31,temperature,5.314285714285714
river,2022-02-01,temperature,5.357142857142858
river,2022-02-02,temperature,5.4
river,2022-02-03,temperature,5.4714285714285715
river,2022-02-04,temperature,5.542857142857144
river,2022-02-05,temperature,5.614285714285715
river,2022-02-06,temperature,5.685714285714286
river,2022-02-07,temperature,5.757142857142857
river,2022-02-08,temperature,5.828571428571429
river,2022-02-09,temperature,5.9
river,2022-02-10,temperature,5.885714285714286
river,2022-02-11,temperature,5.871428571428572
river,2022-02-12,temperature,5.857142857142858
river,2022-02-13,temperature,5.8428571428571425
river,2022-02-14,temperature,5.828571428571428
river,2022-02-15,temperature,5.814285714285714
river,2022-02-16,temperature,5.8
river,2022-02-17,temperature,5.728571428571429
river,2022-02-18,temperature,5.657142857142857
river,2022-02-19,temperature,5.585714285714285
river,2022-02-20,temperature,5.514285714285714
river,2022-02-21,temperature,5.442857142857143
river,2022-02-22,temperature,5.371428571428571
river,2022-02-23,temperature,5.3
river,2022-02-24,temperature,5.6
river,2022-02-25,temperature,5.9
river,2022-02-26,temperature,6.2
river,2022-02-27,temperature,6.5
river,2022-02-28,temperature,6.800000000000001
river,2022-03-01,temperature,7.1000000000000005
river,2022-03-02,temperature,7.4
river,2022-03-03,temperature,7.242857142857143
river,2022-03-04,temperature,7.085714285714286
river,2022-03-05,temperature,6.928571428571429
river,2022-03-06,temperature,6.771428571428571
river,2022-03-07,temperature,6.614285714285714
river,2022-03-08,temperature,6.457142857142857
river,2022-03-09,temperature,6.3
river,2022-03-10,temperature,6.571428571428571
river,2022-03-11,temperature,6.8428571428571425
river,2022-03-12,temperature,7.114285714285714
river,2022-03-13,temperature,7.385714285714285
river,2022-03-14,temperature,7.657142857142857
river,2022-03-15,temperature,7.928571428571428
river,2022-03-16,temperature,8.2
river,2022-03-17,temperature,8.385714285714284
river,2022-03-18,temperature,8.571428571428571
river,2022-03-19,temperature,8.757142857142856
river,2022-03-20,temperature,8.942857142857143
river,2022-03-21,temperature,9.128571428571428
river,2022-03-22,temperature,9.314285714285713
river,2022-03-23,temperature,9.5
river,2022-03-24,temperature,9.514285714285714
river,2022-03-25,temperature,9.528571428571428
river,2022-03-26,temperature,9.542857142857143
river,2022-03-27,temperature,9.557142857142857
river,2022-03-28,temperature,9.571428571428571
river,2022-03-29,temperature,9.585714285714285
river,2022-03-30,temperature,9.6
river,2022-03-31,temperature,9.614285714285714
river,2022-04-01,temperature,9.628571428571428
river,2022-04-02,temperature,9.642857142857142
river,2022-04-03,temperature,9.657142857142857
river,2022-04-04,temperature,9.67142857142857
river,2022-04-05,temperature,9.685714285714285
river,2022-04-06,temperature,9.7
river,2022-04-07,temperature,9.857142857142856
river,2022-04-08,temperature,10.014285714285714
river,2022-04-09,temperature,10.17142857142857
river,2022-04-10,temperature,10.32857142857143
river,2022-04-11,temperature,10.485714285714286
river,2022-04-12,temperature,10.642857142857142
river,2022-04-13,temperature,10.8
river,2022-04-14,temperature,10.9375
river,2022-04-15,temperature,11.075000000000001
river,2022-04-16,temperature,11.2125
river,2022-04-17,temperature,11.350000000000001
river,2022-04-18,temperature,11.4875
river,2022-04-19,temperature,11.625
river,2022-04-20,temperature,11.762500000000001
river,2022-04-21,temperature,11.9
river,2022-04-22,temperature,12.416666666666668
river,2022-04-23,temperature,12.933333333333334
river,2022-04-24,temperature,13.45
river,2022-04-25,temperature,13.966666666666667
river,2022-04-26,temperature,14.483333333333334
river,2022-04-27,temperature,15.0
river,2022-04-28,temperature,14.457142857142857
river,2022-04-29,temperature,13.914285714285715
river,2022-04-30,temperature,13.371428571428572
river,2022-05-01,temperature,12.82857142857143
river,2022-05-02,temperature,12.285714285714285
river,2022-05-03,temperature,11.742857142857142
river,2022-05-04,temperature,11.2
river,2022-05-05,temperature,11.314285714285713
river,2022-05-06,temperature,11.428571428571429
river,2022-05-07,temperature,11.542857142857143
river,2022-05-08,temperature,11.657142857142857
river,2022-05-09,temperature,11.77142857142857
river,2022-05-10,temperature,11.885714285714286
river,2022-05-11,temperature,12.0
river,2022-05-12,temperature,12.214285714285714
river,2022-05-13,temperature,12.428571428571429
river,2022-05-14,temperature,12.642857142857142
river,2022-05-15,temperature,12.857142857142858
river,2022-05-16,temperature,13.071428571428571
river,2022-05-17,temperature,13.285714285714285
river,2022-05-18,temperature,13.5
river,2022-05-19,temperature,14.1125
river,2022-05-20,temperature,14.725
river,2022-05-21,temperature,15.337499999999999
river,2022-05-22,temperature,15.95
river,2022-05-23,temperature,16.5625
river,2022-05-24,temperature,17.174999999999997
river,2022-05-25,temperature,17.787499999999998
river,2022-05-26,temperature,18.4
river,2022-05-27,temperature,18.099999999999998
river,2022-05-28,temperature,17.8
river,2022-05-29,temperature,17.5
river,2022-05-30,temperature,17.2
river,2022-05-31,temperature,16.9
river,2022-06-01,temperature,16.6
river,2022-06-02,temperature,16.3
river,2022-06-03,temperature,16.5
river,2022-06-04,temperature,16.7
river,2022-06-05,temperature,16.9
river,2022-06-06,temperature,17.1
river,2022-06-07,temperature,17.3
river,2022-06-08,temperature,17.5
river,2022-06-09,temperature,17.32857142857143
river,2022-06-10,temperature,17.15714285714286
river,2022-06-11,temperature,16.985714285714288
river,2022-06-12,temperature,16.814285714285713
river,2022-06-13,temperature,16.642857142857142
river,2022-06-14,temperature,16.47142857142857
river,2022-06-15,temperature,16.3
river,2022-06-16,temperature,16.842857142857145
river,2022-06-17,temperature,17.385714285714286
river,2022-06-18,temperature,17.92857142857143
river,2022-06-19,temperature,18.47142857142857
river,2022-06-20,temperature,19.014285714285716
river,2022-06-21,temperature,19.557142857142857
river,2022-06-22,temperature,20.1
river,2022-06-23,temperature,20.400000000000002
river,2022-06-24,temperature,20.7
river,2022-06-25,temperature,21.0
river,2022-06-26,temperature,21.3
river,2022-06-27,temperature,21.6
river,2022-06-28,temperature,21.9
river,2022-06-29,temperature,22.2
river,2022-06-30,temperature,21.957142857142856
river,2022-07-01,temperature,21.714285714285715
river,2022-07-02,temperature,21.47142857142857
river,2022-07-03,temperature,21.228571428571428
river,2022-07-04,temperature,20.985714285714284
river,2022-07-05,temperature,20.742857142857144
river,2022-07-06,temperature,20.5
river,2022-07-07,temperature,20.442857142857143
river,2022-07-08,temperature,20.385714285714286
river,2022-07-09,temperature,20.32857142857143
river,2022-07-10,temperature,20.271428571428572
river,2022-07-11,temperature,20.214285714285715
river,2022-07-12,temperature,20.15714285714286
river,2022-07-13,temperature,20.1
river,2022-07-14,temperature,20.116666666666667
river,2022-07-15,temperature,20.133333333333333
river,2022-07-16,temperature,20.15
river,2022-07-17,temperature,20.166666666666668
river,2022-07-18,temperature,20.183333333333334
river,2022-07-19,temperature,20.2
river,2022-07-20,temperature,20.375
river,2022-07-21,temperature,20.55
river,2022-07-22,temperature,20.725
river,2022-07-23,temperature,20.9
river,2022-07-24,temperature,21.075
river,2022-07-25,temperature,21.25
river,2022-07-26,temperature,21.425
river,2022-07-27,temperature,21.6
river,2022-07-28,temperature,21.5
river,2022-07-29,temperature,21.400000000000002
river,2022-07-30,temperature,21.3
river,2022-07-31,temperature,21.2
river,2022-08-01,temperature,21.099999999999998
river,2022-08-02,temperature,21.0
river,2022-08-03,temperature,20.9
river,2022-08-04,temperature,20.57142857142857
river,2022-08-05,temperature,20.242857142857144
river,2022-08-06,temperature,19.914285714285715
river,2022-08-07,temperature,19.585714285714285
river,2022-08-08,temperature,19.257142857142856
river,2022-08-09,temperature,18.92857142857143
river,2022-08-10,temperature,18.6
river,2022-08-11,temperature,18.414285714285715
river,2022-08-12,temperature,18.22857142857143
river,2022-08-13,temperature,18.042857142857144
river,2022-08-14,temperature,17.857142857142858
river,2022-08-15,temperature,17.67142857142857
river,2022-08-16,temperature,17.485714285714288
river,2022-08-17,temperature,17.3
river,2022-08-18,temperature,17.228571428571428
river,2022-08-19,temperature,17.15714285714286
river,2022-08-20,temperature,17.085714285714285
river,2022-08-21,temperature,17.014285714285716
river,2022-08-22,temperature,16.942857142857143
river,2022-08-23,temperature,16.871428571428574
river,2022-08-24,temperature,16.8
river,2022-08-25,temperature,16.728571428571428
river,2022-08-26,temperature,16.65714285714286
river,2022-08-27,temperature,16.585714285714285
river,2022-08-28,temperature,16.514285714285716
river,2022-08-29,temperature,16.442857142857143
river,2022-08-30,temperature,16.371428571428574
river,2022-08-31,temperature,16.3
river,2022-09-01,temperature,16.2
river,2022-09-02,temperature,16.1
river,2022-09-03,temperature,16.0
river,2022-09-04,temperature,15.9
river,2022-09-05,temperature,15.799999999999999
river,2022-09-06,temperature,15.7
river,2022-09-07,temperature,15.7625
river,2022-09-08,temperature,15.825
river,2022-09-09,temperature,15.8875
river,2022-09-10,temperature,15.95
river,2022-09-11,temperature,16.0125
river,2022-09-12,temperature,16.075
river,2022-09-13,temperature,16.1375
river,2022-09-14,temperature,16.2
river,2022-09-15,temperature,16.04285714285714
river,2022-09-16,temperature,15.885714285714284
river,2022-09-17,temperature,15.728571428571428
river,2022-09-18,temperature,15.571428571428571
river,2022-09-19,temperature,15.414285714285715
river,2022-09-20,temperature,15.257142857142856
river,2022-09-21,temperature,15.1
river,2022-09-22,temperature,14.77142857142857
river,2022-09-23,temperature,14.442857142857143
river,2022-09-24,temperature,14.114285714285714
river,2022-09-25,temperature,13.785714285714286
river,2022-09-26,temperature,13.457142857142857
river,2022-09-27,temperature,13.12857142857143
river,2022-09-28,temperature,12.8
river,2022-09-29,temperature,12.957142857142857
river,2022-09-30,temperature,13.114285714285716
river,2022-10-01,temperature,13.271428571428572
river,2022-10-02,temperature,13.428571428571429
river,2022-10-03,temperature,13.585714285714285
river,2022-10-04,temperature,13.742857142857144
river,2022-10-05,temperature,13.9
river,2022-10-06,temperature,13.8
river,2022-10-07,temperature,13.7
river,2022-10-08,temperature,13.6
river,2022-10-09,temperature,13.5
river,2022-10-10,temperature,13.4
river,2022-10-11,temperature,13.299999999999999
river,2022-10-12,temperature,13.2
river,2022-10-13,temperature,12.87142857142857
river,2022-10-14,temperature,12.542857142857143
river,2022-10-15,temperature,12.214285714285714
river,2022-10-16,temperature,11.885714285714286
river,2022-10-17,temperature,11.557142857142857
river,2022-10-18,temperature,11.22857142857143
river,2022-10-19,temperature,10.9
river,2022-10-20,temperature,10.442857142857143
river,2022-10-21,temperature,9.985714285714286
river,2022-10-22,temperature,9.528571428571428
river,2022-10-23,temperature,9.071428571428571
river,2022-10-24,temperature,8.614285714285714
river,2022-10-25,temperature,8.157142857142858
river,2022-10-26,temperature,7.7
river,2022-10-27,temperature,8.114285714285714
river,2022-10-28,temperature,8.528571428571428
river,2022-10-29,temperature,8.942857142857143
river,2022-10-30,temperature,9.357142857142858
river,2022-10-31,temperature,9.771428571428572
river,2022-11-01,temperature,10.185714285714285
river,2022-11-02,temperature,10.6
river,2022-11-03,temperature,10.342857142857143
river,2022-11-04,temperature,10.085714285714285
river,2022-11-05,temperature,9.82857142857143
river,2022-11-06,temperature,9.571428571428571
river,2022-11-07,temperature,9.314285714285715
river,2022-11-08,temperature,9.057142857142857
river,2022-11-09,temperature,8.8
river,2022-11-10,temperature,8.442857142857143
river,2022-11-11,temperature,8.085714285714285
river,2022-11-12,temperature,7.728571428571429
river,2022-11-13,temperature,7.371428571428572
river,2022-11-14,temperature,7.014285714285714
river,2022-11-15,temperature,6.657142857142857
river,2022-11-16,temperature,6.3
river,2022-11-17,temperature,6.357142857142857
river,2022-11-18,temperature,6.414285714285715
river,2022-11-19,temperature,6.4714285714285715
river,2022-11-20,temperature,6.5285714285714285
river,2022-11-21,temperature,6.585714285714285
river,2022-11-22,temperature,6.642857142857143
river,2022-11-23,temperature,6.7
river,2022-11-24,temperature,5.928571428571429
river,2022-11-25,temperature,5.1571428571428575
river,2022-11-26,temperature,4.385714285714286
river,2022-11-27,temperature,3.6142857142857143
river,2022-11-28,temperature,2.842857142857143
river,2022-11-29,temperature,2.071428571428571
river,2022-11-30,temperature,1.3
river,2022-12-01,temperature,1.342857142857143
river,2022-12-02,temperature,1.3857142857142857
river,2022-12-03,temperature,1.4285714285714286
river,2022-12-04,temperature,1.4714285714285715
river,2022-12-05,temperature,1.5142857142857145
river,2022-12-06,temperature,1.5571428571428572
river,2022-12-07,temperature,1.6
river,2022-12-08,temperature,1.8142857142857143
river,2022-12-09,temperature,2.0285714285714285
river,2022-12-10,temperature,2.242857142857143
river,2022-12-11,temperature,2.4571428571428573
river,2022-12-12,temperature,2.6714285714285717
river,2022-12-13,temperature,2.8857142857142857
river,2022-12-14,temperature,3.1
river,2022-12-15,temperature,2.6714285714285717
river,2022-12-16,temperature,2.242857142857143
river,2022-12-17,temperature,1.8142857142857145
river,2022-12-18,temperature,1.385714285714286
river,2022-12-19,temperature,0.9571428571428573
river,2022-12-20,temperature,0.5285714285714289
river,2022-12-21,temperature,0.1
river,2022-12-22,temperature,0.37142857142857144
river,2022-12-23,temperature,0.6428571428571428
river,2022-12-24,temperature,0.9142857142857143
river,2022-12-25,temperature,1.1857142857142857
river,2022-12-26,temperature,1.457142857142857
river,2022-12-27,temperature,1.7285714285714286
river,2022-12-28,temperature,2.0
river,2022-12-29,temperature,2.2714285714285714
river,2022-12-30,temperature,2.5428571428571427
river,2022-12-31,temperature,2.814285714285714
river,2023-01-01,temperature,3.0857142857142854
river,2023-01-02,temperature,3.357142857142857
river,2023-01-03,temperature,3.6285714285714286
river,2023-01-04,temperature,3.9
river,2023-01-05,temperature,4.057142857142857
river,2023-01-06,temperature,4.214285714285714
river,2023-01-07,temperature,4.371428571428572
river,2023-01-08,temperature,4.5285714285714285
river,2023-01-09,temperature,4.685714285714286
river,2023-01-10,temperature,4.842857142857143
river,2023-01-11,temperature,5.0
river,2023-01-12,temperature,5.371428571428571
river,2023-01-13,temperature,5.742857142857143
river,2023-01-14,temperature,6.114285714285714
river,2023-01-15,temperature,6.485714285714286
river,2023-01-16,temperature,6.857142857142857
river,2023-01-17,temperature,7.228571428571428
river,2023-01-18,temperature,7.6
river,2023-01-19,temperature,7.414285714285714
river,2023-01-20,temperature,7.228571428571429
river,2023-01-21,temperature,7.042857142857143
river,2023-01-22,temperature,6.857142857142857
river,2023-01-23,temperature,6.671428571428571
river,2023-01-24,temperature,6.485714285714286
river,2023-01-25,temperature,6.3
river,2023-01-26,temperature,5.957142857142857
river,2023-01-27,temperature,5.614285714285714
river,2023-01-28,temperature,5.271428571428571
river,2023-01-29,temperature,4.928571428571429
river,2023-01-30,temperature,4.585714285714285
river,2023-01-31,temperature,4.242857142857143
river,2023-02-01,temperature,3.9
river,2023-02-02,temperature,4.4714285714285715
river,2023-02-03,temperature,5.042857142857143
river,2023-02-04,temperature,5.614285714285714
river,2023-02-05,temperature,6.185714285714285
river,2023-02-06,temperature,6.757142857142856
river,2023-02-07,temperature,7.328571428571428
river,2023-02-08,temperature,7.9
river,2023-02-09,temperature,7.916666666666667
river,2023-02-10,temperature,7.933333333333334
river,2023-02-11,temperature,7.95
river,2023-02-12,temperature,7.966666666666667
river,2023-02-13,temperature,7.983333333333333
river,2023-02-14,temperature,8.0
river,2023-02-15,temperature,7.8125
river,2023-02-16,temperature,7.625
river,2023-02-17,temperature,7.4375
river,2023-02-18,temperature,7.25
river,2023-02-19,temperature,7.0625
river,2023-02-20,temperature,6.875
river,2023-02-21,temperature,6.6875
river,2023-02-22,temperature,6.5
river,2023-02-23,temperature,6.385714285714286
river,2023-02-24,temperature,6.271428571428571
river,2023-02-25,temperature,6.1571428571428575
river,2023-02-26,temperature,6.042857142857143
river,2023-02-27,temperature,5.928571428571429
river,2023-02-28,temperature,5.814285714285715
river,2023-03-01,temperature,5.7
river,2023-03-02,temperature,5.8
river,2023-03-03,temperature,5.9
river,2023-03-04,temperature,6.0
river,2023-03-05,temperature,6.1000000000000005
river,2023-03-06,temperature,6.2
river,2023-03-07,temperature,6.300000000000001
river,2023-03-08,temperature,6.4
river,2023-03-09,temperature,6.842857142857143
river,2023-03-10,temperature,7.285714285714286
river,2023-03-11,temperature,7.728571428571429
river,2023-03-12,temperature,8.17142857142857
river,2023-03-13,temperature,8.614285714285714
river,2023-03-14,temperature,9.057142857142857
river,2023-03-15,temperature,9.5
river,2023-03-16,temperature,9.614285714285714
river,2023-03-17,temperature,9.72857142857143
river,2023-03-18,temperature,9.842857142857143
river,2023-03-19,temperature,9.957142857142857
river,2023-03-20,temperature,10.071428571428571
river,2023-03-21,temperature,10.185714285714287
river,2023-03-22,temperature,10.3
river,2023-03-23,temperature,10.428571428571429
river,2023-03-24,temperature,10.557142857142857
river,2023-03-25,temperature,10.685714285714285
river,2023-03-26,temperature,10.814285714285715
river,2023-03-27,temperature,10.942857142857143
river,2023-03-28,temperature,11.071428571428571
river,2023-03-29,temperature,11.2
river,2023-03-30,temperature,11.157142857142857
river,2023-03-31,temperature,11.114285714285714
river,2023-04-01,temperature,11.071428571428571
river,2023-04-02,temperature,11.028571428571428
river,2023-04-03,temperature,10.985714285714286
river,2023-04-04,temperature,10.942857142857143
river,2023-04-05,temperature,10.9
river,2023-04-06,temperature,11.433333333333334
river,2023-04-07,temperature,11.966666666666667
river,2023-04-08,temperature,12.5
river,2023-04-09,temperature,13.033333333333333
river,2023-04-10,temperature,13.566666666666666
river,2023-04-11,temperature,14.1
river,2023-04-12,temperature,14.0125
river,2023-04-13,temperature,13.925
river,2023-04-14,temperature,13.8375
river,2023-04-15,temperature,13.75
river,2023-04-16,temperature,13.6625
river,2023-04-17,temperature,13.575
river,2023-04-18,temperature,13.4875
river,2023-04-19,temperature,13.4
river,2023-04-20,temperature,13.72857142857143
river,2023-04-21,temperature,14.057142857142857
river,2023-04-22,temperature,14.385714285714286
river,2023-04-23,temperature,14.714285714285714
river,2023-04-24,temperature,15.042857142857143
river,2023-04-25,temperature,15.37142857142857
river,2023-04-26,temperature,15.7
river,2023-04-27,temperature,15.442857142857143
river,2023-04-28,temperature,15.185714285714285
river,2023-04-29,temperature,14.928571428571429
river,2023-04-30,temperature,14.67142857142857
river,2023-05-01,temperature,14.414285714285715
river,2023-05-02,temperature,14.157142857142857
river,2023-05-03,temperature,13.9
river,2023-05-04,temperature,14.3
river,2023-05-05,temperature,14.700000000000001
river,2023-05-06,temperature,15.100000000000001
river,2023-05-07,temperature,15.5
river,2023-05-08,temperature,15.9
river,2023-05-09,temperature,16.3
river,2023-05-10,temperature,16.057142857142857
river,2023-05-11,temperature,15.814285714285715
river,2023-05-12,temperature,15.571428571428571
river,2023-05-13,temperature,15.32857142857143
river,2023-05-14,temperature,15.085714285714285
river,2023-05-15,temperature,14.842857142857142
river,2023-05-16,temperature,14.6
river,2023-05-17,temperature,14.6375
river,2023-05-18,temperature,14.675
river,2023-05-19,temperature,14.7125
river,2023-05-20,temperature,14.75
river,2023-05-21,temperature,14.7875
river,2023-05-22,temperature,14.825
river,2023-05-23,temperature,14.8625
river,2023-05-24,temperature,14.9
river,2023-05-25,temperature,14.842857142857143
river,2023-05-26,temperature,14.785714285714286
river,2023-05-27,temperature,14.72857142857143
river,2023-05-28,temperature,14.67142857142857
river,2023-05-29,temperature,14.614285714285714
river,2023-05-30,temperature,14.557142857142857
river,2023-05-31,temperature,14.5
river,2023-06-01,temperature,14.814285714285715
river,2023-06-02,temperature,15.128571428571428
river,2023-06-03,temperature,15.442857142857143
river,2023-06-04,temperature,15.757142857142856
river,2023-06-05,temperature,16.07142857142857
river,2023-06-06,temperature,16.385714285714286
river,2023-06-07,temperature,16.7
river,2023-06-08,temperature,16.585714285714285
river,2023-06-09,temperature,16.47142857142857
river,2023-06-10,temperature,16.357142857142858
river,2023-06-11,temperature,16.242857142857144
river,2023-06-12,temperature,16.12857142857143
river,2023-06-13,temperature,16.014285714285716
river,2023-06-14,temperature,15.9
river,2023-06-15,temperature,16.071428571428573
river,2023-06-16,temperature,16.242857142857144
river,2023-06-17,temperature,16.414285714285715
river,2023-06-18,temperature,16.585714285714285
river,2023-06-19,temperature,16.75714285714286
river,2023-06-20,temperature,16.92857142857143
river,2023-06-21,temperature,17.1
river,2023-06-22,temperature,17.385714285714286
river,2023-06-23,temperature,17.671428571428574
river,2023-06-24,temperature,17.95714285714286
river,2023-06-25,temperature,18.242857142857144
river,2023-06-26,temperature,18.52857142857143
river,2023-06-27,temperature,18.814285714285717
river,2023-06-28,temperature,19.1
river,2023-06-29,temperature,19.242857142857144
river,2023-06-30,temperature,19.385714285714286
river,2023-07-01,temperature,19.52857142857143
river,2023-07-02,temperature,19.671428571428574
river,2023-07-03,temperature,19.814285714285717
river,2023-07-04,temperature,19.95714285714286
river,2023-07-05,temperature,20.1
river,2023-07-06,temperature,19.871428571428574
river,2023-07-07,temperature,19.642857142857142
river,2023-07-08,temperature,19.414285714285715
river,2023-07-09,temperature,19.185714285714287
river,2023-07-10,temperature,18.95714285714286
river,2023-07-11,temperature,18.728571428571428
river,2023-07-12,temperature,18.5
river,2023-07-13,temperature,18.314285714285713
river,2023-07-14,temperature,18.12857142857143
river,2023-07-15,temperature,17.942857142857143
river,2023-07-16,temperature,17.757142857142856
river,2023-07-17,temperature,17.57142857142857
river,2023-07-18,temperature,17.385714285714286
river,2023-07-19,temperature,17.2
river,2023-07-20,temperature,17.314285714285713
river,2023-07-21,temperature,17.428571428571427
river,2023-07-22,temperature,17.54285714285714
river,2023-07-23,temperature,17.65714285714286
river,2023-07-24,temperature,17.771428571428572
river,2023-07-25,temperature,17.885714285714286
river,2023-07-26,temperature,18.0
river,2023-07-27,temperature,18.47142857142857
river,2023-07-28,temperature,18.942857142857143
river,2023-07-29,temperature,19.414285714285715
river,2023-07-30,temperature,19.885714285714286
river,2023-07-31,temperature,20.357142857142858
river,2023-08-01,temperature,20.82857142857143
river,2023-08-02,temperature,21.3
river,2023-08-03,temperature,20.8
river,2023-08-04,temperature,20.3
river,2023-08-05,temperature,19.8
river,2023-08-06,temperature,19.3
river,2023-08-07,temperature,18.8
river,2023-08-08,temperature,18.3
river,2023-08-09,temperature,17.8
river,2023-08-10,temperature,17.842857142857145
river,2023-08-11,temperature,17.885714285714286
river,2023-08-12,temperature,17.92857142857143
river,2023-08-13,temperature,17.97142857142857
river,2023-08-14,temperature,18.014285714285716
river,2023-08-15,temperature,18.057142857142857
river,2023-08-16,temperature,18.1
river,2023-08-17,temperature,17.942857142857143
river,2023-08-18,temperature,17.78571428571429
river,2023-08-19,temperature,17.62857142857143
river,2023-08-20,temperature,17.47142857142857
river,2023-08-21,temperature,17.314285714285713
river,2023-08-22,temperature,17.15714285714286
river,2023-08-23,temperature,17.0
river,2023-08-24,temperature,16.914285714285715
river,2023-08-25,temperature,16.82857142857143
river,2023-08-26,temperature,16.742857142857144
river,2023-08-27,temperature,16.657142857142855
river,2023-08-28,temperature,16.57142857142857
river,2023-08-29,temperature,16.485714285714284
river,2023-08-30,temperature,16.4
river,2023-08-31,temperature,16.4
river,2023-09-01,temperature,16.4
river,2023-09-02,temperature,16.4
river,2023-09-03,temperature,16.4
river,2023-09-04,temperature,16.4
river,2023-09-05,temperature,16.4
river,2023-09-06,temperature,16.4
river,2023-09-07,temperature,16.24285714285714
river,2023-09-08,temperature,16.085714285714285
river,2023-09-09,temperature,15.928571428571429
river,2023-09-10,temperature,15.77142857142857
river,2023-09-11,temperature,15.614285714285714
river,2023-09-12,temperature,15.457142857142857
river,2023-09-13,temperature,15.3
river,2023-09-14,temperature,15.314285714285715
river,2023-09-15,temperature,15.32857142857143
river,2023-09-16,temperature,15.342857142857143
river,2023-09-17,temperature,15.357142857142858
river,2023-09-18,temperature,15.371428571428572
river,2023-09-19,temperature,15.385714285714286
river,2023-09-20,temperature,15.4
river,2023-09-21,temperature,15.416666666666668
river,2023-09-22,temperature,15.433333333333334
river,2023-09-23,temperature,15.45
river,2023-09-24,temperature,15.466666666666667
river,2023-09-25,temperature,15.483333333333334
river,2023-09-26,temperature,15.5
river,2023-09-27,temperature,15.725
river,2023-09-28,temperature,15.95
river,2023-09-29,temperature,16.175
river,2023-09-30,temperature,16.4
river,2023-10-01,temperature,16.625
river,2023-10-02,temperature,16.85
river,2023-10-03,temperature,17.075
river,2023-10-04,temperature,17.3
river,2023-10-05,temperature,16.97142857142857
river,2023-10-06,temperature,16.642857142857142
river,2023-10-07,temperature,16.314285714285713
river,2023-10-08,temperature,15.985714285714286
river,2023-10-09,temperature,15.657142857142857
river,2023-10-10,temperature,15.32857142857143
river,2023-10-11,temperature,15.0
river,2023-10-12,temperature,14.614285714285714
river,2023-10-13,temperature,14.22857142857143
river,2023-10-14,temperature,13.842857142857143
river,2023-10-15,temperature,13.457142857142857
river,2023-10-16,temperature,13.071428571428571
river,2023-10-17,temperature,12.685714285714287
river,2023-10-18,temperature,12.3
river,2023-10-19,temperature,12.171428571428573
river,2023-10-20,temperature,12.042857142857143
river,2023-10-21,temperature,11.914285714285715
river,2023-10-22,temperature,11.785714285714286
river,2023-10-23,temperature,11.657142857142858
river,2023-10-24,temperature,11.528571428571428
river,2023-10-25,temperature,11.4
river,2023-10-26,temperature,11.585714285714285
river,2023-10-27,temperature,11.771428571428572
river,2023-10-28,temperature,11.957142857142857
river,2023-10-29,temperature,12.142857142857142
river,2023-10-30,temperature,12.328571428571427
river,2023-10-31,temperature,12.514285714285714
river,2023-11-01,temperature,12.7
river,2023-11-02,temperature,11.142857142857142
river,2023-11-03,temperature,9.585714285714285
river,2023-11-04,temperature,8.028571428571428
river,2023-11-05,temperature,6.4714285714285715
river,2023-11-06,temperature,4.914285714285715
river,2023-11-07,temperature,3.3571428571428577
river,2023-11-08,temperature,1.8
river,2023-11-09,temperature,3.071428571428571
river,2023-11-10,temperature,4.3428571428571425
river,2023-11-11,temperature,5.614285714285713
river,2023-11-12,temperature,6.885714285714284
river,2023-11-13,temperature,8.157142857142857
river,2023-11-14,temperature,9.428571428571427
river,2023-11-15,temperature,10.7
river,2023-11-16,temperature,10.557142857142857
river,2023-11-17,temperature,10.414285714285713
river,2023-11-18,temperature,10.27142857142857
river,2023-11-19,temperature,10.128571428571428
river,2023-11-20,temperature,9.985714285714286
river,2023-11-21,temperature,9.842857142857142
river,2023-11-22,temperature,9.7
river,2023-11-23,temperature,9.571428571428571
river,2023-11-24,temperature,9.442857142857143
river,2023-11-25,temperature,9.314285714285715
river,2023-11-26,temperature,9.185714285714285
river,2023-11-27,temperature,9.057142857142857
river,2023-11-28,temperature,8.928571428571429
river,2023-11-29,temperature,8.8
river,2023-11-30,temperature,8.385714285714286
river,2023-12-01,temperature,7.971428571428572
river,2023-12-02,temperature,7.557142857142858
river,2023-12-03,temperature,7.142857142857143
river,2023-12-04,temperature,6.7285714285714295
river,2023-12-05,temperature,6.314285714285715
river,2023-12-06,temperature,5.9
river,2023-12-07,temperature,5.771428571428571
river,2023-12-08,temperature,5.642857142857143
river,2023-12-09,temperature,5.514285714285714
river,2023-12-10,temperature,5.385714285714286
river,2023-12-11,temperature,5.257142857142857
river,2023-12-12,temperature,5.128571428571429
river,2023-12-13,temperature,5.0
river,2023-12-14,temperature,4.783333333333333
river,2023-12-15,temperature,4.566666666666666
river,2023-12-16,temperature,4.35
river,2023-12-17,temperature,4.133333333333334
river,2023-12-18,temperature,3.916666666666667
river,2023-12-19,temperature,3.7
river,2023-12-20,temperature,3.9800000000000004
river,2023-12-21,temperature,4.26
river,2023-12-22,temperature,4.54
river,2023-12-23,temperature,4.82
river,2023-12-24,temperature,5.1000000000000005
river,2023-12-25,temperature,5.380000000000001
river,2023-12-26,temperature,5.66
river,2023-12-27,temperature,5.94
river,2023-12-28,temperature,6.220000000000001
river,2023-12-29,temperature,6.5
river,2023-12-30,temperature,6.78
river,2023-12-31,temperature,7.0600000000000005
river,2024-01-01,temperature,7.340000000000001
river,2024-01-02,temperature,7.620000000000001
river,2024-01-03,temperature,7.9
river,2024-01-04,temperature,7.985714285714286
river,2024-01-05,temperature,8.071428571428571
river,2024-01-06,temperature,8.157142857142857
river,2024-01-07,temperature,8.242857142857144
river,2024-01-08,temperature,8.32857142857143
river,2024-01-09,temperature,8.414285714285715
river,2024-01-10,temperature,8.5
river,2024-01-11,temperature,7.783333333333333
river,2024-01-12,temperature,7.066666666666666
river,2024-01-13,temperature,6.35
river,2024-01-14,temperature,5.633333333333333
river,2024-01-15,temperature,4.916666666666666
river,2024-01-16,temperature,4.2
river,2024-01-17,temperature,4.525
river,2024-01-18,temperature,4.85
river,2024-01-19,temperature,5.175
river,2024-01-20,temperature,5.5
river,2024-01-21,temperature,5.825
river,2024-01-22,temperature,6.15
river,2024-01-23,temperature,6.475
river,2024-01-24,temperature,6.8
river,2024-01-25,temperature,6.485714285714286
river,2024-01-26,temperature,6.171428571428571
river,2024-01-27,temperature,5.857142857142857
river,2024-01-28,temperature,5.542857142857143
river,2024-01-29,temperature,5.228571428571428
river,2024-01-30,temperature,4.914285714285714
river,2024-01-31,temperature,4.6
river,2024-02-01,temperature,4.357142857142857
river,2024-02-02,temperature,4.114285714285714
river,2024-02-03,temperature,3.871428571428571
river,2024-02-04,temperature,3.628571428571428
river,2024-02-05,temperature,3.3857142857142852
river,2024-02-06,temperature,3.142857142857143
river,2024-02-07,temperature,2.9
river,2024-02-08,temperature,3.0428571428571427
river,2024-02-09,temperature,3.1857142857142855
river,2024-02-10,temperature,3.3285714285714283
river,2024-02-11,temperature,3.4714285714285715
river,2024-02-12,temperature,3.614285714285714
river,2024-02-13,temperature,3.757142857142857
river,2024-02-14,temperature,3.9
river,2024-02-15,temperature,4.3
river,2024-02-16,temperature,4.7
river,2024-02-17,temperature,5.1
river,2024-02-18,temperature,5.5
river,2024-02-19,temperature,5.9
river,2024-02-20,temperature,6.300000000000001
river,2024-02-21,temperature,6.7
river,2024-02-22,temperature,7.116666666666667
river,2024-02-23,temperature,7.533333333333333
river,2024-02-24,temperature,7.949999999999999
river,2024-02-25,temperature,8.366666666666667
river,2024-02-26,temperature,8.783333333333333
river,2024-02-27,temperature,9.2
river,2024-02-28,temperature,8.987499999999999
river,2024-02-29,temperature,8.774999999999999
river,2024-03-01,temperature,8.5625
river,2024-03-02,temperature,8.35
river,2024-03-03,temperature,8.1375
river,2024-03-04,temperature,7.925
river,2024-03-05,temperature,7.7125
river,2024-03-06,temperature,7.5
river,2024-03-07,temperature,7.785714285714286
river,2024-03-08,temperature,8.071428571428571
river,2024-03-09,temperature,8.357142857142858
river,2024-03-10,temperature,8.642857142857142
river,2024-03-11,temperature,8.928571428571429
river,2024-03-12,temperature,9.214285714285714
river,2024-03-13,temperature,9.5
river,2024-03-14,temperature,9.428571428571429
river,2024-03-15,temperature,9.357142857142858
river,2024-03-16,temperature,9.285714285714286
river,2024-03-17,temperature,9.214285714285714
river,2024-03-18,temperature,9.142857142857142
river,2024-03-19,temperature,9.071428571428571
river,2024-03-20,temperature,9.0
river,2024-03-21,temperature,9.4
river,2024-03-22,temperature,9.8
river,2024-03-23,temperature,10.2
river,2024-03-24,temperature,10.6
river,2024-03-25,temperature,11.0
river,2024-03-26,temperature,11.4
river,2024-03-27,temperature,11.8
river,2024-03-28,temperature,11.700000000000001
river,2024-03-29,temperature,11.6
river,2024-03-30,temperature,11.5
river,2024-03-31,temperature,11.4
river,2024-04-01,temperature,11.3
river,2024-04-02,temperature,11.2
river,2024-04-03,temperature,11.1
river,2024-04-04,temperature,10.928571428571429
river,2024-04-05,temperature,10.757142857142856
river,2024-04-06,temperature,10.585714285714285
river,2024-04-07,temperature,10.414285714285715
river,2024-04-08,temperature,10.242857142857144
river,2024-04-09,temperature,10.071428571428571
river,2024-04-10,temperature,9.9
river,2024-04-11,temperature,9.957142857142857
river,2024-04-12,temperature,10.014285714285714
river,2024-04-13,temperature,10.071428571428571
river,2024-04-14,temperature,10.12857142857143
river,2024-04-15,temperature,10.185714285714287
river,2024-04-16,temperature,10.242857142857144
river,2024-04-17,temperature,10.3
river,2024-04-18,temperature,10.3
river,2024-04-19,temperature,10.3
river,2024-04-20,temperature,10.3
river,2024-04-21,temperature,10.3
river,2024-04-22,temperature,10.3
river,2024-04-23,temperature,10.3
river,2024-04-24,temperature,10.3
river,2024-04-25,temperature,10.428571428571429
river,2024-04-26,temperature,10.557142857142857
river,2024-04-27,temperature,10.685714285714285
river,2024-04-28,temperature,10.814285714285715
river,2024-04-29,temperature,10.942857142857143
river,2024-04-30,temperature,11.071428571428571
river,2024-05-01,temperature,11.2
river,2024-05-02,temperature,11.17142857142857
river,2024-05-03,temperature,11.142857142857142
river,2024-05-04,temperature,11.114285714285714
river,2024-05-05,temperature,11.085714285714285
river,2024-05-06,temperature,11.057142857142857
river,2024-05-07,temperature,11.028571428571428
river,2024-05-08,temperature,11.0
river,2024-05-09,temperature,11.15
river,2024-05-10,temperature,11.3
river,2024-05-11,temperature,11.45
river,2024-05-12,temperature,11.6
river,2024-05-13,temperature,11.75
river,2024-05-14,temperature,11.9
river,2024-05-15,temperature,12.1
river,2024-05-16,temperature,12.3
river,2024-05-17,temperature,12.5
river,2024-05-18,temperature,12.7
river,2024-05-19,temperature,12.9
river,2024-05-20,temperature,13.1
river,2024-05-21,temperature,13.3
river,2024-05-22,temperature,13.5
river,2024-05-23,temperature,14.185714285714285
river,2024-05-24,temperature,14.871428571428572
river,2024-05-25,temperature,15.557142857142857
river,2024-05-26,temperature,16.242857142857144
river,2024-05-27,temperature,16.92857142857143
river,2024-05-28,temperature,17.614285714285714
river,2024-05-29,temperature,18.3
river,2024-05-30,temperature,17.7875
river,2024-05-31,temperature,17.275
river,2024-06-01,temperature,16.7625
river,2024-06-02,temperature,16.25
river,2024-06-03,temperature,15.7375
river,2024-06-04,temperature,15.225
river,2024-06-05,temperature,14.712499999999999
river,2024-06-06,temperature,14.2
river,2024-06-07,temperature,14.0
river,2024-06-08,temperature,13.799999999999999
river,2024-06-09,temperature,13.6
river,2024-06-10,temperature,13.4
river,2024-06-11,temperature,13.2
river,2024-06-12,temperature,13.0
river,2024-06-13,temperature,13.32857142857143
river,2024-06-14,temperature,13.657142857142857
river,2024-06-15,temperature,13.985714285714286
river,2024-06-16,temperature,14.314285714285715
river,2024-06-17,temperature,14.642857142857144
river,2024-06-18,temperature,14.971428571428572
river,2024-06-19,temperature,15.3
river,2024-06-20,temperature,15.283333333333333
river,2024-06-21,temperature,15.266666666666667
river,2024-06-22,temperature,15.25
river,2024-06-23,temperature,15.233333333333333
river,2024-06-24,temperature,15.216666666666667
river,2024-06-25,temperature,15.2
river,2024-06-26,temperature,14.975
river,2024-06-27,temperature,14.75
river,2024-06-28,temperature,14.525
river,2024-06-29,temperature,14.3
river,2024-06-30,temperature,14.075
river,2024-07-01,temperature,13.85
river,2024-07-02,temperature,13.625
river,2024-07-03,temperature,13.4
river,2024-07-04,temperature,13.757142857142858
river,2024-07-05,temperature,14.114285714285714
river,2024-07-06,temperature,14.471428571428572
river,2024-07-07,temperature,14.82857142857143
river,2024-07-08,temperature,15.185714285714287
river,2024-07-09,temperature,15.542857142857143
river,2024-07-10,temperature,15.9
river,2024-07-11,temperature,15.766666666666667
river,2024-07-12,temperature,15.633333333333333
river,2024-07-13,temperature,15.5
river,2024-07-14,temperature,15.366666666666667
river,2024-07-15,temperature,15.233333333333333
river,2024-07-16,temperature,15.1
river,2024-07-17,temperature,15.475
river,2024-07-18,temperature,15.85
river,2024-07-19,temperature,16.225
river,2024-07-20,temperature,16.6
river,2024-07-21,temperature,16.975
river,2024-07-22,temperature,17.35
river,2024-07-23,temperature,17.725
river,2024-07-24,temperature,18.1
river,2024-07-25,temperature,17.742857142857144
river,2024-07-26,temperature,17.385714285714286
river,2024-07-27,temperature,17.02857142857143
river,2024-07-28,temperature,16.67142857142857
river,2024-07-29,temperature,16.314285714285713
river,2024-07-30,temperature,15.957142857142857
river,2024-07-31,temperature,15.6
river,2024-08-01,temperature,15.6
river,2024-08-02,temperature,15.6
river,2024-08-03,temperature,15.6
river,2024-08-04,temperature,15.6
river,2024-08-05,temperature,15.6
river,2024-08-06,temperature,15.6
river,2024-08-07,temperature,15.6
river,2024-08-08,temperature,15.842857142857143
river,2024-08-09,temperature,16.085714285714285
river,2024-08-10,temperature,16.32857142857143
river,2024-08-11,temperature,16.571428571428573
river,2024-08-12,temperature,16.814285714285713
river,2024-08-13,temperature,17.057142857142857
river,2024-08-14,temperature,17.3
river,2024-08-15,temperature,17.442857142857143
river,2024-08-16,temperature,17.585714285714285
river,2024-08-17,temperature,17.728571428571428
river,2024-08-18,temperature,17.871428571428574
river,2024-08-19,temperature,18.014285714285716
river,2024-08-20,temperature,18.15714285714286
river,2024-08-21,temperature,18.3
river,2024-08-22,temperature,17.942857142857143
river,2024-08-23,temperature,17.585714285714285
river,2024-08-24,temperature,17.228571428571428
river,2024-08-25,temperature,16.871428571428574
river,2024-08-26,temperature,16.514285714285716
river,2024-08-27,temperature,16.15714285714286
river,2024-08-28,temperature,15.8
river,2024-08-29,temperature,15.857142857142858
river,2024-08-30,temperature,15.914285714285715
river,2024-08-31,temperature,15.971428571428572
river,2024-09-01,temperature,16.02857142857143
river,2024-09-02,temperature,16.085714285714285
river,2024-09-03,temperature,16.142857142857142
river,2024-09-04,temperature,16.2
river,2024-09-05,temperature,16.07142857142857
river,2024-09-06,temperature,15.942857142857143
river,2024-09-07,temperature,15.814285714285715
river,2024-09-08,temperature,15.685714285714285
river,2024-09-09,temperature,15.557142857142857
river,2024-09-10,temperature,15.428571428571429
river,2024-09-11,temperature,15.3
river,2024-09-12,temperature,15.142857142857144
river,2024-09-13,temperature,14.985714285714286
river,2024-09-14,temperature,14.82857142857143
river,2024-09-15,temperature,14.67142857142857
river,2024-09-16,temperature,14.514285714285714
river,2024-09-17,temperature,14.357142857142858
river,2024-09-18,temperature,14.2
river,2024-09-19,temperature,13.766666666666666
river,2024-09-20,temperature,13.333333333333332
river,2024-09-21,temperature,12.899999999999999
river,2024-09-22,temperature,12.466666666666667
river,2024-09-23,temperature,12.033333333333333
river,2024-09-24,temperature,11.6
river,2024-09-25,temperature,11.714285714285714
river,2024-09-26,temperature,11.82857142857143
river,2024-09-27,temperature,11.942857142857143
river,2024-09-28,temperature,12.057142857142857
river,2024-09-29,temperature,12.17142857142857
river,2024-09-30,temperature,12.285714285714286
river,2024-10-01,temperature,12.4
river,2024-10-02,temperature,12.22857142857143
river,2024-10-03,temperature,12.057142857142857
river,2024-10-04,temperature,11.885714285714286
river,2024-10-05,temperature,11.714285714285714
river,2024-10-06,temperature,11.542857142857143
river,2024-10-07,temperature,11.37142857142857
river,2024-10-08,temperature,11.2
river,2024-10-09,temperature,11.0375
river,2024-10-10,temperature,10.875
river,2024-10-11,temperature,10.7125
river,2024-10-12,temperature,10.55
river,2024-10-13,temperature,10.3875
river,2024-10-14,temperature,10.225
river,2024-10-15,temperature,10.0625
river,2024-10-16,temperature,9.9
river,2024-10-17,temperature,10.171428571428573
river,2024-10-18,temperature,10.442857142857143
river,2024-10-19,temperature,10.714285714285715
river,2024-10-20,temperature,10.985714285714286
river,2024-10-21,temperature,11.257142857142858
river,2024-10-22,temperature,11.528571428571428
river,2024-10-23,temperature,11.8
river,2024-10-24,temperature,11.200000000000001
river,2024-10-25,temperature,10.6
river,2024-10-26,temperature,10.0
river,2024-10-27,temperature,9.4
river,2024-10-28,temperature,8.8
river,2024-10-29,temperature,8.2
river,2024-10-30,temperature,7.975
river,2024-10-31,temperature,7.75
river,2024-11-01,temperature,7.5249999999999995
river,2024-11-02,temperature,7.3
river,2024-11-03,temperature,7.075
river,2024-11-04,temperature,6.85
river,2024-11-05,temperature,6.625
river,2024-11-06,temperature,6.4
river,2024-11-07,temperature,6.816666666666667
river,2024-11-08,temperature,7.233333333333333
river,2024-11-09,temperature,7.65
river,2024-11-10,temperature,8.066666666666666
river,2024-11-11,temperature,8.483333333333334
river,2024-11-12,temperature,8.9
river,2024-11-13,temperature,8.757142857142858
river,2024-11-14,temperature,8.614285714285714
river,2024-11-15,temperature,8.471428571428572
river,2024-11-16,temperature,8.32857142857143
river,2024-11-17,temperature,8.185714285714287
river,2024-11-18,temperature,8.042857142857143
river,2024-11-19,temperature,7.9
river,2024-11-20,temperature,7.9
river,2024-11-21,temperature,7.9
river,2024-11-22,temperature,7.9
river,2024-11-23,temperature,7.9
river,2024-11-24,temperature,7.9
river,2024-11-25,temperature,7.9
river,2024-11-26,temperature,7.9
river,2024-11-27,temperature,7.525
river,2024-11-28,temperature,7.15
river,2024-11-29,temperature,6.775
river,2024-11-30,temperature,6.4
river,2024-12-01,temperature,6.025
river,2024-12-02,temperature,5.65
river,2024-12-03,temperature,5.275
river,2024-12-04,temperature,4.9
river,2024-12-05,temperature,4.885714285714286
river,2024-12-06,temperature,4.871428571428572
river,2024-12-07,temperature,4.857142857142858
river,2024-12-08,temperature,4.8428571428571425
river,2024-12-09,temperature,4.828571428571428
river,2024-12-10,temperature,4.814285714285714
river,2024-12-11,temperature,4.8
river,2024-12-12,temperature,5.083333333333333
river,2024-12-13,temperature,5.366666666666666
river,2024-12-14,temperature,5.65
river,2024-12-15,temperature,5.933333333333334
river,2024-12-16,temperature,6.216666666666667
river,2024-12-17,temperature,6.5
river,2024-12-18,temperature,6.6
river,2024-12-19,temperature,6.7
river,2024-12-20,temperature,6.8
river,2024-12-21,temperature,6.9
river,2024-12-22,temperature,7.0
river,2024-12-23,temperature,7.1
river,2024-12-24,temperature,7.2
river,2024-12-25,temperature,7.3
river,2024-12-26,temperature,7.3999999999999995
river,2024-12-27,temperature,7.5
river,2024-12-28,temperature,7.6
river,2024-12-29,temperature,7.699999999999999
river,2024-12-30,temperature,7.8
river,2024-12-31,temperature,7.8999999999999995
river,2025-01-01,temperature,8.0
river,2025-01-02,temperature,8.1
river,2025-01-03,temperature,8.2
river,2025-01-04,temperature,8.299999999999999
river,2025-01-05,temperature,8.399999999999999
river,2025-01-06,temperature,8.5
river,2025-01-07,temperature,8.6
river,2025-01-08,temperature,8.071428571428571
river,2025-01-09,temperature,7.542857142857143
river,2025-01-10,temperature,7.014285714285714
river,2025-01-11,temperature,6.485714285714286
river,2025-01-12,temperature,5.957142857142857
river,2025-01-13,temperature,5.428571428571429
river,2025-01-14,temperature,4.9
river,2025-01-15,temperature,4.757142857142857
river,2025-01-16,temperature,4.614285714285715
river,2025-01-17,temperature,4.4714285714285715
river,2025-01-18,temperature,4.328571428571428
river,2025-01-19,temperature,4.185714285714286
river,2025-01-20,temperature,4.042857142857143
river,2025-01-21,temperature,3.9
river,2025-01-22,temperature,4.1
river,2025-01-23,temperature,4.3
river,2025-01-24,temperature,4.5
river,2025-01-25,temperature,4.7
river,2025-01-26,temperature,4.8999999999999995
river,2025-01-27,temperature,5.1
river,2025-01-28,temperature,5.3
river,2025-01-29,temperature,5.514285714285714
river,2025-01-30,temperature,5.728571428571429
river,2025-01-31,temperature,5.942857142857143
river,2025-02-01,temperature,6.157142857142857
river,2025-02-02,temperature,6.371428571428571
river,2025-02-03,temperature,6.585714285714285
river,2025-02-04,temperature,6.8
river,2025-02-05,temperature,6.585714285714285
river,2025-02-06,temperature,6.371428571428571
river,2025-02-07,temperature,6.157142857142857
river,2025-02-08,temperature,5.942857142857143
river,2025-02-09,temperature,5.728571428571429
river,2025-02-10,temperature,5.514285714285714
river,2025-02-11,temperature,5.3
river,2025-02-12,temperature,5.5
river,2025-02-13,temperature,5.7
river,2025-02-14,temperature,5.9
river,2025-02-15,temperature,6.1
river,2025-02-16,temperature,6.3
river,2025-02-17,temperature,6.5
river,2025-02-18,temperature,6.7
river,2025-02-19,temperature,6.428571428571429
river,2025-02-20,temperature,6.1571428571428575
river,2025-02-21,temperature,5.885714285714286
river,2025-02-22,temperature,5.614285714285714
river,2025-02-23,temperature,5.342857142857143
river,2025-02-24,temperature,5.071428571428571
river,2025-02-25,temperature,4.8
river,2021-03-03,silicon,0.005350000000000001
river,2021-03-04,silicon,0.005064666666666667
river,2021-03-05,silicon,0.004779333333333333
river,2021-03-06,silicon,0.004494000000000001
river,2021-03-07,silicon,0.004208666666666668
river,2021-03-08,silicon,0.003923333333333334
river,2021-03-09,silicon,0.003638
river,2021-03-10,silicon,0.003790857142857143
river,2021-03-11,silicon,0.0039437142857142865
river,2021-03-12,silicon,0.0040965714285714295
river,2021-03-13,silicon,0.004249428571428572
river,2021-03-14,silicon,0.0044022857142857145
river,2021-03-15,silicon,0.004555142857142858
river,2021-03-16,silicon,0.004708
river,2021-03-17,silicon,0.0044405
river,2021-03-18,silicon,0.0041730000000000005
river,2021-03-19,silicon,0.0039055000000000006
river,2021-03-20,silicon,0.0036380000000000006
river,2021-03-21,silicon,0.0033705000000000007
river,2021-03-22,silicon,0.003103
river,2021-03-23,silicon,0.0028355000000000003
river,2021-03-24,silicon,0.002568
river,2021-03-25,silicon,0.00243425
river,2021-03-26,silicon,0.0023005
river,2021-03-27,silicon,0.00216675
river,2021-03-28,silicon,0.002033
river,2021-03-29,silicon,0.00189925
river,2021-03-30,silicon,0.0017655000000000001
river,2021-03-31,silicon,0.00163175
river,2021-04-01,silicon,0.001498
river,2021-04-02,silicon,0.0013696000000000001
river,2021-04-03,silicon,0.0012412
river,2021-04-04,silicon,0.0011128000000000002
river,2021-04-05,silicon,0.0009844
river,2021-04-06,silicon,0.0008560000000000001
river,2021-04-07,silicon,0.0011502500000000002
river,2021-04-08,silicon,0.0014445000000000003
river,2021-04-09,silicon,0.0017387500000000003
river,2021-04-10,silicon,0.0020330000000000005
river,2021-04-11,silicon,0.00232725
river,2021-04-12,silicon,0.0026215000000000006
river,2021-04-13,silicon,0.002915750000000001
river,2021-04-14,silicon,0.00321
river,2021-04-15,silicon,0.003495333333333334
river,2021-04-16,silicon,0.0037806666666666666
river,2021-04-17,silicon,0.004066
river,2021-04-18,silicon,0.004351333333333333
river,2021-04-19,silicon,0.0046366666666666665
river,2021-04-20,silicon,0.004922
river,2021-04-21,silicon,0.004616285714285714
river,2021-04-22,silicon,0.004310571428571428
river,2021-04-23,silicon,0.004004857142857143
river,2021-04-24,silicon,0.0036991428571428574
river,2021-04-25,silicon,0.003393428571428572
river,2021-04-26,silicon,0.003087714285714286
river,2021-04-27,silicon,0.0027820000000000006
river,2021-04-28,silicon,0.0028355000000000003
river,2021-04-29,silicon,0.0028890000000000005
river,2021-04-30,silicon,0.0029425
river,2021-05-01,silicon,0.002996
river,2021-05-02,silicon,0.0030495
river,2021-05-03,silicon,0.003103
river,2021-05-04,silicon,0.0031565000000000005
river,2021-05-05,silicon,0.00321
river,2021-05-06,silicon,0.003281333333333333
river,2021-05-07,silicon,0.003352666666666667
river,2021-05-08,silicon,0.0034240000000000004
river,2021-05-09,silicon,0.003495333333333334
river,2021-05-10,silicon,0.0035666666666666668
river,2021-05-11,silicon,0.003638
river,2021-05-12,silicon,0.003974285714285714
river,2021-05-13,silicon,0.004310571428571428
river,2021-05-14,silicon,0.004646857142857143
river,2021-05-15,silicon,0.004983142857142857
river,2021-05-16,silicon,0.005319428571428572
river,2021-05-17,silicon,0.005655714285714286
river,2021-05-18,silicon,0.005992
river,2021-05-19,silicon,0.005751250000000001
river,2021-05-20,silicon,0.0055105
river,2021-05-21,silicon,0.00526975
river,2021-05-22,silicon,0.005029
river,2021-05-23,silicon,0.00478825
river,2021-05-24,silicon,0.0045475
river,2021-05-25,silicon,0.004306750000000001
river,2021-05-26,silicon,0.004066
river,2021-05-27,silicon,0.0043156666666666664
river,2021-05-28,silicon,0.004565333333333334
river,2021-05-29,silicon,0.004815000000000001
river,2021-05-30,silicon,0.005064666666666667
river,2021-05-31,silicon,0.005314333333333334
river,2021-06-01,silicon,0.005564000000000001
river,2021-06-02,silicon,0.005594571428571429
river,2021-06-03,silicon,0.005625142857142857
river,2021-06-04,silicon,0.0056557142857142865
river,2021-06-05,silicon,0.005686285714285716
river,2021-06-06,silicon,0.005716857142857143
river,2021-06-07,silicon,0.005747428571428573
river,2021-06-08,silicon,0.005778000000000001
river,2021-06-09,silicon,0.005900285714285715
river,2021-06-10,silicon,0.006022571428571429
river,2021-06-11,silicon,0.006144857142857144
river,2021-06-12,silicon,0.006267142857142858
river,2021-06-13,silicon,0.006389428571428573
river,2021-06-14,silicon,0.006511714285714286
river,2021-06-15,silicon,0.006634000000000001
river,2021-06-16,silicon,0.006267142857142858
river,2021-06-17,silicon,0.005900285714285715
river,2021-06-18,silicon,0.005533428571428572
river,2021-06-19,silicon,0.005166571428571429
river,2021-06-20,silicon,0.004799714285714286
river,2021-06-21,silicon,0.004432857142857143
river,2021-06-22,silicon,0.004066
river,2021-06-23,silicon,0.004371714285714286
river,2021-06-24,silicon,0.004677428571428571
river,2021-06-25,silicon,0.004983142857142857
river,2021-06-26,silicon,0.005288857142857143
river,2021-06-27,silicon,0.005594571428571428
river,2021-06-28,silicon,0.005900285714285715
river,2021-06-29,silicon,0.006206
river,2021-06-30,silicon,0.006297714285714286
river,2021-07-01,silicon,0.006389428571428573
river,2021-07-02,silicon,0.006481142857142858
river,2021-07-03,silicon,0.006572857142857144
river,2021-07-04,silicon,0.006664571428571429
river,2021-07-05,silicon,0.0067562857142857155
river,2021-07-06,silicon,0.006848000000000001
river,2021-07-07,silicon,0.00687857142857143
river,2021-07-08,silicon,0.006909142857142858
river,2021-07-09,silicon,0.006939714285714286
river,2021-07-10,silicon,0.006970285714285715
river,2021-07-11,silicon,0.007000857142857143
river,2021-07-12,silicon,0.007031428571428571
river,2021-07-13,silicon,0.007062000000000001
river,2021-07-14,silicon,0.007031428571428571
river,2021-07-15,silicon,0.007000857142857143
river,2021-07-16,silicon,0.006970285714285715
river,2021-07-17,silicon,0.006939714285714286
river,2021-07-18,silicon,0.006909142857142858
river,2021-07-19,silicon,0.00687857142857143
river,2021-07-20,silicon,0.006848000000000001
river,2021-07-21,silicon,0.006786857142857144
river,2021-07-22,silicon,0.006725714285714286
river,2021-07-23,silicon,0.006664571428571429
river,2021-07-24,silicon,0.006603428571428572
river,2021-07-25,silicon,0.006542285714285715
river,2021-07-26,silicon,0.006481142857142858
river,2021-07-27,silicon,0.00642
river,2021-07-28,silicon,0.0064735
river,2021-07-29,silicon,0.006527
river,2021-07-30,silicon,0.0065805
river,2021-07-31,silicon,0.006634000000000001
river,2021-08-01,silicon,0.006687500000000001
river,2021-08-02,silicon,0.006741000000000001
river,2021-08-03,silicon,0.006794500000000001
river,2021-08-04,silicon,0.006848000000000001
river,2021-08-05,silicon,0.0073830000000000015
river,2021-08-06,silicon,0.007918000000000001
river,2021-08-07,silicon,0.008453000000000002
river,2021-08-08,silicon,0.008988000000000001
river,2021-08-09,silicon,0.009523
river,2021-08-10,silicon,0.010058000000000001
river,2021-08-11,silicon,0.009844000000000002
river,2021-08-12,silicon,0.009630000000000001
river,2021-08-13,silicon,0.009416
river,2021-08-14,silicon,0.009202
river,2021-08-15,silicon,0.008988000000000001
river,2021-08-16,silicon,0.008773999999999999
river,2021-08-17,silicon,0.00856
river,2021-08-18,silicon,0.008254285714285714
river,2021-08-19,silicon,0.00794857142857143
river,2021-08-20,silicon,0.007642857142857144
river,2021-08-21,silicon,0.007337142857142858
river,2021-08-22,silicon,0.007031428571428571
river,2021-08-23,silicon,0.006725714285714286
river,2021-08-24,silicon,0.00642
river,2021-08-25,silicon,0.006348666666666667
river,2021-08-26,silicon,0.006277333333333334
river,2021-08-27,silicon,0.006206
river,2021-08-28,silicon,0.006134666666666667
river,2021-08-29,silicon,0.006063333333333334
river,2021-08-30,silicon,0.005992000000000001
river,2021-08-31,silicon,0.005920666666666667
river,2021-09-01,silicon,0.005849333333333333
river,2021-09-02,silicon,0.005778000000000001
river,2021-09-03,silicon,0.005949200000000001
river,2021-09-04,silicon,0.0061204000000000015
river,2021-09-05,silicon,0.0062916000000000005
river,2021-09-06,silicon,0.0064628
river,2021-09-07,silicon,0.006634000000000001
river,2021-09-08,silicon,0.006500250000000001
river,2021-09-09,silicon,0.006366500000000001
river,2021-09-10,silicon,0.0062327500000000004
river,2021-09-11,silicon,0.006099
river,2021-09-12,silicon,0.00596525
river,2021-09-13,silicon,0.005831500000000001
river,2021-09-14,silicon,0.0056977500000000006
river,2021-09-15,silicon,0.005564000000000001
river,2021-09-16,silicon,0.005533428571428572
river,2021-09-17,silicon,0.0055028571428571435
river,2021-09-18,silicon,0.005472285714285715
river,2021-09-19,silicon,0.005441714285714286
river,2021-09-20,silicon,0.005411142857142857
river,2021-09-21,silicon,0.005380571428571428
river,2021-09-22,silicon,0.005350000000000001
river,2021-09-23,silicon,0.006786857142857144
river,2021-09-24,silicon,0.008223714285714287
river,2021-09-25,silicon,0.00966057142857143
river,2021-09-26,silicon,0.011097428571428572
river,2021-09-27,silicon,0.012534285714285717
river,2021-09-28,silicon,0.013971142857142859
river,2021-09-29,silicon,0.015408000000000002
river,2021-09-30,silicon,0.015336666666666669
river,2021-10-01,silicon,0.015265333333333334
river,2021-10-02,silicon,0.015194
river,2021-10-03,silicon,0.015122666666666666
river,2021-10-04,silicon,0.015051333333333333
river,2021-10-05,silicon,0.014980000000000002
river,2021-10-06,silicon,0.014980000000000002
river,2021-10-07,silicon,0.014980000000000002
river,2021-10-08,silicon,0.014980000000000002
river,2021-10-09,silicon,0.014980000000000002
river,2021-10-10,silicon,0.014980000000000002
river,2021-10-11,silicon,0.014980000000000002
river,2021-10-12,silicon,0.014980000000000002
river,2021-10-13,silicon,0.014980000000000002
river,2021-10-14,silicon,0.013787714285714287
river,2021-10-15,silicon,0.012595428571428573
river,2021-10-16,silicon,0.011403142857142856
river,2021-10-17,silicon,0.010210857142857143
river,2021-10-18,silicon,0.00901857142857143
river,2021-10-19,silicon,0.007826285714285714
river,2021-10-20,silicon,0.006634000000000001
river,2021-10-21,silicon,0.006585085714285715
river,2021-10-22,silicon,0.006536171428571429
river,2021-10-23,silicon,0.006487257142857143
river,2021-10-24,silicon,0.006438342857142857
river,2021-10-25,silicon,0.006389428571428573
river,2021-10-26,silicon,0.006340514285714285
river,2021-10-27,silicon,0.0062916000000000005
river,2021-10-28,silicon,0.006352742857142857
river,2021-10-29,silicon,0.006413885714285715
river,2021-10-30,silicon,0.006475028571428572
river,2021-10-31,silicon,0.006536171428571429
river,2021-11-01,silicon,0.006597314285714286
river,2021-11-02,silicon,0.006658457142857144
river,2021-11-03,silicon,0.0067196
river,2021-11-04,silicon,0.006802142857142858
river,2021-11-05,silicon,0.0068846857142857145
river,2021-11-06,silicon,0.006967228571428572
river,2021-11-07,silicon,0.007049771428571429
river,2021-11-08,silicon,0.007132314285714286
river,2021-11-09,silicon,0.0072148571428571435
river,2021-11-10,silicon,0.007297400000000001
river,2021-11-11,silicon,0.007523628571428573
river,2021-11-12,silicon,0.007749857142857143
river,2021-11-13,silicon,0.007976085714285715
river,2021-11-14,silicon,0.008202314285714286
river,2021-11-15,silicon,0.008428542857142857
river,2021-11-16,silicon,0.00865477142857143
river,2021-11-17,silicon,0.008881
river,2021-11-18,silicon,0.008856542857142859
river,2021-11-19,silicon,0.008832085714285714
river,2021-11-20,silicon,0.008807628571428573
river,2021-11-21,silicon,0.00878317142857143
river,2021-11-22,silicon,0.008758714285714288
river,2021-11-23,silicon,0.008734257142857145
river,2021-11-24,silicon,0.008709800000000002
river,2021-11-25,silicon,0.008709800000000002
river,2021-11-26,silicon,0.008709800000000002
river,2021-11-27,silicon,0.008709800000000002
river,2021-11-28,silicon,0.008709800000000002
river,2021-11-29,silicon,0.008709800000000002
river,2021-11-30,silicon,0.008709800000000002
river,2021-12-01,silicon,0.008709800000000002
river,2021-12-02,silicon,0.008703685714285717
river,2021-12-03,silicon,0.008697571428571428
river,2021-12-04,silicon,0.008691457142857144
river,2021-12-05,silicon,0.008685342857142859
river,2021-12-06,silicon,0.008679228571428572
river,2021-12-07,silicon,0.008673114285714286
river,2021-12-08,silicon,0.008667
river,2021-12-09,silicon,0.008431600000000001
river,2021-12-10,silicon,0.0081962
river,2021-12-11,silicon,0.0079608
river,2021-12-12,silicon,0.0077254
river,2021-12-13,silicon,0.007490000000000001
river,2021-12-14,silicon,0.0072546
river,2021-12-15,silicon,0.007019200000000001
river,2021-12-16,silicon,0.0067838
river,2021-12-17,silicon,0.0067709599999999995
river,2021-12-18,silicon,0.00675812
river,2021-12-19,silicon,0.006745280000000001
river,2021-12-20,silicon,0.00673244
river,2021-12-21,silicon,0.006719599999999999
river,2021-12-22,silicon,0.006706760000000001
river,2021-12-23,silicon,0.006693920000000001
river,2021-12-24,silicon,0.00668108
river,2021-12-25,silicon,0.00666824
river,2021-12-26,silicon,0.0066554000000000006
river,2021-12-27,silicon,0.0066425600000000005
river,2021-12-28,silicon,0.00662972
river,2021-12-29,silicon,0.0066168799999999995
river,2021-12-30,silicon,0.00660404
river,2021-12-31,silicon,0.006591200000000001
river,2022-01-01,silicon,0.00657836
river,2022-01-02,silicon,0.006565519999999999
river,2022-01-03,silicon,0.006552680000000001
river,2022-01-04,silicon,0.006539840000000001
river,2022-01-05,silicon,0.006527
river,2022-01-06,silicon,0.006533114285714286
river,2022-01-07,silicon,0.006539228571428572
river,2022-01-08,silicon,0.006545342857142857
river,2022-01-09,silicon,0.006551457142857143
river,2022-01-10,silicon,0.006557571428571429
river,2022-01-11,silicon,0.006563685714285715
river,2022-01-12,silicon,0.0065698
river,2022-01-13,silicon,0.006695142857142857
river,2022-01-14,silicon,0.006820485714285714
river,2022-01-15,silicon,0.006945828571428572
river,2022-01-16,silicon,0.0070711714285714294
river,2022-01-17,silicon,0.007196514285714287
river,2022-01-18,silicon,0.007321857142857143
river,2022-01-19,silicon,0.0074472
river,2022-01-20,silicon,0.0073830000000000015
river,2022-01-21,silicon,0.0073188
river,2022-01-22,silicon,0.007254600000000001
river,2022-01-23,silicon,0.0071904000000000004
river,2022-01-24,silicon,0.007126200000000001
river,2022-01-25,silicon,0.007062000000000001
river,2022-01-26,silicon,0.0069978
river,2022-01-27,silicon,0.006863285714285715
river,2022-01-28,silicon,0.006728771428571428
river,2022-01-29,silicon,0.006594257142857143
river,2022-01-30,silicon,0.006459742857142858
river,2022-01-31,silicon,0.0063252285714285724
river,2022-02-01,silicon,0.0061907142857142855
river,2022-02-02,silicon,0.0060562
river,2022-02-03,silicon,0.0060562
river,2022-02-04,silicon,0.0060562
river,2022-02-05,silicon,0.0060562
river,2022-02-06,silicon,0.0060562
river,2022-02-07,silicon,0.0060562
river,2022-02-08,silicon,0.0060562
river,2022-02-09,silicon,0.0060562
river,2022-02-10,silicon,0.0059858857142857155
river,2022-02-11,silicon,0.005915571428571429
river,2022-02-12,silicon,0.005845257142857143
river,2022-02-13,silicon,0.005774942857142858
river,2022-02-14,silicon,0.005704628571428573
river,2022-02-15,silicon,0.005634314285714286
river,2022-02-16,silicon,0.005564000000000001
river,2022-02-17,silicon,0.005619028571428572
river,2022-02-18,silicon,0.005674057142857143
river,2022-02-19,silicon,0.005729085714285715
river,2022-02-20,silicon,0.0057841142857142855
river,2022-02-21,silicon,0.005839142857142858
river,2022-02-22,silicon,0.0058941714285714285
river,2022-02-23,silicon,0.0059492
river,2022-02-24,silicon,0.006053142857142858
river,2022-02-25,silicon,0.006157085714285714
river,2022-02-26,silicon,0.006261028571428572
river,2022-02-27,silicon,0.00636497142857143
river,2022-02-28,silicon,0.006468914285714286
river,2022-03-01,silicon,0.006572857142857144
river,2022-03-02,silicon,0.006676800000000001
river,2022-03-03,silicon,0.006484200000000001
river,2022-03-04,silicon,0.0062916000000000005
river,2022-03-05,silicon,0.006099
river,2022-03-06,silicon,0.005906400000000001
river,2022-03-07,silicon,0.0057138000000000015
river,2022-03-08,silicon,0.005521200000000001
river,2022-03-09,silicon,0.005328600000000001
river,2022-03-10,silicon,0.005093200000000001
river,2022-03-11,silicon,0.0048578
river,2022-03-12,silicon,0.0046224000000000005
river,2022-03-13,silicon,0.004387
river,2022-03-14,silicon,0.0041516
river,2022-03-15,silicon,0.0039162
river,2022-03-16,silicon,0.0036808
river,2022-03-17,silicon,0.0038306000000000004
river,2022-03-18,silicon,0.0039804
river,2022-03-19,silicon,0.0041302000000000005
river,2022-03-20,silicon,0.00428
river,2022-03-21,silicon,0.0044298
river,2022-03-22,silicon,0.0045796
river,2022-03-23,silicon,0.004729400000000001
river,2022-03-24,silicon,0.004795128571428571
river,2022-03-25,silicon,0.004860857142857143
river,2022-03-26,silicon,0.004926585714285715
river,2022-03-27,silicon,0.004992314285714286
river,2022-03-28,silicon,0.005058042857142857
river,2022-03-29,silicon,0.005123771428571428
river,2022-03-30,silicon,0.0051895000000000005
river,2022-03-31,silicon,0.005255228571428572
river,2022-04-01,silicon,0.005320957142857144
river,2022-04-02,silicon,0.005386685714285715
river,2022-04-03,silicon,0.0054524142857142865
river,2022-04-04,silicon,0.005518142857142858
river,2022-04-05,silicon,0.00558387142857143
river,2022-04-06,silicon,0.0056496
river,2022-04-07,silicon,0.0052735714285714295
river,2022-04-08,silicon,0.004897542857142858
river,2022-04-09,silicon,0.004521514285714286
river,2022-04-10,silicon,0.004145485714285715
river,2022-04-11,silicon,0.003769457142857143
river,2022-04-12,silicon,0.003393428571428571
river,2022-04-13,silicon,0.0030174000000000004
river,2022-04-14,silicon,0.0027525749999999997
river,2022-04-15,silicon,0.00248775
river,2022-04-16,silicon,0.002222925
river,2022-04-17,silicon,0.0019581
river,2022-04-18,silicon,0.001693275
river,2022-04-19,silicon,0.0014284500000000002
river,2022-04-20,silicon,0.001163625
river,2022-04-21,silicon,0.0008988000000000001
river,2022-04-22,silicon,0.0009166333333333334
river,2022-04-23,silicon,0.0009344666666666666
river,2022-04-24,silicon,0.0009523
river,2022-04-25,silicon,0.0009701333333333334
river,2022-04-26,silicon,0.0009879666666666668
river,2022-04-27,silicon,0.0010058
river,2022-04-28,silicon,0.0016019428571428572
river,2022-04-29,silicon,0.002198085714285714
river,2022-04-30,silicon,0.0027942285714285717
river,2022-05-01,silicon,0.003390371428571429
river,2022-05-02,silicon,0.003986514285714286
river,2022-05-03,silicon,0.004582657142857143
river,2022-05-04,silicon,0.0051788
river,2022-05-05,silicon,0.005090142857142857
river,2022-05-06,silicon,0.005001485714285715
river,2022-05-07,silicon,0.004912828571428572
river,2022-05-08,silicon,0.004824171428571428
river,2022-05-09,silicon,0.004735514285714285
river,2022-05-10,silicon,0.004646857142857143
river,2022-05-11,silicon,0.0045582
river,2022-05-12,silicon,0.004438971428571429
river,2022-05-13,silicon,0.004319742857142857
river,2022-05-14,silicon,0.004200514285714286
river,2022-05-15,silicon,0.004081285714285714
river,2022-05-16,silicon,0.0039620571428571425
river,2022-05-17,silicon,0.003842828571428572
river,2022-05-18,silicon,0.0037236
river,2022-05-19,silicon,0.0038493250000000002
river,2022-05-20,silicon,0.00397505
river,2022-05-21,silicon,0.004100775
river,2022-05-22,silicon,0.004226500000000001
river,2022-05-23,silicon,0.004352225
river,2022-05-24,silicon,0.00447795
river,2022-05-25,silicon,0.004603675
river,2022-05-26,silicon,0.004729400000000001
river,2022-05-27,silicon,0.004909771428571429
river,2022-05-28,silicon,0.005090142857142857
river,2022-05-29,silicon,0.005270514285714285
river,2022-05-30,silicon,0.005450885714285715
river,2022-05-31,silicon,0.005631257142857143
river,2022-06-01,silicon,0.005811628571428571
river,2022-06-02,silicon,0.005992
river,2022-06-03,silicon,0.0061168333333333335
river,2022-06-04,silicon,0.006241666666666666
river,2022-06-05,silicon,0.0063665
river,2022-06-06,silicon,0.006491333333333333
river,2022-06-07,silicon,0.006616166666666668
river,2022-06-08,silicon,0.0067410000000000005
river,2022-06-09,silicon,0.006893857142857143
river,2022-06-10,silicon,0.007046714285714286
river,2022-06-11,silicon,0.0071995714285714284
river,2022-06-12,silicon,0.007352428571428571
river,2022-06-13,silicon,0.007505285714285714
river,2022-06-14,silicon,0.007658142857142857
river,2022-06-15,silicon,0.007811
river,2022-06-16,silicon,0.007364657142857143
river,2022-06-17,silicon,0.006918314285714286
river,2022-06-18,silicon,0.006471971428571428
river,2022-06-19,silicon,0.006025628571428573
river,2022-06-20,silicon,0.005579285714285714
river,2022-06-21,silicon,0.005132942857142858
river,2022-06-22,silicon,0.004686600000000001
river,2022-06-23,silicon,0.0046652
river,2022-06-24,silicon,0.0046438
river,2022-06-25,silicon,0.0046224000000000005
river,2022-06-26,silicon,0.004601
river,2022-06-27,silicon,0.0045796000000000005
river,2022-06-28,silicon,0.0045582
river,2022-06-29,silicon,0.004536800000000001
river,2022-06-30,silicon,0.0046438
river,2022-07-01,silicon,0.0047508
river,2022-07-02,silicon,0.0048578
river,2022-07-03,silicon,0.004964800000000001
river,2022-07-04,silicon,0.0050718000000000004
river,2022-07-05,silicon,0.0051788
river,2022-07-06,silicon,0.005285800000000001
river,2022-07-07,silicon,0.005160457142857143
river,2022-07-08,silicon,0.005035114285714287
river,2022-07-09,silicon,0.0049097714285714295
river,2022-07-10,silicon,0.004784428571428571
river,2022-07-11,silicon,0.004659085714285714
river,2022-07-12,silicon,0.004533742857142858
river,2022-07-13,silicon,0.004408400000000001
river,2022-07-14,silicon,0.004757933333333335
river,2022-07-15,silicon,0.005107466666666667
river,2022-07-16,silicon,0.005457
river,2022-07-17,silicon,0.005806533333333333
river,2022-07-18,silicon,0.006156066666666668
river,2022-07-19,silicon,0.006505600000000001
river,2022-07-20,silicon,0.006545725
river,2022-07-21,silicon,0.006585850000000002
river,2022-07-22,silicon,0.006625975
river,2022-07-23,silicon,0.0066661
river,2022-07-24,silicon,0.0067062250000000006
river,2022-07-25,silicon,0.00674635
river,2022-07-26,silicon,0.006786475
river,2022-07-27,silicon,0.0068266
river,2022-07-28,silicon,0.006695142857142857
river,2022-07-29,silicon,0.006563685714285715
river,2022-07-30,silicon,0.006432228571428573
river,2022-07-31,silicon,0.0063007714285714285
river,2022-08-01,silicon,0.006169314285714286
river,2022-08-02,silicon,0.0060378571428571426
river,2022-08-03,silicon,0.0059064
river,2022-08-04,silicon,0.0059522571428571435
river,2022-08-05,silicon,0.005998114285714286
river,2022-08-06,silicon,0.00604397142857143
river,2022-08-07,silicon,0.006089828571428571
river,2022-08-08,silicon,0.006135685714285715
river,2022-08-09,silicon,0.0061815428571428575
river,2022-08-10,silicon,0.006227400000000001
river,2022-08-11,silicon,0.006346628571428572
river,2022-08-12,silicon,0.006465857142857144
river,2022-08-13,silicon,0.006585085714285714
river,2022-08-14,silicon,0.006704314285714287
river,2022-08-15,silicon,0.006823542857142858
river,2022-08-16,silicon,0.006942771428571429
river,2022-08-17,silicon,0.007062000000000001
river,2022-08-18,silicon,0.007138428571428572
river,2022-08-19,silicon,0.0072148571428571435
river,2022-08-20,silicon,0.007291285714285715
river,2022-08-21,silicon,0.0073677142857142865
river,2022-08-22,silicon,0.007444142857142857
river,2022-08-23,silicon,0.0075205714285714285
river,2022-08-24,silicon,0.007597
river,2022-08-25,silicon,0.007826285714285714
river,2022-08-26,silicon,0.00805557142857143
river,2022-08-27,silicon,0.008284857142857142
river,2022-08-28,silicon,0.008514142857142857
river,2022-08-29,silicon,0.008743428571428572
river,2022-08-30,silicon,0.008972714285714287
river,2022-08-31,silicon,0.009202
river,2022-09-01,silicon,0.008973733333333334
river,2022-09-02,silicon,0.008745466666666668
river,2022-09-03,silicon,0.0085172
river,2022-09-04,silicon,0.008288933333333335
river,2022-09-05,silicon,0.008060666666666667
river,2022-09-06,silicon,0.0078324
river,2022-09-07,silicon,0.007701325
river,2022-09-08,silicon,0.0075702500000000015
river,2022-09-09,silicon,0.007439175000000001
river,2022-09-10,silicon,0.0073081000000000005
river,2022-09-11,silicon,0.007177025
river,2022-09-12,silicon,0.0070459500000000005
river,2022-09-13,silicon,0.006914875000000001
river,2022-09-14,silicon,0.0067838
river,2022-09-15,silicon,0.0067746285714285715
river,2022-09-16,silicon,0.0067654571428571435
river,2022-09-17,silicon,0.006756285714285715
river,2022-09-18,silicon,0.006747114285714287
river,2022-09-19,silicon,0.006737942857142858
river,2022-09-20,silicon,0.00672877142857143
river,2022-09-21,silicon,0.0067196
river,2022-09-22,silicon,0.006835771428571429
river,2022-09-23,silicon,0.0069519428571428584
river,2022-09-24,silicon,0.007068114285714287
river,2022-09-25,silicon,0.007184285714285715
river,2022-09-26,silicon,0.007300457142857143
river,2022-09-27,silicon,0.007416628571428573
river,2022-09-28,silicon,0.007532800000000001
river,2022-09-29,silicon,0.007759028571428572
river,2022-09-30,silicon,0.007985257142857144
river,2022-10-01,silicon,0.008211485714285715
river,2022-10-02,silicon,0.008437714285714286
river,2022-10-03,silicon,0.008663942857142858
river,2022-10-04,silicon,0.008890171428571427
river,2022-10-05,silicon,0.0091164
river,2022-10-06,silicon,0.00901857142857143
river,2022-10-07,silicon,0.008920742857142857
river,2022-10-08,silicon,0.008822914285714285
river,2022-10-09,silicon,0.008725085714285714
river,2022-10-10,silicon,0.008627257142857142
river,2022-10-11,silicon,0.008529428571428573
river,2022-10-12,silicon,0.008431600000000001
river,2022-10-13,silicon,0.008407142857142858
river,2022-10-14,silicon,0.008382685714285716
river,2022-10-15,silicon,0.008358228571428572
river,2022-10-16,silicon,0.008333771428571429
river,2022-10-17,silicon,0.008309314285714286
river,2022-10-18,silicon,0.008284857142857144
river,2022-10-19,silicon,0.008260400000000001
river,2022-10-20,silicon,0.008132
river,2022-10-21,silicon,0.0080036
river,2022-10-22,silicon,0.0078752
river,2022-10-23,silicon,0.007746800000000002
river,2022-10-24,silicon,0.007618400000000001
river,2022-10-25,silicon,0.007490000000000001
river,2022-10-26,silicon,0.0073616
river,2022-10-27,silicon,0.0073188
river,2022-10-28,silicon,0.007276
river,2022-10-29,silicon,0.0072331999999999995
river,2022-10-30,silicon,0.0071904000000000004
river,2022-10-31,silicon,0.0071476000000000005
river,2022-11-01,silicon,0.0071048000000000005
river,2022-11-02,silicon,0.007062000000000001
river,2022-11-03,silicon,0.0072331999999999995
river,2022-11-04,silicon,0.0074044
river,2022-11-05,silicon,0.007575600000000001
river,2022-11-06,silicon,0.007746800000000001
river,2022-11-07,silicon,0.007918
river,2022-11-08,silicon,0.0080892
river,2022-11-09,silicon,0.008260400000000001
river,2022-11-10,silicon,0.00809837142857143
river,2022-11-11,silicon,0.007936342857142857
river,2022-11-12,silicon,0.007774314285714286
river,2022-11-13,silicon,0.007612285714285714
river,2022-11-14,silicon,0.007450257142857144
river,2022-11-15,silicon,0.007288228571428572
river,2022-11-16,silicon,0.007126200000000001
river,2022-11-17,silicon,0.00713537142857143
river,2022-11-18,silicon,0.007144542857142858
river,2022-11-19,silicon,0.007153714285714287
river,2022-11-20,silicon,0.007162885714285715
river,2022-11-21,silicon,0.0071720571428571436
river,2022-11-22,silicon,0.0071812285714285716
river,2022-11-23,silicon,0.0071904000000000004
river,2022-11-24,silicon,0.0072546
river,2022-11-25,silicon,0.0073188
river,2022-11-26,silicon,0.007383000000000001
river,2022-11-27,silicon,0.0074472
river,2022-11-28,silicon,0.0075114
river,2022-11-29,silicon,0.007575600000000001
river,2022-11-30,silicon,0.0076398
river,2022-12-01,silicon,0.007597
river,2022-12-02,silicon,0.0075542
river,2022-12-03,silicon,0.0075114
river,2022-12-04,silicon,0.0074686000000000015
river,2022-12-05,silicon,0.0074258000000000015
river,2022-12-06,silicon,0.0073830000000000015
river,2022-12-07,silicon,0.007340200000000001
river,2022-12-08,silicon,0.007288228571428572
river,2022-12-09,silicon,0.007236257142857144
river,2022-12-10,silicon,0.007184285714285715
river,2022-12-11,silicon,0.007132314285714285
river,2022-12-12,silicon,0.0070803428571428574
river,2022-12-13,silicon,0.0070283714285714295
river,2022-12-14,silicon,0.0069764
river,2022-12-15,silicon,0.007113971428571429
river,2022-12-16,silicon,0.007251542857142857
river,2022-12-17,silicon,0.007389114285714286
river,2022-12-18,silicon,0.007526685714285715
river,2022-12-19,silicon,0.0076642571428571435
river,2022-12-20,silicon,0.007801828571428571
river,2022-12-21,silicon,0.007939400000000001
river,2022-12-22,silicon,0.007902714285714287
river,2022-12-23,silicon,0.007866028571428572
river,2022-12-24,silicon,0.007829342857142858
river,2022-12-25,silicon,0.007792657142857143
river,2022-12-26,silicon,0.00775597142857143
river,2022-12-27,silicon,0.007719285714285715
river,2022-12-28,silicon,0.0076826
river,2022-12-29,silicon,0.007645914285714286
river,2022-12-30,silicon,0.007609228571428573
river,2022-12-31,silicon,0.007572542857142858
river,2023-01-01,silicon,0.007535857142857144
river,2023-01-02,silicon,0.00749917142857143
river,2023-01-03,silicon,0.007462485714285715
river,2023-01-04,silicon,0.0074258000000000015
river,2023-01-05,silicon,0.007548085714285715
river,2023-01-06,silicon,0.00767037142857143
river,2023-01-07,silicon,0.007792657142857143
river,2023-01-08,silicon,0.007914942857142858
river,2023-01-09,silicon,0.008037228571428572
river,2023-01-10,silicon,0.008159514285714287
river,2023-01-11,silicon,0.0082818
river,2023-01-12,silicon,0.00829097142857143
river,2023-01-13,silicon,0.008300142857142858
river,2023-01-14,silicon,0.008309314285714287
river,2023-01-15,silicon,0.008318485714285714
river,2023-01-16,silicon,0.008327657142857143
river,2023-01-17,silicon,0.00833682857142857
river,2023-01-18,silicon,0.008346
river,2023-01-19,silicon,0.0082176
river,2023-01-20,silicon,0.0080892
river,2023-01-21,silicon,0.0079608
river,2023-01-22,silicon,0.0078324
river,2023-01-23,silicon,0.007704000000000001
river,2023-01-24,silicon,0.007575600000000001
river,2023-01-25,silicon,0.0074472
river,2023-01-26,silicon,0.0073921714285714295
river,2023-01-27,silicon,0.007337142857142857
river,2023-01-28,silicon,0.007282114285714286
river,2023-01-29,silicon,0.007227085714285715
river,2023-01-30,silicon,0.0071720571428571436
river,2023-01-31,silicon,0.007117028571428571
river,2023-02-01,silicon,0.007062000000000001
river,2023-02-02,silicon,0.0070283714285714295
river,2023-02-03,silicon,0.0069947428571428575
river,2023-02-04,silicon,0.0069611142857142864
river,2023-02-05,silicon,0.006927485714285715
river,2023-02-06,silicon,0.006893857142857143
river,2023-02-07,silicon,0.0068602285714285715
river,2023-02-08,silicon,0.0068266
river,2023-02-09,silicon,0.006830166666666667
river,2023-02-10,silicon,0.006833733333333335
river,2023-02-11,silicon,0.006837300000000001
river,2023-02-12,silicon,0.006840866666666667
river,2023-02-13,silicon,0.006844433333333334
river,2023-02-14,silicon,0.006848000000000001
river,2023-02-15,silicon,0.006963025
river,2023-02-16,silicon,0.007078050000000001
river,2023-02-17,silicon,0.007193075000000001
river,2023-02-18,silicon,0.0073081000000000005
river,2023-02-19,silicon,0.007423125000000001
river,2023-02-20,silicon,0.00753815
river,2023-02-21,silicon,0.007653175000000001
river,2023-02-22,silicon,0.0077682
river,2023-02-23,silicon,0.007691771428571429
river,2023-02-24,silicon,0.007615342857142857
river,2023-02-25,silicon,0.007538914285714285
river,2023-02-26,silicon,0.007462485714285714
river,2023-02-27,silicon,0.007386057142857143
river,2023-02-28,silicon,0.007309628571428571
river,2023-03-01,silicon,0.0072331999999999995
river,2023-03-02,silicon,0.0070283714285714295
river,2023-03-03,silicon,0.006823542857142858
river,2023-03-04,silicon,0.006618714285714285
river,2023-03-05,silicon,0.006413885714285714
river,2023-03-06,silicon,0.006209057142857143
river,2023-03-07,silicon,0.0060042285714285715
river,2023-03-08,silicon,0.0057994000000000006
river,2023-03-09,silicon,0.0055854
river,2023-03-10,silicon,0.005371399999999999
river,2023-03-11,silicon,0.005157400000000001
river,2023-03-12,silicon,0.004943400000000001
river,2023-03-13,silicon,0.004729400000000001
river,2023-03-14,silicon,0.0045154
river,2023-03-15,silicon,0.0043013999999999995
river,2023-03-16,silicon,0.0041149142857142855
river,2023-03-17,silicon,0.003928428571428571
river,2023-03-18,silicon,0.0037419428571428574
river,2023-03-19,silicon,0.003555457142857143
river,2023-03-20,silicon,0.003368971428571429
river,2023-03-21,silicon,0.003182485714285715
river,2023-03-22,silicon,0.002996
river,2023-03-23,silicon,0.002800342857142857
river,2023-03-24,silicon,0.0026046857142857146
river,2023-03-25,silicon,0.0024090285714285713
river,2023-03-26,silicon,0.0022133714285714288
river,2023-03-27,silicon,0.002017714285714286
river,2023-03-28,silicon,0.001822057142857143
river,2023-03-29,silicon,0.0016264000000000003
river,2023-03-30,silicon,0.0017120000000000002
river,2023-03-31,silicon,0.0017976000000000001
river,2023-04-01,silicon,0.0018832000000000002
river,2023-04-02,silicon,0.0019688
river,2023-04-03,silicon,0.0020544
river,2023-04-04,silicon,0.00214
river,2023-04-05,silicon,0.0022256000000000003
river,2023-04-06,silicon,0.0020722333333333337
river,2023-04-07,silicon,0.001918866666666667
river,2023-04-08,silicon,0.0017655000000000001
river,2023-04-09,silicon,0.0016121333333333336
river,2023-04-10,silicon,0.0014587666666666668
river,2023-04-11,silicon,0.0013054
river,2023-04-12,silicon,0.0013455250000000002
river,2023-04-13,silicon,0.00138565
river,2023-04-14,silicon,0.0014257750000000002
river,2023-04-15,silicon,0.0014659000000000002
river,2023-04-16,silicon,0.001506025
river,2023-04-17,silicon,0.0015461500000000003
river,2023-04-18,silicon,0.001586275
river,2023-04-19,silicon,0.0016264000000000003
river,2023-04-20,silicon,0.0017120000000000002
river,2023-04-21,silicon,0.0017976000000000001
river,2023-04-22,silicon,0.0018832000000000002
river,2023-04-23,silicon,0.0019688
river,2023-04-24,silicon,0.0020544
river,2023-04-25,silicon,0.00214
river,2023-04-26,silicon,0.0022256000000000003
river,2023-04-27,silicon,0.0024029142857142863
river,2023-04-28,silicon,0.0025802285714285715
river,2023-04-29,silicon,0.0027575428571428575
river,2023-04-30,silicon,0.002934857142857143
river,2023-05-01,silicon,0.003112171428571429
river,2023-05-02,silicon,0.0032894857142857148
river,2023-05-03,silicon,0.0034668000000000004
river,2023-05-04,silicon,0.0035131666666666675
river,2023-05-05,silicon,0.0035595333333333333
river,2023-05-06,silicon,0.0036059000000000004
river,2023-05-07,silicon,0.003652266666666667
river,2023-05-08,silicon,0.0036986333333333334
river,2023-05-09,silicon,0.0037450000000000005
river,2023-05-10,silicon,0.003638
river,2023-05-11,silicon,0.0035310000000000003
river,2023-05-12,silicon,0.0034240000000000004
river,2023-05-13,silicon,0.0033170000000000005
river,2023-05-14,silicon,0.00321
river,2023-05-15,silicon,0.003103
river,2023-05-16,silicon,0.002996
river,2023-05-17,silicon,0.003180575
river,2023-05-18,silicon,0.00336515
river,2023-05-19,silicon,0.0035497250000000005
river,2023-05-20,silicon,0.0037343000000000003
river,2023-05-21,silicon,0.003918875
river,2023-05-22,silicon,0.00410345
river,2023-05-23,silicon,0.004288025000000001
river,2023-05-24,silicon,0.0044726
river,2023-05-25,silicon,0.004423685714285715
river,2023-05-26,silicon,0.004374771428571429
river,2023-05-27,silicon,0.0043258571428571434
river,2023-05-28,silicon,0.004276942857142857
river,2023-05-29,silicon,0.004228028571428571
river,2023-05-30,silicon,0.004179114285714286
river,2023-05-31,silicon,0.0041302000000000005
river,2023-06-01,silicon,0.0042158000000000004
river,2023-06-02,silicon,0.0043013999999999995
river,2023-06-03,silicon,0.004386999999999999
river,2023-06-04,silicon,0.0044726
river,2023-06-05,silicon,0.0045582
river,2023-06-06,silicon,0.0046438
river,2023-06-07,silicon,0.004729400000000001
river,2023-06-08,silicon,0.004876142857142857
river,2023-06-09,silicon,0.005022885714285714
river,2023-06-10,silicon,0.005169628571428571
river,2023-06-11,silicon,0.0053163714285714295
river,2023-06-12,silicon,0.005463114285714287
river,2023-06-13,silicon,0.005609857142857143
river,2023-06-14,silicon,0.005756600000000001
river,2023-06-15,silicon,0.0057321428571428575
river,2023-06-16,silicon,0.005707685714285715
river,2023-06-17,silicon,0.005683228571428571
river,2023-06-18,silicon,0.005658771428571428
river,2023-06-19,silicon,0.005634314285714285
river,2023-06-20,silicon,0.005609857142857143
river,2023-06-21,silicon,0.0055854
river,2023-06-22,silicon,0.005640428571428572
river,2023-06-23,silicon,0.005695457142857144
river,2023-06-24,silicon,0.005750485714285714
river,2023-06-25,silicon,0.005805514285714286
river,2023-06-26,silicon,0.0058605428571428565
river,2023-06-27,silicon,0.005915571428571429
river,2023-06-28,silicon,0.0059706
river,2023-06-29,silicon,0.0059430857142857155
river,2023-06-30,silicon,0.005915571428571429
river,2023-07-01,silicon,0.005888057142857143
river,2023-07-02,silicon,0.005860542857142858
river,2023-07-03,silicon,0.0058330285714285725
river,2023-07-04,silicon,0.005805514285714287
river,2023-07-05,silicon,0.005778000000000001
river,2023-07-06,silicon,0.005872771428571429
river,2023-07-07,silicon,0.005967542857142859
river,2023-07-08,silicon,0.006062314285714286
river,2023-07-09,silicon,0.006157085714285714
river,2023-07-10,silicon,0.006251857142857143
river,2023-07-11,silicon,0.006346628571428571
river,2023-07-12,silicon,0.0064414
river,2023-07-13,silicon,0.006361914285714286
river,2023-07-14,silicon,0.006282428571428571
river,2023-07-15,silicon,0.006202942857142858
river,2023-07-16,silicon,0.0061234571428571425
river,2023-07-17,silicon,0.00604397142857143
river,2023-07-18,silicon,0.005964485714285715
river,2023-07-19,silicon,0.005885
river,2023-07-20,silicon,0.005964485714285714
river,2023-07-21,silicon,0.00604397142857143
river,2023-07-22,silicon,0.0061234571428571425
river,2023-07-23,silicon,0.006202942857142858
river,2023-07-24,silicon,0.006282428571428571
river,2023-07-25,silicon,0.006361914285714285
river,2023-07-26,silicon,0.0064414
river,2023-07-27,silicon,0.006413885714285714
river,2023-07-28,silicon,0.006386371428571428
river,2023-07-29,silicon,0.006358857142857143
river,2023-07-30,silicon,0.006331342857142858
river,2023-07-31,silicon,0.006303828571428572
river,2023-08-01,silicon,0.006276314285714286
river,2023-08-02,silicon,0.0062488
river,2023-08-03,silicon,0.006413885714285714
river,2023-08-04,silicon,0.006578971428571429
river,2023-08-05,silicon,0.006744057142857143
river,2023-08-06,silicon,0.006909142857142858
river,2023-08-07,silicon,0.007074228571428571
river,2023-08-08,silicon,0.007239314285714287
river,2023-08-09,silicon,0.0074044
river,2023-08-10,silicon,0.0073768857142857145
river,2023-08-11,silicon,0.00734937142857143
river,2023-08-12,silicon,0.007321857142857143
river,2023-08-13,silicon,0.007294342857142858
river,2023-08-14,silicon,0.007266828571428572
river,2023-08-15,silicon,0.007239314285714287
river,2023-08-16,silicon,0.007211800000000001
river,2023-08-17,silicon,0.0071995714285714284
river,2023-08-18,silicon,0.007187342857142858
river,2023-08-19,silicon,0.007175114285714285
river,2023-08-20,silicon,0.0071628857142857156
river,2023-08-21,silicon,0.007150657142857144
river,2023-08-22,silicon,0.0071384285714285725
river,2023-08-23,silicon,0.007126200000000001
river,2023-08-24,silicon,0.007367714285714287
river,2023-08-25,silicon,0.007609228571428572
river,2023-08-26,silicon,0.007850742857142858
river,2023-08-27,silicon,0.008092257142857145
river,2023-08-28,silicon,0.008333771428571429
river,2023-08-29,silicon,0.008575285714285716
river,2023-08-30,silicon,0.008816800000000001
river,2023-08-31,silicon,0.008700628571428573
river,2023-09-01,silicon,0.008584457142857145
river,2023-09-02,silicon,0.008468285714285715
river,2023-09-03,silicon,0.008352114285714286
river,2023-09-04,silicon,0.008235942857142858
river,2023-09-05,silicon,0.00811977142857143
river,2023-09-06,silicon,0.008003600000000001
river,2023-09-07,silicon,0.007951628571428572
river,2023-09-08,silicon,0.007899657142857144
river,2023-09-09,silicon,0.007847685714285716
river,2023-09-10,silicon,0.007795714285714287
river,2023-09-11,silicon,0.007743742857142857
river,2023-09-12,silicon,0.007691771428571429
river,2023-09-13,silicon,0.0076398
river,2023-09-14,silicon,0.0076398
river,2023-09-15,silicon,0.0076398
river,2023-09-16,silicon,0.0076398
river,2023-09-17,silicon,0.0076398
river,2023-09-18,silicon,0.0076398
river,2023-09-19,silicon,0.0076398
river,2023-09-20,silicon,0.0076398
river,2023-09-21,silicon,0.007646933333333334
river,2023-09-22,silicon,0.007654066666666667
river,2023-09-23,silicon,0.007661200000000001
river,2023-09-24,silicon,0.0076683333333333326
river,2023-09-25,silicon,0.007675466666666667
river,2023-09-26,silicon,0.0076826
river,2023-09-27,silicon,0.007583624999999999
river,2023-09-28,silicon,0.007484650000000001
river,2023-09-29,silicon,0.007385675
river,2023-09-30,silicon,0.007286700000000002
river,2023-10-01,silicon,0.007187725000000001
river,2023-10-02,silicon,0.00708875
river,2023-10-03,silicon,0.006989775000000001
river,2023-10-04,silicon,0.006890800000000001
river,2023-10-05,silicon,0.006970285714285715
river,2023-10-06,silicon,0.007049771428571429
river,2023-10-07,silicon,0.007129257142857144
river,2023-10-08,silicon,0.007208742857142858
river,2023-10-09,silicon,0.007288228571428572
river,2023-10-10,silicon,0.007367714285714287
river,2023-10-11,silicon,0.0074472
river,2023-10-12,silicon,0.007431914285714287
river,2023-10-13,silicon,0.007416628571428573
river,2023-10-14,silicon,0.007401342857142858
river,2023-10-15,silicon,0.007386057142857143
river,2023-10-16,silicon,0.007370771428571429
river,2023-10-17,silicon,0.007355485714285715
river,2023-10-18,silicon,0.007340200000000001
river,2023-10-19,silicon,0.0073768857142857145
river,2023-10-20,silicon,0.007413571428571429
river,2023-10-21,silicon,0.007450257142857144
river,2023-10-22,silicon,0.0074869428571428575
river,2023-10-23,silicon,0.007523628571428572
river,2023-10-24,silicon,0.007560314285714287
river,2023-10-25,silicon,0.007597
river,2023-10-26,silicon,0.007493057142857144
river,2023-10-27,silicon,0.007389114285714286
river,2023-10-28,silicon,0.007285171428571429
river,2023-10-29,silicon,0.0071812285714285716
river,2023-10-30,silicon,0.007077285714285715
river,2023-10-31,silicon,0.006973342857142857
river,2023-11-01,silicon,0.006869400000000001
river,2023-11-02,silicon,0.006857171428571429
river,2023-11-03,silicon,0.006844942857142858
river,2023-11-04,silicon,0.006832714285714286
river,2023-11-05,silicon,0.006820485714285715
river,2023-11-06,silicon,0.0068082571428571435
river,2023-11-07,silicon,0.006796028571428572
river,2023-11-08,silicon,0.0067838
river,2023-11-09,silicon,0.007123142857142858
river,2023-11-10,silicon,0.007462485714285714
river,2023-11-11,silicon,0.007801828571428572
river,2023-11-12,silicon,0.00814117142857143
river,2023-11-13,silicon,0.008480514285714287
river,2023-11-14,silicon,0.008819857142857145
river,2023-11-15,silicon,0.009159200000000001
river,2023-11-16,silicon,0.009021628571428573
river,2023-11-17,silicon,0.008884057142857144
river,2023-11-18,silicon,0.008746485714285714
river,2023-11-19,silicon,0.008608914285714286
river,2023-11-20,silicon,0.008471342857142858
river,2023-11-21,silicon,0.00833377142857143
river,2023-11-22,silicon,0.0081962
river,2023-11-23,silicon,0.008193142857142859
river,2023-11-24,silicon,0.008190085714285715
river,2023-11-25,silicon,0.008187028571428572
river,2023-11-26,silicon,0.00818397142857143
river,2023-11-27,silicon,0.008180914285714286
river,2023-11-28,silicon,0.008177857142857143
river,2023-11-29,silicon,0.008174800000000001
river,2023-11-30,silicon,0.008165628571428572
river,2023-12-01,silicon,0.008156457142857143
river,2023-12-02,silicon,0.008147285714285715
river,2023-12-03,silicon,0.008138114285714286
river,2023-12-04,silicon,0.008128942857142857
river,2023-12-05,silicon,0.00811977142857143
river,2023-12-06,silicon,0.0081106
river,2023-12-07,silicon,0.00805557142857143
river,2023-12-08,silicon,0.008000542857142858
river,2023-12-09,silicon,0.007945514285714286
river,2023-12-10,silicon,0.007890485714285715
river,2023-12-11,silicon,0.007835457142857143
river,2023-12-12,silicon,0.007780428571428573
river,2023-12-13,silicon,0.0077254
river,2023-12-14,silicon,0.007835966666666668
river,2023-12-15,silicon,0.007946533333333334
river,2023-12-16,silicon,0.0080571
river,2023-12-17,silicon,0.008167666666666667
river,2023-12-18,silicon,0.008278233333333334
river,2023-12-19,silicon,0.0083888
river,2023-12-20,silicon,0.008370253333333334
river,2023-12-21,silicon,0.008351706666666667
river,2023-12-22,silicon,0.008333160000000001
river,2023-12-23,silicon,0.008314613333333333
river,2023-12-24,silicon,0.008296066666666668
river,2023-12-25,silicon,0.00827752
river,2023-12-26,silicon,0.008258973333333334
river,2023-12-27,silicon,0.008240426666666667
river,2023-12-28,silicon,0.00822188
river,2023-12-29,silicon,0.008203333333333335
river,2023-12-30,silicon,0.008184786666666668
river,2023-12-31,silicon,0.00816624
river,2024-01-01,silicon,0.008147693333333334
river,2024-01-02,silicon,0.008129146666666667
river,2024-01-03,silicon,0.0081106
river,2024-01-04,silicon,0.008092257142857145
river,2024-01-05,silicon,0.008073914285714287
river,2024-01-06,silicon,0.00805557142857143
river,2024-01-07,silicon,0.008037228571428572
river,2024-01-08,silicon,0.008018885714285716
river,2024-01-09,silicon,0.008000542857142858
river,2024-01-10,silicon,0.007982200000000002
river,2024-01-11,silicon,0.007807433333333334
river,2024-01-12,silicon,0.007632666666666667
river,2024-01-13,silicon,0.007457900000000001
river,2024-01-14,silicon,0.007283133333333334
river,2024-01-15,silicon,0.007108366666666668
river,2024-01-16,silicon,0.006933600000000001
river,2024-01-17,silicon,0.006848000000000001
river,2024-01-18,silicon,0.006762400000000001
river,2024-01-19,silicon,0.006676800000000001
river,2024-01-20,silicon,0.006591200000000001
river,2024-01-21,silicon,0.006505600000000001
river,2024-01-22,silicon,0.00642
river,2024-01-23,silicon,0.0063344000000000004
river,2024-01-24,silicon,0.0062488
river,2024-01-25,silicon,0.006328285714285715
river,2024-01-26,silicon,0.006407771428571429
river,2024-01-27,silicon,0.006487257142857143
river,2024-01-28,silicon,0.006566742857142858
river,2024-01-29,silicon,0.0066462285714285725
river,2024-01-30,silicon,0.006725714285714287
river,2024-01-31,silicon,0.006805200000000001
river,2024-02-01,silicon,0.006655400000000001
river,2024-02-02,silicon,0.006505600000000001
river,2024-02-03,silicon,0.006355800000000001
river,2024-02-04,silicon,0.006206
river,2024-02-05,silicon,0.0060562
river,2024-02-06,silicon,0.0059064
river,2024-02-07,silicon,0.005756600000000001
river,2024-02-08,silicon,0.005710742857142857
river,2024-02-09,silicon,0.005664885714285715
river,2024-02-10,silicon,0.005619028571428572
river,2024-02-11,silicon,0.005573171428571429
river,2024-02-12,silicon,0.005527314285714286
river,2024-02-13,silicon,0.005481457142857143
river,2024-02-14,silicon,0.0054356000000000005
river,2024-02-15,silicon,0.005218542857142858
river,2024-02-16,silicon,0.005001485714285715
river,2024-02-17,silicon,0.004784428571428571
river,2024-02-18,silicon,0.004567371428571429
river,2024-02-19,silicon,0.0043503142857142865
river,2024-02-20,silicon,0.004133257142857143
river,2024-02-21,silicon,0.0039162
river,2024-02-22,silicon,0.0036879333333333336
river,2024-02-23,silicon,0.003459666666666667
river,2024-02-24,silicon,0.0032314
river,2024-02-25,silicon,0.0030031333333333334
river,2024-02-26,silicon,0.0027748666666666667
river,2024-02-27,silicon,0.0025466
river,2024-02-28,silicon,0.0027124500000000004
river,2024-02-29,silicon,0.0028783000000000003
river,2024-03-01,silicon,0.0030441500000000002
river,2024-03-02,silicon,0.00321
river,2024-03-03,silicon,0.0033758500000000006
river,2024-03-04,silicon,0.0035417
river,2024-03-05,silicon,0.00370755
river,2024-03-06,silicon,0.003873400000000001
river,2024-03-07,silicon,0.0037174857142857148
river,2024-03-08,silicon,0.003561571428571429
river,2024-03-09,silicon,0.0034056571428571435
river,2024-03-10,silicon,0.003249742857142858
river,2024-03-11,silicon,0.003093828571428572
river,2024-03-12,silicon,0.002937914285714286
river,2024-03-13,silicon,0.0027820000000000006
river,2024-03-14,silicon,0.0027606000000000006
river,2024-03-15,silicon,0.0027392000000000002
river,2024-03-16,silicon,0.0027178000000000003
river,2024-03-17,silicon,0.0026964000000000003
river,2024-03-18,silicon,0.0026750000000000003
river,2024-03-19,silicon,0.0026536000000000003
river,2024-03-20,silicon,0.0026322
river,2024-03-21,silicon,0.002378457142857143
river,2024-03-22,silicon,0.002124714285714286
river,2024-03-23,silicon,0.001870971428571429
river,2024-03-24,silicon,0.0016172285714285716
river,2024-03-25,silicon,0.0013634857142857143
river,2024-03-26,silicon,0.0011097428571428573
river,2024-03-27,silicon,0.0008560000000000001
river,2024-03-28,silicon,0.0009049142857142858
river,2024-03-29,silicon,0.0009538285714285716
river,2024-03-30,silicon,0.0010027428571428574
river,2024-03-31,silicon,0.0010516571428571431
river,2024-04-01,silicon,0.0011005714285714286
river,2024-04-02,silicon,0.0011494857142857143
river,2024-04-03,silicon,0.0011984000000000003
river,2024-04-04,silicon,0.0013237428571428575
river,2024-04-05,silicon,0.0014490857142857145
river,2024-04-06,silicon,0.0015744285714285717
river,2024-04-07,silicon,0.0016997714285714287
river,2024-04-08,silicon,0.0018251142857142859
river,2024-04-09,silicon,0.001950457142857143
river,2024-04-10,silicon,0.0020758
river,2024-04-11,silicon,0.0021369428571428573
river,2024-04-12,silicon,0.002198085714285714
river,2024-04-13,silicon,0.0022592285714285714
river,2024-04-14,silicon,0.0023203714285714287
river,2024-04-15,silicon,0.002381514285714286
river,2024-04-16,silicon,0.002442657142857143
river,2024-04-17,silicon,0.0025038
river,2024-04-18,silicon,0.0027330857142857145
river,2024-04-19,silicon,0.0029623714285714284
river,2024-04-20,silicon,0.003191657142857143
river,2024-04-21,silicon,0.0034209428571428573
river,2024-04-22,silicon,0.0036502285714285713
river,2024-04-23,silicon,0.0038795142857142857
river,2024-04-24,silicon,0.0041088
river,2024-04-25,silicon,0.004769142857142858
river,2024-04-26,silicon,0.005429485714285715
river,2024-04-27,silicon,0.006089828571428571
river,2024-04-28,silicon,0.006750171428571429
river,2024-04-29,silicon,0.007410514285714286
river,2024-04-30,silicon,0.008070857142857144
river,2024-05-01,silicon,0.008731200000000001
river,2024-05-02,silicon,0.008443828571428572
river,2024-05-03,silicon,0.008156457142857143
river,2024-05-04,silicon,0.007869085714285715
river,2024-05-05,silicon,0.007581714285714286
river,2024-05-06,silicon,0.007294342857142857
river,2024-05-07,silicon,0.007006971428571429
river,2024-05-08,silicon,0.0067196
river,2024-05-09,silicon,0.006505600000000001
river,2024-05-10,silicon,0.0062916000000000005
river,2024-05-11,silicon,0.006077600000000001
river,2024-05-12,silicon,0.005863600000000001
river,2024-05-13,silicon,0.0056496
river,2024-05-14,silicon,0.0054356000000000005
river,2024-05-15,silicon,0.005358025000000001
river,2024-05-16,silicon,0.005280450000000002
river,2024-05-17,silicon,0.005202875
river,2024-05-18,silicon,0.0051253
river,2024-05-19,silicon,0.005047725
river,2024-05-20,silicon,0.0049701500000000004
river,2024-05-21,silicon,0.004892575000000001
river,2024-05-22,silicon,0.004815000000000001
river,2024-05-23,silicon,0.004686600000000001
river,2024-05-24,silicon,0.0045582
river,2024-05-25,silicon,0.0044298
river,2024-05-26,silicon,0.0043014
river,2024-05-27,silicon,0.0041730000000000005
river,2024-05-28,silicon,0.004044600000000001
river,2024-05-29,silicon,0.0039162
river,2024-05-30,silicon,0.004306750000000001
river,2024-05-31,silicon,0.004697300000000001
river,2024-06-01,silicon,0.00508785
river,2024-06-02,silicon,0.0054784000000000005
river,2024-06-03,silicon,0.00586895
river,2024-06-04,silicon,0.0062595
river,2024-06-05,silicon,0.00665005
river,2024-06-06,silicon,0.0070406
river,2024-06-07,silicon,0.007186833333333334
river,2024-06-08,silicon,0.007333066666666667
river,2024-06-09,silicon,0.007479300000000001
river,2024-06-10,silicon,0.007625533333333334
river,2024-06-11,silicon,0.0077717666666666674
river,2024-06-12,silicon,0.007918000000000001
river,2024-06-13,silicon,0.00784157142857143
river,2024-06-14,silicon,0.007765142857142858
river,2024-06-15,silicon,0.007688714285714287
river,2024-06-16,silicon,0.007612285714285715
river,2024-06-17,silicon,0.0075358571428571445
river,2024-06-18,silicon,0.007459428571428573
river,2024-06-19,silicon,0.0073830000000000015
river,2024-06-20,silicon,0.0074472
river,2024-06-21,silicon,0.0075114000000000005
river,2024-06-22,silicon,0.007575600000000001
river,2024-06-23,silicon,0.0076398
river,2024-06-24,silicon,0.007704000000000001
river,2024-06-25,silicon,0.0077682
river,2024-06-26,silicon,0.007629100000000001
river,2024-06-27,silicon,0.007490000000000001
river,2024-06-28,silicon,0.0073509000000000005
river,2024-06-29,silicon,0.007211800000000001
river,2024-06-30,silicon,0.0070727
river,2024-07-01,silicon,0.0069336
river,2024-07-02,silicon,0.0067945
river,2024-07-03,silicon,0.0066554000000000006
river,2024-07-04,silicon,0.006982514285714286
river,2024-07-05,silicon,0.007309628571428571
river,2024-07-06,silicon,0.007636742857142858
river,2024-07-07,silicon,0.007963857142857142
river,2024-07-08,silicon,0.00829097142857143
river,2024-07-09,silicon,0.008618085714285713
river,2024-07-10,silicon,0.0089452
river,2024-07-11,silicon,0.0089559
river,2024-07-12,silicon,0.008966599999999998
river,2024-07-13,silicon,0.0089773
river,2024-07-14,silicon,0.008988000000000001
river,2024-07-15,silicon,0.008998700000000002
river,2024-07-16,silicon,0.0090094
river,2024-07-17,silicon,0.008600125
river,2024-07-18,silicon,0.008190850000000001
river,2024-07-19,silicon,0.007781575000000001
river,2024-07-20,silicon,0.007372300000000001
river,2024-07-21,silicon,0.006963025
river,2024-07-22,silicon,0.0065537500000000005
river,2024-07-23,silicon,0.006144475000000001
river,2024-07-24,silicon,0.0057352
river,2024-07-25,silicon,0.005756600000000001
river,2024-07-26,silicon,0.005778000000000001
river,2024-07-27,silicon,0.0057994000000000006
river,2024-07-28,silicon,0.005820800000000001
river,2024-07-29,silicon,0.0058422000000000005
river,2024-07-30,silicon,0.005863600000000001
river,2024-07-31,silicon,0.005885
river,2024-08-01,silicon,0.006092885714285715
river,2024-08-02,silicon,0.006300771428571429
river,2024-08-03,silicon,0.006508657142857143
river,2024-08-04,silicon,0.006716542857142858
river,2024-08-05,silicon,0.006924428571428572
river,2024-08-06,silicon,0.007132314285714285
river,2024-08-07,silicon,0.007340200000000001
river,2024-08-08,silicon,0.007224028571428572
river,2024-08-09,silicon,0.007107857142857143
river,2024-08-10,silicon,0.006991685714285715
river,2024-08-11,silicon,0.006875514285714286
river,2024-08-12,silicon,0.006759342857142857
river,2024-08-13,silicon,0.006643171428571429
river,2024-08-14,silicon,0.006527
river,2024-08-15,silicon,0.006692085714285714
river,2024-08-16,silicon,0.006857171428571429
river,2024-08-17,silicon,0.007022257142857143
river,2024-08-18,silicon,0.007187342857142858
river,2024-08-19,silicon,0.007352428571428571
river,2024-08-20,silicon,0.007517514285714287
river,2024-08-21,silicon,0.0076826
river,2024-08-22,silicon,0.007627571428571429
river,2024-08-23,silicon,0.007572542857142858
river,2024-08-24,silicon,0.007517514285714287
river,2024-08-25,silicon,0.007462485714285714
river,2024-08-26,silicon,0.007407457142857144
river,2024-08-27,silicon,0.007352428571428572
river,2024-08-28,silicon,0.007297400000000001
river,2024-08-29,silicon,0.007477771428571429
river,2024-08-30,silicon,0.007658142857142858
river,2024-08-31,silicon,0.007838514285714287
river,2024-09-01,silicon,0.008018885714285716
river,2024-09-02,silicon,0.008199257142857144
river,2024-09-03,silicon,0.008379628571428571
river,2024-09-04,silicon,0.00856
river,2024-09-05,silicon,0.008287914285714286
river,2024-09-06,silicon,0.008015828571428572
river,2024-09-07,silicon,0.007743742857142857
river,2024-09-08,silicon,0.007471657142857142
river,2024-09-09,silicon,0.007199571428571428
river,2024-09-10,silicon,0.006927485714285715
river,2024-09-11,silicon,0.0066554000000000006
river,2024-09-12,silicon,0.006624828571428572
river,2024-09-13,silicon,0.006594257142857143
river,2024-09-14,silicon,0.006563685714285715
river,2024-09-15,silicon,0.006533114285714286
river,2024-09-16,silicon,0.006502542857142857
river,2024-09-17,silicon,0.006471971428571428
river,2024-09-18,silicon,0.0064414
river,2024-09-19,silicon,0.006437833333333334
river,2024-09-20,silicon,0.006434266666666667
river,2024-09-21,silicon,0.0064307
river,2024-09-22,silicon,0.006427133333333334
river,2024-09-23,silicon,0.006423566666666667
river,2024-09-24,silicon,0.00642
river,2024-09-25,silicon,0.006692085714285715
river,2024-09-26,silicon,0.006964171428571429
river,2024-09-27,silicon,0.007236257142857144
river,2024-09-28,silicon,0.007508342857142859
river,2024-09-29,silicon,0.0077804285714285736
river,2024-09-30,silicon,0.008052514285714286
river,2024-10-01,silicon,0.008324600000000001
river,2024-10-02,silicon,0.0085814
river,2024-10-03,silicon,0.008838200000000001
river,2024-10-04,silicon,0.009095
river,2024-10-05,silicon,0.009351800000000002
river,2024-10-06,silicon,0.0096086
river,2024-10-07,silicon,0.009865400000000002
river,2024-10-08,silicon,0.010122200000000001
river,2024-10-09,silicon,0.009886800000000001
river,2024-10-10,silicon,0.009651400000000003
river,2024-10-11,silicon,0.009416
river,2024-10-12,silicon,0.0091806
river,2024-10-13,silicon,0.0089452
river,2024-10-14,silicon,0.008709800000000002
river,2024-10-15,silicon,0.0084744
river,2024-10-16,silicon,0.008239000000000002
river,2024-10-17,silicon,0.008242057142857143
river,2024-10-18,silicon,0.008245114285714285
river,2024-10-19,silicon,0.008248171428571429
river,2024-10-20,silicon,0.008251228571428572
river,2024-10-21,silicon,0.008254285714285714
river,2024-10-22,silicon,0.008257342857142858
river,2024-10-23,silicon,0.008260400000000001
river,2024-10-24,silicon,0.008214033333333334
river,2024-10-25,silicon,0.008167666666666667
river,2024-10-26,silicon,0.008121300000000001
river,2024-10-27,silicon,0.008074933333333334
river,2024-10-28,silicon,0.008028566666666667
river,2024-10-29,silicon,0.007982200000000002
river,2024-10-30,silicon,0.008073150000000001
river,2024-10-31,silicon,0.0081641
river,2024-11-01,silicon,0.00825505
river,2024-11-02,silicon,0.008346000000000001
river,2024-11-03,silicon,0.008436950000000002
river,2024-11-04,silicon,0.008527900000000001
river,2024-11-05,silicon,0.00861885
river,2024-11-06,silicon,0.008709800000000002
river,2024-11-07,silicon,0.008499366666666668
river,2024-11-08,silicon,0.008288933333333335
river,2024-11-09,silicon,0.008078500000000002
river,2024-11-10,silicon,0.007868066666666666
river,2024-11-11,silicon,0.007657633333333334
river,2024-11-12,silicon,0.0074472
river,2024-11-13,silicon,0.00749917142857143
river,2024-11-14,silicon,0.007551142857142858
river,2024-11-15,silicon,0.007603114285714287
river,2024-11-16,silicon,0.007655085714285714
river,2024-11-17,silicon,0.0077070571428571434
river,2024-11-18,silicon,0.007759028571428571
river,2024-11-19,silicon,0.007811
river,2024-11-20,silicon,0.00805557142857143
river,2024-11-21,silicon,0.008300142857142858
river,2024-11-22,silicon,0.008544714285714286
river,2024-11-23,silicon,0.008789285714285716
river,2024-11-24,silicon,0.009033857142857144
river,2024-11-25,silicon,0.009278428571428571
river,2024-11-26,silicon,0.009523
river,2024-11-27,silicon,0.0092983
river,2024-11-28,silicon,0.009073600000000003
river,2024-11-29,silicon,0.0088489
river,2024-11-30,silicon,0.008624200000000002
river,2024-12-01,silicon,0.008399499999999999
river,2024-12-02,silicon,0.008174800000000001
river,2024-12-03,silicon,0.0079501
river,2024-12-04,silicon,0.0077254
river,2024-12-05,silicon,0.007618400000000001
river,2024-12-06,silicon,0.0075114
river,2024-12-07,silicon,0.0074044
river,2024-12-08,silicon,0.0072974
river,2024-12-09,silicon,0.0071904000000000004
river,2024-12-10,silicon,0.007083399999999999
river,2024-12-11,silicon,0.0069764
river,2024-12-12,silicon,0.007051300000000001
river,2024-12-13,silicon,0.007126200000000001
river,2024-12-14,silicon,0.007202300000000001
river,2024-12-15,silicon,0.007276
river,2024-12-16,silicon,0.0073509000000000005
river,2024-12-17,silicon,0.0074258000000000015
river,2024-12-18,silicon,0.007337142857142858
river,2024-12-19,silicon,0.0072484857142857155
river,2024-12-20,silicon,0.007159828571428573
river,2024-12-21,silicon,0.0070711714285714294
river,2024-12-22,silicon,0.006982514285714286
river,2024-12-23,silicon,0.006893857142857143
river,2024-12-24,silicon,0.006805200000000001
river,2024-12-25,silicon,0.006716542857142858
river,2024-12-26,silicon,0.006627885714285715
river,2024-12-27,silicon,0.006539228571428573
river,2024-12-28,silicon,0.006450571428571429
river,2024-12-29,silicon,0.006361914285714286
river,2024-12-30,silicon,0.006273257142857143
river,2024-12-31,silicon,0.006184600000000001
river,2025-01-01,silicon,0.006095942857142858
river,2025-01-02,silicon,0.006007285714285715
river,2025-01-03,silicon,0.005918628571428573
river,2025-01-04,silicon,0.005829971428571429
river,2025-01-05,silicon,0.005741314285714286
river,2025-01-06,silicon,0.005652657142857143
river,2025-01-07,silicon,0.005564000000000001
river,2025-01-08,silicon,0.005713800000000001
river,2025-01-09,silicon,0.005863600000000001
river,2025-01-10,silicon,0.0060134
river,2025-01-11,silicon,0.0061632
river,2025-01-12,silicon,0.006313
river,2025-01-13,silicon,0.0064628
river,2025-01-14,silicon,0.0066126
river,2025-01-15,silicon,0.006731828571428572
river,2025-01-16,silicon,0.0068510571428571435
river,2025-01-17,silicon,0.006970285714285715
river,2025-01-18,silicon,0.007089514285714286
river,2025-01-19,silicon,0.0072087428571428564
river,2025-01-20,silicon,0.007327971428571429
river,2025-01-21,silicon,0.0074472
river,2025-01-22,silicon,0.0073585428571428585
river,2025-01-23,silicon,0.007269885714285715
river,2025-01-24,silicon,0.007181228571428572
river,2025-01-25,silicon,0.007092571428571428
river,2025-01-26,silicon,0.007003914285714286
river,2025-01-27,silicon,0.006915257142857143
river,2025-01-28,silicon,0.0068266
river,2025-01-29,silicon,0.0065698
river,2025-01-30,silicon,0.006313000000000001
river,2025-01-31,silicon,0.0060562
river,2025-02-01,silicon,0.0057994000000000006
river,2025-02-02,silicon,0.0055426
river,2025-02-03,silicon,0.005285800000000001
river,2025-02-04,silicon,0.0050290000000000005
river,2025-02-05,silicon,0.005203257142857143
river,2025-02-06,silicon,0.005377514285714286
river,2025-02-07,silicon,0.005551771428571429
river,2025-02-08,silicon,0.005726028571428571
river,2025-02-09,silicon,0.005900285714285715
river,2025-02-10,silicon,0.006074542857142857
river,2025-02-11,silicon,0.0062488
river,2025-02-12,silicon,0.0061142857142857145
river,2025-02-13,silicon,0.005979771428571428
river,2025-02-14,silicon,0.005845257142857143
river,2025-02-15,silicon,0.005710742857142857
river,2025-02-16,silicon,0.005576228571428572
river,2025-02-17,silicon,0.005441714285714286
river,2025-02-18,silicon,0.005307200000000001
river,2025-02-19,silicon,0.005444771428571429
river,2025-02-20,silicon,0.005582342857142857
river,2025-02-21,silicon,0.005719914285714287
river,2025-02-22,silicon,0.005857485714285715
river,2025-02-23,silicon,0.0059950571428571435
river,2025-02-24,silicon,0.006132628571428571
river,2025-02-25,silicon,0.006270200000000001
river,2021-03-03,fluoride,0.0001
river,2021-03-04,fluoride,0.0001
river,2021-03-05,fluoride,0.0001
river,2021-03-06,fluoride,0.0001
river,2021-03-07,fluoride,0.0001
river,2021-03-08,fluoride,0.0001
river,2021-03-09,fluoride,0.0001
river,2021-03-10,fluoride,0.0001
river,2021-03-11,fluoride,0.0001
river,2021-03-12,fluoride,0.0001
river,2021-03-13,fluoride,0.0001
river,2021-03-14,fluoride,0.0001
river,2021-03-15,fluoride,0.0001
river,2021-03-16,fluoride,0.0001
river,2021-03-17,fluoride,0.0001
river,2021-03-18,fluoride,0.0001
river,2021-03-19,fluoride,0.0001
river,2021-03-20,fluoride,0.0001
river,2021-03-21,fluoride,0.0001
river,2021-03-22,fluoride,0.0001
river,2021-03-23,fluoride,0.0001
river,2021-03-24,fluoride,0.0001
river,2021-03-25,fluoride,0.0001
river,2021-03-26,fluoride,0.0001
river,2021-03-27,fluoride,0.0001
river,2021-03-28,fluoride,0.0001
river,2021-03-29,fluoride,0.0001
river,2021-03-30,fluoride,0.0001
river,2021-03-31,fluoride,0.0001
river,2021-04-01,fluoride,0.0001
river,2021-04-02,fluoride,0.0001
river,2021-04-03,fluoride,0.0001
river,2021-04-04,fluoride,0.0001
river,2021-04-05,fluoride,0.0001
river,2021-04-06,fluoride,0.0001
river,2021-04-07,fluoride,0.0001
river,2021-04-08,fluoride,0.0001
river,2021-04-09,fluoride,0.0001
river,2021-04-10,fluoride,0.0001
river,2021-04-11,fluoride,0.0001
river,2021-04-12,fluoride,0.0001
river,2021-04-13,fluoride,0.0001
river,2021-04-14,fluoride,0.0001
river,2021-04-15,fluoride,0.0001
river,2021-04-16,fluoride,0.0001
river,2021-04-17,fluoride,0.0001
river,2021-04-18,fluoride,0.0001
river,2021-04-19,fluoride,0.0001
river,2021-04-20,fluoride,0.0001
river,2021-04-21,fluoride,0.0001
river,2021-04-22,fluoride,0.0001
river,2021-04-23,fluoride,0.0001
river,2021-04-24,fluoride,0.0001
river,2021-04-25,fluoride,0.0001
river,2021-04-26,fluoride,0.0001
river,2021-04-27,fluoride,0.0001
river,2021-04-28,fluoride,0.0001
river,2021-04-29,fluoride,0.0001
river,2021-04-30,fluoride,0.0001
river,2021-05-01,fluoride,0.0001
river,2021-05-02,fluoride,0.0001
river,2021-05-03,fluoride,0.0001
river,2021-05-04,fluoride,0.0001
river,2021-05-05,fluoride,0.0001
river,2021-05-06,fluoride,0.0001
river,2021-05-07,fluoride,0.0001
river,2021-05-08,fluoride,0.0001
river,2021-05-09,fluoride,0.0001
river,2021-05-10,fluoride,0.0001
river,2021-05-11,fluoride,0.0001
river,2021-05-12,fluoride,0.0001
river,2021-05-13,fluoride,0.0001
river,2021-05-14,fluoride,0.0001
river,2021-05-15,fluoride,0.0001
river,2021-05-16,fluoride,0.0001
river,2021-05-17,fluoride,0.0001
river,2021-05-18,fluoride,0.0001
river,2021-05-19,fluoride,0.0001
river,2021-05-20,fluoride,0.0001
river,2021-05-21,fluoride,0.0001
river,2021-05-22,fluoride,0.0001
river,2021-05-23,fluoride,0.0001
river,2021-05-24,fluoride,0.0001
river,2021-05-25,fluoride,0.0001
river,2021-05-26,fluoride,0.0001
river,2021-05-27,fluoride,0.0001
river,2021-05-28,fluoride,0.0001
river,2021-05-29,fluoride,0.0001
river,2021-05-30,fluoride,0.0001
river,2021-05-31,fluoride,0.0001
river,2021-06-01,fluoride,0.0001
river,2021-06-02,fluoride,0.0001
river,2021-06-03,fluoride,0.0001
river,2021-06-04,fluoride,0.0001
river,2021-06-05,fluoride,0.0001
river,2021-06-06,fluoride,0.0001
river,2021-06-07,fluoride,0.0001
river,2021-06-08,fluoride,0.0001
river,2021-06-09,fluoride,0.0001
river,2021-06-10,fluoride,0.0001
river,2021-06-11,fluoride,0.0001
river,2021-06-12,fluoride,0.0001
river,2021-06-13,fluoride,0.0001
river,2021-06-14,fluoride,0.0001
river,2021-06-15,fluoride,0.0001
river,2021-06-16,fluoride,0.0001
river,2021-06-17,fluoride,0.0001
river,2021-06-18,fluoride,0.0001
river,2021-06-19,fluoride,0.0001
river,2021-06-20,fluoride,0.0001
river,2021-06-21,fluoride,0.0001
river,2021-06-22,fluoride,0.0001
river,2021-06-23,fluoride,0.0001142857142857143
river,2021-06-24,fluoride,0.00012857142857142858
river,2021-06-25,fluoride,0.00014285714285714284
river,2021-06-26,fluoride,0.00015714285714285713
river,2021-06-27,fluoride,0.00017142857142857143
river,2021-06-28,fluoride,0.00018571428571428572
river,2021-06-29,fluoride,0.0002
river,2021-06-30,fluoride,0.0002
river,2021-07-01,fluoride,0.0002
river,2021-07-02,fluoride,0.0002
river,2021-07-03,fluoride,0.0002
river,2021-07-04,fluoride,0.0002
river,2021-07-05,fluoride,0.0002
river,2021-07-06,fluoride,0.0002
river,2021-07-07,fluoride,0.0002
river,2021-07-08,fluoride,0.0002
river,2021-07-09,fluoride,0.0002
river,2021-07-10,fluoride,0.0002
river,2021-07-11,fluoride,0.0002
river,2021-07-12,fluoride,0.0002
river,2021-07-13,fluoride,0.0002
river,2021-07-14,fluoride,0.0002
river,2021-07-15,fluoride,0.0002
river,2021-07-16,fluoride,0.0002
river,2021-07-17,fluoride,0.0002
river,2021-07-18,fluoride,0.0002
river,2021-07-19,fluoride,0.0002
river,2021-07-20,fluoride,0.0002
river,2021-07-21,fluoride,0.0002
river,2021-07-22,fluoride,0.0002
river,2021-07-23,fluoride,0.0002
river,2021-07-24,fluoride,0.0002
river,2021-07-25,fluoride,0.0002
river,2021-07-26,fluoride,0.0002
river,2021-07-27,fluoride,0.0002
river,2021-07-28,fluoride,0.0002
river,2021-07-29,fluoride,0.0002
river,2021-07-30,fluoride,0.0002
river,2021-07-31,fluoride,0.0002
river,2021-08-01,fluoride,0.0002
river,2021-08-02,fluoride,0.0002
river,2021-08-03,fluoride,0.0002
river,2021-08-04,fluoride,0.0002
river,2021-08-05,fluoride,0.0002
river,2021-08-06,fluoride,0.0002
river,2021-08-07,fluoride,0.0002
river,2021-08-08,fluoride,0.0002
river,2021-08-09,fluoride,0.0002
river,2021-08-10,fluoride,0.0002
river,2021-08-11,fluoride,0.0002
river,2021-08-12,fluoride,0.0002
river,2021-08-13,fluoride,0.0002
river,2021-08-14,fluoride,0.0002
river,2021-08-15,fluoride,0.0002
river,2021-08-16,fluoride,0.0002
river,2021-08-17,fluoride,0.0002
river,2021-08-18,fluoride,0.0002
river,2021-08-19,fluoride,0.0002
river,2021-08-20,fluoride,0.0002
river,2021-08-21,fluoride,0.0002
river,2021-08-22,fluoride,0.0002
river,2021-08-23,fluoride,0.0002
river,2021-08-24,fluoride,0.0002
river,2021-08-25,fluoride,0.0001888888888888889
river,2021-08-26,fluoride,0.00017777777777777779
river,2021-08-27,fluoride,0.0001666666666666667
river,2021-08-28,fluoride,0.00015555555555555556
river,2021-08-29,fluoride,0.00014444444444444446
river,2021-08-30,fluoride,0.00013333333333333337
river,2021-08-31,fluoride,0.00012222222222222224
river,2021-09-01,fluoride,0.00011111111111111112
river,2021-09-02,fluoride,0.0001
river,2021-09-03,fluoride,0.0001
river,2021-09-04,fluoride,0.0001
river,2021-09-05,fluoride,0.0001
river,2021-09-06,fluoride,0.0001
river,2021-09-07,fluoride,0.0001
river,2021-09-08,fluoride,0.0001
river,2021-09-09,fluoride,0.0001
river,2021-09-10,fluoride,0.0001
river,2021-09-11,fluoride,0.0001
river,2021-09-12,fluoride,0.0001
river,2021-09-13,fluoride,0.0001
river,2021-09-14,fluoride,0.0001
river,2021-09-15,fluoride,0.0001
river,2021-09-16,fluoride,0.0001
river,2021-09-17,fluoride,0.0001
river,2021-09-18,fluoride,0.0001
river,2021-09-19,fluoride,0.0001
river,2021-09-20,fluoride,0.0001
river,2021-09-21,fluoride,0.0001
river,2021-09-22,fluoride,0.0001
river,2021-09-23,fluoride,0.0001
river,2021-09-24,fluoride,0.0001
river,2021-09-25,fluoride,0.0001
river,2021-09-26,fluoride,0.0001
river,2021-09-27,fluoride,0.0001
river,2021-09-28,fluoride,0.0001
river,2021-09-29,fluoride,0.0001
river,2021-09-30,fluoride,0.0001
river,2021-10-01,fluoride,0.0001
river,2021-10-02,fluoride,0.0001
river,2021-10-03,fluoride,0.0001
river,2021-10-04,fluoride,0.0001
river,2021-10-05,fluoride,0.0001
river,2021-10-06,fluoride,9.750000000000001e-05
river,2021-10-07,fluoride,9.5e-05
river,2021-10-08,fluoride,9.25e-05
river,2021-10-09,fluoride,8.999999999999999e-05
river,2021-10-10,fluoride,8.750000000000001e-05
river,2021-10-11,fluoride,8.5e-05
river,2021-10-12,fluoride,8.25e-05
river,2021-10-13,fluoride,8e-05
river,2021-10-14,fluoride,8e-05
river,2021-10-15,fluoride,8e-05
river,2021-10-16,fluoride,8e-05
river,2021-10-17,fluoride,8e-05
river,2021-10-18,fluoride,8e-05
river,2021-10-19,fluoride,8e-05
river,2021-10-20,fluoride,8e-05
river,2021-10-21,fluoride,8.142857142857143e-05
river,2021-10-22,fluoride,8.285714285714286e-05
river,2021-10-23,fluoride,8.428571428571429e-05
river,2021-10-24,fluoride,8.571428571428571e-05
river,2021-10-25,fluoride,8.714285714285715e-05
river,2021-10-26,fluoride,8.857142857142857e-05
river,2021-10-27,fluoride,8.999999999999999e-05
river,2021-10-28,fluoride,9.999999999999999e-05
river,2021-10-29,fluoride,0.00011
river,2021-10-30,fluoride,0.00012
river,2021-10-31,fluoride,0.00013000000000000002
river,2021-11-01,fluoride,0.00014000000000000001
river,2021-11-02,fluoride,0.00015
river,2021-11-03,fluoride,0.00016
river,2021-11-04,fluoride,0.00015571428571428572
river,2021-11-05,fluoride,0.00015142857142857145
river,2021-11-06,fluoride,0.00014714285714285713
river,2021-11-07,fluoride,0.00014285714285714284
river,2021-11-08,fluoride,0.00013857142857142857
river,2021-11-09,fluoride,0.00013428571428571428
river,2021-11-10,fluoride,0.00013000000000000002
river,2021-11-11,fluoride,0.00013428571428571428
river,2021-11-12,fluoride,0.00013857142857142857
river,2021-11-13,fluoride,0.00014285714285714284
river,2021-11-14,fluoride,0.00014714285714285716
river,2021-11-15,fluoride,0.00015142857142857145
river,2021-11-16,fluoride,0.00015571428571428572
river,2021-11-17,fluoride,0.00016
river,2021-11-18,fluoride,0.00016142857142857143
river,2021-11-19,fluoride,0.00016285714285714287
river,2021-11-20,fluoride,0.00016428571428571428
river,2021-11-21,fluoride,0.00016571428571428575
river,2021-11-22,fluoride,0.00016714285714285716
river,2021-11-23,fluoride,0.0001685714285714286
river,2021-11-24,fluoride,0.00017
river,2021-11-25,fluoride,0.00017
river,2021-11-26,fluoride,0.00017
river,2021-11-27,fluoride,0.00017
river,2021-11-28,fluoride,0.00017
river,2021-11-29,fluoride,0.00017
river,2021-11-30,fluoride,0.00017
river,2021-12-01,fluoride,0.00017
river,2021-12-02,fluoride,0.0001742857142857143
river,2021-12-03,fluoride,0.00017857142857142857
river,2021-12-04,fluoride,0.0001828571428571429
river,2021-12-05,fluoride,0.00018714285714285716
river,2021-12-06,fluoride,0.00019142857142857145
river,2021-12-07,fluoride,0.00019571428571428574
river,2021-12-08,fluoride,0.0002
river,2021-12-09,fluoride,0.00019375000000000002
river,2021-12-10,fluoride,0.0001875
river,2021-12-11,fluoride,0.00018125
river,2021-12-12,fluoride,0.000175
river,2021-12-13,fluoride,0.00016875
river,2021-12-14,fluoride,0.00016250000000000002
river,2021-12-15,fluoride,0.00015625
river,2021-12-16,fluoride,0.00015
river,2021-12-17,fluoride,0.0001495
river,2021-12-18,fluoride,0.000149
river,2021-12-19,fluoride,0.0001485
river,2021-12-20,fluoride,0.000148
river,2021-12-21,fluoride,0.0001475
river,2021-12-22,fluoride,0.000147
river,2021-12-23,fluoride,0.00014649999999999998
river,2021-12-24,fluoride,0.000146
river,2021-12-25,fluoride,0.00014549999999999999
river,2021-12-26,fluoride,0.00014500000000000003
river,2021-12-27,fluoride,0.00014450000000000002
river,2021-12-28,fluoride,0.00014400000000000003
river,2021-12-29,fluoride,0.00014350000000000002
river,2021-12-30,fluoride,0.000143
river,2021-12-31,fluoride,0.00014250000000000002
river,2022-01-01,fluoride,0.000142
river,2022-01-02,fluoride,0.00014150000000000002
river,2022-01-03,fluoride,0.000141
river,2022-01-04,fluoride,0.00014050000000000003
river,2022-01-05,fluoride,0.00014000000000000001
river,2022-01-06,fluoride,0.00013714285714285716
river,2022-01-07,fluoride,0.00013428571428571428
river,2022-01-08,fluoride,0.00013142857142857143
river,2022-01-09,fluoride,0.00012857142857142858
river,2022-01-10,fluoride,0.00012571428571428572
river,2022-01-11,fluoride,0.00012285714285714287
river,2022-01-12,fluoride,0.00012
river,2022-01-13,fluoride,0.00013000000000000002
river,2022-01-14,fluoride,0.00014
river,2022-01-15,fluoride,0.00015
river,2022-01-16,fluoride,0.00016
river,2022-01-17,fluoride,0.00016999999999999999
river,2022-01-18,fluoride,0.00017999999999999998
river,2022-01-19,fluoride,0.00019
river,2022-01-20,fluoride,0.00018428571428571428
river,2022-01-21,fluoride,0.00017857142857142857
river,2022-01-22,fluoride,0.00017285714285714287
river,2022-01-23,fluoride,0.00016714285714285716
river,2022-01-24,fluoride,0.00016142857142857143
river,2022-01-25,fluoride,0.0001557142857142857
river,2022-01-26,fluoride,0.00015
river,2022-01-27,fluoride,0.00014571428571428572
river,2022-01-28,fluoride,0.00014142857142857143
river,2022-01-29,fluoride,0.00013714285714285713
river,2022-01-30,fluoride,0.00013285714285714284
river,2022-01-31,fluoride,0.00012857142857142855
river,2022-02-01,fluoride,0.00012428571428571428
river,2022-02-02,fluoride,0.00012
river,2022-02-03,fluoride,0.00012142857142857143
river,2022-02-04,fluoride,0.00012285714285714287
river,2022-02-05,fluoride,0.00012428571428571428
river,2022-02-06,fluoride,0.00012571428571428572
river,2022-02-07,fluoride,0.00012714285714285714
river,2022-02-08,fluoride,0.00012857142857142858
river,2022-02-09,fluoride,0.00013000000000000002
river,2022-02-10,fluoride,0.00012714285714285714
river,2022-02-11,fluoride,0.00012428571428571428
river,2022-02-12,fluoride,0.00012142857142857143
river,2022-02-13,fluoride,0.00011857142857142858
river,2022-02-14,fluoride,0.00011571428571428571
river,2022-02-15,fluoride,0.00011285714285714286
river,2022-02-16,fluoride,0.00011
river,2022-02-17,fluoride,0.00011428571428571428
river,2022-02-18,fluoride,0.00011857142857142858
river,2022-02-19,fluoride,0.00012285714285714287
river,2022-02-20,fluoride,0.00012714285714285714
river,2022-02-21,fluoride,0.00013142857142857146
river,2022-02-22,fluoride,0.00013571428571428572
river,2022-02-23,fluoride,0.00014000000000000001
river,2022-02-24,fluoride,0.00014142857142857143
river,2022-02-25,fluoride,0.00014285714285714287
river,2022-02-26,fluoride,0.0001442857142857143
river,2022-02-27,fluoride,0.00014571428571428572
river,2022-02-28,fluoride,0.00014714285714285713
river,2022-03-01,fluoride,0.00014857142857142857
river,2022-03-02,fluoride,0.00015
river,2022-03-03,fluoride,0.00014857142857142857
river,2022-03-04,fluoride,0.00014714285714285713
river,2022-03-05,fluoride,0.00014571428571428572
river,2022-03-06,fluoride,0.0001442857142857143
river,2022-03-07,fluoride,0.00014285714285714287
river,2022-03-08,fluoride,0.00014142857142857143
river,2022-03-09,fluoride,0.00014000000000000001
river,2022-03-10,fluoride,0.00014142857142857143
river,2022-03-11,fluoride,0.00014285714285714287
river,2022-03-12,fluoride,0.0001442857142857143
river,2022-03-13,fluoride,0.00014571428571428572
river,2022-03-14,fluoride,0.00014714285714285713
river,2022-03-15,fluoride,0.00014857142857142857
river,2022-03-16,fluoride,0.00015
river,2022-03-17,fluoride,0.00015
river,2022-03-18,fluoride,0.00015
river,2022-03-19,fluoride,0.00015
river,2022-03-20,fluoride,0.00015
river,2022-03-21,fluoride,0.00015
river,2022-03-22,fluoride,0.00015
river,2022-03-23,fluoride,0.00015
river,2022-03-24,fluoride,0.00014785714285714285
river,2022-03-25,fluoride,0.00014571428571428572
river,2022-03-26,fluoride,0.0001435714285714286
river,2022-03-27,fluoride,0.00014142857142857143
river,2022-03-28,fluoride,0.0001392857142857143
river,2022-03-29,fluoride,0.00013714285714285713
river,2022-03-30,fluoride,0.00013499999999999997
river,2022-03-31,fluoride,0.00013285714285714284
river,2022-04-01,fluoride,0.0001307142857142857
river,2022-04-02,fluoride,0.00012857142857142855
river,2022-04-03,fluoride,0.00012642857142857142
river,2022-04-04,fluoride,0.00012428571428571428
river,2022-04-05,fluoride,0.00012214285714285715
river,2022-04-06,fluoride,0.00012
river,2022-04-07,fluoride,0.00011714285714285715
river,2022-04-08,fluoride,0.00011428571428571428
river,2022-04-09,fluoride,0.00011142857142857143
river,2022-04-10,fluoride,0.00010857142857142858
river,2022-04-11,fluoride,0.00010571428571428572
river,2022-04-12,fluoride,0.00010285714285714287
river,2022-04-13,fluoride,0.0001
river,2022-04-14,fluoride,0.0001
river,2022-04-15,fluoride,0.0001
river,2022-04-16,fluoride,0.0001
river,2022-04-17,fluoride,0.0001
river,2022-04-18,fluoride,0.0001
river,2022-04-19,fluoride,0.0001
river,2022-04-20,fluoride,0.0001
river,2022-04-21,fluoride,0.0001
river,2022-04-22,fluoride,0.0001
river,2022-04-23,fluoride,0.0001
river,2022-04-24,fluoride,0.0001
river,2022-04-25,fluoride,0.0001
river,2022-04-26,fluoride,0.0001
river,2022-04-27,fluoride,0.0001
river,2022-04-28,fluoride,0.00010285714285714286
river,2022-04-29,fluoride,0.00010571428571428572
river,2022-04-30,fluoride,0.00010857142857142858
river,2022-05-01,fluoride,0.00011142857142857143
river,2022-05-02,fluoride,0.00011428571428571428
river,2022-05-03,fluoride,0.00011714285714285714
river,2022-05-04,fluoride,0.00012
river,2022-05-05,fluoride,0.00011714285714285715
river,2022-05-06,fluoride,0.00011428571428571428
river,2022-05-07,fluoride,0.00011142857142857143
river,2022-05-08,fluoride,0.00010857142857142858
river,2022-05-09,fluoride,0.00010571428571428572
river,2022-05-10,fluoride,0.00010285714285714287
river,2022-05-11,fluoride,0.0001
river,2022-05-12,fluoride,0.0001
river,2022-05-13,fluoride,0.0001
river,2022-05-14,fluoride,0.0001
river,2022-05-15,fluoride,0.0001
river,2022-05-16,fluoride,0.0001
river,2022-05-17,fluoride,0.0001
river,2022-05-18,fluoride,0.0001
river,2022-05-19,fluoride,0.00010250000000000001
river,2022-05-20,fluoride,0.00010500000000000002
river,2022-05-21,fluoride,0.0001075
river,2022-05-22,fluoride,0.00011
river,2022-05-23,fluoride,0.00011250000000000001
river,2022-05-24,fluoride,0.00011499999999999999
river,2022-05-25,fluoride,0.0001175
river,2022-05-26,fluoride,0.00012
river,2022-05-27,fluoride,0.00012285714285714287
river,2022-05-28,fluoride,0.00012571428571428572
river,2022-05-29,fluoride,0.00012857142857142858
river,2022-05-30,fluoride,0.00013142857142857143
river,2022-05-31,fluoride,0.00013428571428571428
river,2022-06-01,fluoride,0.00013714285714285716
river,2022-06-02,fluoride,0.00014000000000000001
river,2022-06-03,fluoride,0.00014166666666666668
river,2022-06-04,fluoride,0.00014333333333333334
river,2022-06-05,fluoride,0.00014500000000000003
river,2022-06-06,fluoride,0.00014666666666666666
river,2022-06-07,fluoride,0.00014833333333333332
river,2022-06-08,fluoride,0.00015
river,2022-06-09,fluoride,0.00014714285714285713
river,2022-06-10,fluoride,0.0001442857142857143
river,2022-06-11,fluoride,0.00014142857142857143
river,2022-06-12,fluoride,0.00013857142857142857
river,2022-06-13,fluoride,0.0001357142857142857
river,2022-06-14,fluoride,0.00013285714285714287
river,2022-06-15,fluoride,0.00013000000000000002
river,2022-06-16,fluoride,0.00013000000000000002
river,2022-06-17,fluoride,0.00013000000000000002
river,2022-06-18,fluoride,0.00013000000000000002
river,2022-06-19,fluoride,0.00013000000000000002
river,2022-06-20,fluoride,0.00013000000000000002
river,2022-06-21,fluoride,0.00013000000000000002
river,2022-06-22,fluoride,0.00013000000000000002
river,2022-06-23,fluoride,0.00012714285714285714
river,2022-06-24,fluoride,0.00012428571428571428
river,2022-06-25,fluoride,0.00012142857142857143
river,2022-06-26,fluoride,0.00011857142857142858
river,2022-06-27,fluoride,0.00011571428571428571
river,2022-06-28,fluoride,0.00011285714285714286
river,2022-06-29,fluoride,0.00011
river,2022-06-30,fluoride,0.00011285714285714287
river,2022-07-01,fluoride,0.00011571428571428571
river,2022-07-02,fluoride,0.00011857142857142858
river,2022-07-03,fluoride,0.00012142857142857143
river,2022-07-04,fluoride,0.00012428571428571428
river,2022-07-05,fluoride,0.00012714285714285714
river,2022-07-06,fluoride,0.00013000000000000002
river,2022-07-07,fluoride,0.00013285714285714287
river,2022-07-08,fluoride,0.0001357142857142857
river,2022-07-09,fluoride,0.00013857142857142857
river,2022-07-10,fluoride,0.00014142857142857143
river,2022-07-11,fluoride,0.0001442857142857143
river,2022-07-12,fluoride,0.00014714285714285713
river,2022-07-13,fluoride,0.00015
river,2022-07-14,fluoride,0.00015
river,2022-07-15,fluoride,0.00015
river,2022-07-16,fluoride,0.00015
river,2022-07-17,fluoride,0.00015
river,2022-07-18,fluoride,0.00015
river,2022-07-19,fluoride,0.00015
river,2022-07-20,fluoride,0.0001475
river,2022-07-21,fluoride,0.000145
river,2022-07-22,fluoride,0.0001425
river,2022-07-23,fluoride,0.00014000000000000001
river,2022-07-24,fluoride,0.0001375
river,2022-07-25,fluoride,0.000135
river,2022-07-26,fluoride,0.00013250000000000002
river,2022-07-27,fluoride,0.00013000000000000002
river,2022-07-28,fluoride,0.00013857142857142857
river,2022-07-29,fluoride,0.00014714285714285716
river,2022-07-30,fluoride,0.00015571428571428572
river,2022-07-31,fluoride,0.00016428571428571428
river,2022-08-01,fluoride,0.0001728571428571429
river,2022-08-02,fluoride,0.00018142857142857145
river,2022-08-03,fluoride,0.00019
river,2022-08-04,fluoride,0.00019
river,2022-08-05,fluoride,0.00019
river,2022-08-06,fluoride,0.00019
river,2022-08-07,fluoride,0.00019
river,2022-08-08,fluoride,0.00019
river,2022-08-09,fluoride,0.00019
river,2022-08-10,fluoride,0.00019
river,2022-08-11,fluoride,0.0001885714285714286
river,2022-08-12,fluoride,0.00018714285714285713
river,2022-08-13,fluoride,0.00018571428571428572
river,2022-08-14,fluoride,0.00018428571428571428
river,2022-08-15,fluoride,0.00018285714285714286
river,2022-08-16,fluoride,0.00018142857142857142
river,2022-08-17,fluoride,0.00017999999999999998
river,2022-08-18,fluoride,0.00018285714285714286
river,2022-08-19,fluoride,0.00018571428571428572
river,2022-08-20,fluoride,0.0001885714285714286
river,2022-08-21,fluoride,0.00019142857142857142
river,2022-08-22,fluoride,0.00019428571428571428
river,2022-08-23,fluoride,0.00019714285714285716
river,2022-08-24,fluoride,0.0002
river,2022-08-25,fluoride,0.00019142857142857145
river,2022-08-26,fluoride,0.00018285714285714286
river,2022-08-27,fluoride,0.0001742857142857143
river,2022-08-28,fluoride,0.00016571428571428575
river,2022-08-29,fluoride,0.00015714285714285713
river,2022-08-30,fluoride,0.00014857142857142857
river,2022-08-31,fluoride,0.00014000000000000001
river,2022-09-01,fluoride,0.00014166666666666668
river,2022-09-02,fluoride,0.00014333333333333334
river,2022-09-03,fluoride,0.00014500000000000003
river,2022-09-04,fluoride,0.00014666666666666666
river,2022-09-05,fluoride,0.00014833333333333332
river,2022-09-06,fluoride,0.00015
river,2022-09-07,fluoride,0.00014
river,2022-09-08,fluoride,0.00013000000000000002
river,2022-09-09,fluoride,0.00012
river,2022-09-10,fluoride,0.00011
river,2022-09-11,fluoride,0.0001
river,2022-09-12,fluoride,8.999999999999999e-05
river,2022-09-13,fluoride,8e-05
river,2022-09-14,fluoride,7.000000000000001e-05
river,2022-09-15,fluoride,7.142857142857143e-05
river,2022-09-16,fluoride,7.285714285714286e-05
river,2022-09-17,fluoride,7.428571428571429e-05
river,2022-09-18,fluoride,7.571428571428573e-05
river,2022-09-19,fluoride,7.714285714285715e-05
river,2022-09-20,fluoride,7.857142857142857e-05
river,2022-09-21,fluoride,8e-05
river,2022-09-22,fluoride,7.857142857142857e-05
river,2022-09-23,fluoride,7.714285714285715e-05
river,2022-09-24,fluoride,7.571428571428573e-05
river,2022-09-25,fluoride,7.428571428571429e-05
river,2022-09-26,fluoride,7.285714285714286e-05
river,2022-09-27,fluoride,7.142857142857143e-05
river,2022-09-28,fluoride,7.000000000000001e-05
river,2022-09-29,fluoride,8.857142857142858e-05
river,2022-09-30,fluoride,0.00010714285714285715
river,2022-10-01,fluoride,0.00012571428571428572
river,2022-10-02,fluoride,0.0001442857142857143
river,2022-10-03,fluoride,0.00016285714285714287
river,2022-10-04,fluoride,0.00018142857142857145
river,2022-10-05,fluoride,0.0002
river,2022-10-06,fluoride,0.00020857142857142857
river,2022-10-07,fluoride,0.00021714285714285718
river,2022-10-08,fluoride,0.00022571428571428574
river,2022-10-09,fluoride,0.0002342857142857143
river,2022-10-10,fluoride,0.00024285714285714289
river,2022-10-11,fluoride,0.00025142857142857145
river,2022-10-12,fluoride,0.00026000000000000003
river,2022-10-13,fluoride,0.00023857142857142857
river,2022-10-14,fluoride,0.00021714285714285715
river,2022-10-15,fluoride,0.00019571428571428574
river,2022-10-16,fluoride,0.00017428571428571428
river,2022-10-17,fluoride,0.00015285714285714287
river,2022-10-18,fluoride,0.00013142857142857143
river,2022-10-19,fluoride,0.00011
river,2022-10-20,fluoride,0.00010714285714285714
river,2022-10-21,fluoride,0.00010428571428571428
river,2022-10-22,fluoride,0.00010142857142857143
river,2022-10-23,fluoride,9.857142857142858e-05
river,2022-10-24,fluoride,9.571428571428571e-05
river,2022-10-25,fluoride,9.285714285714286e-05
river,2022-10-26,fluoride,8.999999999999999e-05
river,2022-10-27,fluoride,8.714285714285715e-05
river,2022-10-28,fluoride,8.428571428571429e-05
river,2022-10-29,fluoride,8.142857142857143e-05
river,2022-10-30,fluoride,7.857142857142857e-05
river,2022-10-31,fluoride,7.571428571428573e-05
river,2022-11-01,fluoride,7.285714285714287e-05
river,2022-11-02,fluoride,7.000000000000001e-05
river,2022-11-03,fluoride,7.285714285714286e-05
river,2022-11-04,fluoride,7.571428571428573e-05
river,2022-11-05,fluoride,7.857142857142857e-05
river,2022-11-06,fluoride,8.142857142857143e-05
river,2022-11-07,fluoride,8.428571428571429e-05
river,2022-11-08,fluoride,8.714285714285714e-05
river,2022-11-09,fluoride,8.999999999999999e-05
river,2022-11-10,fluoride,9.142857142857143e-05
river,2022-11-11,fluoride,9.285714285714286e-05
river,2022-11-12,fluoride,9.42857142857143e-05
river,2022-11-13,fluoride,9.571428571428571e-05
river,2022-11-14,fluoride,9.714285714285714e-05
river,2022-11-15,fluoride,9.857142857142858e-05
river,2022-11-16,fluoride,0.0001
river,2022-11-17,fluoride,9.857142857142858e-05
river,2022-11-18,fluoride,9.714285714285714e-05
river,2022-11-19,fluoride,9.571428571428571e-05
river,2022-11-20,fluoride,9.42857142857143e-05
river,2022-11-21,fluoride,9.285714285714286e-05
river,2022-11-22,fluoride,9.142857142857143e-05
river,2022-11-23,fluoride,8.999999999999999e-05
river,2022-11-24,fluoride,9.571428571428571e-05
river,2022-11-25,fluoride,0.00010142857142857143
river,2022-11-26,fluoride,0.00010714285714285715
river,2022-11-27,fluoride,0.00011285714285714286
river,2022-11-28,fluoride,0.00011857142857142858
river,2022-11-29,fluoride,0.00012428571428571428
river,2022-11-30,fluoride,0.00013000000000000002
river,2022-12-01,fluoride,0.00013000000000000002
river,2022-12-02,fluoride,0.00013000000000000002
river,2022-12-03,fluoride,0.00013000000000000002
river,2022-12-04,fluoride,0.00013000000000000002
river,2022-12-05,fluoride,0.00013000000000000002
river,2022-12-06,fluoride,0.00013000000000000002
river,2022-12-07,fluoride,0.00013000000000000002
river,2022-12-08,fluoride,0.00013142857142857143
river,2022-12-09,fluoride,0.00013285714285714287
river,2022-12-10,fluoride,0.00013428571428571428
river,2022-12-11,fluoride,0.00013571428571428572
river,2022-12-12,fluoride,0.00013714285714285716
river,2022-12-13,fluoride,0.0001385714285714286
river,2022-12-14,fluoride,0.00014000000000000001
river,2022-12-15,fluoride,0.0001442857142857143
river,2022-12-16,fluoride,0.00014857142857142857
river,2022-12-17,fluoride,0.00015285714285714287
river,2022-12-18,fluoride,0.00015714285714285716
river,2022-12-19,fluoride,0.00016142857142857145
river,2022-12-20,fluoride,0.00016571428571428575
river,2022-12-21,fluoride,0.00017
river,2022-12-22,fluoride,0.00017
river,2022-12-23,fluoride,0.00017
river,2022-12-24,fluoride,0.00017
river,2022-12-25,fluoride,0.00017
river,2022-12-26,fluoride,0.00017
river,2022-12-27,fluoride,0.00017
river,2022-12-28,fluoride,0.00017
river,2022-12-29,fluoride,0.00017
river,2022-12-30,fluoride,0.00017
river,2022-12-31,fluoride,0.00017
river,2023-01-01,fluoride,0.00017
river,2023-01-02,fluoride,0.00017
river,2023-01-03,fluoride,0.00017
river,2023-01-04,fluoride,0.00017
river,2023-01-05,fluoride,0.0001742857142857143
river,2023-01-06,fluoride,0.00017857142857142857
river,2023-01-07,fluoride,0.0001828571428571429
river,2023-01-08,fluoride,0.00018714285714285716
river,2023-01-09,fluoride,0.00019142857142857145
river,2023-01-10,fluoride,0.00019571428571428574
river,2023-01-11,fluoride,0.0002
river,2023-01-12,fluoride,0.00019285714285714286
river,2023-01-13,fluoride,0.00018571428571428572
river,2023-01-14,fluoride,0.00017857142857142857
river,2023-01-15,fluoride,0.00017142857142857143
river,2023-01-16,fluoride,0.00016428571428571428
river,2023-01-17,fluoride,0.00015714285714285713
river,2023-01-18,fluoride,0.00015
river,2023-01-19,fluoride,0.00014571428571428572
river,2023-01-20,fluoride,0.00014142857142857143
river,2023-01-21,fluoride,0.00013714285714285713
river,2023-01-22,fluoride,0.00013285714285714284
river,2023-01-23,fluoride,0.00012857142857142855
river,2023-01-24,fluoride,0.00012428571428571428
river,2023-01-25,fluoride,0.00012
river,2023-01-26,fluoride,0.00012
river,2023-01-27,fluoride,0.00012
river,2023-01-28,fluoride,0.00012
river,2023-01-29,fluoride,0.00012
river,2023-01-30,fluoride,0.00012
river,2023-01-31,fluoride,0.00012
river,2023-02-01,fluoride,0.00012
river,2023-02-02,fluoride,0.00012142857142857143
river,2023-02-03,fluoride,0.00012285714285714287
river,2023-02-04,fluoride,0.00012428571428571428
river,2023-02-05,fluoride,0.00012571428571428572
river,2023-02-06,fluoride,0.00012714285714285714
river,2023-02-07,fluoride,0.00012857142857142858
river,2023-02-08,fluoride,0.00013000000000000002
river,2023-02-09,fluoride,0.00013166666666666668
river,2023-02-10,fluoride,0.00013333333333333334
river,2023-02-11,fluoride,0.000135
river,2023-02-12,fluoride,0.0001366666666666667
river,2023-02-13,fluoride,0.00013833333333333333
river,2023-02-14,fluoride,0.00014000000000000001
river,2023-02-15,fluoride,0.00014125000000000002
river,2023-02-16,fluoride,0.00014250000000000002
river,2023-02-17,fluoride,0.00014375000000000002
river,2023-02-18,fluoride,0.00014500000000000003
river,2023-02-19,fluoride,0.00014625
river,2023-02-20,fluoride,0.0001475
river,2023-02-21,fluoride,0.00014874999999999998
river,2023-02-22,fluoride,0.00015
river,2023-02-23,fluoride,0.00015142857142857143
river,2023-02-24,fluoride,0.00015285714285714287
river,2023-02-25,fluoride,0.00015428571428571428
river,2023-02-26,fluoride,0.00015571428571428572
river,2023-02-27,fluoride,0.00015714285714285713
river,2023-02-28,fluoride,0.0001585714285714286
river,2023-03-01,fluoride,0.00016
river,2023-03-02,fluoride,0.00015714285714285713
river,2023-03-03,fluoride,0.0001542857142857143
river,2023-03-04,fluoride,0.00015142857142857145
river,2023-03-05,fluoride,0.00014857142857142857
river,2023-03-06,fluoride,0.00014571428571428572
river,2023-03-07,fluoride,0.00014285714285714287
river,2023-03-08,fluoride,0.00014000000000000001
river,2023-03-09,fluoride,0.00014142857142857143
river,2023-03-10,fluoride,0.00014285714285714287
river,2023-03-11,fluoride,0.0001442857142857143
river,2023-03-12,fluoride,0.00014571428571428572
river,2023-03-13,fluoride,0.00014714285714285713
river,2023-03-14,fluoride,0.00014857142857142857
river,2023-03-15,fluoride,0.00015
river,2023-03-16,fluoride,0.00014571428571428572
river,2023-03-17,fluoride,0.00014142857142857143
river,2023-03-18,fluoride,0.00013714285714285713
river,2023-03-19,fluoride,0.00013285714285714284
river,2023-03-20,fluoride,0.00012857142857142855
river,2023-03-21,fluoride,0.00012428571428571428
river,2023-03-22,fluoride,0.00012
river,2023-03-23,fluoride,0.00012
river,2023-03-24,fluoride,0.00012
river,2023-03-25,fluoride,0.00012
river,2023-03-26,fluoride,0.00012
river,2023-03-27,fluoride,0.00012
river,2023-03-28,fluoride,0.00012
river,2023-03-29,fluoride,0.00012
river,2023-03-30,fluoride,0.00012142857142857143
river,2023-03-31,fluoride,0.00012285714285714287
river,2023-04-01,fluoride,0.00012428571428571428
river,2023-04-02,fluoride,0.00012571428571428572
river,2023-04-03,fluoride,0.00012714285714285714
river,2023-04-04,fluoride,0.00012857142857142858
river,2023-04-05,fluoride,0.00013000000000000002
river,2023-04-06,fluoride,0.00013000000000000002
river,2023-04-07,fluoride,0.00013000000000000002
river,2023-04-08,fluoride,0.00013000000000000002
river,2023-04-09,fluoride,0.00013000000000000002
river,2023-04-10,fluoride,0.00013000000000000002
river,2023-04-11,fluoride,0.00013000000000000002
river,2023-04-12,fluoride,0.00013125000000000002
river,2023-04-13,fluoride,0.00013250000000000002
river,2023-04-14,fluoride,0.00013375
river,2023-04-15,fluoride,0.000135
river,2023-04-16,fluoride,0.00013625
river,2023-04-17,fluoride,0.0001375
river,2023-04-18,fluoride,0.00013875
river,2023-04-19,fluoride,0.00014000000000000001
river,2023-04-20,fluoride,0.00014142857142857143
river,2023-04-21,fluoride,0.00014285714285714287
river,2023-04-22,fluoride,0.0001442857142857143
river,2023-04-23,fluoride,0.00014571428571428572
river,2023-04-24,fluoride,0.00014714285714285713
river,2023-04-25,fluoride,0.00014857142857142857
river,2023-04-26,fluoride,0.00015
river,2023-04-27,fluoride,0.00014857142857142857
river,2023-04-28,fluoride,0.00014714285714285713
river,2023-04-29,fluoride,0.00014571428571428572
river,2023-04-30,fluoride,0.0001442857142857143
river,2023-05-01,fluoride,0.00014285714285714287
river,2023-05-02,fluoride,0.00014142857142857143
river,2023-05-03,fluoride,0.00014000000000000001
river,2023-05-04,fluoride,0.00014000000000000001
river,2023-05-05,fluoride,0.00014000000000000001
river,2023-05-06,fluoride,0.00014000000000000001
river,2023-05-07,fluoride,0.00014000000000000001
river,2023-05-08,fluoride,0.00014000000000000001
river,2023-05-09,fluoride,0.00014000000000000001
river,2023-05-10,fluoride,0.00014000000000000001
river,2023-05-11,fluoride,0.00014000000000000001
river,2023-05-12,fluoride,0.00014000000000000001
river,2023-05-13,fluoride,0.00014000000000000001
river,2023-05-14,fluoride,0.00014000000000000001
river,2023-05-15,fluoride,0.00014000000000000001
river,2023-05-16,fluoride,0.00014000000000000001
river,2023-05-17,fluoride,0.00013875
river,2023-05-18,fluoride,0.0001375
river,2023-05-19,fluoride,0.00013625
river,2023-05-20,fluoride,0.000135
river,2023-05-21,fluoride,0.00013375
river,2023-05-22,fluoride,0.00013250000000000002
river,2023-05-23,fluoride,0.00013125000000000002
river,2023-05-24,fluoride,0.00013000000000000002
river,2023-05-25,fluoride,0.00013142857142857143
river,2023-05-26,fluoride,0.00013285714285714287
river,2023-05-27,fluoride,0.00013428571428571428
river,2023-05-28,fluoride,0.00013571428571428572
river,2023-05-29,fluoride,0.00013714285714285716
river,2023-05-30,fluoride,0.0001385714285714286
river,2023-05-31,fluoride,0.00014000000000000001
river,2023-06-01,fluoride,0.00014142857142857143
river,2023-06-02,fluoride,0.00014285714285714287
river,2023-06-03,fluoride,0.0001442857142857143
river,2023-06-04,fluoride,0.00014571428571428572
river,2023-06-05,fluoride,0.00014714285714285713
river,2023-06-06,fluoride,0.00014857142857142857
river,2023-06-07,fluoride,0.00015
river,2023-06-08,fluoride,0.00014714285714285713
river,2023-06-09,fluoride,0.0001442857142857143
river,2023-06-10,fluoride,0.00014142857142857143
river,2023-06-11,fluoride,0.00013857142857142857
river,2023-06-12,fluoride,0.0001357142857142857
river,2023-06-13,fluoride,0.00013285714285714287
river,2023-06-14,fluoride,0.00013000000000000002
river,2023-06-15,fluoride,0.00013142857142857143
river,2023-06-16,fluoride,0.00013285714285714287
river,2023-06-17,fluoride,0.00013428571428571428
river,2023-06-18,fluoride,0.00013571428571428572
river,2023-06-19,fluoride,0.00013714285714285716
river,2023-06-20,fluoride,0.0001385714285714286
river,2023-06-21,fluoride,0.00014000000000000001
river,2023-06-22,fluoride,0.00014000000000000001
river,2023-06-23,fluoride,0.00014000000000000001
river,2023-06-24,fluoride,0.00014000000000000001
river,2023-06-25,fluoride,0.00014000000000000001
river,2023-06-26,fluoride,0.00014000000000000001
river,2023-06-27,fluoride,0.00014000000000000001
river,2023-06-28,fluoride,0.00014000000000000001
river,2023-06-29,fluoride,0.00014142857142857143
river,2023-06-30,fluoride,0.00014285714285714287
river,2023-07-01,fluoride,0.0001442857142857143
river,2023-07-02,fluoride,0.00014571428571428572
river,2023-07-03,fluoride,0.00014714285714285713
river,2023-07-04,fluoride,0.00014857142857142857
river,2023-07-05,fluoride,0.00015
river,2023-07-06,fluoride,0.00015285714285714287
river,2023-07-07,fluoride,0.00015571428571428572
river,2023-07-08,fluoride,0.0001585714285714286
river,2023-07-09,fluoride,0.00016142857142857143
river,2023-07-10,fluoride,0.00016428571428571428
river,2023-07-11,fluoride,0.00016714285714285716
river,2023-07-12,fluoride,0.00017
river,2023-07-13,fluoride,0.00017
river,2023-07-14,fluoride,0.00017
river,2023-07-15,fluoride,0.00017
river,2023-07-16,fluoride,0.00017
river,2023-07-17,fluoride,0.00017
river,2023-07-18,fluoride,0.00017
river,2023-07-19,fluoride,0.00017
river,2023-07-20,fluoride,0.00016571428571428575
river,2023-07-21,fluoride,0.00016142857142857145
river,2023-07-22,fluoride,0.00015714285714285713
river,2023-07-23,fluoride,0.00015285714285714287
river,2023-07-24,fluoride,0.00014857142857142857
river,2023-07-25,fluoride,0.0001442857142857143
river,2023-07-26,fluoride,0.00014000000000000001
river,2023-07-27,fluoride,0.0001385714285714286
river,2023-07-28,fluoride,0.00013714285714285716
river,2023-07-29,fluoride,0.00013571428571428572
river,2023-07-30,fluoride,0.00013428571428571428
river,2023-07-31,fluoride,0.00013285714285714287
river,2023-08-01,fluoride,0.00013142857142857143
river,2023-08-02,fluoride,0.00013000000000000002
river,2023-08-03,fluoride,0.00013000000000000002
river,2023-08-04,fluoride,0.00013000000000000002
river,2023-08-05,fluoride,0.00013000000000000002
river,2023-08-06,fluoride,0.00013000000000000002
river,2023-08-07,fluoride,0.00013000000000000002
river,2023-08-08,fluoride,0.00013000000000000002
river,2023-08-09,fluoride,0.00013000000000000002
river,2023-08-10,fluoride,0.00013000000000000002
river,2023-08-11,fluoride,0.00013000000000000002
river,2023-08-12,fluoride,0.00013000000000000002
river,2023-08-13,fluoride,0.00013000000000000002
river,2023-08-14,fluoride,0.00013000000000000002
river,2023-08-15,fluoride,0.00013000000000000002
river,2023-08-16,fluoride,0.00013000000000000002
river,2023-08-17,fluoride,0.00013285714285714287
river,2023-08-18,fluoride,0.0001357142857142857
river,2023-08-19,fluoride,0.00013857142857142857
river,2023-08-20,fluoride,0.00014142857142857143
river,2023-08-21,fluoride,0.0001442857142857143
river,2023-08-22,fluoride,0.00014714285714285713
river,2023-08-23,fluoride,0.00015
river,2023-08-24,fluoride,0.00015142857142857143
river,2023-08-25,fluoride,0.00015285714285714287
river,2023-08-26,fluoride,0.00015428571428571428
river,2023-08-27,fluoride,0.00015571428571428572
river,2023-08-28,fluoride,0.00015714285714285713
river,2023-08-29,fluoride,0.0001585714285714286
river,2023-08-30,fluoride,0.00016
river,2023-08-31,fluoride,0.00015714285714285713
river,2023-09-01,fluoride,0.0001542857142857143
river,2023-09-02,fluoride,0.00015142857142857145
river,2023-09-03,fluoride,0.00014857142857142857
river,2023-09-04,fluoride,0.00014571428571428572
river,2023-09-05,fluoride,0.00014285714285714287
river,2023-09-06,fluoride,0.00014000000000000001
river,2023-09-07,fluoride,0.00014000000000000001
river,2023-09-08,fluoride,0.00014000000000000001
river,2023-09-09,fluoride,0.00014000000000000001
river,2023-09-10,fluoride,0.00014000000000000001
river,2023-09-11,fluoride,0.00014000000000000001
river,2023-09-12,fluoride,0.00014000000000000001
river,2023-09-13,fluoride,0.00014000000000000001
river,2023-09-14,fluoride,0.00014142857142857143
river,2023-09-15,fluoride,0.00014285714285714287
river,2023-09-16,fluoride,0.0001442857142857143
river,2023-09-17,fluoride,0.00014571428571428572
river,2023-09-18,fluoride,0.00014714285714285713
river,2023-09-19,fluoride,0.00014857142857142857
river,2023-09-20,fluoride,0.00015
river,2023-09-21,fluoride,0.00015
river,2023-09-22,fluoride,0.00015
river,2023-09-23,fluoride,0.00015
river,2023-09-24,fluoride,0.00015
river,2023-09-25,fluoride,0.00015
river,2023-09-26,fluoride,0.00015
river,2023-09-27,fluoride,0.00015
river,2023-09-28,fluoride,0.00015
river,2023-09-29,fluoride,0.00015
river,2023-09-30,fluoride,0.00015
river,2023-10-01,fluoride,0.00015
river,2023-10-02,fluoride,0.00015
river,2023-10-03,fluoride,0.00015
river,2023-10-04,fluoride,0.00015
river,2023-10-05,fluoride,0.00015
river,2023-10-06,fluoride,0.00015
river,2023-10-07,fluoride,0.00015
river,2023-10-08,fluoride,0.00015
river,2023-10-09,fluoride,0.00015
river,2023-10-10,fluoride,0.00015
river,2023-10-11,fluoride,0.00015
river,2023-10-12,fluoride,0.00014571428571428572
river,2023-10-13,fluoride,0.00014142857142857143
river,2023-10-14,fluoride,0.00013714285714285713
river,2023-10-15,fluoride,0.00013285714285714284
river,2023-10-16,fluoride,0.00012857142857142855
river,2023-10-17,fluoride,0.00012428571428571428
river,2023-10-18,fluoride,0.00012
river,2023-10-19,fluoride,0.00012285714285714287
river,2023-10-20,fluoride,0.00012571428571428572
river,2023-10-21,fluoride,0.00012857142857142858
river,2023-10-22,fluoride,0.00013142857142857143
river,2023-10-23,fluoride,0.00013428571428571428
river,2023-10-24,fluoride,0.00013714285714285716
river,2023-10-25,fluoride,0.00014000000000000001
river,2023-10-26,fluoride,0.0001385714285714286
river,2023-10-27,fluoride,0.00013714285714285716
river,2023-10-28,fluoride,0.00013571428571428572
river,2023-10-29,fluoride,0.00013428571428571428
river,2023-10-30,fluoride,0.00013285714285714287
river,2023-10-31,fluoride,0.00013142857142857143
river,2023-11-01,fluoride,0.00013000000000000002
river,2023-11-02,fluoride,0.00013000000000000002
river,2023-11-03,fluoride,0.00013000000000000002
river,2023-11-04,fluoride,0.00013000000000000002
river,2023-11-05,fluoride,0.00013000000000000002
river,2023-11-06,fluoride,0.00013000000000000002
river,2023-11-07,fluoride,0.00013000000000000002
river,2023-11-08,fluoride,0.00013000000000000002
river,2023-11-09,fluoride,0.00012857142857142858
river,2023-11-10,fluoride,0.00012714285714285714
river,2023-11-11,fluoride,0.00012571428571428572
river,2023-11-12,fluoride,0.00012428571428571428
river,2023-11-13,fluoride,0.00012285714285714287
river,2023-11-14,fluoride,0.00012142857142857143
river,2023-11-15,fluoride,0.00012
river,2023-11-16,fluoride,0.00012428571428571428
river,2023-11-17,fluoride,0.00012857142857142855
river,2023-11-18,fluoride,0.00013285714285714284
river,2023-11-19,fluoride,0.00013714285714285716
river,2023-11-20,fluoride,0.00014142857142857143
river,2023-11-21,fluoride,0.00014571428571428572
river,2023-11-22,fluoride,0.00015
river,2023-11-23,fluoride,0.00014857142857142857
river,2023-11-24,fluoride,0.00014714285714285713
river,2023-11-25,fluoride,0.00014571428571428572
river,2023-11-26,fluoride,0.0001442857142857143
river,2023-11-27,fluoride,0.00014285714285714287
river,2023-11-28,fluoride,0.00014142857142857143
river,2023-11-29,fluoride,0.00014000000000000001
river,2023-11-30,fluoride,0.00014142857142857143
river,2023-12-01,fluoride,0.00014285714285714287
river,2023-12-02,fluoride,0.0001442857142857143
river,2023-12-03,fluoride,0.00014571428571428572
river,2023-12-04,fluoride,0.00014714285714285713
river,2023-12-05,fluoride,0.00014857142857142857
river,2023-12-06,fluoride,0.00015
river,2023-12-07,fluoride,0.00015
river,2023-12-08,fluoride,0.00015
river,2023-12-09,fluoride,0.00015
river,2023-12-10,fluoride,0.00015
river,2023-12-11,fluoride,0.00015
river,2023-12-12,fluoride,0.00015
river,2023-12-13,fluoride,0.00015
river,2023-12-14,fluoride,0.00015333333333333334
river,2023-12-15,fluoride,0.0001566666666666667
river,2023-12-16,fluoride,0.00016
river,2023-12-17,fluoride,0.00016333333333333334
river,2023-12-18,fluoride,0.0001666666666666667
river,2023-12-19,fluoride,0.00017
river,2023-12-20,fluoride,0.00016933333333333335
river,2023-12-21,fluoride,0.00016866666666666668
river,2023-12-22,fluoride,0.00016800000000000002
river,2023-12-23,fluoride,0.00016733333333333333
river,2023-12-24,fluoride,0.0001666666666666667
river,2023-12-25,fluoride,0.00016600000000000002
river,2023-12-26,fluoride,0.00016533333333333333
river,2023-12-27,fluoride,0.0001646666666666667
river,2023-12-28,fluoride,0.000164
river,2023-12-29,fluoride,0.00016333333333333334
river,2023-12-30,fluoride,0.00016266666666666667
river,2023-12-31,fluoride,0.000162
river,2024-01-01,fluoride,0.00016133333333333334
river,2024-01-02,fluoride,0.00016066666666666668
river,2024-01-03,fluoride,0.00016
river,2024-01-04,fluoride,0.00016285714285714287
river,2024-01-05,fluoride,0.00016571428571428572
river,2024-01-06,fluoride,0.00016857142857142857
river,2024-01-07,fluoride,0.00017142857142857143
river,2024-01-08,fluoride,0.0001742857142857143
river,2024-01-09,fluoride,0.00017714285714285713
river,2024-01-10,fluoride,0.00017999999999999998
river,2024-01-11,fluoride,0.00017666666666666666
river,2024-01-12,fluoride,0.00017333333333333334
river,2024-01-13,fluoride,0.00016999999999999999
river,2024-01-14,fluoride,0.00016666666666666666
river,2024-01-15,fluoride,0.00016333333333333334
river,2024-01-16,fluoride,0.00016
river,2024-01-17,fluoride,0.00015625
river,2024-01-18,fluoride,0.0001525
river,2024-01-19,fluoride,0.00014874999999999998
river,2024-01-20,fluoride,0.00014500000000000003
river,2024-01-21,fluoride,0.00014125000000000002
river,2024-01-22,fluoride,0.0001375
river,2024-01-23,fluoride,0.00013375
river,2024-01-24,fluoride,0.00013000000000000002
river,2024-01-25,fluoride,0.00013571428571428572
river,2024-01-26,fluoride,0.00014142857142857143
river,2024-01-27,fluoride,0.00014714285714285716
river,2024-01-28,fluoride,0.00015285714285714287
river,2024-01-29,fluoride,0.0001585714285714286
river,2024-01-30,fluoride,0.0001642857142857143
river,2024-01-31,fluoride,0.00017
river,2024-02-01,fluoride,0.00016714285714285716
river,2024-02-02,fluoride,0.00016428571428571428
river,2024-02-03,fluoride,0.00016142857142857143
river,2024-02-04,fluoride,0.0001585714285714286
river,2024-02-05,fluoride,0.00015571428571428572
river,2024-02-06,fluoride,0.00015285714285714287
river,2024-02-07,fluoride,0.00015
river,2024-02-08,fluoride,0.00015
river,2024-02-09,fluoride,0.00015
river,2024-02-10,fluoride,0.00015
river,2024-02-11,fluoride,0.00015
river,2024-02-12,fluoride,0.00015
river,2024-02-13,fluoride,0.00015
river,2024-02-14,fluoride,0.00015
river,2024-02-15,fluoride,0.00014857142857142857
river,2024-02-16,fluoride,0.00014714285714285713
river,2024-02-17,fluoride,0.00014571428571428572
river,2024-02-18,fluoride,0.0001442857142857143
river,2024-02-19,fluoride,0.00014285714285714287
river,2024-02-20,fluoride,0.00014142857142857143
river,2024-02-21,fluoride,0.00014000000000000001
river,2024-02-22,fluoride,0.00014000000000000001
river,2024-02-23,fluoride,0.00014000000000000001
river,2024-02-24,fluoride,0.00014000000000000001
river,2024-02-25,fluoride,0.00014000000000000001
river,2024-02-26,fluoride,0.00014000000000000001
river,2024-02-27,fluoride,0.00014000000000000001
river,2024-02-28,fluoride,0.00014125000000000002
river,2024-02-29,fluoride,0.00014250000000000002
river,2024-03-01,fluoride,0.00014375000000000002
river,2024-03-02,fluoride,0.00014500000000000003
river,2024-03-03,fluoride,0.00014625
river,2024-03-04,fluoride,0.0001475
river,2024-03-05,fluoride,0.00014874999999999998
river,2024-03-06,fluoride,0.00015
river,2024-03-07,fluoride,0.00015
river,2024-03-08,fluoride,0.00015
river,2024-03-09,fluoride,0.00015
river,2024-03-10,fluoride,0.00015
river,2024-03-11,fluoride,0.00015
river,2024-03-12,fluoride,0.00015
river,2024-03-13,fluoride,0.00015
river,2024-03-14,fluoride,0.00014857142857142857
river,2024-03-15,fluoride,0.00014714285714285713
river,2024-03-16,fluoride,0.00014571428571428572
river,2024-03-17,fluoride,0.0001442857142857143
river,2024-03-18,fluoride,0.00014285714285714287
river,2024-03-19,fluoride,0.00014142857142857143
river,2024-03-20,fluoride,0.00014000000000000001
river,2024-03-21,fluoride,0.00014000000000000001
river,2024-03-22,fluoride,0.00014000000000000001
river,2024-03-23,fluoride,0.00014000000000000001
river,2024-03-24,fluoride,0.00014000000000000001
river,2024-03-25,fluoride,0.00014000000000000001
river,2024-03-26,fluoride,0.00014000000000000001
river,2024-03-27,fluoride,0.00014000000000000001
river,2024-03-28,fluoride,0.00014000000000000001
river,2024-03-29,fluoride,0.00014000000000000001
river,2024-03-30,fluoride,0.00014000000000000001
river,2024-03-31,fluoride,0.00014000000000000001
river,2024-04-01,fluoride,0.00014000000000000001
river,2024-04-02,fluoride,0.00014000000000000001
river,2024-04-03,fluoride,0.00014000000000000001
river,2024-04-04,fluoride,0.0001385714285714286
river,2024-04-05,fluoride,0.00013714285714285716
river,2024-04-06,fluoride,0.00013571428571428572
river,2024-04-07,fluoride,0.00013428571428571428
river,2024-04-08,fluoride,0.00013285714285714287
river,2024-04-09,fluoride,0.00013142857142857143
river,2024-04-10,fluoride,0.00013000000000000002
river,2024-04-11,fluoride,0.00013571428571428572
river,2024-04-12,fluoride,0.00014142857142857143
river,2024-04-13,fluoride,0.00014714285714285716
river,2024-04-14,fluoride,0.00015285714285714287
river,2024-04-15,fluoride,0.0001585714285714286
river,2024-04-16,fluoride,0.0001642857142857143
river,2024-04-17,fluoride,0.00017
river,2024-04-18,fluoride,0.00017142857142857143
river,2024-04-19,fluoride,0.0001728571428571429
river,2024-04-20,fluoride,0.0001742857142857143
river,2024-04-21,fluoride,0.00017571428571428572
river,2024-04-22,fluoride,0.00017714285714285713
river,2024-04-23,fluoride,0.00017857142857142857
river,2024-04-24,fluoride,0.00017999999999999998
river,2024-04-25,fluoride,0.00018142857142857142
river,2024-04-26,fluoride,0.00018285714285714286
river,2024-04-27,fluoride,0.00018428571428571428
river,2024-04-28,fluoride,0.00018571428571428572
river,2024-04-29,fluoride,0.00018714285714285713
river,2024-04-30,fluoride,0.0001885714285714286
river,2024-05-01,fluoride,0.00019
river,2024-05-02,fluoride,0.00018285714285714286
river,2024-05-03,fluoride,0.00017571428571428572
river,2024-05-04,fluoride,0.0001685714285714286
river,2024-05-05,fluoride,0.00016142857142857145
river,2024-05-06,fluoride,0.0001542857142857143
river,2024-05-07,fluoride,0.00014714285714285716
river,2024-05-08,fluoride,0.00014000000000000001
river,2024-05-09,fluoride,0.00014000000000000001
river,2024-05-10,fluoride,0.00014000000000000001
river,2024-05-11,fluoride,0.00014000000000000001
river,2024-05-12,fluoride,0.00014000000000000001
river,2024-05-13,fluoride,0.00014000000000000001
river,2024-05-14,fluoride,0.00014000000000000001
river,2024-05-15,fluoride,0.0001375
river,2024-05-16,fluoride,0.000135
river,2024-05-17,fluoride,0.00013250000000000002
river,2024-05-18,fluoride,0.00013000000000000002
river,2024-05-19,fluoride,0.0001275
river,2024-05-20,fluoride,0.000125
river,2024-05-21,fluoride,0.0001225
river,2024-05-22,fluoride,0.00012
river,2024-05-23,fluoride,0.00012
river,2024-05-24,fluoride,0.00012
river,2024-05-25,fluoride,0.00012
river,2024-05-26,fluoride,0.00012
river,2024-05-27,fluoride,0.00012
river,2024-05-28,fluoride,0.00012
river,2024-05-29,fluoride,0.00012
river,2024-05-30,fluoride,0.00012124999999999999
river,2024-05-31,fluoride,0.0001225
river,2024-06-01,fluoride,0.00012375
river,2024-06-02,fluoride,0.000125
river,2024-06-03,fluoride,0.00012625
river,2024-06-04,fluoride,0.0001275
river,2024-06-05,fluoride,0.00012875
river,2024-06-06,fluoride,0.00013000000000000002
river,2024-06-07,fluoride,0.00013166666666666668
river,2024-06-08,fluoride,0.00013333333333333334
river,2024-06-09,fluoride,0.000135
river,2024-06-10,fluoride,0.0001366666666666667
river,2024-06-11,fluoride,0.00013833333333333333
river,2024-06-12,fluoride,0.00014000000000000001
river,2024-06-13,fluoride,0.0001385714285714286
river,2024-06-14,fluoride,0.00013714285714285716
river,2024-06-15,fluoride,0.00013571428571428572
river,2024-06-16,fluoride,0.00013428571428571428
river,2024-06-17,fluoride,0.00013285714285714287
river,2024-06-18,fluoride,0.00013142857142857143
river,2024-06-19,fluoride,0.00013000000000000002
river,2024-06-20,fluoride,0.00013333333333333334
river,2024-06-21,fluoride,0.00013666666666666666
river,2024-06-22,fluoride,0.00014000000000000001
river,2024-06-23,fluoride,0.00014333333333333334
river,2024-06-24,fluoride,0.00014666666666666666
river,2024-06-25,fluoride,0.00015
river,2024-06-26,fluoride,0.0001475
river,2024-06-27,fluoride,0.000145
river,2024-06-28,fluoride,0.0001425
river,2024-06-29,fluoride,0.00014000000000000001
river,2024-06-30,fluoride,0.0001375
river,2024-07-01,fluoride,0.000135
river,2024-07-02,fluoride,0.00013250000000000002
river,2024-07-03,fluoride,0.00013000000000000002
river,2024-07-04,fluoride,0.00013285714285714287
river,2024-07-05,fluoride,0.0001357142857142857
river,2024-07-06,fluoride,0.00013857142857142857
river,2024-07-07,fluoride,0.00014142857142857143
river,2024-07-08,fluoride,0.0001442857142857143
river,2024-07-09,fluoride,0.00014714285714285713
river,2024-07-10,fluoride,0.00015
river,2024-07-11,fluoride,0.00015
river,2024-07-12,fluoride,0.00015
river,2024-07-13,fluoride,0.00015
river,2024-07-14,fluoride,0.00015
river,2024-07-15,fluoride,0.00015
river,2024-07-16,fluoride,0.00015
river,2024-07-17,fluoride,0.00014625
river,2024-07-18,fluoride,0.0001425
river,2024-07-19,fluoride,0.00013874999999999998
river,2024-07-20,fluoride,0.000135
river,2024-07-21,fluoride,0.00013125000000000002
river,2024-07-22,fluoride,0.0001275
river,2024-07-23,fluoride,0.00012375
river,2024-07-24,fluoride,0.00012
river,2024-07-25,fluoride,0.00012
river,2024-07-26,fluoride,0.00012
river,2024-07-27,fluoride,0.00012
river,2024-07-28,fluoride,0.00012
river,2024-07-29,fluoride,0.00012
river,2024-07-30,fluoride,0.00012
river,2024-07-31,fluoride,0.00012
river,2024-08-01,fluoride,0.00012142857142857143
river,2024-08-02,fluoride,0.00012285714285714287
river,2024-08-03,fluoride,0.00012428571428571428
river,2024-08-04,fluoride,0.00012571428571428572
river,2024-08-05,fluoride,0.00012714285714285714
river,2024-08-06,fluoride,0.00012857142857142858
river,2024-08-07,fluoride,0.00013000000000000002
river,2024-08-08,fluoride,0.00013000000000000002
river,2024-08-09,fluoride,0.00013000000000000002
river,2024-08-10,fluoride,0.00013000000000000002
river,2024-08-11,fluoride,0.00013000000000000002
river,2024-08-12,fluoride,0.00013000000000000002
river,2024-08-13,fluoride,0.00013000000000000002
river,2024-08-14,fluoride,0.00013000000000000002
river,2024-08-15,fluoride,0.00013000000000000002
river,2024-08-16,fluoride,0.00013000000000000002
river,2024-08-17,fluoride,0.00013000000000000002
river,2024-08-18,fluoride,0.00013000000000000002
river,2024-08-19,fluoride,0.00013000000000000002
river,2024-08-20,fluoride,0.00013000000000000002
river,2024-08-21,fluoride,0.00013000000000000002
river,2024-08-22,fluoride,0.00012857142857142858
river,2024-08-23,fluoride,0.00012714285714285714
river,2024-08-24,fluoride,0.00012571428571428572
river,2024-08-25,fluoride,0.00012428571428571428
river,2024-08-26,fluoride,0.00012285714285714287
river,2024-08-27,fluoride,0.00012142857142857143
river,2024-08-28,fluoride,0.00012
river,2024-08-29,fluoride,0.00012142857142857143
river,2024-08-30,fluoride,0.00012285714285714287
river,2024-08-31,fluoride,0.00012428571428571428
river,2024-09-01,fluoride,0.00012571428571428572
river,2024-09-02,fluoride,0.00012714285714285714
river,2024-09-03,fluoride,0.00012857142857142858
river,2024-09-04,fluoride,0.00013000000000000002
river,2024-09-05,fluoride,0.00012857142857142858
river,2024-09-06,fluoride,0.00012714285714285714
river,2024-09-07,fluoride,0.00012571428571428572
river,2024-09-08,fluoride,0.00012428571428571428
river,2024-09-09,fluoride,0.00012285714285714287
river,2024-09-10,fluoride,0.00012142857142857143
river,2024-09-11,fluoride,0.00012
river,2024-09-12,fluoride,0.00012
river,2024-09-13,fluoride,0.00012
river,2024-09-14,fluoride,0.00012
river,2024-09-15,fluoride,0.00012
river,2024-09-16,fluoride,0.00012
river,2024-09-17,fluoride,0.00012
river,2024-09-18,fluoride,0.00012
river,2024-09-19,fluoride,0.00012166666666666667
river,2024-09-20,fluoride,0.00012333333333333334
river,2024-09-21,fluoride,0.000125
river,2024-09-22,fluoride,0.0001266666666666667
river,2024-09-23,fluoride,0.00012833333333333333
river,2024-09-24,fluoride,0.00013000000000000002
river,2024-09-25,fluoride,0.00013285714285714287
river,2024-09-26,fluoride,0.0001357142857142857
river,2024-09-27,fluoride,0.00013857142857142857
river,2024-09-28,fluoride,0.00014142857142857143
river,2024-09-29,fluoride,0.0001442857142857143
river,2024-09-30,fluoride,0.00014714285714285713
river,2024-10-01,fluoride,0.00015
river,2024-10-02,fluoride,0.00015714285714285713
river,2024-10-03,fluoride,0.00016428571428571428
river,2024-10-04,fluoride,0.00017142857142857143
river,2024-10-05,fluoride,0.00017857142857142857
river,2024-10-06,fluoride,0.00018571428571428572
river,2024-10-07,fluoride,0.00019285714285714286
river,2024-10-08,fluoride,0.0002
river,2024-10-09,fluoride,0.00019375000000000002
river,2024-10-10,fluoride,0.0001875
river,2024-10-11,fluoride,0.00018125
river,2024-10-12,fluoride,0.000175
river,2024-10-13,fluoride,0.00016875
river,2024-10-14,fluoride,0.00016250000000000002
river,2024-10-15,fluoride,0.00015625
river,2024-10-16,fluoride,0.00015
river,2024-10-17,fluoride,0.00015
river,2024-10-18,fluoride,0.00015
river,2024-10-19,fluoride,0.00015
river,2024-10-20,fluoride,0.00015
river,2024-10-21,fluoride,0.00015
river,2024-10-22,fluoride,0.00015
river,2024-10-23,fluoride,0.00015
river,2024-10-24,fluoride,0.00014333333333333334
river,2024-10-25,fluoride,0.00013666666666666666
river,2024-10-26,fluoride,0.00013000000000000002
river,2024-10-27,fluoride,0.00012333333333333334
river,2024-10-28,fluoride,0.00011666666666666667
river,2024-10-29,fluoride,0.00011
river,2024-10-30,fluoride,0.00011250000000000001
river,2024-10-31,fluoride,0.000115
river,2024-11-01,fluoride,0.00011750000000000001
river,2024-11-02,fluoride,0.00012
river,2024-11-03,fluoride,0.0001225
river,2024-11-04,fluoride,0.000125
river,2024-11-05,fluoride,0.0001275
river,2024-11-06,fluoride,0.00013000000000000002
river,2024-11-07,fluoride,0.00013000000000000002
river,2024-11-08,fluoride,0.00013000000000000002
river,2024-11-09,fluoride,0.00013000000000000002
river,2024-11-10,fluoride,0.00013000000000000002
river,2024-11-11,fluoride,0.00013000000000000002
river,2024-11-12,fluoride,0.00013000000000000002
river,2024-11-13,fluoride,0.00012857142857142858
river,2024-11-14,fluoride,0.00012714285714285714
river,2024-11-15,fluoride,0.00012571428571428572
river,2024-11-16,fluoride,0.00012428571428571428
river,2024-11-17,fluoride,0.00012285714285714287
river,2024-11-18,fluoride,0.00012142857142857143
river,2024-11-19,fluoride,0.00012
river,2024-11-20,fluoride,0.00012571428571428572
river,2024-11-21,fluoride,0.00013142857142857143
river,2024-11-22,fluoride,0.00013714285714285716
river,2024-11-23,fluoride,0.00014285714285714284
river,2024-11-24,fluoride,0.00014857142857142857
river,2024-11-25,fluoride,0.0001542857142857143
river,2024-11-26,fluoride,0.00016
river,2024-11-27,fluoride,0.00015375
river,2024-11-28,fluoride,0.0001475
river,2024-11-29,fluoride,0.00014125
river,2024-11-30,fluoride,0.000135
river,2024-12-01,fluoride,0.00012875
river,2024-12-02,fluoride,0.0001225
river,2024-12-03,fluoride,0.00011624999999999999
river,2024-12-04,fluoride,0.00011
river,2024-12-05,fluoride,0.00011142857142857143
river,2024-12-06,fluoride,0.00011285714285714286
river,2024-12-07,fluoride,0.00011428571428571428
river,2024-12-08,fluoride,0.00011571428571428571
river,2024-12-09,fluoride,0.00011714285714285715
river,2024-12-10,fluoride,0.00011857142857142856
river,2024-12-11,fluoride,0.00012
river,2024-12-12,fluoride,0.00011833333333333334
river,2024-12-13,fluoride,0.00011666666666666667
river,2024-12-14,fluoride,0.00011499999999999999
river,2024-12-15,fluoride,0.00011333333333333333
river,2024-12-16,fluoride,0.00011166666666666667
river,2024-12-17,fluoride,0.00011
river,2024-12-18,fluoride,0.00011095238095238096
river,2024-12-19,fluoride,0.00011190476190476191
river,2024-12-20,fluoride,0.00011285714285714287
river,2024-12-21,fluoride,0.00011380952380952381
river,2024-12-22,fluoride,0.00011476190476190477
river,2024-12-23,fluoride,0.00011571428571428571
river,2024-12-24,fluoride,0.00011666666666666667
river,2024-12-25,fluoride,0.00011761904761904762
river,2024-12-26,fluoride,0.00011857142857142858
river,2024-12-27,fluoride,0.00011952380952380953
river,2024-12-28,fluoride,0.00012047619047619049
river,2024-12-29,fluoride,0.00012142857142857143
river,2024-12-30,fluoride,0.00012238095238095237
river,2024-12-31,fluoride,0.00012333333333333334
river,2025-01-01,fluoride,0.00012428571428571428
river,2025-01-02,fluoride,0.00012523809523809522
river,2025-01-03,fluoride,0.0001261904761904762
river,2025-01-04,fluoride,0.00012714285714285714
river,2025-01-05,fluoride,0.0001280952380952381
river,2025-01-06,fluoride,0.00012904761904761905
river,2025-01-07,fluoride,0.00013000000000000002
river,2025-01-08,fluoride,0.00013142857142857143
river,2025-01-09,fluoride,0.00013285714285714287
river,2025-01-10,fluoride,0.00013428571428571428
river,2025-01-11,fluoride,0.00013571428571428572
river,2025-01-12,fluoride,0.00013714285714285716
river,2025-01-13,fluoride,0.0001385714285714286
river,2025-01-14,fluoride,0.00014000000000000001
river,2025-01-15,fluoride,0.00013428571428571428
river,2025-01-16,fluoride,0.00012857142857142858
river,2025-01-17,fluoride,0.00012285714285714287
river,2025-01-18,fluoride,0.00011714285714285716
river,2025-01-19,fluoride,0.00011142857142857143
river,2025-01-20,fluoride,0.00010571428571428572
river,2025-01-21,fluoride,0.0001
river,2025-01-22,fluoride,0.00011
river,2025-01-23,fluoride,0.00012000000000000002
river,2025-01-24,fluoride,0.00013000000000000002
river,2025-01-25,fluoride,0.00014000000000000001
river,2025-01-26,fluoride,0.00015000000000000001
river,2025-01-27,fluoride,0.00016
river,2025-01-28,fluoride,0.00017
river,2025-01-29,fluoride,0.00016714285714285716
river,2025-01-30,fluoride,0.00016428571428571428
river,2025-01-31,fluoride,0.00016142857142857143
river,2025-02-01,fluoride,0.0001585714285714286
river,2025-02-02,fluoride,0.00015571428571428572
river,2025-02-03,fluoride,0.00015285714285714287
river,2025-02-04,fluoride,0.00015
river,2025-02-05,fluoride,0.00015
river,2025-02-06,fluoride,0.00015
river,2025-02-07,fluoride,0.00015
river,2025-02-08,fluoride,0.00015
river,2025-02-09,fluoride,0.00015
river,2025-02-10,fluoride,0.00015
river,2025-02-11,fluoride,0.00015
river,2025-02-12,fluoride,0.00014571428571428572
river,2025-02-13,fluoride,0.00014142857142857143
river,2025-02-14,fluoride,0.00013714285714285713
river,2025-02-15,fluoride,0.00013285714285714284
river,2025-02-16,fluoride,0.00012857142857142855
river,2025-02-17,fluoride,0.00012428571428571428
river,2025-02-18,fluoride,0.00012
river,2025-02-19,fluoride,0.00011428571428571428
river,2025-02-20,fluoride,0.00010857142857142858
river,2025-02-21,fluoride,0.00010285714285714286
river,2025-02-22,fluoride,9.714285714285714e-05
river,2025-02-23,fluoride,9.142857142857143e-05
river,2025-02-24,fluoride,8.571428571428571e-05
river,2025-02-25,fluoride,8e-05
river,2021-03-03,chloride,0.023
river,2021-03-04,chloride,0.02366666666666667
river,2021-03-05,chloride,0.024333333333333332
river,2021-03-06,chloride,0.025
river,2021-03-07,chloride,0.025666666666666667
river,2021-03-08,chloride,0.026333333333333334
river,2021-03-09,chloride,0.027
river,2021-03-10,chloride,0.026928571428571427
river,2021-03-11,chloride,0.026857142857142857
river,2021-03-12,chloride,0.026785714285714284
river,2021-03-13,chloride,0.026714285714285715
river,2021-03-14,chloride,0.026642857142857142
river,2021-03-15,chloride,0.026571428571428572
river,2021-03-16,chloride,0.0265
river,2021-03-17,chloride,0.0265
river,2021-03-18,chloride,0.0265
river,2021-03-19,chloride,0.0265
river,2021-03-20,chloride,0.0265
river,2021-03-21,chloride,0.0265
river,2021-03-22,chloride,0.0265
river,2021-03-23,chloride,0.0265
river,2021-03-24,chloride,0.0265
river,2021-03-25,chloride,0.0268125
river,2021-03-26,chloride,0.027125
river,2021-03-27,chloride,0.0274375
river,2021-03-28,chloride,0.02775
river,2021-03-29,chloride,0.0280625
river,2021-03-30,chloride,0.028375
river,2021-03-31,chloride,0.0286875
river,2021-04-01,chloride,0.029
river,2021-04-02,chloride,0.029
river,2021-04-03,chloride,0.029
river,2021-04-04,chloride,0.029
river,2021-04-05,chloride,0.029
river,2021-04-06,chloride,0.029
river,2021-04-07,chloride,0.02925
river,2021-04-08,chloride,0.029500000000000002
river,2021-04-09,chloride,0.029750000000000002
river,2021-04-10,chloride,0.03
river,2021-04-11,chloride,0.03025
river,2021-04-12,chloride,0.0305
river,2021-04-13,chloride,0.03075
river,2021-04-14,chloride,0.031
river,2021-04-15,chloride,0.03183333333333333
river,2021-04-16,chloride,0.03266666666666666
river,2021-04-17,chloride,0.0335
river,2021-04-18,chloride,0.034333333333333334
river,2021-04-19,chloride,0.035166666666666666
river,2021-04-20,chloride,0.036000000000000004
river,2021-04-21,chloride,0.035428571428571434
river,2021-04-22,chloride,0.03485714285714286
river,2021-04-23,chloride,0.03428571428571429
river,2021-04-24,chloride,0.03371428571428572
river,2021-04-25,chloride,0.03314285714285715
river,2021-04-26,chloride,0.03257142857142857
river,2021-04-27,chloride,0.032
river,2021-04-28,chloride,0.032
river,2021-04-29,chloride,0.032
river,2021-04-30,chloride,0.032
river,2021-05-01,chloride,0.032
river,2021-05-02,chloride,0.032
river,2021-05-03,chloride,0.032
river,2021-05-04,chloride,0.032
river,2021-05-05,chloride,0.032
river,2021-05-06,chloride,0.03216666666666666
river,2021-05-07,chloride,0.03233333333333334
river,2021-05-08,chloride,0.0325
river,2021-05-09,chloride,0.03266666666666666
river,2021-05-10,chloride,0.03283333333333334
river,2021-05-11,chloride,0.033
river,2021-05-12,chloride,0.033357142857142856
river,2021-05-13,chloride,0.03371428571428572
river,2021-05-14,chloride,0.03407142857142857
river,2021-05-15,chloride,0.03442857142857143
river,2021-05-16,chloride,0.03478571428571429
river,2021-05-17,chloride,0.03514285714285715
river,2021-05-18,chloride,0.035500000000000004
river,2021-05-19,chloride,0.035187500000000003
river,2021-05-20,chloride,0.034875
river,2021-05-21,chloride,0.0345625
river,2021-05-22,chloride,0.03425
river,2021-05-23,chloride,0.0339375
river,2021-05-24,chloride,0.033625
river,2021-05-25,chloride,0.0333125
river,2021-05-26,chloride,0.033
river,2021-05-27,chloride,0.033166666666666664
river,2021-05-28,chloride,0.03333333333333334
river,2021-05-29,chloride,0.0335
river,2021-05-30,chloride,0.033666666666666664
river,2021-05-31,chloride,0.03383333333333333
river,2021-06-01,chloride,0.034
river,2021-06-02,chloride,0.03442857142857143
river,2021-06-03,chloride,0.03485714285714286
river,2021-06-04,chloride,0.03528571428571429
river,2021-06-05,chloride,0.03571428571428572
river,2021-06-06,chloride,0.03614285714285714
river,2021-06-07,chloride,0.03657142857142857
river,2021-06-08,chloride,0.037
river,2021-06-09,chloride,0.038785714285714284
river,2021-06-10,chloride,0.04057142857142857
river,2021-06-11,chloride,0.042357142857142864
river,2021-06-12,chloride,0.04414285714285714
river,2021-06-13,chloride,0.04592857142857143
river,2021-06-14,chloride,0.047714285714285716
river,2021-06-15,chloride,0.0495
river,2021-06-16,chloride,0.0475
river,2021-06-17,chloride,0.0455
river,2021-06-18,chloride,0.043500000000000004
river,2021-06-19,chloride,0.0415
river,2021-06-20,chloride,0.0395
river,2021-06-21,chloride,0.0375
river,2021-06-22,chloride,0.035500000000000004
river,2021-06-23,chloride,0.03707142857142857
river,2021-06-24,chloride,0.038642857142857145
river,2021-06-25,chloride,0.040214285714285716
river,2021-06-26,chloride,0.04178571428571429
river,2021-06-27,chloride,0.04335714285714286
river,2021-06-28,chloride,0.04492857142857143
river,2021-06-29,chloride,0.0465
river,2021-06-30,chloride,0.04507142857142857
river,2021-07-01,chloride,0.04364285714285715
river,2021-07-02,chloride,0.04221428571428572
river,2021-07-03,chloride,0.040785714285714286
river,2021-07-04,chloride,0.039357142857142854
river,2021-07-05,chloride,0.03792857142857143
river,2021-07-06,chloride,0.0365
river,2021-07-07,chloride,0.03757142857142857
river,2021-07-08,chloride,0.038642857142857145
river,2021-07-09,chloride,0.039714285714285716
river,2021-07-10,chloride,0.040785714285714286
river,2021-07-11,chloride,0.04185714285714286
river,2021-07-12,chloride,0.042928571428571434
river,2021-07-13,chloride,0.044
river,2021-07-14,chloride,0.045142857142857144
river,2021-07-15,chloride,0.046285714285714284
river,2021-07-16,chloride,0.04742857142857143
river,2021-07-17,chloride,0.04857142857142857
river,2021-07-18,chloride,0.04971428571428572
river,2021-07-19,chloride,0.05085714285714286
river,2021-07-20,chloride,0.052000000000000005
river,2021-07-21,chloride,0.05057142857142857
river,2021-07-22,chloride,0.04914285714285715
river,2021-07-23,chloride,0.047714285714285716
river,2021-07-24,chloride,0.046285714285714284
river,2021-07-25,chloride,0.04485714285714285
river,2021-07-26,chloride,0.043428571428571434
river,2021-07-27,chloride,0.042
river,2021-07-28,chloride,0.0425
river,2021-07-29,chloride,0.043000000000000003
river,2021-07-30,chloride,0.043500000000000004
river,2021-07-31,chloride,0.044
river,2021-08-01,chloride,0.0445
river,2021-08-02,chloride,0.045
river,2021-08-03,chloride,0.0455
river,2021-08-04,chloride,0.046
river,2021-08-05,chloride,0.043000000000000003
river,2021-08-06,chloride,0.04
river,2021-08-07,chloride,0.037
river,2021-08-08,chloride,0.034
river,2021-08-09,chloride,0.031
river,2021-08-10,chloride,0.028
river,2021-08-11,chloride,0.029071428571428574
river,2021-08-12,chloride,0.03014285714285714
river,2021-08-13,chloride,0.031214285714285715
river,2021-08-14,chloride,0.032285714285714286
river,2021-08-15,chloride,0.033357142857142856
river,2021-08-16,chloride,0.03442857142857143
river,2021-08-17,chloride,0.035500000000000004
river,2021-08-18,chloride,0.03628571428571428
river,2021-08-19,chloride,0.03707142857142857
river,2021-08-20,chloride,0.03785714285714285
river,2021-08-21,chloride,0.038642857142857145
river,2021-08-22,chloride,0.03942857142857143
river,2021-08-23,chloride,0.040214285714285716
river,2021-08-24,chloride,0.041
river,2021-08-25,chloride,0.04066666666666666
river,2021-08-26,chloride,0.04033333333333334
river,2021-08-27,chloride,0.04
river,2021-08-28,chloride,0.03966666666666666
river,2021-08-29,chloride,0.03933333333333334
river,2021-08-30,chloride,0.039
river,2021-08-31,chloride,0.03866666666666666
river,2021-09-01,chloride,0.03833333333333334
river,2021-09-02,chloride,0.038
river,2021-09-03,chloride,0.0385
river,2021-09-04,chloride,0.039
river,2021-09-05,chloride,0.0395
river,2021-09-06,chloride,0.04
river,2021-09-07,chloride,0.0405
river,2021-09-08,chloride,0.0404375
river,2021-09-09,chloride,0.040375
river,2021-09-10,chloride,0.0403125
river,2021-09-11,chloride,0.04025
river,2021-09-12,chloride,0.0401875
river,2021-09-13,chloride,0.040125
river,2021-09-14,chloride,0.0400625
river,2021-09-15,chloride,0.04
river,2021-09-16,chloride,0.04
river,2021-09-17,chloride,0.04
river,2021-09-18,chloride,0.04
river,2021-09-19,chloride,0.04
river,2021-09-20,chloride,0.04
river,2021-09-21,chloride,0.04
river,2021-09-22,chloride,0.04
river,2021-09-23,chloride,0.0405
river,2021-09-24,chloride,0.041
river,2021-09-25,chloride,0.0415
river,2021-09-26,chloride,0.042
river,2021-09-27,chloride,0.0425
river,2021-09-28,chloride,0.043000000000000003
river,2021-09-29,chloride,0.043500000000000004
river,2021-09-30,chloride,0.043583333333333335
river,2021-10-01,chloride,0.043666666666666666
river,2021-10-02,chloride,0.043750000000000004
river,2021-10-03,chloride,0.043833333333333335
river,2021-10-04,chloride,0.043916666666666666
river,2021-10-05,chloride,0.044
river,2021-10-06,chloride,0.0442175
river,2021-10-07,chloride,0.044435
river,2021-10-08,chloride,0.044652500000000005
river,2021-10-09,chloride,0.04487000000000001
river,2021-10-10,chloride,0.0450875
river,2021-10-11,chloride,0.045305
river,2021-10-12,chloride,0.0455225
river,2021-10-13,chloride,0.04574
river,2021-10-14,chloride,0.04517142857142857
river,2021-10-15,chloride,0.044602857142857145
river,2021-10-16,chloride,0.04403428571428571
river,2021-10-17,chloride,0.04346571428571429
river,2021-10-18,chloride,0.042897142857142856
river,2021-10-19,chloride,0.04232857142857143
river,2021-10-20,chloride,0.04176
river,2021-10-21,chloride,0.04233571428571428
river,2021-10-22,chloride,0.04291142857142857
river,2021-10-23,chloride,0.043487142857142856
river,2021-10-24,chloride,0.04406285714285714
river,2021-10-25,chloride,0.04463857142857142
river,2021-10-26,chloride,0.045214285714285714
river,2021-10-27,chloride,0.04579
river,2021-10-28,chloride,0.045411428571428575
river,2021-10-29,chloride,0.04503285714285714
river,2021-10-30,chloride,0.044654285714285716
river,2021-10-31,chloride,0.044275714285714286
river,2021-11-01,chloride,0.043897142857142864
river,2021-11-02,chloride,0.04351857142857143
river,2021-11-03,chloride,0.043140000000000005
river,2021-11-04,chloride,0.042255714285714285
river,2021-11-05,chloride,0.04137142857142857
river,2021-11-06,chloride,0.04048714285714286
river,2021-11-07,chloride,0.03960285714285715
river,2021-11-08,chloride,0.03871857142857143
river,2021-11-09,chloride,0.037834285714285716
river,2021-11-10,chloride,0.036950000000000004
river,2021-11-11,chloride,0.03593428571428572
river,2021-11-12,chloride,0.03491857142857143
river,2021-11-13,chloride,0.033902857142857144
river,2021-11-14,chloride,0.03288714285714286
river,2021-11-15,chloride,0.03187142857142857
river,2021-11-16,chloride,0.030855714285714285
river,2021-11-17,chloride,0.029840000000000002
river,2021-11-18,chloride,0.02985
river,2021-11-19,chloride,0.02986
river,2021-11-20,chloride,0.02987
river,2021-11-21,chloride,0.02988
river,2021-11-22,chloride,0.02989
river,2021-11-23,chloride,0.0299
river,2021-11-24,chloride,0.02991
river,2021-11-25,chloride,0.028944285714285718
river,2021-11-26,chloride,0.02797857142857143
river,2021-11-27,chloride,0.027012857142857144
river,2021-11-28,chloride,0.026047142857142856
river,2021-11-29,chloride,0.02508142857142857
river,2021-11-30,chloride,0.024115714285714282
river,2021-12-01,chloride,0.02315
river,2021-12-02,chloride,0.02304857142857143
river,2021-12-03,chloride,0.022947142857142857
river,2021-12-04,chloride,0.02284571428571429
river,2021-12-05,chloride,0.022744285714285713
river,2021-12-06,chloride,0.02264285714285714
river,2021-12-07,chloride,0.022541428571428573
river,2021-12-08,chloride,0.02244
river,2021-12-09,chloride,0.0225075
river,2021-12-10,chloride,0.022575000000000005
river,2021-12-11,chloride,0.022642500000000003
river,2021-12-12,chloride,0.02271
river,2021-12-13,chloride,0.0227775
river,2021-12-14,chloride,0.022845
river,2021-12-15,chloride,0.022912500000000002
river,2021-12-16,chloride,0.02298
river,2021-12-17,chloride,0.023073
river,2021-12-18,chloride,0.023166000000000003
river,2021-12-19,chloride,0.023259000000000002
river,2021-12-20,chloride,0.023352
river,2021-12-21,chloride,0.023445
river,2021-12-22,chloride,0.023538
river,2021-12-23,chloride,0.023631
river,2021-12-24,chloride,0.023724000000000002
river,2021-12-25,chloride,0.023817
river,2021-12-26,chloride,0.02391
river,2021-12-27,chloride,0.024003
river,2021-12-28,chloride,0.024096
river,2021-12-29,chloride,0.024189000000000002
river,2021-12-30,chloride,0.024282
river,2021-12-31,chloride,0.024375
river,2022-01-01,chloride,0.024468
river,2022-01-02,chloride,0.024561
river,2022-01-03,chloride,0.024654
river,2022-01-04,chloride,0.024747
river,2022-01-05,chloride,0.02484
river,2022-01-06,chloride,0.025387142857142858
river,2022-01-07,chloride,0.025934285714285715
river,2022-01-08,chloride,0.026481428571428572
river,2022-01-09,chloride,0.02702857142857143
river,2022-01-10,chloride,0.027575714285714287
river,2022-01-11,chloride,0.028122857142857144
river,2022-01-12,chloride,0.02867
river,2022-01-13,chloride,0.02882857142857143
river,2022-01-14,chloride,0.02898714285714286
river,2022-01-15,chloride,0.02914571428571429
river,2022-01-16,chloride,0.029304285714285717
river,2022-01-17,chloride,0.029462857142857145
river,2022-01-18,chloride,0.029621428571428573
river,2022-01-19,chloride,0.02978
river,2022-01-20,chloride,0.029015714285714287
river,2022-01-21,chloride,0.028251428571428573
river,2022-01-22,chloride,0.027487142857142856
river,2022-01-23,chloride,0.026722857142857145
river,2022-01-24,chloride,0.025958571428571428
river,2022-01-25,chloride,0.025194285714285714
river,2022-01-26,chloride,0.02443
river,2022-01-27,chloride,0.024375714285714285
river,2022-01-28,chloride,0.024321428571428574
river,2022-01-29,chloride,0.02426714285714286
river,2022-01-30,chloride,0.024212857142857144
river,2022-01-31,chloride,0.02415857142857143
river,2022-02-01,chloride,0.024104285714285717
river,2022-02-02,chloride,0.024050000000000002
river,2022-02-03,chloride,0.024181428571428572
river,2022-02-04,chloride,0.024312857142857143
river,2022-02-05,chloride,0.024444285714285717
river,2022-02-06,chloride,0.024575714285714284
river,2022-02-07,chloride,0.024707142857142855
river,2022-02-08,chloride,0.02483857142857143
river,2022-02-09,chloride,0.02497
river,2022-02-10,chloride,0.024987142857142857
river,2022-02-11,chloride,0.025004285714285715
river,2022-02-12,chloride,0.025021428571428573
river,2022-02-13,chloride,0.025038571428571427
river,2022-02-14,chloride,0.025055714285714285
river,2022-02-15,chloride,0.025072857142857143
river,2022-02-16,chloride,0.02509
river,2022-02-17,chloride,0.026077142857142858
river,2022-02-18,chloride,0.027064285714285714
river,2022-02-19,chloride,0.028051428571428574
river,2022-02-20,chloride,0.02903857142857143
river,2022-02-21,chloride,0.030025714285714288
river,2022-02-22,chloride,0.031012857142857144
river,2022-02-23,chloride,0.032
river,2022-02-24,chloride,0.03098714285714286
river,2022-02-25,chloride,0.029974285714285714
river,2022-02-26,chloride,0.028961428571428572
river,2022-02-27,chloride,0.027948571428571427
river,2022-02-28,chloride,0.026935714285714285
river,2022-03-01,chloride,0.025922857142857143
river,2022-03-02,chloride,0.02491
river,2022-03-03,chloride,0.02494857142857143
river,2022-03-04,chloride,0.024987142857142857
river,2022-03-05,chloride,0.025025714285714287
river,2022-03-06,chloride,0.025064285714285713
river,2022-03-07,chloride,0.025102857142857142
river,2022-03-08,chloride,0.02514142857142857
river,2022-03-09,chloride,0.02518
river,2022-03-10,chloride,0.025294285714285714
river,2022-03-11,chloride,0.02540857142857143
river,2022-03-12,chloride,0.025522857142857142
river,2022-03-13,chloride,0.02563714285714286
river,2022-03-14,chloride,0.025751428571428574
river,2022-03-15,chloride,0.025865714285714287
river,2022-03-16,chloride,0.02598
river,2022-03-17,chloride,0.02655714285714286
river,2022-03-18,chloride,0.027134285714285715
river,2022-03-19,chloride,0.02771142857142857
river,2022-03-20,chloride,0.02828857142857143
river,2022-03-21,chloride,0.028865714285714286
river,2022-03-22,chloride,0.029442857142857142
river,2022-03-23,chloride,0.03002
river,2022-03-24,chloride,0.02955214285714286
river,2022-03-25,chloride,0.029084285714285712
river,2022-03-26,chloride,0.02861642857142857
river,2022-03-27,chloride,0.02814857142857143
river,2022-03-28,chloride,0.027680714285714284
river,2022-03-29,chloride,0.027212857142857143
river,2022-03-30,chloride,0.026744999999999998
river,2022-03-31,chloride,0.026277142857142857
river,2022-04-01,chloride,0.025809285714285715
river,2022-04-02,chloride,0.025341428571428574
river,2022-04-03,chloride,0.02487357142857143
river,2022-04-04,chloride,0.024405714285714288
river,2022-04-05,chloride,0.023937857142857143
river,2022-04-06,chloride,0.023469999999999998
river,2022-04-07,chloride,0.023538571428571426
river,2022-04-08,chloride,0.023607142857142858
river,2022-04-09,chloride,0.023675714285714286
river,2022-04-10,chloride,0.023744285714285714
river,2022-04-11,chloride,0.023812857142857143
river,2022-04-12,chloride,0.02388142857142857
river,2022-04-13,chloride,0.02395
river,2022-04-14,chloride,0.024095
river,2022-04-15,chloride,0.024239999999999998
river,2022-04-16,chloride,0.024384999999999997
river,2022-04-17,chloride,0.024530000000000003
river,2022-04-18,chloride,0.024675000000000002
river,2022-04-19,chloride,0.024820000000000002
river,2022-04-20,chloride,0.024965
river,2022-04-21,chloride,0.02511
river,2022-04-22,chloride,0.02533166666666667
river,2022-04-23,chloride,0.025553333333333334
river,2022-04-24,chloride,0.025775
river,2022-04-25,chloride,0.025996666666666668
river,2022-04-26,chloride,0.026218333333333333
river,2022-04-27,chloride,0.02644
river,2022-04-28,chloride,0.027331428571428572
river,2022-04-29,chloride,0.028222857142857143
river,2022-04-30,chloride,0.029114285714285714
river,2022-05-01,chloride,0.03000571428571429
river,2022-05-02,chloride,0.03089714285714286
river,2022-05-03,chloride,0.03178857142857143
river,2022-05-04,chloride,0.03268
river,2022-05-05,chloride,0.032094285714285714
river,2022-05-06,chloride,0.03150857142857143
river,2022-05-07,chloride,0.03092285714285714
river,2022-05-08,chloride,0.030337142857142854
river,2022-05-09,chloride,0.02975142857142857
river,2022-05-10,chloride,0.029165714285714284
river,2022-05-11,chloride,0.028579999999999998
river,2022-05-12,chloride,0.028618571428571427
river,2022-05-13,chloride,0.028657142857142857
river,2022-05-14,chloride,0.028695714285714286
river,2022-05-15,chloride,0.028734285714285716
river,2022-05-16,chloride,0.028772857142857145
river,2022-05-17,chloride,0.02881142857142857
river,2022-05-18,chloride,0.02885
river,2022-05-19,chloride,0.029167500000000002
river,2022-05-20,chloride,0.029485
river,2022-05-21,chloride,0.029802500000000003
river,2022-05-22,chloride,0.03012
river,2022-05-23,chloride,0.0304375
river,2022-05-24,chloride,0.030755000000000005
river,2022-05-25,chloride,0.031072500000000003
river,2022-05-26,chloride,0.03139
river,2022-05-27,chloride,0.031625714285714285
river,2022-05-28,chloride,0.031861428571428575
river,2022-05-29,chloride,0.03209714285714286
river,2022-05-30,chloride,0.03233285714285714
river,2022-05-31,chloride,0.03256857142857143
river,2022-06-01,chloride,0.03280428571428571
river,2022-06-02,chloride,0.03304
river,2022-06-03,chloride,0.03280166666666666
river,2022-06-04,chloride,0.03256333333333333
river,2022-06-05,chloride,0.032325000000000007
river,2022-06-06,chloride,0.032086666666666666
river,2022-06-07,chloride,0.03184833333333333
river,2022-06-08,chloride,0.03161
river,2022-06-09,chloride,0.031611428571428575
river,2022-06-10,chloride,0.031612857142857144
river,2022-06-11,chloride,0.03161428571428571
river,2022-06-12,chloride,0.03161571428571429
river,2022-06-13,chloride,0.03161714285714286
river,2022-06-14,chloride,0.031618571428571426
river,2022-06-15,chloride,0.03162
river,2022-06-16,chloride,0.03166857142857143
river,2022-06-17,chloride,0.03171714285714286
river,2022-06-18,chloride,0.031765714285714286
river,2022-06-19,chloride,0.03181428571428572
river,2022-06-20,chloride,0.031862857142857144
river,2022-06-21,chloride,0.03191142857142858
river,2022-06-22,chloride,0.03196
river,2022-06-23,chloride,0.03275
river,2022-06-24,chloride,0.03354
river,2022-06-25,chloride,0.03433
river,2022-06-26,chloride,0.035120000000000005
river,2022-06-27,chloride,0.035910000000000004
river,2022-06-28,chloride,0.0367
river,2022-06-29,chloride,0.03749
river,2022-06-30,chloride,0.03778714285714286
river,2022-07-01,chloride,0.038084285714285716
river,2022-07-02,chloride,0.03838142857142857
river,2022-07-03,chloride,0.03867857142857143
river,2022-07-04,chloride,0.03897571428571429
river,2022-07-05,chloride,0.039272857142857144
river,2022-07-06,chloride,0.03957
river,2022-07-07,chloride,0.03968714285714286
river,2022-07-08,chloride,0.039804285714285716
river,2022-07-09,chloride,0.03992142857142857
river,2022-07-10,chloride,0.04003857142857143
river,2022-07-11,chloride,0.04015571428571429
river,2022-07-12,chloride,0.040272857142857145
river,2022-07-13,chloride,0.04039
river,2022-07-14,chloride,0.040665
river,2022-07-15,chloride,0.04094
river,2022-07-16,chloride,0.041215
river,2022-07-17,chloride,0.041490000000000006
river,2022-07-18,chloride,0.041765000000000004
river,2022-07-19,chloride,0.04204
river,2022-07-20,chloride,0.04291125
river,2022-07-21,chloride,0.0437825
river,2022-07-22,chloride,0.044653750000000006
river,2022-07-23,chloride,0.045525
river,2022-07-24,chloride,0.04639624999999999
river,2022-07-25,chloride,0.0472675
river,2022-07-26,chloride,0.04813875
river,2022-07-27,chloride,0.04901
river,2022-07-28,chloride,0.047928571428571425
river,2022-07-29,chloride,0.04684714285714286
river,2022-07-30,chloride,0.045765714285714285
river,2022-07-31,chloride,0.04468428571428572
river,2022-08-01,chloride,0.04360285714285714
river,2022-08-02,chloride,0.04252142857142857
river,2022-08-03,chloride,0.04144
river,2022-08-04,chloride,0.04203285714285714
river,2022-08-05,chloride,0.04262571428571429
river,2022-08-06,chloride,0.04321857142857143
river,2022-08-07,chloride,0.04381142857142857
river,2022-08-08,chloride,0.044404285714285716
river,2022-08-09,chloride,0.04499714285714286
river,2022-08-10,chloride,0.045590000000000006
river,2022-08-11,chloride,0.04583714285714286
river,2022-08-12,chloride,0.04608428571428572
river,2022-08-13,chloride,0.04633142857142857
river,2022-08-14,chloride,0.04657857142857143
river,2022-08-15,chloride,0.04682571428571428
river,2022-08-16,chloride,0.047072857142857145
river,2022-08-17,chloride,0.04732
river,2022-08-18,chloride,0.04679428571428571
river,2022-08-19,chloride,0.04626857142857143
river,2022-08-20,chloride,0.04574285714285714
river,2022-08-21,chloride,0.04521714285714286
river,2022-08-22,chloride,0.044691428571428576
river,2022-08-23,chloride,0.04416571428571429
river,2022-08-24,chloride,0.04364
river,2022-08-25,chloride,0.04173428571428572
river,2022-08-26,chloride,0.03982857142857143
river,2022-08-27,chloride,0.03792285714285714
river,2022-08-28,chloride,0.03601714285714286
river,2022-08-29,chloride,0.03411142857142858
river,2022-08-30,chloride,0.03220571428571429
river,2022-08-31,chloride,0.0303
river,2022-09-01,chloride,0.031068333333333337
river,2022-09-02,chloride,0.031836666666666666
river,2022-09-03,chloride,0.032604999999999995
river,2022-09-04,chloride,0.03337333333333334
river,2022-09-05,chloride,0.03414166666666667
river,2022-09-06,chloride,0.03491
river,2022-09-07,chloride,0.03591
river,2022-09-08,chloride,0.03691
river,2022-09-09,chloride,0.03791
river,2022-09-10,chloride,0.03891
river,2022-09-11,chloride,0.039909999999999994
river,2022-09-12,chloride,0.040909999999999995
river,2022-09-13,chloride,0.041909999999999996
river,2022-09-14,chloride,0.04291
river,2022-09-15,chloride,0.04259285714285714
river,2022-09-16,chloride,0.04227571428571428
river,2022-09-17,chloride,0.04195857142857143
river,2022-09-18,chloride,0.04164142857142857
river,2022-09-19,chloride,0.041324285714285716
river,2022-09-20,chloride,0.04100714285714285
river,2022-09-21,chloride,0.04069
river,2022-09-22,chloride,0.04135428571428572
river,2022-09-23,chloride,0.042018571428571426
river,2022-09-24,chloride,0.04268285714285715
river,2022-09-25,chloride,0.043347142857142855
river,2022-09-26,chloride,0.044011428571428576
river,2022-09-27,chloride,0.04467571428571429
river,2022-09-28,chloride,0.045340000000000005
river,2022-09-29,chloride,0.04520571428571429
river,2022-09-30,chloride,0.045071428571428575
river,2022-10-01,chloride,0.04493714285714286
river,2022-10-02,chloride,0.044802857142857144
river,2022-10-03,chloride,0.044668571428571426
river,2022-10-04,chloride,0.044534285714285714
river,2022-10-05,chloride,0.0444
river,2022-10-06,chloride,0.04312571428571428
river,2022-10-07,chloride,0.041851428571428574
river,2022-10-08,chloride,0.04057714285714285
river,2022-10-09,chloride,0.039302857142857146
river,2022-10-10,chloride,0.038028571428571425
river,2022-10-11,chloride,0.03675428571428572
river,2022-10-12,chloride,0.03548
river,2022-10-13,chloride,0.03576
river,2022-10-14,chloride,0.03604
river,2022-10-15,chloride,0.03632
river,2022-10-16,chloride,0.036599999999999994
river,2022-10-17,chloride,0.036879999999999996
river,2022-10-18,chloride,0.03716
river,2022-10-19,chloride,0.03744
river,2022-10-20,chloride,0.03774428571428571
river,2022-10-21,chloride,0.03804857142857143
river,2022-10-22,chloride,0.03835285714285714
river,2022-10-23,chloride,0.03865714285714286
river,2022-10-24,chloride,0.03896142857142857
river,2022-10-25,chloride,0.03926571428571429
river,2022-10-26,chloride,0.03957
river,2022-10-27,chloride,0.03989285714285715
river,2022-10-28,chloride,0.040215714285714285
river,2022-10-29,chloride,0.04053857142857143
river,2022-10-30,chloride,0.04086142857142857
river,2022-10-31,chloride,0.041184285714285715
river,2022-11-01,chloride,0.041507142857142854
river,2022-11-02,chloride,0.04183
river,2022-11-03,chloride,0.04214285714285714
river,2022-11-04,chloride,0.042455714285714284
river,2022-11-05,chloride,0.04276857142857143
river,2022-11-06,chloride,0.043081428571428576
river,2022-11-07,chloride,0.04339428571428572
river,2022-11-08,chloride,0.04370714285714286
river,2022-11-09,chloride,0.044020000000000004
river,2022-11-10,chloride,0.04317
river,2022-11-11,chloride,0.04232
river,2022-11-12,chloride,0.04147
river,2022-11-13,chloride,0.04062
river,2022-11-14,chloride,0.03977000000000001
river,2022-11-15,chloride,0.03892
river,2022-11-16,chloride,0.03807
river,2022-11-17,chloride,0.03782857142857143
river,2022-11-18,chloride,0.03758714285714286
river,2022-11-19,chloride,0.03734571428571429
river,2022-11-20,chloride,0.037104285714285715
river,2022-11-21,chloride,0.03686285714285715
river,2022-11-22,chloride,0.036621428571428576
river,2022-11-23,chloride,0.03638
river,2022-11-24,chloride,0.035717142857142864
river,2022-11-25,chloride,0.03505428571428572
river,2022-11-26,chloride,0.03439142857142857
river,2022-11-27,chloride,0.03372857142857143
river,2022-11-28,chloride,0.03306571428571429
river,2022-11-29,chloride,0.03240285714285714
river,2022-11-30,chloride,0.03174
river,2022-12-01,chloride,0.03283285714285714
river,2022-12-02,chloride,0.03392571428571429
river,2022-12-03,chloride,0.03501857142857143
river,2022-12-04,chloride,0.03611142857142857
river,2022-12-05,chloride,0.03720428571428572
river,2022-12-06,chloride,0.03829714285714286
river,2022-12-07,chloride,0.03939
river,2022-12-08,chloride,0.039130000000000005
river,2022-12-09,chloride,0.038869999999999995
river,2022-12-10,chloride,0.03861
river,2022-12-11,chloride,0.03835
river,2022-12-12,chloride,0.038090000000000006
river,2022-12-13,chloride,0.03783
river,2022-12-14,chloride,0.03757
river,2022-12-15,chloride,0.03982714285714286
river,2022-12-16,chloride,0.04208428571428571
river,2022-12-17,chloride,0.04434142857142857
river,2022-12-18,chloride,0.04659857142857143
river,2022-12-19,chloride,0.04885571428571429
river,2022-12-20,chloride,0.05111285714285714
river,2022-12-21,chloride,0.05337
river,2022-12-22,chloride,0.052473571428571425
river,2022-12-23,chloride,0.051577142857142856
river,2022-12-24,chloride,0.05068071428571428
river,2022-12-25,chloride,0.04978428571428572
river,2022-12-26,chloride,0.04888785714285714
river,2022-12-27,chloride,0.047991428571428574
river,2022-12-28,chloride,0.047095
river,2022-12-29,chloride,0.04619857142857143
river,2022-12-30,chloride,0.04530214285714285
river,2022-12-31,chloride,0.044405714285714284
river,2023-01-01,chloride,0.04350928571428571
river,2023-01-02,chloride,0.04261285714285715
river,2023-01-03,chloride,0.04171642857142857
river,2023-01-04,chloride,0.04082
river,2023-01-05,chloride,0.04051285714285714
river,2023-01-06,chloride,0.04020571428571429
river,2023-01-07,chloride,0.03989857142857143
river,2023-01-08,chloride,0.039591428571428576
river,2023-01-09,chloride,0.039284285714285716
river,2023-01-10,chloride,0.038977142857142856
river,2023-01-11,chloride,0.03867
river,2023-01-12,chloride,0.03736285714285714
river,2023-01-13,chloride,0.03605571428571429
river,2023-01-14,chloride,0.034748571428571434
river,2023-01-15,chloride,0.03344142857142857
river,2023-01-16,chloride,0.03213428571428572
river,2023-01-17,chloride,0.03082714285714286
river,2023-01-18,chloride,0.02952
river,2023-01-19,chloride,0.029259999999999998
river,2023-01-20,chloride,0.029
river,2023-01-21,chloride,0.028739999999999998
river,2023-01-22,chloride,0.028480000000000002
river,2023-01-23,chloride,0.02822
river,2023-01-24,chloride,0.027960000000000002
river,2023-01-25,chloride,0.0277
river,2023-01-26,chloride,0.027614285714285713
river,2023-01-27,chloride,0.02752857142857143
river,2023-01-28,chloride,0.027442857142857144
river,2023-01-29,chloride,0.027357142857142858
river,2023-01-30,chloride,0.02727142857142857
river,2023-01-31,chloride,0.02718571428571429
river,2023-02-01,chloride,0.027100000000000003
river,2023-02-02,chloride,0.02768714285714286
river,2023-02-03,chloride,0.028274285714285714
river,2023-02-04,chloride,0.028861428571428573
river,2023-02-05,chloride,0.02944857142857143
river,2023-02-06,chloride,0.03003571428571429
river,2023-02-07,chloride,0.030622857142857143
river,2023-02-08,chloride,0.03121
river,2023-02-09,chloride,0.031538333333333335
river,2023-02-10,chloride,0.03186666666666667
river,2023-02-11,chloride,0.032195
river,2023-02-12,chloride,0.032523333333333335
river,2023-02-13,chloride,0.03285166666666667
river,2023-02-14,chloride,0.03318
river,2023-02-15,chloride,0.032805
river,2023-02-16,chloride,0.03243
river,2023-02-17,chloride,0.032055
river,2023-02-18,chloride,0.03168
river,2023-02-19,chloride,0.031305
river,2023-02-20,chloride,0.03093
river,2023-02-21,chloride,0.030555
river,2023-02-22,chloride,0.030180000000000002
river,2023-02-23,chloride,0.029841428571428574
river,2023-02-24,chloride,0.029502857142857143
river,2023-02-25,chloride,0.029164285714285716
river,2023-02-26,chloride,0.028825714285714284
river,2023-02-27,chloride,0.028487142857142857
river,2023-02-28,chloride,0.02814857142857143
river,2023-03-01,chloride,0.027809999999999998
river,2023-03-02,chloride,0.02757
river,2023-03-03,chloride,0.02733
river,2023-03-04,chloride,0.02709
river,2023-03-05,chloride,0.02685
river,2023-03-06,chloride,0.02661
river,2023-03-07,chloride,0.026369999999999998
river,2023-03-08,chloride,0.02613
river,2023-03-09,chloride,0.02628142857142857
river,2023-03-10,chloride,0.026432857142857143
river,2023-03-11,chloride,0.026584285714285713
river,2023-03-12,chloride,0.02673571428571429
river,2023-03-13,chloride,0.02688714285714286
river,2023-03-14,chloride,0.02703857142857143
river,2023-03-15,chloride,0.027190000000000002
river,2023-03-16,chloride,0.027662857142857145
river,2023-03-17,chloride,0.028135714285714288
river,2023-03-18,chloride,0.02860857142857143
river,2023-03-19,chloride,0.02908142857142857
river,2023-03-20,chloride,0.029554285714285717
river,2023-03-21,chloride,0.030027142857142856
river,2023-03-22,chloride,0.0305
river,2023-03-23,chloride,0.030175714285714285
river,2023-03-24,chloride,0.02985142857142857
river,2023-03-25,chloride,0.029527142857142856
river,2023-03-26,chloride,0.029202857142857145
river,2023-03-27,chloride,0.02887857142857143
river,2023-03-28,chloride,0.028554285714285716
river,2023-03-29,chloride,0.02823
river,2023-03-30,chloride,0.02865857142857143
river,2023-03-31,chloride,0.02908714285714286
river,2023-04-01,chloride,0.029515714285714284
river,2023-04-02,chloride,0.029944285714285715
river,2023-04-03,chloride,0.030372857142857142
river,2023-04-04,chloride,0.030801428571428573
river,2023-04-05,chloride,0.03123
river,2023-04-06,chloride,0.031068333333333337
river,2023-04-07,chloride,0.030906666666666666
river,2023-04-08,chloride,0.030745
river,2023-04-09,chloride,0.030583333333333337
river,2023-04-10,chloride,0.030421666666666666
river,2023-04-11,chloride,0.030260000000000002
river,2023-04-12,chloride,0.030528750000000004
river,2023-04-13,chloride,0.0307975
river,2023-04-14,chloride,0.03106625
river,2023-04-15,chloride,0.031335
river,2023-04-16,chloride,0.03160375
river,2023-04-17,chloride,0.0318725
river,2023-04-18,chloride,0.03214125
river,2023-04-19,chloride,0.032409999999999994
river,2023-04-20,chloride,0.03236142857142857
river,2023-04-21,chloride,0.03231285714285714
river,2023-04-22,chloride,0.03226428571428571
river,2023-04-23,chloride,0.032215714285714285
river,2023-04-24,chloride,0.03216714285714286
river,2023-04-25,chloride,0.03211857142857143
river,2023-04-26,chloride,0.03207
river,2023-04-27,chloride,0.032087142857142856
river,2023-04-28,chloride,0.03210428571428572
river,2023-04-29,chloride,0.03212142857142857
river,2023-04-30,chloride,0.032138571428571426
river,2023-05-01,chloride,0.03215571428571428
river,2023-05-02,chloride,0.03217285714285714
river,2023-05-03,chloride,0.032189999999999996
river,2023-05-04,chloride,0.03268
river,2023-05-05,chloride,0.033170000000000005
river,2023-05-06,chloride,0.033659999999999995
river,2023-05-07,chloride,0.03415
river,2023-05-08,chloride,0.034640000000000004
river,2023-05-09,chloride,0.03513
river,2023-05-10,chloride,0.03511714285714286
river,2023-05-11,chloride,0.03510428571428572
river,2023-05-12,chloride,0.03509142857142857
river,2023-05-13,chloride,0.03507857142857143
river,2023-05-14,chloride,0.03506571428571428
river,2023-05-15,chloride,0.03505285714285714
river,2023-05-16,chloride,0.03504
river,2023-05-17,chloride,0.035339999999999996
river,2023-05-18,chloride,0.03564
river,2023-05-19,chloride,0.03594
river,2023-05-20,chloride,0.036239999999999994
river,2023-05-21,chloride,0.03654
river,2023-05-22,chloride,0.03684
river,2023-05-23,chloride,0.03714
river,2023-05-24,chloride,0.03744
river,2023-05-25,chloride,0.038052857142857145
river,2023-05-26,chloride,0.03866571428571428
river,2023-05-27,chloride,0.03927857142857143
river,2023-05-28,chloride,0.03989142857142857
river,2023-05-29,chloride,0.040504285714285715
river,2023-05-30,chloride,0.04111714285714285
river,2023-05-31,chloride,0.041729999999999996
river,2023-06-01,chloride,0.04179
river,2023-06-02,chloride,0.04185
river,2023-06-03,chloride,0.041909999999999996
river,2023-06-04,chloride,0.04197
river,2023-06-05,chloride,0.042030000000000005
river,2023-06-06,chloride,0.042089999999999995
river,2023-06-07,chloride,0.04215
river,2023-06-08,chloride,0.042627142857142857
river,2023-06-09,chloride,0.04310428571428572
river,2023-06-10,chloride,0.043581428571428577
river,2023-06-11,chloride,0.044058571428571426
river,2023-06-12,chloride,0.04453571428571428
river,2023-06-13,chloride,0.045012857142857146
river,2023-06-14,chloride,0.04549
river,2023-06-15,chloride,0.04418285714285715
river,2023-06-16,chloride,0.04287571428571429
river,2023-06-17,chloride,0.041568571428571434
river,2023-06-18,chloride,0.04026142857142857
river,2023-06-19,chloride,0.03895428571428572
river,2023-06-20,chloride,0.03764714285714286
river,2023-06-21,chloride,0.036340000000000004
river,2023-06-22,chloride,0.03781285714285715
river,2023-06-23,chloride,0.039285714285714285
river,2023-06-24,chloride,0.04075857142857143
river,2023-06-25,chloride,0.04223142857142857
river,2023-06-26,chloride,0.043704285714285716
river,2023-06-27,chloride,0.04517714285714285
river,2023-06-28,chloride,0.04665
river,2023-06-29,chloride,0.04612142857142858
river,2023-06-30,chloride,0.04559285714285714
river,2023-07-01,chloride,0.045064285714285716
river,2023-07-02,chloride,0.04453571428571428
river,2023-07-03,chloride,0.04400714285714286
river,2023-07-04,chloride,0.04347857142857143
river,2023-07-05,chloride,0.04295
river,2023-07-06,chloride,0.043338571428571435
river,2023-07-07,chloride,0.04372714285714286
river,2023-07-08,chloride,0.04411571428571429
river,2023-07-09,chloride,0.04450428571428572
river,2023-07-10,chloride,0.044892857142857144
river,2023-07-11,chloride,0.04528142857142857
river,2023-07-12,chloride,0.04567
river,2023-07-13,chloride,0.045714285714285714
river,2023-07-14,chloride,0.04575857142857143
river,2023-07-15,chloride,0.045802857142857145
river,2023-07-16,chloride,0.04584714285714286
river,2023-07-17,chloride,0.04589142857142857
river,2023-07-18,chloride,0.04593571428571428
river,2023-07-19,chloride,0.04598
river,2023-07-20,chloride,0.04589571428571428
river,2023-07-21,chloride,0.04581142857142857
river,2023-07-22,chloride,0.04572714285714286
river,2023-07-23,chloride,0.04564285714285714
river,2023-07-24,chloride,0.04555857142857143
river,2023-07-25,chloride,0.04547428571428572
river,2023-07-26,chloride,0.04539
river,2023-07-27,chloride,0.04499
river,2023-07-28,chloride,0.044590000000000005
river,2023-07-29,chloride,0.04419000000000001
river,2023-07-30,chloride,0.04379
river,2023-07-31,chloride,0.04339
river,2023-08-01,chloride,0.04299
river,2023-08-02,chloride,0.04259
river,2023-08-03,chloride,0.04321857142857143
river,2023-08-04,chloride,0.04384714285714286
river,2023-08-05,chloride,0.04447571428571429
river,2023-08-06,chloride,0.045104285714285715
river,2023-08-07,chloride,0.045732857142857145
river,2023-08-08,chloride,0.046361428571428574
river,2023-08-09,chloride,0.046990000000000004
river,2023-08-10,chloride,0.04762
river,2023-08-11,chloride,0.04825
river,2023-08-12,chloride,0.04888000000000001
river,2023-08-13,chloride,0.04951
river,2023-08-14,chloride,0.050140000000000004
river,2023-08-15,chloride,0.050769999999999996
river,2023-08-16,chloride,0.0514
river,2023-08-17,chloride,0.050865714285714285
river,2023-08-18,chloride,0.05033142857142857
river,2023-08-19,chloride,0.04979714285714285
river,2023-08-20,chloride,0.04926285714285714
river,2023-08-21,chloride,0.04872857142857143
river,2023-08-22,chloride,0.04819428571428571
river,2023-08-23,chloride,0.04766
river,2023-08-24,chloride,0.04804428571428571
river,2023-08-25,chloride,0.048428571428571425
river,2023-08-26,chloride,0.048812857142857144
river,2023-08-27,chloride,0.049197142857142856
river,2023-08-28,chloride,0.049581428571428575
river,2023-08-29,chloride,0.04996571428571429
river,2023-08-30,chloride,0.050350000000000006
river,2023-08-31,chloride,0.050274285714285716
river,2023-09-01,chloride,0.050198571428571426
river,2023-09-02,chloride,0.05012285714285714
river,2023-09-03,chloride,0.05004714285714286
river,2023-09-04,chloride,0.049971428571428576
river,2023-09-05,chloride,0.049895714285714286
river,2023-09-06,chloride,0.04982
river,2023-09-07,chloride,0.04955
river,2023-09-08,chloride,0.049280000000000004
river,2023-09-09,chloride,0.04901
river,2023-09-10,chloride,0.048740000000000006
river,2023-09-11,chloride,0.04847
river,2023-09-12,chloride,0.04820000000000001
river,2023-09-13,chloride,0.04793
river,2023-09-14,chloride,0.04939714285714286
river,2023-09-15,chloride,0.050864285714285716
river,2023-09-16,chloride,0.05233142857142858
river,2023-09-17,chloride,0.05379857142857143
river,2023-09-18,chloride,0.05526571428571429
river,2023-09-19,chloride,0.05673285714285714
river,2023-09-20,chloride,0.0582
river,2023-09-21,chloride,0.05780166666666667
river,2023-09-22,chloride,0.057403333333333334
river,2023-09-23,chloride,0.05700500000000001
river,2023-09-24,chloride,0.05660666666666667
river,2023-09-25,chloride,0.05620833333333334
river,2023-09-26,chloride,0.055810000000000005
river,2023-09-27,chloride,0.055585
river,2023-09-28,chloride,0.05536
river,2023-09-29,chloride,0.055134999999999997
river,2023-09-30,chloride,0.05491
river,2023-10-01,chloride,0.054685000000000004
river,2023-10-02,chloride,0.05446
river,2023-10-03,chloride,0.054235
river,2023-10-04,chloride,0.05401
river,2023-10-05,chloride,0.05400857142857143
river,2023-10-06,chloride,0.05400714285714285
river,2023-10-07,chloride,0.05400571428571428
river,2023-10-08,chloride,0.05400428571428571
river,2023-10-09,chloride,0.054002857142857144
river,2023-10-10,chloride,0.05400142857142857
river,2023-10-11,chloride,0.054
river,2023-10-12,chloride,0.05419285714285715
river,2023-10-13,chloride,0.05438571428571429
river,2023-10-14,chloride,0.05457857142857143
river,2023-10-15,chloride,0.054771428571428575
river,2023-10-16,chloride,0.054964285714285716
river,2023-10-17,chloride,0.05515714285714286
river,2023-10-18,chloride,0.05535
river,2023-10-19,chloride,0.054965714285714284
river,2023-10-20,chloride,0.05458142857142857
river,2023-10-21,chloride,0.05419714285714286
river,2023-10-22,chloride,0.05381285714285714
river,2023-10-23,chloride,0.05342857142857142
river,2023-10-24,chloride,0.05304428571428572
river,2023-10-25,chloride,0.05266
river,2023-10-26,chloride,0.05412857142857143
river,2023-10-27,chloride,0.05559714285714286
river,2023-10-28,chloride,0.05706571428571428
river,2023-10-29,chloride,0.05853428571428571
river,2023-10-30,chloride,0.06000285714285714
river,2023-10-31,chloride,0.06147142857142857
river,2023-11-01,chloride,0.06294
river,2023-11-02,chloride,0.06157
river,2023-11-03,chloride,0.0602
river,2023-11-04,chloride,0.05883
river,2023-11-05,chloride,0.057460000000000004
river,2023-11-06,chloride,0.05609000000000001
river,2023-11-07,chloride,0.05472
river,2023-11-08,chloride,0.05335
river,2023-11-09,chloride,0.053354285714285715
river,2023-11-10,chloride,0.05335857142857143
river,2023-11-11,chloride,0.05336285714285714
river,2023-11-12,chloride,0.05336714285714286
river,2023-11-13,chloride,0.05337142857142858
river,2023-11-14,chloride,0.05337571428571429
river,2023-11-15,chloride,0.053380000000000004
river,2023-11-16,chloride,0.05305571428571429
river,2023-11-17,chloride,0.052731428571428575
river,2023-11-18,chloride,0.05240714285714286
river,2023-11-19,chloride,0.052082857142857146
river,2023-11-20,chloride,0.05175857142857143
river,2023-11-21,chloride,0.05143428571428572
river,2023-11-22,chloride,0.05111
river,2023-11-23,chloride,0.051134285714285715
river,2023-11-24,chloride,0.05115857142857143
river,2023-11-25,chloride,0.05118285714285715
river,2023-11-26,chloride,0.051207142857142854
river,2023-11-27,chloride,0.051231428571428574
river,2023-11-28,chloride,0.051255714285714286
river,2023-11-29,chloride,0.05128
river,2023-11-30,chloride,0.05173428571428572
river,2023-12-01,chloride,0.05218857142857143
river,2023-12-02,chloride,0.052642857142857144
river,2023-12-03,chloride,0.05309714285714286
river,2023-12-04,chloride,0.053551428571428576
river,2023-12-05,chloride,0.05400571428571428
river,2023-12-06,chloride,0.05446
river,2023-12-07,chloride,0.05577714285714286
river,2023-12-08,chloride,0.05709428571428572
river,2023-12-09,chloride,0.05841142857142857
river,2023-12-10,chloride,0.05972857142857143
river,2023-12-11,chloride,0.061045714285714286
river,2023-12-12,chloride,0.062362857142857143
river,2023-12-13,chloride,0.06368
river,2023-12-14,chloride,0.06204166666666667
river,2023-12-15,chloride,0.06040333333333334
river,2023-12-16,chloride,0.058765000000000005
river,2023-12-17,chloride,0.057126666666666666
river,2023-12-18,chloride,0.05548833333333334
river,2023-12-19,chloride,0.05385
river,2023-12-20,chloride,0.053476666666666665
river,2023-12-21,chloride,0.053103333333333336
river,2023-12-22,chloride,0.052730000000000006
river,2023-12-23,chloride,0.05235666666666667
river,2023-12-24,chloride,0.05198333333333333
river,2023-12-25,chloride,0.05161
river,2023-12-26,chloride,0.051236666666666666
river,2023-12-27,chloride,0.05086333333333334
river,2023-12-28,chloride,0.05049
river,2023-12-29,chloride,0.05011666666666667
river,2023-12-30,chloride,0.049743333333333334
river,2023-12-31,chloride,0.049370000000000004
river,2024-01-01,chloride,0.04899666666666667
river,2024-01-02,chloride,0.04862333333333334
river,2024-01-03,chloride,0.04825
river,2024-01-04,chloride,0.04650571428571428
river,2024-01-05,chloride,0.04476142857142858
river,2024-01-06,chloride,0.04301714285714286
river,2024-01-07,chloride,0.04127285714285714
river,2024-01-08,chloride,0.03952857142857143
river,2024-01-09,chloride,0.037784285714285715
river,2024-01-10,chloride,0.03604
river,2024-01-11,chloride,0.03541333333333333
river,2024-01-12,chloride,0.03478666666666667
river,2024-01-13,chloride,0.034159999999999996
river,2024-01-14,chloride,0.03353333333333333
river,2024-01-15,chloride,0.03290666666666667
river,2024-01-16,chloride,0.03228
river,2024-01-17,chloride,0.0327525
river,2024-01-18,chloride,0.033225000000000005
river,2024-01-19,chloride,0.033697500000000005
river,2024-01-20,chloride,0.03417
river,2024-01-21,chloride,0.0346425
river,2024-01-22,chloride,0.035115
river,2024-01-23,chloride,0.03558750000000001
river,2024-01-24,chloride,0.03606
river,2024-01-25,chloride,0.036065714285714284
river,2024-01-26,chloride,0.03607142857142858
river,2024-01-27,chloride,0.03607714285714286
river,2024-01-28,chloride,0.036082857142857146
river,2024-01-29,chloride,0.03608857142857143
river,2024-01-30,chloride,0.03609428571428572
river,2024-01-31,chloride,0.0361
river,2024-02-01,chloride,0.03683714285714286
river,2024-02-02,chloride,0.03757428571428571
river,2024-02-03,chloride,0.03831142857142857
river,2024-02-04,chloride,0.039048571428571426
river,2024-02-05,chloride,0.039785714285714285
river,2024-02-06,chloride,0.040522857142857145
river,2024-02-07,chloride,0.04126
river,2024-02-08,chloride,0.044225714285714285
river,2024-02-09,chloride,0.04719142857142857
river,2024-02-10,chloride,0.05015714285714286
river,2024-02-11,chloride,0.053122857142857145
river,2024-02-12,chloride,0.056088571428571425
river,2024-02-13,chloride,0.05905428571428572
river,2024-02-14,chloride,0.062020000000000006
river,2024-02-15,chloride,0.05867142857142857
river,2024-02-16,chloride,0.055322857142857146
river,2024-02-17,chloride,0.051974285714285716
river,2024-02-18,chloride,0.048625714285714286
river,2024-02-19,chloride,0.045277142857142856
river,2024-02-20,chloride,0.04192857142857143
river,2024-02-21,chloride,0.038579999999999996
river,2024-02-22,chloride,0.038786666666666664
river,2024-02-23,chloride,0.03899333333333333
river,2024-02-24,chloride,0.039200000000000006
river,2024-02-25,chloride,0.039406666666666666
river,2024-02-26,chloride,0.039613333333333334
river,2024-02-27,chloride,0.03982
river,2024-02-28,chloride,0.04047125
river,2024-02-29,chloride,0.041122500000000006
river,2024-03-01,chloride,0.04177375
river,2024-03-02,chloride,0.042425
river,2024-03-03,chloride,0.04307625
river,2024-03-04,chloride,0.0437275
river,2024-03-05,chloride,0.04437875
river,2024-03-06,chloride,0.04503
river,2024-03-07,chloride,0.04421142857142857
river,2024-03-08,chloride,0.04339285714285715
river,2024-03-09,chloride,0.04257428571428572
river,2024-03-10,chloride,0.041755714285714285
river,2024-03-11,chloride,0.04093714285714285
river,2024-03-12,chloride,0.04011857142857143
river,2024-03-13,chloride,0.039299999999999995
river,2024-03-14,chloride,0.03907
river,2024-03-15,chloride,0.03884
river,2024-03-16,chloride,0.03861
river,2024-03-17,chloride,0.03838
river,2024-03-18,chloride,0.038149999999999996
river,2024-03-19,chloride,0.037919999999999995
river,2024-03-20,chloride,0.03769
river,2024-03-21,chloride,0.037668571428571426
river,2024-03-22,chloride,0.03764714285714285
river,2024-03-23,chloride,0.03762571428571428
river,2024-03-24,chloride,0.037604285714285715
river,2024-03-25,chloride,0.03758285714285715
river,2024-03-26,chloride,0.03756142857142857
river,2024-03-27,chloride,0.03754
river,2024-03-28,chloride,0.03760142857142857
river,2024-03-29,chloride,0.037662857142857144
river,2024-03-30,chloride,0.03772428571428572
river,2024-03-31,chloride,0.037785714285714284
river,2024-04-01,chloride,0.03784714285714286
river,2024-04-02,chloride,0.03790857142857143
river,2024-04-03,chloride,0.03797
river,2024-04-04,chloride,0.03854714285714286
river,2024-04-05,chloride,0.039124285714285716
river,2024-04-06,chloride,0.039701428571428575
river,2024-04-07,chloride,0.04027857142857143
river,2024-04-08,chloride,0.04085571428571429
river,2024-04-09,chloride,0.041432857142857146
river,2024-04-10,chloride,0.04201
river,2024-04-11,chloride,0.04199571428571429
river,2024-04-12,chloride,0.041981428571428565
river,2024-04-13,chloride,0.041967142857142856
river,2024-04-14,chloride,0.04195285714285714
river,2024-04-15,chloride,0.04193857142857143
river,2024-04-16,chloride,0.04192428571428571
river,2024-04-17,chloride,0.041909999999999996
river,2024-04-18,chloride,0.04190857142857143
river,2024-04-19,chloride,0.04190714285714285
river,2024-04-20,chloride,0.04190571428571428
river,2024-04-21,chloride,0.04190428571428571
river,2024-04-22,chloride,0.041902857142857144
river,2024-04-23,chloride,0.04190142857142857
river,2024-04-24,chloride,0.0419
river,2024-04-25,chloride,0.039175714285714286
river,2024-04-26,chloride,0.03645142857142857
river,2024-04-27,chloride,0.03372714285714285
river,2024-04-28,chloride,0.03100285714285714
river,2024-04-29,chloride,0.02827857142857143
river,2024-04-30,chloride,0.025554285714285713
river,2024-05-01,chloride,0.02283
river,2024-05-02,chloride,0.023224285714285715
river,2024-05-03,chloride,0.02361857142857143
river,2024-05-04,chloride,0.024012857142857145
river,2024-05-05,chloride,0.024407142857142856
river,2024-05-06,chloride,0.02480142857142857
river,2024-05-07,chloride,0.025195714285714287
river,2024-05-08,chloride,0.02559
river,2024-05-09,chloride,0.025613333333333335
river,2024-05-10,chloride,0.02563666666666667
river,2024-05-11,chloride,0.025660000000000002
river,2024-05-12,chloride,0.025683333333333336
river,2024-05-13,chloride,0.025706666666666666
river,2024-05-14,chloride,0.02573
river,2024-05-15,chloride,0.025655
river,2024-05-16,chloride,0.02558
river,2024-05-17,chloride,0.025505
river,2024-05-18,chloride,0.02543
river,2024-05-19,chloride,0.025355000000000003
river,2024-05-20,chloride,0.02528
river,2024-05-21,chloride,0.025204999999999998
river,2024-05-22,chloride,0.02513
river,2024-05-23,chloride,0.025252857142857143
river,2024-05-24,chloride,0.025375714285714286
river,2024-05-25,chloride,0.02549857142857143
river,2024-05-26,chloride,0.02562142857142857
river,2024-05-27,chloride,0.025744285714285713
river,2024-05-28,chloride,0.025867142857142856
river,2024-05-29,chloride,0.02599
river,2024-05-30,chloride,0.026377499999999998
river,2024-05-31,chloride,0.026765
river,2024-06-01,chloride,0.0271525
river,2024-06-02,chloride,0.02754
river,2024-06-03,chloride,0.027927499999999997
river,2024-06-04,chloride,0.028315
river,2024-06-05,chloride,0.028702500000000002
river,2024-06-06,chloride,0.02909
river,2024-06-07,chloride,0.02849166666666667
river,2024-06-08,chloride,0.027893333333333336
river,2024-06-09,chloride,0.027295000000000003
river,2024-06-10,chloride,0.026696666666666667
river,2024-06-11,chloride,0.026098333333333334
river,2024-06-12,chloride,0.025500000000000002
river,2024-06-13,chloride,0.025604285714285715
river,2024-06-14,chloride,0.025708571428571428
river,2024-06-15,chloride,0.025812857142857144
river,2024-06-16,chloride,0.025917142857142857
river,2024-06-17,chloride,0.026021428571428574
river,2024-06-18,chloride,0.026125714285714287
river,2024-06-19,chloride,0.02623
river,2024-06-20,chloride,0.02606666666666667
river,2024-06-21,chloride,0.025903333333333334
river,2024-06-22,chloride,0.025740000000000002
river,2024-06-23,chloride,0.025576666666666668
river,2024-06-24,chloride,0.025413333333333333
river,2024-06-25,chloride,0.02525
river,2024-06-26,chloride,0.0254875
river,2024-06-27,chloride,0.025725
river,2024-06-28,chloride,0.0259625
river,2024-06-29,chloride,0.0262
river,2024-06-30,chloride,0.0264375
river,2024-07-01,chloride,0.026674999999999997
river,2024-07-02,chloride,0.0269125
river,2024-07-03,chloride,0.02715
river,2024-07-04,chloride,0.02652857142857143
river,2024-07-05,chloride,0.025907142857142854
river,2024-07-06,chloride,0.025285714285714286
river,2024-07-07,chloride,0.024664285714285715
river,2024-07-08,chloride,0.024042857142857144
river,2024-07-09,chloride,0.023421428571428572
river,2024-07-10,chloride,0.0228
river,2024-07-11,chloride,0.02265
river,2024-07-12,chloride,0.0225
river,2024-07-13,chloride,0.022350000000000002
river,2024-07-14,chloride,0.0222
river,2024-07-15,chloride,0.022049999999999997
river,2024-07-16,chloride,0.0219
river,2024-07-17,chloride,0.02215375
river,2024-07-18,chloride,0.0224075
river,2024-07-19,chloride,0.02266125
river,2024-07-20,chloride,0.022915
river,2024-07-21,chloride,0.02316875
river,2024-07-22,chloride,0.0234225
river,2024-07-23,chloride,0.02367625
river,2024-07-24,chloride,0.02393
river,2024-07-25,chloride,0.02398857142857143
river,2024-07-26,chloride,0.024047142857142857
river,2024-07-27,chloride,0.024105714285714286
river,2024-07-28,chloride,0.024164285714285715
river,2024-07-29,chloride,0.024222857142857143
river,2024-07-30,chloride,0.024281428571428572
river,2024-07-31,chloride,0.02434
river,2024-08-01,chloride,0.024557142857142857
river,2024-08-02,chloride,0.024774285714285714
river,2024-08-03,chloride,0.02499142857142857
river,2024-08-04,chloride,0.025208571428571427
river,2024-08-05,chloride,0.025425714285714284
river,2024-08-06,chloride,0.025642857142857144
river,2024-08-07,chloride,0.02586
river,2024-08-08,chloride,0.025818571428571427
river,2024-08-09,chloride,0.025777142857142856
river,2024-08-10,chloride,0.025735714285714285
river,2024-08-11,chloride,0.025694285714285715
river,2024-08-12,chloride,0.025652857142857144
river,2024-08-13,chloride,0.025611428571428573
river,2024-08-14,chloride,0.025570000000000002
river,2024-08-15,chloride,0.02551
river,2024-08-16,chloride,0.02545
river,2024-08-17,chloride,0.02539
river,2024-08-18,chloride,0.02533
river,2024-08-19,chloride,0.02527
river,2024-08-20,chloride,0.025209999999999996
river,2024-08-21,chloride,0.02515
river,2024-08-22,chloride,0.02558285714285714
river,2024-08-23,chloride,0.026015714285714284
river,2024-08-24,chloride,0.026448571428571425
river,2024-08-25,chloride,0.026881428571428573
river,2024-08-26,chloride,0.027314285714285715
river,2024-08-27,chloride,0.027747142857142856
river,2024-08-28,chloride,0.02818
river,2024-08-29,chloride,0.027739999999999997
river,2024-08-30,chloride,0.0273
river,2024-08-31,chloride,0.02686
river,2024-09-01,chloride,0.026420000000000003
river,2024-09-02,chloride,0.02598
river,2024-09-03,chloride,0.02554
river,2024-09-04,chloride,0.0251
river,2024-09-05,chloride,0.025307142857142858
river,2024-09-06,chloride,0.025514285714285715
river,2024-09-07,chloride,0.025721428571428572
river,2024-09-08,chloride,0.025928571428571433
river,2024-09-09,chloride,0.026135714285714286
river,2024-09-10,chloride,0.026342857142857147
river,2024-09-11,chloride,0.02655
river,2024-09-12,chloride,0.02668714285714286
river,2024-09-13,chloride,0.026824285714285714
river,2024-09-14,chloride,0.026961428571428574
river,2024-09-15,chloride,0.02709857142857143
river,2024-09-16,chloride,0.027235714285714287
river,2024-09-17,chloride,0.027372857142857143
river,2024-09-18,chloride,0.027510000000000003
river,2024-09-19,chloride,0.027770000000000003
river,2024-09-20,chloride,0.028030000000000003
river,2024-09-21,chloride,0.02829
river,2024-09-22,chloride,0.028550000000000002
river,2024-09-23,chloride,0.028810000000000002
river,2024-09-24,chloride,0.029070000000000002
river,2024-09-25,chloride,0.028595714285714287
river,2024-09-26,chloride,0.02812142857142857
river,2024-09-27,chloride,0.027647142857142856
river,2024-09-28,chloride,0.027172857142857144
river,2024-09-29,chloride,0.02669857142857143
river,2024-09-30,chloride,0.026224285714285714
river,2024-10-01,chloride,0.025750000000000002
river,2024-10-02,chloride,0.025077142857142857
river,2024-10-03,chloride,0.024404285714285715
river,2024-10-04,chloride,0.023731428571428573
river,2024-10-05,chloride,0.023058571428571432
river,2024-10-06,chloride,0.022385714285714287
river,2024-10-07,chloride,0.02171285714285714
river,2024-10-08,chloride,0.02104
river,2024-10-09,chloride,0.021325
river,2024-10-10,chloride,0.02161
river,2024-10-11,chloride,0.021895
river,2024-10-12,chloride,0.022180000000000002
river,2024-10-13,chloride,0.022465
river,2024-10-14,chloride,0.02275
river,2024-10-15,chloride,0.023035
river,2024-10-16,chloride,0.02332
river,2024-10-17,chloride,0.023251428571428572
river,2024-10-18,chloride,0.02318285714285714
river,2024-10-19,chloride,0.023114285714285716
river,2024-10-20,chloride,0.023045714285714287
river,2024-10-21,chloride,0.02297714285714286
river,2024-10-22,chloride,0.022908571428571427
river,2024-10-23,chloride,0.02284
river,2024-10-24,chloride,0.022918333333333332
river,2024-10-25,chloride,0.022996666666666665
river,2024-10-26,chloride,0.023075
river,2024-10-27,chloride,0.02315333333333333
river,2024-10-28,chloride,0.023231666666666664
river,2024-10-29,chloride,0.02331
river,2024-10-30,chloride,0.02264875
river,2024-10-31,chloride,0.021987499999999997
river,2024-11-01,chloride,0.021326249999999998
river,2024-11-02,chloride,0.020665
river,2024-11-03,chloride,0.02000375
river,2024-11-04,chloride,0.019342500000000002
river,2024-11-05,chloride,0.01868125
river,2024-11-06,chloride,0.01802
river,2024-11-07,chloride,0.018866666666666667
river,2024-11-08,chloride,0.019713333333333336
river,2024-11-09,chloride,0.020560000000000002
river,2024-11-10,chloride,0.021406666666666668
river,2024-11-11,chloride,0.022253333333333333
river,2024-11-12,chloride,0.023100000000000002
river,2024-11-13,chloride,0.023251428571428572
river,2024-11-14,chloride,0.023402857142857145
river,2024-11-15,chloride,0.023554285714285715
river,2024-11-16,chloride,0.02370571428571429
river,2024-11-17,chloride,0.023857142857142858
river,2024-11-18,chloride,0.024008571428571428
river,2024-11-19,chloride,0.02416
river,2024-11-20,chloride,0.02327142857142857
river,2024-11-21,chloride,0.022382857142857145
river,2024-11-22,chloride,0.021494285714285716
river,2024-11-23,chloride,0.020605714285714286
river,2024-11-24,chloride,0.019717142857142857
river,2024-11-25,chloride,0.01882857142857143
river,2024-11-26,chloride,0.01794
river,2024-11-27,chloride,0.018486250000000003
river,2024-11-28,chloride,0.0190325
river,2024-11-29,chloride,0.01957875
river,2024-11-30,chloride,0.020245
river,2024-12-01,chloride,0.020671250000000002
river,2024-12-02,chloride,0.0212175
river,2024-12-03,chloride,0.02176375
river,2024-12-04,chloride,0.02231
river,2024-12-05,chloride,0.022401428571428572
river,2024-12-06,chloride,0.02249285714285714
river,2024-12-07,chloride,0.022584285714285713
river,2024-12-08,chloride,0.022675714285714285
river,2024-12-09,chloride,0.022767142857142857
river,2024-12-10,chloride,0.022858571428571426
river,2024-12-11,chloride,0.022949999999999998
river,2024-12-12,chloride,0.023191666666666666
river,2024-12-13,chloride,0.023433333333333334
river,2024-12-14,chloride,0.023674999999999998
river,2024-12-15,chloride,0.023916666666666666
river,2024-12-16,chloride,0.02415833333333333
river,2024-12-17,chloride,0.024399999999999998
river,2024-12-18,chloride,0.024182380952380948
river,2024-12-19,chloride,0.023964761904761905
river,2024-12-20,chloride,0.023747142857142856
river,2024-12-21,chloride,0.02352952380952381
river,2024-12-22,chloride,0.02331190476190476
river,2024-12-23,chloride,0.023094285714285716
river,2024-12-24,chloride,0.022876666666666667
river,2024-12-25,chloride,0.022659047619047617
river,2024-12-26,chloride,0.02244142857142857
river,2024-12-27,chloride,0.02222380952380952
river,2024-12-28,chloride,0.022006190476190478
river,2024-12-29,chloride,0.021788571428571428
river,2024-12-30,chloride,0.02157095238095238
river,2024-12-31,chloride,0.021353333333333332
river,2025-01-01,chloride,0.021135714285714285
river,2025-01-02,chloride,0.02091809523809524
river,2025-01-03,chloride,0.02070047619047619
river,2025-01-04,chloride,0.020482857142857143
river,2025-01-05,chloride,0.020265238095238093
river,2025-01-06,chloride,0.020047619047619043
river,2025-01-07,chloride,0.01983
river,2025-01-08,chloride,0.020175714285714286
river,2025-01-09,chloride,0.02052142857142857
river,2025-01-10,chloride,0.020867142857142855
river,2025-01-11,chloride,0.021212857142857144
river,2025-01-12,chloride,0.02155857142857143
river,2025-01-13,chloride,0.021904285714285713
river,2025-01-14,chloride,0.02225
river,2025-01-15,chloride,0.02559
river,2025-01-16,chloride,0.02893
river,2025-01-17,chloride,0.03227000000000001
river,2025-01-18,chloride,0.03561
river,2025-01-19,chloride,0.038950000000000005
river,2025-01-20,chloride,0.04229000000000001
river,2025-01-21,chloride,0.045630000000000004
river,2025-01-22,chloride,0.04315571428571429
river,2025-01-23,chloride,0.04068142857142858
river,2025-01-24,chloride,0.038207142857142856
river,2025-01-25,chloride,0.03573285714285714
river,2025-01-26,chloride,0.03325857142857143
river,2025-01-27,chloride,0.030784285714285715
river,2025-01-28,chloride,0.02831
river,2025-01-29,chloride,0.027535714285714285
river,2025-01-30,chloride,0.02676142857142857
river,2025-01-31,chloride,0.025987142857142858
river,2025-02-01,chloride,0.025212857142857144
river,2025-02-02,chloride,0.024438571428571428
river,2025-02-03,chloride,0.023664285714285714
river,2025-02-04,chloride,0.02289
river,2025-02-05,chloride,0.023065714285714287
river,2025-02-06,chloride,0.023241428571428573
river,2025-02-07,chloride,0.02341714285714286
river,2025-02-08,chloride,0.023592857142857145
river,2025-02-09,chloride,0.02376857142857143
river,2025-02-10,chloride,0.023944285714285717
river,2025-02-11,chloride,0.024120000000000003
river,2025-02-12,chloride,0.023982857142857143
river,2025-02-13,chloride,0.023845714285714286
river,2025-02-14,chloride,0.02370857142857143
river,2025-02-15,chloride,0.023571428571428573
river,2025-02-16,chloride,0.023434285714285713
river,2025-02-17,chloride,0.02329714285714286
river,2025-02-18,chloride,0.02316
river,2025-02-19,chloride,0.023145714285714283
river,2025-02-20,chloride,0.023131428571428574
river,2025-02-21,chloride,0.023117142857142857
river,2025-02-22,chloride,0.023102857142857144
river,2025-02-23,chloride,0.023088571428571427
river,2025-02-24,chloride,0.023074285714285714
river,2025-02-25,chloride,0.02306
river,2021-03-03,nitrate,0.007562076749435667
river,2021-03-04,nitrate,0.007468021068472538
river,2021-03-05,nitrate,0.007373965387509405
river,2021-03-06,nitrate,0.007279909706546276
river,2021-03-07,nitrate,0.007185854025583145
river,2021-03-08,nitrate,0.007091798344620016
river,2021-03-09,nitrate,0.006997742663656885
river,2021-03-10,nitrate,0.006997742663656885
river,2021-03-11,nitrate,0.006997742663656885
river,2021-03-12,nitrate,0.006997742663656885
river,2021-03-13,nitrate,0.006997742663656885
river,2021-03-14,nitrate,0.006997742663656885
river,2021-03-15,nitrate,0.006997742663656885
river,2021-03-16,nitrate,0.006997742663656885
river,2021-03-17,nitrate,0.0069836343115124155
river,2021-03-18,nitrate,0.006969525959367946
river,2021-03-19,nitrate,0.0069554176072234766
river,2021-03-20,nitrate,0.006941309255079007
river,2021-03-21,nitrate,0.006927202102934538
river,2021-03-22,nitrate,0.006913092550790068
river,2021-03-23,nitrate,0.006898984198645599
river,2021-03-24,nitrate,0.006884875846501129
river,2021-03-25,nitrate,0.006884875846501129
river,2021-03-26,nitrate,0.006884875846501129
river,2021-03-27,nitrate,0.006884875846501129
river,2021-03-28,nitrate,0.006884875846501129
river,2021-03-29,nitrate,0.006884875846501129
river,2021-03-30,nitrate,0.006884875846501129
river,2021-03-31,nitrate,0.006884875846501129
river,2021-04-01,nitrate,0.006884875846501129
river,2021-04-02,nitrate,0.006862302483069978
river,2021-04-03,nitrate,0.006839729119638827
river,2021-04-04,nitrate,0.0068171557562076756
river,2021-04-05,nitrate,0.006794582392776524
river,2021-04-06,nitrate,0.006772021029345372
river,2021-04-07,nitrate,0.006743792325056434
river,2021-04-08,nitrate,0.006715575620767495
river,2021-04-09,nitrate,0.006687358916478556
river,2021-04-10,nitrate,0.006659142212189617
river,2021-04-11,nitrate,0.006630925507900678
river,2021-04-12,nitrate,0.006602708803611739
river,2021-04-13,nitrate,0.0065744920993227995
river,2021-04-14,nitrate,0.0065462753950338605
river,2021-04-15,nitrate,0.00645221971407073
river,2021-04-16,nitrate,0.006358164033107601
river,2021-04-17,nitrate,0.00626410835214447
river,2021-04-18,nitrate,0.006170052671181339
river,2021-04-19,nitrate,0.00607599699021821
river,2021-04-20,nitrate,0.005981941309255079
river,2021-04-21,nitrate,0.005998065140277331
river,2021-04-22,nitrate,0.006014188971299581
river,2021-04-23,nitrate,0.006030312802321833
river,2021-04-24,nitrate,0.0060464366333440826
river,2021-04-25,nitrate,0.006062560464366334
river,2021-04-26,nitrate,0.006078684295388584
river,2021-04-27,nitrate,0.006094808126410836
river,2021-04-28,nitrate,0.006052483069977427
river,2021-04-29,nitrate,0.006010158013544018
river,2021-04-30,nitrate,0.00596783295711061
river,2021-05-01,nitrate,0.005925507900677201
river,2021-05-02,nitrate,0.005883182844243793
river,2021-05-03,nitrate,0.005840857787810384
river,2021-05-04,nitrate,0.005798532731376976
river,2021-05-05,nitrate,0.005756207674943567
river,2021-05-06,nitrate,0.005793829947328819
river,2021-05-07,nitrate,0.005831452219714071
river,2021-05-08,nitrate,0.005869074492099323
river,2021-05-09,nitrate,0.005906696764484576
river,2021-05-10,nitrate,0.0059443190368698275
river,2021-05-11,nitrate,0.005981941309255079
river,2021-05-12,nitrate,0.005998065140277331
river,2021-05-13,nitrate,0.006014188971299581
river,2021-05-14,nitrate,0.006030312802321833
river,2021-05-15,nitrate,0.0060464366333440826
river,2021-05-16,nitrate,0.006062560464366334
river,2021-05-17,nitrate,0.006078684295388584
river,2021-05-18,nitrate,0.006094808126410836
river,2021-05-19,nitrate,0.005939616252821671
river,2021-05-20,nitrate,0.005784424379232506
river,2021-05-21,nitrate,0.005629232505643342
river,2021-05-22,nitrate,0.005474040632054177
river,2021-05-23,nitrate,0.0053188487584650114
river,2021-05-24,nitrate,0.005163656884875847
river,2021-05-25,nitrate,0.005008465011286682
river,2021-05-26,nitrate,0.004853273137697517
river,2021-05-27,nitrate,0.004928517682468022
river,2021-05-28,nitrate,0.005003762227238526
river,2021-05-29,nitrate,0.005079006772021029
river,2021-05-30,nitrate,0.005154251316779534
river,2021-05-31,nitrate,0.005229495861550039
river,2021-06-01,nitrate,0.005304740406320542
river,2021-06-02,nitrate,0.005401483392454047
river,2021-06-03,nitrate,0.005498226378587553
river,2021-06-04,nitrate,0.005594969364721058
river,2021-06-05,nitrate,0.005691712350854564
river,2021-06-06,nitrate,0.005788455336988069
river,2021-06-07,nitrate,0.005885198323121573
river,2021-06-08,nitrate,0.005981941309255079
river,2021-06-09,nitrate,0.005836826830054822
river,2021-06-10,nitrate,0.005691712350854564
river,2021-06-11,nitrate,0.0055465978716543055
river,2021-06-12,nitrate,0.005401483392454047
river,2021-06-13,nitrate,0.005256368913253789
river,2021-06-14,nitrate,0.005111254434053531
river,2021-06-15,nitrate,0.004966139954853273
river,2021-06-16,nitrate,0.004917768461786521
river,2021-06-17,nitrate,0.004869396968719769
river,2021-06-18,nitrate,0.004821025475653016
river,2021-06-19,nitrate,0.004772653982586263
river,2021-06-20,nitrate,0.00472428248951951
river,2021-06-21,nitrate,0.004675910996452758
river,2021-06-22,nitrate,0.004627539503386005
river,2021-06-23,nitrate,0.004772653982586263
river,2021-06-24,nitrate,0.004917768461786521
river,2021-06-25,nitrate,0.005062882940986779
river,2021-06-26,nitrate,0.005207997420187037
river,2021-06-27,nitrate,0.005353111899387295
river,2021-06-28,nitrate,0.005498226378587553
river,2021-06-29,nitrate,0.005643340857787811
river,2021-06-30,nitrate,0.005369235730409545
river,2021-07-01,nitrate,0.005095130603031281
river,2021-07-02,nitrate,0.004821025475653016
river,2021-07-03,nitrate,0.0045469203482747505
river,2021-07-04,nitrate,0.004272815220896485
river,2021-07-05,nitrate,0.003998710093518221
river,2021-07-06,nitrate,0.003724604966139955
river,2021-07-07,nitrate,0.003853595614317963
river,2021-07-08,nitrate,0.003982586262495969
river,2021-07-09,nitrate,0.004111576910673976
river,2021-07-10,nitrate,0.0042405675588519836
river,2021-07-11,nitrate,0.00436955820702999
river,2021-07-12,nitrate,0.004498548855207997
river,2021-07-13,nitrate,0.004627539503386005
river,2021-07-14,nitrate,0.004643663334408256
river,2021-07-15,nitrate,0.004659787165430506
river,2021-07-16,nitrate,0.004675910996452758
river,2021-07-17,nitrate,0.004692034827475008
river,2021-07-18,nitrate,0.00470815865849726
river,2021-07-19,nitrate,0.00472428248951951
river,2021-07-20,nitrate,0.0047404063205417615
river,2021-07-21,nitrate,0.0047404063205417615
river,2021-07-22,nitrate,0.0047404063205417615
river,2021-07-23,nitrate,0.0047404063205417615
river,2021-07-24,nitrate,0.0047404063205417615
river,2021-07-25,nitrate,0.0047404063205417615
river,2021-07-26,nitrate,0.0047404063205417615
river,2021-07-27,nitrate,0.0047404063205417615
river,2021-07-28,nitrate,0.004810948081264109
river,2021-07-29,nitrate,0.004881489841986456
river,2021-07-30,nitrate,0.004952031602708805
river,2021-07-31,nitrate,0.005022573363431151
river,2021-08-01,nitrate,0.005093115124153499
river,2021-08-02,nitrate,0.005163656884875847
river,2021-08-03,nitrate,0.0052341986455981945
river,2021-08-04,nitrate,0.005304740406320542
river,2021-08-05,nitrate,0.0050978179082016555
river,2021-08-06,nitrate,0.004890895410082769
river,2021-08-07,nitrate,0.0046839729119638835
river,2021-08-08,nitrate,0.004477050413844996
river,2021-08-09,nitrate,0.004270127915726111
river,2021-08-10,nitrate,0.004063205417607224
river,2021-08-11,nitrate,0.004176072234762979
river,2021-08-12,nitrate,0.004288939051918736
river,2021-08-13,nitrate,0.004401805869074492
river,2021-08-14,nitrate,0.004514672686230249
river,2021-08-15,nitrate,0.004627539503386005
river,2021-08-16,nitrate,0.0047404063205417615
river,2021-08-17,nitrate,0.004853273137697517
river,2021-08-18,nitrate,0.004917768461786521
river,2021-08-19,nitrate,0.004982263785875524
river,2021-08-20,nitrate,0.0050467591099645276
river,2021-08-21,nitrate,0.005111254434053531
river,2021-08-22,nitrate,0.005175749758142534
river,2021-08-23,nitrate,0.0052402450822315386
river,2021-08-24,nitrate,0.005304740406320542
river,2021-08-25,nitrate,0.00525457737647354
river,2021-08-26,nitrate,0.0052044143466265375
river,2021-08-27,nitrate,0.005154251316779534
river,2021-08-28,nitrate,0.00510408828693253
river,2021-08-29,nitrate,0.005053925257085528
river,2021-08-30,nitrate,0.005003762227238526
river,2021-08-31,nitrate,0.004953599197391523
river,2021-09-01,nitrate,0.0049034361675445205
river,2021-09-02,nitrate,0.004853273137697517
river,2021-09-03,nitrate,0.004943566591422122
river,2021-09-04,nitrate,0.005033860045146727
river,2021-09-05,nitrate,0.0051241534988713325
river,2021-09-06,nitrate,0.005214446952595938
river,2021-09-07,nitrate,0.005304740406320542
river,2021-09-08,nitrate,0.005248306997742664
river,2021-09-09,nitrate,0.005191873589164786
river,2021-09-10,nitrate,0.005135440180586908
river,2021-09-11,nitrate,0.005079006772021029
river,2021-09-12,nitrate,0.005022573363431151
river,2021-09-13,nitrate,0.004966139954853273
river,2021-09-14,nitrate,0.004909706546275395
river,2021-09-15,nitrate,0.004853273137697517
river,2021-09-16,nitrate,0.0049500161238310225
river,2021-09-17,nitrate,0.0050467591099645276
river,2021-09-18,nitrate,0.005143502096098033
river,2021-09-19,nitrate,0.0052402450822315386
river,2021-09-20,nitrate,0.005336988068365044
river,2021-09-21,nitrate,0.005433731054498549
river,2021-09-22,nitrate,0.005530474040632055
river,2021-09-23,nitrate,0.005546597871654306
river,2021-09-24,nitrate,0.005562721702676556
river,2021-09-25,nitrate,0.005578845533698808
river,2021-09-26,nitrate,0.005594969364721058
river,2021-09-27,nitrate,0.00561109319574331
river,2021-09-28,nitrate,0.00562721702676556
river,2021-09-29,nitrate,0.005643340857787811
river,2021-09-30,nitrate,0.005662151993980437
river,2021-10-01,nitrate,0.005680963130173063
river,2021-10-02,nitrate,0.005699774266365689
river,2021-10-03,nitrate,0.005718585402558315
river,2021-10-04,nitrate,0.005737396538750941
river,2021-10-05,nitrate,0.005756207674943567
river,2021-10-06,nitrate,0.005799379232505644
river,2021-10-07,nitrate,0.005842550790067721
river,2021-10-08,nitrate,0.005885722347629797
river,2021-10-09,nitrate,0.005928893905191874
river,2021-10-10,nitrate,0.005972065462753951
river,2021-10-11,nitrate,0.006015237020316028
river,2021-10-12,nitrate,0.006058408577878104
river,2021-10-13,nitrate,0.006101580135440181
river,2021-10-14,nitrate,0.006035794904869398
river,2021-10-15,nitrate,0.0059700096742986136
river,2021-10-16,nitrate,0.00590422444372783
river,2021-10-17,nitrate,0.005838439213157047
river,2021-10-18,nitrate,0.005772653982586263
river,2021-10-19,nitrate,0.005706868752015479
river,2021-10-20,nitrate,0.0056410835214446954
river,2021-10-21,nitrate,0.0057007416962270244
river,2021-10-22,nitrate,0.0057603998710093526
river,2021-10-23,nitrate,0.005820058045791681
river,2021-10-24,nitrate,0.005879716220574009
river,2021-10-25,nitrate,0.005939374395356337
river,2021-10-26,nitrate,0.005999032570138665
river,2021-10-27,nitrate,0.006058690744920993
river,2021-10-28,nitrate,0.005939051918735892
river,2021-10-29,nitrate,0.005819413092550791
river,2021-10-30,nitrate,0.005699774266365689
river,2021-10-31,nitrate,0.005580135440180587
river,2021-11-01,nitrate,0.005460496613995486
river,2021-11-02,nitrate,0.005340857787810384
river,2021-11-03,nitrate,0.005221218961625282
river,2021-11-04,nitrate,0.0052560464366333435
river,2021-11-05,nitrate,0.005290873911641407
river,2021-11-06,nitrate,0.005325701386649468
river,2021-11-07,nitrate,0.005360528861657531
river,2021-11-08,nitrate,0.0053953563366655926
river,2021-11-09,nitrate,0.005430183811673654
river,2021-11-10,nitrate,0.005465011286681716
river,2021-11-11,nitrate,0.00573395678813286
river,2021-11-12,nitrate,0.006002902289584006
river,2021-11-13,nitrate,0.00627184779103515
river,2021-11-14,nitrate,0.006540793292486294
river,2021-11-15,nitrate,0.00680973879393744
river,2021-11-16,nitrate,0.007078684295388585
river,2021-11-17,nitrate,0.007347629796839728
river,2021-11-18,nitrate,0.0072789422766849415
river,2021-11-19,nitrate,0.007210254756530152
river,2021-11-20,nitrate,0.0071415672363753634
river,2021-11-21,nitrate,0.007072879716220574
river,2021-11-22,nitrate,0.007004192196065786
river,2021-11-23,nitrate,0.006935504675910997
river,2021-11-24,nitrate,0.006866817155756209
river,2021-11-25,nitrate,0.006852628184456627
river,2021-11-26,nitrate,0.0068384392131570475
river,2021-11-27,nitrate,0.006824250241857466
river,2021-11-28,nitrate,0.006810061270557885
river,2021-11-29,nitrate,0.006795872299258304
river,2021-11-30,nitrate,0.006781683327958724
river,2021-12-01,nitrate,0.006767494356659143
river,2021-12-02,nitrate,0.00661044824250242
river,2021-12-03,nitrate,0.006453402128345696
river,2021-12-04,nitrate,0.0062963560141889715
river,2021-12-05,nitrate,0.006139309900032248
river,2021-12-06,nitrate,0.005982263785875524
river,2021-12-07,nitrate,0.005825217671718801
river,2021-12-08,nitrate,0.005668171557562077
river,2021-12-09,nitrate,0.005863995485327314
river,2021-12-10,nitrate,0.006059819413092552
river,2021-12-11,nitrate,0.006255643340857787
river,2021-12-12,nitrate,0.006451467268623025
river,2021-12-13,nitrate,0.006647291196388262
river,2021-12-14,nitrate,0.0068431151241534986
river,2021-12-15,nitrate,0.007038939051918736
river,2021-12-16,nitrate,0.0072347629796839725
river,2021-12-17,nitrate,0.0072405191873589165
river,2021-12-18,nitrate,0.00724627539503386
river,2021-12-19,nitrate,0.007252031602708805
river,2021-12-20,nitrate,0.007257787810383748
river,2021-12-21,nitrate,0.007263544018058691
river,2021-12-22,nitrate,0.007269300225733633
river,2021-12-23,nitrate,0.007275056433408578
river,2021-12-24,nitrate,0.0072808126410835216
river,2021-12-25,nitrate,0.0072865688487584665
river,2021-12-26,nitrate,0.007292325056433409
river,2021-12-27,nitrate,0.007298081264108352
river,2021-12-28,nitrate,0.007303837471783297
river,2021-12-29,nitrate,0.00730959367945824
river,2021-12-30,nitrate,0.007315349887133184
river,2021-12-31,nitrate,0.0073211060948081275
river,2022-01-01,nitrate,0.007326862302483071
river,2022-01-02,nitrate,0.007332618510158014
river,2022-01-03,nitrate,0.007338374717832958
river,2022-01-04,nitrate,0.007344130925507901
river,2022-01-05,nitrate,0.007349887133182846
river,2022-01-06,nitrate,0.007391164140599808
river,2022-01-07,nitrate,0.0074324411480167695
river,2022-01-08,nitrate,0.007473718155433733
river,2022-01-09,nitrate,0.007514995162850695
river,2022-01-10,nitrate,0.007556272170267658
river,2022-01-11,nitrate,0.007597549177684618
river,2022-01-12,nitrate,0.007638826185101581
river,2022-01-13,nitrate,0.007441148016768785
river,2022-01-14,nitrate,0.00724346984843599
river,2022-01-15,nitrate,0.007045791680103193
river,2022-01-16,nitrate,0.006848113511770397
river,2022-01-17,nitrate,0.006650435343437602
river,2022-01-18,nitrate,0.0064527571751048065
river,2022-01-19,nitrate,0.00625507900677201
river,2022-01-20,nitrate,0.006307320219284102
river,2022-01-21,nitrate,0.006359561431796196
river,2022-01-22,nitrate,0.0064118026443082884
river,2022-01-23,nitrate,0.006464043856820381
river,2022-01-24,nitrate,0.006516285069332473
river,2022-01-25,nitrate,0.006568526281844567
river,2022-01-26,nitrate,0.006620767494356659
river,2022-01-27,nitrate,0.006690744920993227
river,2022-01-28,nitrate,0.006760722347629798
river,2022-01-29,nitrate,0.006830699774266365
river,2022-01-30,nitrate,0.006900677202102935
river,2022-01-31,nitrate,0.0069706546275395045
river,2022-02-01,nitrate,0.007040632054176072
river,2022-02-02,nitrate,0.007110609480812642
river,2022-02-03,nitrate,0.007108029667849082
river,2022-02-04,nitrate,0.007105449854885521
river,2022-02-05,nitrate,0.007102870041921962
river,2022-02-06,nitrate,0.0071002902289584
river,2022-02-07,nitrate,0.00709771041599484
river,2022-02-08,nitrate,0.007095130603031282
river,2022-02-09,nitrate,0.007092550790067722
river,2022-02-10,nitrate,0.007101580135440181
river,2022-02-11,nitrate,0.007110609480812642
river,2022-02-12,nitrate,0.007119638826185101
river,2022-02-13,nitrate,0.007128668171557564
river,2022-02-14,nitrate,0.007137697516930023
river,2022-02-15,nitrate,0.007146726862302484
river,2022-02-16,nitrate,0.007155756207674944
river,2022-02-17,nitrate,0.007052241212512094
river,2022-02-18,nitrate,0.0069487262173492425
river,2022-02-19,nitrate,0.006845211222186393
river,2022-02-20,nitrate,0.006741696227023541
river,2022-02-21,nitrate,0.0066381812318606894
river,2022-02-22,nitrate,0.00653466623669784
river,2022-02-23,nitrate,0.006431151241534989
river,2022-02-24,nitrate,0.006258626249596905
river,2022-02-25,nitrate,0.00608610125765882
river,2022-02-26,nitrate,0.005913576265720736
river,2022-02-27,nitrate,0.005741051273782651
river,2022-02-28,nitrate,0.005568526281844567
river,2022-03-01,nitrate,0.005396001289906483
river,2022-03-02,nitrate,0.005223476297968398
river,2022-03-03,nitrate,0.00544018058690745
river,2022-03-04,nitrate,0.005656884875846501
river,2022-03-05,nitrate,0.0058735891647855535
river,2022-03-06,nitrate,0.006090293453724606
river,2022-03-07,nitrate,0.006306997742663657
river,2022-03-08,nitrate,0.006523702031602709
river,2022-03-09,nitrate,0.0067404063205417615
river,2022-03-10,nitrate,0.006751693002257336
river,2022-03-11,nitrate,0.006762979683972913
river,2022-03-12,nitrate,0.006774266365688488
river,2022-03-13,nitrate,0.006785553047404064
river,2022-03-14,nitrate,0.0067968397291196395
river,2022-03-15,nitrate,0.006808126410835215
river,2022-03-16,nitrate,0.006819413092550791
river,2022-03-17,nitrate,0.006687842631409224
river,2022-03-18,nitrate,0.006556272170267656
river,2022-03-19,nitrate,0.006424701709126089
river,2022-03-20,nitrate,0.006293131247984521
river,2022-03-21,nitrate,0.0061615607868429545
river,2022-03-22,nitrate,0.006029990325701387
river,2022-03-23,nitrate,0.00589841986455982
river,2022-03-24,nitrate,0.005875201547887779
river,2022-03-25,nitrate,0.0058519832312157365
river,2022-03-26,nitrate,0.005828764914543696
river,2022-03-27,nitrate,0.005805546597871655
river,2022-03-28,nitrate,0.005782328281199614
river,2022-03-29,nitrate,0.0057591099645275725
river,2022-03-30,nitrate,0.005735891647855531
river,2022-03-31,nitrate,0.00571267333118349
river,2022-04-01,nitrate,0.005689455014511448
river,2022-04-02,nitrate,0.005666236697839407
river,2022-04-03,nitrate,0.005643018381167366
river,2022-04-04,nitrate,0.005619800064495325
river,2022-04-05,nitrate,0.005596581747823283
river,2022-04-06,nitrate,0.005573363431151242
river,2022-04-07,nitrate,0.005715253144147051
river,2022-04-08,nitrate,0.0058571428571428585
river,2022-04-09,nitrate,0.005999032570138666
river,2022-04-10,nitrate,0.006140922283134473
river,2022-04-11,nitrate,0.006282811996130282
river,2022-04-12,nitrate,0.006424701709126089
river,2022-04-13,nitrate,0.0065665914221218966
river,2022-04-14,nitrate,0.006566309255079008
river,2022-04-15,nitrate,0.006566027088036118
river,2022-04-16,nitrate,0.006565744920993229
river,2022-04-17,nitrate,0.006565462753950339
river,2022-04-18,nitrate,0.006565180586907449
river,2022-04-19,nitrate,0.00656489841986456
river,2022-04-20,nitrate,0.00656461625282167
river,2022-04-21,nitrate,0.0065643340857787814
river,2022-04-22,nitrate,0.006524454477050414
river,2022-04-23,nitrate,0.006484574868322047
river,2022-04-24,nitrate,0.006444695259593679
river,2022-04-25,nitrate,0.006404815650865312
river,2022-04-26,nitrate,0.006364936042136945
river,2022-04-27,nitrate,0.006325056433408578
river,2022-04-28,nitrate,0.006248306997742664
river,2022-04-29,nitrate,0.00617155756207675
river,2022-04-30,nitrate,0.006094808126410836
river,2022-05-01,nitrate,0.006018058690744921
river,2022-05-02,nitrate,0.005941309255079007
river,2022-05-03,nitrate,0.005864559819413093
river,2022-05-04,nitrate,0.005787810383747179
river,2022-05-05,nitrate,0.005920993227990971
river,2022-05-06,nitrate,0.006054176072234763
river,2022-05-07,nitrate,0.006187358916478556
river,2022-05-08,nitrate,0.006320541760722348
river,2022-05-09,nitrate,0.006453724604966141
river,2022-05-10,nitrate,0.006586907449209933
river,2022-05-11,nitrate,0.0067202102934537255
river,2022-05-12,nitrate,0.006679780715898098
river,2022-05-13,nitrate,0.00663947113834247
river,2022-05-14,nitrate,0.006599161560786844
river,2022-05-15,nitrate,0.006558851983231216
river,2022-05-16,nitrate,0.006518542405675589
river,2022-05-17,nitrate,0.006478232828119961
river,2022-05-18,nitrate,0.006437923250564335
river,2022-05-19,nitrate,0.006374435665914222
river,2022-05-20,nitrate,0.0063109480812641085
river,2022-05-21,nitrate,0.006247460496613995
river,2022-05-22,nitrate,0.006183972911963883
river,2022-05-23,nitrate,0.00612048532731377
river,2022-05-24,nitrate,0.006056997742663657
river,2022-05-25,nitrate,0.005993510158013544
river,2022-05-26,nitrate,0.005930022573363432
river,2022-05-27,nitrate,0.005951306030312803
river,2022-05-28,nitrate,0.005972589487262174
river,2022-05-29,nitrate,0.005993872944211545
river,2022-05-30,nitrate,0.006015156401160917
river,2022-05-31,nitrate,0.006036439858110288
river,2022-06-01,nitrate,0.006057723315059658
river,2022-06-02,nitrate,0.006079006772021029
river,2022-06-03,nitrate,0.0060432656132430405
river,2022-06-04,nitrate,0.006007524454477051
river,2022-06-05,nitrate,0.005971783295711061
river,2022-06-06,nitrate,0.0059360421369450715
river,2022-06-07,nitrate,0.005900300978179083
river,2022-06-08,nitrate,0.005864559819413093
river,2022-06-09,nitrate,0.005787810383747179
river,2022-06-10,nitrate,0.005711060948081264
river,2022-06-11,nitrate,0.005634311512415351
river,2022-06-12,nitrate,0.005557562076749437
river,2022-06-13,nitrate,0.005480812641083522
river,2022-06-14,nitrate,0.005404063205417608
river,2022-06-15,nitrate,0.005327313769751694
river,2022-06-16,nitrate,0.005290551435020962
river,2022-06-17,nitrate,0.005253789100290229
river,2022-06-18,nitrate,0.005217026765559497
river,2022-06-19,nitrate,0.005180264430828765
river,2022-06-20,nitrate,0.0051435020960980335
river,2022-06-21,nitrate,0.005106739761367301
river,2022-06-22,nitrate,0.00506997742663657
river,2022-06-23,nitrate,0.005114479200257982
river,2022-06-24,nitrate,0.005158980973879394
river,2022-06-25,nitrate,0.005203482747500807
river,2022-06-26,nitrate,0.005247984521122219
river,2022-06-27,nitrate,0.005292486294743631
river,2022-06-28,nitrate,0.005336988068365044
river,2022-06-29,nitrate,0.005381489841986456
river,2022-06-30,nitrate,0.005346662366978394
river,2022-07-01,nitrate,0.005311834891970332
river,2022-07-02,nitrate,0.0052770074169622705
river,2022-07-03,nitrate,0.0052421799419542095
river,2022-07-04,nitrate,0.005207352466946148
river,2022-07-05,nitrate,0.005172524991938085
river,2022-07-06,nitrate,0.005137697516930023
river,2022-07-07,nitrate,0.005081909061593035
river,2022-07-08,nitrate,0.005026120606256047
river,2022-07-09,nitrate,0.004970332150919059
river,2022-07-10,nitrate,0.0049145436955820715
river,2022-07-11,nitrate,0.004858755240245083
river,2022-07-12,nitrate,0.004802966784908095
river,2022-07-13,nitrate,0.004747178329571107
river,2022-07-14,nitrate,0.004844996237772762
river,2022-07-15,nitrate,0.004942814145974418
river,2022-07-16,nitrate,0.005040632054176072
river,2022-07-17,nitrate,0.005138449962377728
river,2022-07-18,nitrate,0.005236267870579384
river,2022-07-19,nitrate,0.0053340857787810385
river,2022-07-20,nitrate,0.005382900677202103
river,2022-07-21,nitrate,0.005431715575620768
river,2022-07-22,nitrate,0.005480530474040632
river,2022-07-23,nitrate,0.005529345372460497
river,2022-07-24,nitrate,0.005578160270880362
river,2022-07-25,nitrate,0.005626975169300226
river,2022-07-26,nitrate,0.005675790067720212
river,2022-07-27,nitrate,0.005724604966139956
river,2022-07-28,nitrate,0.0056236697839406645
river,2022-07-29,nitrate,0.005522734601741374
river,2022-07-30,nitrate,0.005421799419542083
river,2022-07-31,nitrate,0.005320864237342794
river,2022-08-01,nitrate,0.0052199290551435025
river,2022-08-02,nitrate,0.005118993872944212
river,2022-08-03,nitrate,0.005018058690744921
river,2022-08-04,nitrate,0.005035149951628508
river,2022-08-05,nitrate,0.005052241212512094
river,2022-08-06,nitrate,0.00506933247339568
river,2022-08-07,nitrate,0.005086423734279265
river,2022-08-08,nitrate,0.005103514995162851
river,2022-08-09,nitrate,0.005120606256046437
river,2022-08-10,nitrate,0.005137697516930023
river,2022-08-11,nitrate,0.005234118026443084
river,2022-08-12,nitrate,0.005330538535956143
river,2022-08-13,nitrate,0.005426959045469204
river,2022-08-14,nitrate,0.005523379554982264
river,2022-08-15,nitrate,0.005619800064495325
river,2022-08-16,nitrate,0.005716220574008385
river,2022-08-17,nitrate,0.005812641083521445
river,2022-08-18,nitrate,0.005751693002257337
river,2022-08-19,nitrate,0.005690744920993228
river,2022-08-20,nitrate,0.00562979683972912
river,2022-08-21,nitrate,0.005568848758465011
river,2022-08-22,nitrate,0.005507900677202103
river,2022-08-23,nitrate,0.005446952595936794
river,2022-08-24,nitrate,0.005386004514672686
river,2022-08-25,nitrate,0.005174459851660755
river,2022-08-26,nitrate,0.004962915188648823
river,2022-08-27,nitrate,0.004751370525636891
river,2022-08-28,nitrate,0.00453982586262496
river,2022-08-29,nitrate,0.004328281199613029
river,2022-08-30,nitrate,0.004116736536601097
river,2022-08-31,nitrate,0.003905191873589165
river,2022-09-01,nitrate,0.004057938299473289
river,2022-09-02,nitrate,0.004210684725357412
river,2022-09-03,nitrate,0.004363431151241535
river,2022-09-04,nitrate,0.0045161775771256595
river,2022-09-05,nitrate,0.004668924003009782
river,2022-09-06,nitrate,0.004821670428893906
river,2022-09-07,nitrate,0.004937923250564335
river,2022-09-08,nitrate,0.005054176072234763
river,2022-09-09,nitrate,0.005170428893905192
river,2022-09-10,nitrate,0.005286681715575622
river,2022-09-11,nitrate,0.00540293453724605
river,2022-09-12,nitrate,0.005519187358916479
river,2022-09-13,nitrate,0.005635440180586908
river,2022-09-14,nitrate,0.005751693002257337
river,2022-09-15,nitrate,0.0056833279587229935
river,2022-09-16,nitrate,0.00561496291518865
river,2022-09-17,nitrate,0.005546597871654306
river,2022-09-18,nitrate,0.005478232828119961
river,2022-09-19,nitrate,0.0054098677845856175
river,2022-09-20,nitrate,0.005341502741051274
river,2022-09-21,nitrate,0.00527313769751693
river,2022-09-22,nitrate,0.005386649467913576
river,2022-09-23,nitrate,0.005500161238310223
river,2022-09-24,nitrate,0.005613673008706869
river,2022-09-25,nitrate,0.005727184779103515
river,2022-09-26,nitrate,0.005840696549500161
river,2022-09-27,nitrate,0.005954208319896809
river,2022-09-28,nitrate,0.0060677202102934545
river,2022-09-29,nitrate,0.006053853595614318
river,2022-09-30,nitrate,0.006039987100935183
river,2022-10-01,nitrate,0.0060261206062560465
river,2022-10-02,nitrate,0.006012254111576911
river,2022-10-03,nitrate,0.005998387616897775
river,2022-10-04,nitrate,0.005984521122218639
river,2022-10-05,nitrate,0.0059706546275395045
river,2022-10-06,nitrate,0.00589584005159626
river,2022-10-07,nitrate,0.005821025475653016
river,2022-10-08,nitrate,0.005746210899709772
river,2022-10-09,nitrate,0.005671396323766527
river,2022-10-10,nitrate,0.005596581747823283
river,2022-10-11,nitrate,0.005521767171880039
river,2022-10-12,nitrate,0.005446952595936794
river,2022-10-13,nitrate,0.005493389229280878
river,2022-10-14,nitrate,0.00553982586262496
river,2022-10-15,nitrate,0.0055862624959690434
river,2022-10-16,nitrate,0.005632699129313125
river,2022-10-17,nitrate,0.005679135762657208
river,2022-10-18,nitrate,0.00572557239600129
river,2022-10-19,nitrate,0.005772021029345373
river,2022-10-20,nitrate,0.005845856175427282
river,2022-10-21,nitrate,0.005919703321509191
river,2022-10-22,nitrate,0.0059935504675911
river,2022-10-23,nitrate,0.0060673976136730095
river,2022-10-24,nitrate,0.006141244759754918
river,2022-10-25,nitrate,0.006215091905836827
river,2022-10-26,nitrate,0.006288939051918736
river,2022-10-27,nitrate,0.00626088358594002
river,2022-10-28,nitrate,0.006232828119961303
river,2022-10-29,nitrate,0.006204772653982587
river,2022-10-30,nitrate,0.006176717188003869
river,2022-10-31,nitrate,0.006148661722025154
river,2022-11-01,nitrate,0.006120606256046437
river,2022-11-02,nitrate,0.006092550790067721
river,2022-11-03,nitrate,0.0060635278942276685
river,2022-11-04,nitrate,0.006034504998387617
river,2022-11-05,nitrate,0.006005482102547565
river,2022-11-06,nitrate,0.005976459206707514
river,2022-11-07,nitrate,0.005947436310867462
river,2022-11-08,nitrate,0.005918413415027412
river,2022-11-09,nitrate,0.00588939051918736
river,2022-11-10,nitrate,0.005920670751370526
river,2022-11-11,nitrate,0.005951950983553693
river,2022-11-12,nitrate,0.005983231215736859
river,2022-11-13,nitrate,0.006014511447920026
river,2022-11-14,nitrate,0.0060457916801031925
river,2022-11-15,nitrate,0.00607707191228636
river,2022-11-16,nitrate,0.006108352144469527
river,2022-11-17,nitrate,0.006186391486617221
river,2022-11-18,nitrate,0.006264430828764915
river,2022-11-19,nitrate,0.006342470170912609
river,2022-11-20,nitrate,0.006420509513060304
river,2022-11-21,nitrate,0.006498548855207998
river,2022-11-22,nitrate,0.006576588197355692
river,2022-11-23,nitrate,0.006654627539503387
river,2022-11-24,nitrate,0.0067184779103515
river,2022-11-25,nitrate,0.006782328281199614
river,2022-11-26,nitrate,0.006846178652047727
river,2022-11-27,nitrate,0.006910029022895841
river,2022-11-28,nitrate,0.006973879393743954
river,2022-11-29,nitrate,0.007037729764592068
river,2022-11-30,nitrate,0.007101580135440181
river,2022-12-01,nitrate,0.007116091583360206
river,2022-12-02,nitrate,0.007130603031280233
river,2022-12-03,nitrate,0.007145114479200259
river,2022-12-04,nitrate,0.007159625927120285
river,2022-12-05,nitrate,0.00717413737504031
river,2022-12-06,nitrate,0.007188648822960337
river,2022-12-07,nitrate,0.007203160270880362
river,2022-12-08,nitrate,0.007159303450499839
river,2022-12-09,nitrate,0.007115446630119318
river,2022-12-10,nitrate,0.007071589809738795
river,2022-12-11,nitrate,0.0070277329893582725
river,2022-12-12,nitrate,0.00698387616897775
river,2022-12-13,nitrate,0.006940019348597228
river,2022-12-14,nitrate,0.006896162528216705
river,2022-12-15,nitrate,0.0068545630441792975
river,2022-12-16,nitrate,0.006812963560141891
river,2022-12-17,nitrate,0.006771364076104483
river,2022-12-18,nitrate,0.006729764592067076
river,2022-12-19,nitrate,0.006688165108029669
river,2022-12-20,nitrate,0.006646565623992262
river,2022-12-21,nitrate,0.006604966139954854
river,2022-12-22,nitrate,0.00667155756207675
river,2022-12-23,nitrate,0.006738148984198646
river,2022-12-24,nitrate,0.006804740406320543
river,2022-12-25,nitrate,0.006871331828442438
river,2022-12-26,nitrate,0.006937923250564334
river,2022-12-27,nitrate,0.007004514672686231
river,2022-12-28,nitrate,0.007071106094808128
river,2022-12-29,nitrate,0.007137697516930023
river,2022-12-30,nitrate,0.007204288939051919
river,2022-12-31,nitrate,0.007270880361173816
river,2023-01-01,nitrate,0.007337471783295713
river,2023-01-02,nitrate,0.007404063205417606
river,2023-01-03,nitrate,0.007470654627539504
river,2023-01-04,nitrate,0.007537246049661401
river,2023-01-05,nitrate,0.007619155111254435
river,2023-01-06,nitrate,0.007701064172847469
river,2023-01-07,nitrate,0.007782973234440504
river,2023-01-08,nitrate,0.007864882296033538
river,2023-01-09,nitrate,0.007946791357626572
river,2023-01-10,nitrate,0.008028700419219607
river,2023-01-11,nitrate,0.008110609480812643
river,2023-01-12,nitrate,0.007964205095130603
river,2023-01-13,nitrate,0.007817800709448564
river,2023-01-14,nitrate,0.007671396323766526
river,2023-01-15,nitrate,0.00752499193808449
river,2023-01-16,nitrate,0.007378587552402452
river,2023-01-17,nitrate,0.007232183166720413
river,2023-01-18,nitrate,0.0070857787810383755
river,2023-01-19,nitrate,0.007148661722025154
river,2023-01-20,nitrate,0.007211544663011933
river,2023-01-21,nitrate,0.007274427603998711
river,2023-01-22,nitrate,0.007337310544985489
river,2023-01-23,nitrate,0.007400193485972269
river,2023-01-24,nitrate,0.007463076426959047
river,2023-01-25,nitrate,0.0075259593679458245
river,2023-01-26,nitrate,0.007536601096420512
river,2023-01-27,nitrate,0.0075472428248951956
river,2023-01-28,nitrate,0.007557884553369881
river,2023-01-29,nitrate,0.007568526281844568
river,2023-01-30,nitrate,0.007579168010319254
river,2023-01-31,nitrate,0.007589809738793938
river,2023-02-01,nitrate,0.007600451467268625
river,2023-02-02,nitrate,0.0075282167042889404
river,2023-02-03,nitrate,0.007455981941309257
river,2023-02-04,nitrate,0.007383747178329572
river,2023-02-05,nitrate,0.007311512415349888
river,2023-02-06,nitrate,0.0072392776523702036
river,2023-02-07,nitrate,0.00716704288939052
river,2023-02-08,nitrate,0.007094808126410836
river,2023-02-09,nitrate,0.007011286681715577
river,2023-02-10,nitrate,0.006927765237020317
river,2023-02-11,nitrate,0.006844243792325057
river,2023-02-12,nitrate,0.006760722347629798
river,2023-02-13,nitrate,0.006677202102934538
river,2023-02-14,nitrate,0.006593679458239278
river,2023-02-15,nitrate,0.0065976297968397294
river,2023-02-16,nitrate,0.006601580135440181
river,2023-02-17,nitrate,0.006605530474040633
river,2023-02-18,nitrate,0.006609480812641084
river,2023-02-19,nitrate,0.006613431151241535
river,2023-02-20,nitrate,0.006617381489841987
river,2023-02-21,nitrate,0.006621331828442439
river,2023-02-22,nitrate,0.00662528216704289
river,2023-02-23,nitrate,0.006668816510802968
river,2023-02-24,nitrate,0.006712350854563045
river,2023-02-25,nitrate,0.006755885198323123
river,2023-02-26,nitrate,0.006799419542083199
river,2023-02-27,nitrate,0.006842953885843277
river,2023-02-28,nitrate,0.006886488229603354
river,2023-03-01,nitrate,0.006930022573363432
river,2023-03-02,nitrate,0.007028700419219607
river,2023-03-03,nitrate,0.007127378265075783
river,2023-03-04,nitrate,0.007226056110931957
river,2023-03-05,nitrate,0.007324733956788132
river,2023-03-06,nitrate,0.007423411802644309
river,2023-03-07,nitrate,0.007522089648500483
river,2023-03-08,nitrate,0.007620767494356659
river,2023-03-09,nitrate,0.007578523057078361
river,2023-03-10,nitrate,0.007536278619800066
river,2023-03-11,nitrate,0.007494034182521767
river,2023-03-12,nitrate,0.0074517897452434706
river,2023-03-13,nitrate,0.007409545307965173
river,2023-03-14,nitrate,0.007367300870686877
river,2023-03-15,nitrate,0.00732505643340858
river,2023-03-16,nitrate,0.007255401483392456
river,2023-03-17,nitrate,0.007185746533376331
river,2023-03-18,nitrate,0.007116091583360206
river,2023-03-19,nitrate,0.0070464366333440834
river,2023-03-20,nitrate,0.00697678168332796
river,2023-03-21,nitrate,0.006907126733311835
river,2023-03-22,nitrate,0.006837471783295712
river,2023-03-23,nitrate,0.006791357626572074
river,2023-03-24,nitrate,0.006745243469848437
river,2023-03-25,nitrate,0.006699129313124799
river,2023-03-26,nitrate,0.006653015156401161
river,2023-03-27,nitrate,0.006606900999677524
river,2023-03-28,nitrate,0.006560786842953886
river,2023-03-29,nitrate,0.006514672686230249
river,2023-03-30,nitrate,0.006488552079974202
river,2023-03-31,nitrate,0.006462431473718156
river,2023-04-01,nitrate,0.00643631086746211
river,2023-04-02,nitrate,0.0064101902612060625
river,2023-04-03,nitrate,0.006384069654950017
river,2023-04-04,nitrate,0.006357949048693971
river,2023-04-05,nitrate,0.006331828442437924
river,2023-04-06,nitrate,0.006282167042889392
river,2023-04-07,nitrate,0.006232505643340858
river,2023-04-08,nitrate,0.006182844243792326
river,2023-04-09,nitrate,0.006133182844243794
river,2023-04-10,nitrate,0.0060835214446952595
river,2023-04-11,nitrate,0.006033860045146727
river,2023-04-12,nitrate,0.006063487584650114
river,2023-04-13,nitrate,0.006093115124153499
river,2023-04-14,nitrate,0.006122742663656886
river,2023-04-15,nitrate,0.0061523702031602715
river,2023-04-16,nitrate,0.006181997742663658
river,2023-04-17,nitrate,0.006211625282167044
river,2023-04-18,nitrate,0.006241252821670429
river,2023-04-19,nitrate,0.006270880361173816
river,2023-04-20,nitrate,0.006203160270880362
river,2023-04-21,nitrate,0.006135440180586908
river,2023-04-22,nitrate,0.0060677202102934545
river,2023-04-23,nitrate,0.006000000000000001
river,2023-04-24,nitrate,0.005932279909706547
river,2023-04-25,nitrate,0.005864559819413093
river,2023-04-26,nitrate,0.0057968397291196395
river,2023-04-27,nitrate,0.00579877458884231
river,2023-04-28,nitrate,0.00580070944856498
river,2023-04-29,nitrate,0.00580264430828765
river,2023-04-30,nitrate,0.00580457916801032
river,2023-05-01,nitrate,0.005806514027732989
river,2023-05-02,nitrate,0.00580844888745566
river,2023-05-03,nitrate,0.005810383747178329
river,2023-05-04,nitrate,0.005803987960872837
river,2023-05-05,nitrate,0.005797592174567345
river,2023-05-06,nitrate,0.005791196388261852
river,2023-05-07,nitrate,0.0057848006019563586
river,2023-05-08,nitrate,0.005778404815650865
river,2023-05-09,nitrate,0.005772021029345373
river,2023-05-10,nitrate,0.005577878103837473
river,2023-05-11,nitrate,0.005383747178329572
river,2023-05-12,nitrate,0.005189616252821672
river,2023-05-13,nitrate,0.00499548532731377
river,2023-05-14,nitrate,0.00480135440180587
river,2023-05-15,nitrate,0.004607223476297969
river,2023-05-16,nitrate,0.0044130925507900685
river,2023-05-17,nitrate,0.004587753950338601
river,2023-05-18,nitrate,0.004762415349887134
river,2023-05-19,nitrate,0.004937076749435667
river,2023-05-20,nitrate,0.0051117381489841985
river,2023-05-21,nitrate,0.005286399548532731
river,2023-05-22,nitrate,0.005461060948081264
river,2023-05-23,nitrate,0.005635722347629797
river,2023-05-24,nitrate,0.005810383747178329
river,2023-05-25,nitrate,0.005807481457594324
river,2023-05-26,nitrate,0.00580457916801032
river,2023-05-27,nitrate,0.005801676878426314
river,2023-05-28,nitrate,0.00579877458884231
river,2023-05-29,nitrate,0.0057958722992583036
river,2023-05-30,nitrate,0.005792970009674299
river,2023-05-31,nitrate,0.005790067720210293
river,2023-06-01,nitrate,0.005732989358271526
river,2023-06-02,nitrate,0.005675910996452757
river,2023-06-03,nitrate,0.005618832634633989
river,2023-06-04,nitrate,0.005561754272815221
river,2023-06-05,nitrate,0.005504675910996453
river,2023-06-06,nitrate,0.0054475975491776844
river,2023-06-07,nitrate,0.0053905191873589164
river,2023-06-08,nitrate,0.005468881006127056
river,2023-06-09,nitrate,0.0055472428248951955
river,2023-06-10,nitrate,0.005625604643663335
river,2023-06-11,nitrate,0.005703966462431474
river,2023-06-12,nitrate,0.005782328281199613
river,2023-06-13,nitrate,0.005860690099967753
river,2023-06-14,nitrate,0.005939051918735892
river,2023-06-15,nitrate,0.005734279264753305
river,2023-06-16,nitrate,0.00552950661077072
river,2023-06-17,nitrate,0.005324733956788133
river,2023-06-18,nitrate,0.005119961302805547
river,2023-06-19,nitrate,0.004915188648822961
river,2023-06-20,nitrate,0.004710415994840375
river,2023-06-21,nitrate,0.004505643340857788
river,2023-06-22,nitrate,0.004633989035794905
river,2023-06-23,nitrate,0.004762334730732023
river,2023-06-24,nitrate,0.00489068042566914
river,2023-06-25,nitrate,0.005019026120606257
river,2023-06-26,nitrate,0.005147371815543373
river,2023-06-27,nitrate,0.005275717510480491
river,2023-06-28,nitrate,0.005404063205417608
river,2023-06-29,nitrate,0.005262818445662691
river,2023-06-30,nitrate,0.005121573685907772
river,2023-07-01,nitrate,0.004980328926152855
river,2023-07-02,nitrate,0.004839084166397936
river,2023-07-03,nitrate,0.004697839406643018
river,2023-07-04,nitrate,0.0045565946468881
river,2023-07-05,nitrate,0.004415349887133183
river,2023-07-06,nitrate,0.004553047404063205
river,2023-07-07,nitrate,0.004690744920993227
river,2023-07-08,nitrate,0.004828442437923251
river,2023-07-09,nitrate,0.004966139954853273
river,2023-07-10,nitrate,0.005103837471783296
river,2023-07-11,nitrate,0.005241534988713319
river,2023-07-12,nitrate,0.005379232505643342
river,2023-07-13,nitrate,0.005378910029022895
river,2023-07-14,nitrate,0.005378587552402451
river,2023-07-15,nitrate,0.005378265075782006
river,2023-07-16,nitrate,0.005377942599161561
river,2023-07-17,nitrate,0.005377620242541116
river,2023-07-18,nitrate,0.005377297645920672
river,2023-07-19,nitrate,0.005376975169300227
river,2023-07-20,nitrate,0.005411802644308288
river,2023-07-21,nitrate,0.00544663011931635
river,2023-07-22,nitrate,0.005481457594324412
river,2023-07-23,nitrate,0.005516285069332473
river,2023-07-24,nitrate,0.005551112544340535
river,2023-07-25,nitrate,0.005585940019348598
river,2023-07-26,nitrate,0.005620767494356659
river,2023-07-27,nitrate,0.005442437923250564
river,2023-07-28,nitrate,0.00526410835214447
river,2023-07-29,nitrate,0.0050857787810383755
river,2023-07-30,nitrate,0.00490744920993228
river,2023-07-31,nitrate,0.004729119638826185
river,2023-08-01,nitrate,0.004550790067720211
river,2023-08-02,nitrate,0.004372460496613996
river,2023-08-03,nitrate,0.004349887133182844
river,2023-08-04,nitrate,0.004327313769751694
river,2023-08-05,nitrate,0.004304740406320542
river,2023-08-06,nitrate,0.004282167042889392
river,2023-08-07,nitrate,0.0042595936794582396
river,2023-08-08,nitrate,0.004237020316027088
river,2023-08-09,nitrate,0.004214446952595938
river,2023-08-10,nitrate,0.004285069332473397
river,2023-08-11,nitrate,0.0043556917123508555
river,2023-08-12,nitrate,0.004426314092228314
river,2023-08-13,nitrate,0.004496936472105773
river,2023-08-14,nitrate,0.004567558851983232
river,2023-08-15,nitrate,0.004638181231860691
river,2023-08-16,nitrate,0.004708803611738149
river,2023-08-17,nitrate,0.004619155111254434
river,2023-08-18,nitrate,0.00452950661077072
river,2023-08-19,nitrate,0.004439858110287005
river,2023-08-20,nitrate,0.0043502096098032884
river,2023-08-21,nitrate,0.004260561109319574
river,2023-08-22,nitrate,0.004170912608835859
river,2023-08-23,nitrate,0.004081264108352144
river,2023-08-24,nitrate,0.004254434053531119
river,2023-08-25,nitrate,0.004427603998710093
river,2023-08-26,nitrate,0.004600773943889068
river,2023-08-27,nitrate,0.004773943889068042
river,2023-08-28,nitrate,0.004947113834247017
river,2023-08-29,nitrate,0.005120283779425992
river,2023-08-30,nitrate,0.005293453724604966
river,2023-08-31,nitrate,0.005289584005159626
river,2023-09-01,nitrate,0.005285714285714285
river,2023-09-02,nitrate,0.005281844566268945
river,2023-09-03,nitrate,0.005277974846823606
river,2023-09-04,nitrate,0.005274105127378266
river,2023-09-05,nitrate,0.005270235407932925
river,2023-09-06,nitrate,0.005266365688487585
river,2023-09-07,nitrate,0.005158013544018058
river,2023-09-08,nitrate,0.005049661399548533
river,2023-09-09,nitrate,0.004941309255079006
river,2023-09-10,nitrate,0.004832957110609481
river,2023-09-11,nitrate,0.004724604966139956
river,2023-09-12,nitrate,0.004616252821670429
river,2023-09-13,nitrate,0.004507900677202103
river,2023-09-14,nitrate,0.004599161560786843
river,2023-09-15,nitrate,0.004690422444372783
river,2023-09-16,nitrate,0.004781683327958723
river,2023-09-17,nitrate,0.0048729442115446634
river,2023-09-18,nitrate,0.004964205095130603
river,2023-09-19,nitrate,0.005055465978716544
river,2023-09-20,nitrate,0.005146726862302484
river,2023-09-21,nitrate,0.005174191121143717
river,2023-09-22,nitrate,0.005201655379984951
river,2023-09-23,nitrate,0.005229119638826185
river,2023-09-24,nitrate,0.00525658389766742
river,2023-09-25,nitrate,0.0052840481565086545
river,2023-09-26,nitrate,0.005311512415349888
river,2023-09-27,nitrate,0.005304740406320542
river,2023-09-28,nitrate,0.005297968397291197
river,2023-09-29,nitrate,0.005291196388261852
river,2023-09-30,nitrate,0.005284424379232506
river,2023-10-01,nitrate,0.0052776523702031605
river,2023-10-02,nitrate,0.005270880361173816
river,2023-10-03,nitrate,0.00526410835214447
river,2023-10-04,nitrate,0.0052573363431151245
river,2023-10-05,nitrate,0.005270880361173815
river,2023-10-06,nitrate,0.005284424379232506
river,2023-10-07,nitrate,0.005297968397291197
river,2023-10-08,nitrate,0.005311512415349888
river,2023-10-09,nitrate,0.005325056433408578
river,2023-10-10,nitrate,0.00533860045146727
river,2023-10-11,nitrate,0.00535214446952596
river,2023-10-12,nitrate,0.0053569816188326356
river,2023-10-13,nitrate,0.00536181876813931
river,2023-10-14,nitrate,0.005366655917445985
river,2023-10-15,nitrate,0.005371493066752661
river,2023-10-16,nitrate,0.0053763302160593366
river,2023-10-17,nitrate,0.005381167365366011
river,2023-10-18,nitrate,0.005386004514672686
river,2023-10-19,nitrate,0.005404708158658498
river,2023-10-20,nitrate,0.005423411802644309
river,2023-10-21,nitrate,0.00544211544663012
river,2023-10-22,nitrate,0.005460819090615931
river,2023-10-23,nitrate,0.005479522734601742
river,2023-10-24,nitrate,0.005498226378587553
river,2023-10-25,nitrate,0.005516930022573365
river,2023-10-26,nitrate,0.0055694937117059026
river,2023-10-27,nitrate,0.0056220574008384394
river,2023-10-28,nitrate,0.005674621089970977
river,2023-10-29,nitrate,0.005727184779103516
river,2023-10-30,nitrate,0.005779748468236054
river,2023-10-31,nitrate,0.005832312157368591
river,2023-11-01,nitrate,0.005884875846501129
river,2023-11-02,nitrate,0.00571138342470171
river,2023-11-03,nitrate,0.00553789100290229
river,2023-11-04,nitrate,0.005364398581102871
river,2023-11-05,nitrate,0.005190906159303451
river,2023-11-06,nitrate,0.005017413737504032
river,2023-11-07,nitrate,0.004843921315704612
river,2023-11-08,nitrate,0.004670428893905192
river,2023-11-09,nitrate,0.004860367623347308
river,2023-11-10,nitrate,0.005050306352789423
river,2023-11-11,nitrate,0.0052402450822315386
river,2023-11-12,nitrate,0.0054301838116736535
river,2023-11-13,nitrate,0.005620242541115769
river,2023-11-14,nitrate,0.005810061270557884
river,2023-11-15,nitrate,0.006
river,2023-11-16,nitrate,0.0060451467268623025
river,2023-11-17,nitrate,0.006090293453724606
river,2023-11-18,nitrate,0.006135440180586908
river,2023-11-19,nitrate,0.00618058690744921
river,2023-11-20,nitrate,0.006225733634311513
river,2023-11-21,nitrate,0.006270880361173816
river,2023-11-22,nitrate,0.006316027088036118
river,2023-11-23,nitrate,0.0062776523702031605
river,2023-11-24,nitrate,0.0062392776523702035
river,2023-11-25,nitrate,0.006202102934537246
river,2023-11-26,nitrate,0.0061625282167042895
river,2023-11-27,nitrate,0.006124153498871332
river,2023-11-28,nitrate,0.0060857787810383755
river,2023-11-29,nitrate,0.0060474040632054185
river,2023-11-30,nitrate,0.006213801999355047
river,2023-12-01,nitrate,0.006380199935504676
river,2023-12-02,nitrate,0.0065465978716543055
river,2023-12-03,nitrate,0.006712995807803935
river,2023-12-04,nitrate,0.006879393743953564
river,2023-12-05,nitrate,0.0070457916801031925
river,2023-12-06,nitrate,0.007212189616252822
river,2023-12-07,nitrate,0.007235085456304418
river,2023-12-08,nitrate,0.0072579812963560145
river,2023-12-09,nitrate,0.007280877136407611
river,2023-12-10,nitrate,0.007303772976459207
river,2023-12-11,nitrate,0.007326668816510804
river,2023-12-12,nitrate,0.0073495646565624
river,2023-12-13,nitrate,0.007372460496613995
river,2023-12-14,nitrate,0.007246425884123402
river,2023-12-15,nitrate,0.007120391271632807
river,2023-12-16,nitrate,0.006994356659142212
river,2023-12-17,nitrate,0.006868322046651619
river,2023-12-18,nitrate,0.0067422874341610236
river,2023-12-19,nitrate,0.006616252821670429
river,2023-12-20,nitrate,0.006579834462001505
river,2023-12-21,nitrate,0.0065434161023325815
river,2023-12-22,nitrate,0.006506997742663658
river,2023-12-23,nitrate,0.006470579382994733
river,2023-12-24,nitrate,0.00643416102332581
river,2023-12-25,nitrate,0.006397742663656885
river,2023-12-26,nitrate,0.006361324303987961
river,2023-12-27,nitrate,0.0063249059443190375
river,2023-12-28,nitrate,0.006288487584650114
river,2023-12-29,nitrate,0.006252069224981189
river,2023-12-30,nitrate,0.006215650865312266
river,2023-12-31,nitrate,0.006179232505643341
river,2024-01-01,nitrate,0.006142814145974417
river,2024-01-02,nitrate,0.0061063957863054935
river,2024-01-03,nitrate,0.00606997742663657
river,2024-01-04,nitrate,0.006251854240567559
river,2024-01-05,nitrate,0.00643373105449855
river,2024-01-06,nitrate,0.006615607868429539
river,2024-01-07,nitrate,0.00679748468236053
river,2024-01-08,nitrate,0.00697936149629152
river,2024-01-09,nitrate,0.007161238310222509
river,2024-01-10,nitrate,0.0073431151241535
river,2024-01-11,nitrate,0.00729119638826185
river,2024-01-12,nitrate,0.0072392776523702036
river,2024-01-13,nitrate,0.007187358916478556
river,2024-01-14,nitrate,0.007135440180586908
river,2024-01-15,nitrate,0.0070835214446952595
river,2024-01-16,nitrate,0.007031602708803613
river,2024-01-17,nitrate,0.0069760158013544024
river,2024-01-18,nitrate,0.006920428893905192
river,2024-01-19,nitrate,0.006864841986455983
river,2024-01-20,nitrate,0.006809255079006773
river,2024-01-21,nitrate,0.006753668171557562
river,2024-01-22,nitrate,0.006698081264108353
river,2024-01-23,nitrate,0.006642494356659143
river,2024-01-24,nitrate,0.006586907449209933
river,2024-01-25,nitrate,0.006645598194130927
river,2024-01-26,nitrate,0.00670428893905192
river,2024-01-27,nitrate,0.006762979683972913
river,2024-01-28,nitrate,0.006821670428893906
river,2024-01-29,nitrate,0.006880361173814899
river,2024-01-30,nitrate,0.006939051918735893
river,2024-01-31,nitrate,0.006997742663656885
river,2024-02-01,nitrate,0.0069712995807803945
river,2024-02-02,nitrate,0.006944856497903902
river,2024-02-03,nitrate,0.006918413415027412
river,2024-02-04,nitrate,0.0068919703321509195
river,2024-02-05,nitrate,0.006865527249274429
river,2024-02-06,nitrate,0.006839084166397937
river,2024-02-07,nitrate,0.006812641083521445
river,2024-02-08,nitrate,0.006783940664301838
river,2024-02-09,nitrate,0.0067552402450822314
river,2024-02-10,nitrate,0.006726539825862625
river,2024-02-11,nitrate,0.0066978394066430184
river,2024-02-12,nitrate,0.006669138987423412
river,2024-02-13,nitrate,0.006640438568203805
river,2024-02-14,nitrate,0.006611738148984199
river,2024-02-15,nitrate,0.006662366978394067
river,2024-02-16,nitrate,0.006712995807803935
river,2024-02-17,nitrate,0.006763624637213802
river,2024-02-18,nitrate,0.00681425346662367
river,2024-02-19,nitrate,0.006864882296033537
river,2024-02-20,nitrate,0.006915511125443406
river,2024-02-21,nitrate,0.006966139954853273
river,2024-02-22,nitrate,0.006928893905191874
river,2024-02-23,nitrate,0.0068916478555304745
river,2024-02-24,nitrate,0.006854401805869076
river,2024-02-25,nitrate,0.0068171557562076756
river,2024-02-26,nitrate,0.006779909706546275
river,2024-02-27,nitrate,0.006742663656884877
river,2024-02-28,nitrate,0.006718115124153499
river,2024-02-29,nitrate,0.006693566591422123
river,2024-03-01,nitrate,0.0066690180586907455
river,2024-03-02,nitrate,0.006644469525959369
river,2024-03-03,nitrate,0.006619920993227992
river,2024-03-04,nitrate,0.006595372460496614
river,2024-03-05,nitrate,0.006570823927765238
river,2024-03-06,nitrate,0.0065462753950338605
river,2024-03-07,nitrate,0.006494034182521768
river,2024-03-08,nitrate,0.006441792970009675
river,2024-03-09,nitrate,0.006389551757497581
river,2024-03-10,nitrate,0.006337310544985489
river,2024-03-11,nitrate,0.006285069332473396
river,2024-03-12,nitrate,0.006232828119961303
river,2024-03-13,nitrate,0.00618058690744921
river,2024-03-14,nitrate,0.006205417607223477
river,2024-03-15,nitrate,0.006230248306997743
river,2024-03-16,nitrate,0.006255079006772021
river,2024-03-17,nitrate,0.006279909706546276
river,2024-03-18,nitrate,0.006304740406320542
river,2024-03-19,nitrate,0.006329571106094808
river,2024-03-20,nitrate,0.006354401805869075
river,2024-03-21,nitrate,0.006255401483392454
river,2024-03-22,nitrate,0.006156401160915833
river,2024-03-23,nitrate,0.006057400838439213
river,2024-03-24,nitrate,0.005958400515962593
river,2024-03-25,nitrate,0.005859400193485972
river,2024-03-26,nitrate,0.0057603998710093526
river,2024-03-27,nitrate,0.0056613995485327315
river,2024-03-28,nitrate,0.0056601096420509514
river,2024-03-29,nitrate,0.005658819735569172
river,2024-03-30,nitrate,0.005657529829087391
river,2024-03-31,nitrate,0.005656239922605611
river,2024-04-01,nitrate,0.005654950016123831
river,2024-04-02,nitrate,0.005653660109642051
river,2024-04-03,nitrate,0.005652370203160271
river,2024-04-04,nitrate,0.005648500483714931
river,2024-04-05,nitrate,0.0056446307642695915
river,2024-04-06,nitrate,0.00564076104482425
river,2024-04-07,nitrate,0.00563689132537891
river,2024-04-08,nitrate,0.00563302160593357
river,2024-04-09,nitrate,0.005629151886488231
river,2024-04-10,nitrate,0.00562528216704289
river,2024-04-11,nitrate,0.0055862624959690434
river,2024-04-12,nitrate,0.0055472428248951955
river,2024-04-13,nitrate,0.0055082231538213485
river,2024-04-14,nitrate,0.005469203482747502
river,2024-04-15,nitrate,0.005430183811673654
river,2024-04-16,nitrate,0.005391164140599807
river,2024-04-17,nitrate,0.00535214446952596
river,2024-04-18,nitrate,0.005288616575298292
river,2024-04-19,nitrate,0.005225088681070623
river,2024-04-20,nitrate,0.0051615607868429544
river,2024-04-21,nitrate,0.005098032892615285
river,2024-04-22,nitrate,0.005034504998387617
river,2024-04-23,nitrate,0.0049709771041599495
river,2024-04-24,nitrate,0.00490744920993228
river,2024-04-25,nitrate,0.00499806514027733
river,2024-04-26,nitrate,0.00508868107062238
river,2024-04-27,nitrate,0.0051792970009674295
river,2024-04-28,nitrate,0.005269912931312481
river,2024-04-29,nitrate,0.005360528861657531
river,2024-04-30,nitrate,0.0054511447920025805
river,2024-05-01,nitrate,0.005541760722347631
river,2024-05-02,nitrate,0.005533698806836506
river,2024-05-03,nitrate,0.005525636891325379
river,2024-05-04,nitrate,0.005517574975814254
river,2024-05-05,nitrate,0.005509513060303129
river,2024-05-06,nitrate,0.005501451144792004
river,2024-05-07,nitrate,0.005493389229280878
river,2024-05-08,nitrate,0.005485327313769752
river,2024-05-09,nitrate,0.005472159518434914
river,2024-05-10,nitrate,0.005458991723100076
river,2024-05-11,nitrate,0.005445823927765238
river,2024-05-12,nitrate,0.005432656132430399
river,2024-05-13,nitrate,0.005419488337095561
river,2024-05-14,nitrate,0.005406320541760722
river,2024-05-15,nitrate,0.0054616252821670435
river,2024-05-16,nitrate,0.005516930022573364
river,2024-05-17,nitrate,0.005572234762979684
river,2024-05-18,nitrate,0.005627539503386005
river,2024-05-19,nitrate,0.005682844243792326
river,2024-05-20,nitrate,0.005738148984198646
river,2024-05-21,nitrate,0.005793453724604967
river,2024-05-22,nitrate,0.005848758465011287
river,2024-05-23,nitrate,0.005844243792325057
river,2024-05-24,nitrate,0.005839729119638827
river,2024-05-25,nitrate,0.0058352144469525965
river,2024-05-26,nitrate,0.005830699774266365
river,2024-05-27,nitrate,0.005826185101580136
river,2024-05-28,nitrate,0.005821670428893906
river,2024-05-29,nitrate,0.0058171557562076755
river,2024-05-30,nitrate,0.005756772021029345
river,2024-05-31,nitrate,0.005696388261851017
river,2024-06-01,nitrate,0.005636004514672686
river,2024-06-02,nitrate,0.005575620767494357
river,2024-06-03,nitrate,0.005515237020316028
river,2024-06-04,nitrate,0.005454853273137697
river,2024-06-05,nitrate,0.005394469525959369
river,2024-06-06,nitrate,0.0053340857787810385
river,2024-06-07,nitrate,0.005276523702031603
river,2024-06-08,nitrate,0.0052189616252821674
river,2024-06-09,nitrate,0.005161399548532733
river,2024-06-10,nitrate,0.005103837471783296
river,2024-06-11,nitrate,0.00504627539503386
river,2024-06-12,nitrate,0.004988713318284425
river,2024-06-13,nitrate,0.004968074814575943
river,2024-06-14,nitrate,0.004947436310867463
river,2024-06-15,nitrate,0.004926797807158982
river,2024-06-16,nitrate,0.004906159303450501
river,2024-06-17,nitrate,0.004885520799742019
river,2024-06-18,nitrate,0.004864882296033539
river,2024-06-19,nitrate,0.004844243792325057
river,2024-06-20,nitrate,0.004803987960872837
river,2024-06-21,nitrate,0.004763732129420618
river,2024-06-22,nitrate,0.004723476297968398
river,2024-06-23,nitrate,0.004683220466516178
river,2024-06-24,nitrate,0.004642964635063958
river,2024-06-25,nitrate,0.004602708803611739
river,2024-06-26,nitrate,0.004645033860045148
river,2024-06-27,nitrate,0.004687358916478556
river,2024-06-28,nitrate,0.004729683972911965
river,2024-06-29,nitrate,0.004772021029345373
river,2024-06-30,nitrate,0.004814334085778782
river,2024-07-01,nitrate,0.00485665914221219
river,2024-07-02,nitrate,0.0048989841986455986
river,2024-07-03,nitrate,0.004941309255079007
river,2024-07-04,nitrate,0.004820702999032571
river,2024-07-05,nitrate,0.004700096742986134
river,2024-07-06,nitrate,0.004579490486939697
river,2024-07-07,nitrate,0.00445888423089326
river,2024-07-08,nitrate,0.004338277974846823
river,2024-07-09,nitrate,0.004217671718800387
river,2024-07-10,nitrate,0.00409706546275395
river,2024-07-11,nitrate,0.004078630549285177
river,2024-07-12,nitrate,0.004060195635816403
river,2024-07-13,nitrate,0.004041760722347631
river,2024-07-14,nitrate,0.004023325808878857
river,2024-07-15,nitrate,0.0040048908954100826
river,2024-07-16,nitrate,0.00398645598194131
river,2024-07-17,nitrate,0.004137979683972912
river,2024-07-18,nitrate,0.004289503386004516
river,2024-07-19,nitrate,0.0044410270880361185
river,2024-07-20,nitrate,0.00459255079006772
river,2024-07-21,nitrate,0.004744074492099323
river,2024-07-22,nitrate,0.004895598194130926
river,2024-07-23,nitrate,0.005047121896162529
river,2024-07-24,nitrate,0.005198645598194131
river,2024-07-25,nitrate,0.005239600128990649
river,2024-07-26,nitrate,0.005280554659787166
river,2024-07-27,nitrate,0.005321509190583683
river,2024-07-28,nitrate,0.0053624637213802
river,2024-07-29,nitrate,0.005403418252176719
river,2024-07-30,nitrate,0.005444372782973235
river,2024-07-31,nitrate,0.005485327313769752
river,2024-08-01,nitrate,0.005419219606578523
river,2024-08-02,nitrate,0.005353111899387295
river,2024-08-03,nitrate,0.005287004192196066
river,2024-08-04,nitrate,0.0052208964850048376
river,2024-08-05,nitrate,0.005154788777813609
river,2024-08-06,nitrate,0.005088681070622381
river,2024-08-07,nitrate,0.005022573363431151
river,2024-08-08,nitrate,0.005069009996775235
river,2024-08-09,nitrate,0.005115446630119317
river,2024-08-10,nitrate,0.0051618832634634
river,2024-08-11,nitrate,0.005208319896807482
river,2024-08-12,nitrate,0.005254756530151564
river,2024-08-13,nitrate,0.005301193163495647
river,2024-08-14,nitrate,0.00534762979683973
river,2024-08-15,nitrate,0.005296033537568527
river,2024-08-16,nitrate,0.005244437278297324
river,2024-08-17,nitrate,0.005192841019026121
river,2024-08-18,nitrate,0.005141244759754918
river,2024-08-19,nitrate,0.005089648500483716
river,2024-08-20,nitrate,0.005038052241212512
river,2024-08-21,nitrate,0.00498645598194131
river,2024-08-22,nitrate,0.005010319251854241
river,2024-08-23,nitrate,0.005034182521767172
river,2024-08-24,nitrate,0.005058045791680103
river,2024-08-25,nitrate,0.005081909061593035
river,2024-08-26,nitrate,0.0051057723315059665
river,2024-08-27,nitrate,0.005129635601418898
river,2024-08-28,nitrate,0.005153498871331829
river,2024-08-29,nitrate,0.005113189293776202
river,2024-08-30,nitrate,0.005072879716220574
river,2024-08-31,nitrate,0.005032570138664947
river,2024-09-01,nitrate,0.00499226056110932
river,2024-09-02,nitrate,0.004951950983553693
river,2024-09-03,nitrate,0.004911641405998065
river,2024-09-04,nitrate,0.0048713318284424375
river,2024-09-05,nitrate,0.00501805869074492
river,2024-09-06,nitrate,0.005164785553047405
river,2024-09-07,nitrate,0.005311512415349887
river,2024-09-08,nitrate,0.005458239277652371
river,2024-09-09,nitrate,0.0056049661399548536
river,2024-09-10,nitrate,0.005751693002257337
river,2024-09-11,nitrate,0.00589841986455982
river,2024-09-12,nitrate,0.005941631731699451
river,2024-09-13,nitrate,0.005984843598839084
river,2024-09-14,nitrate,0.0060280554659787175
river,2024-09-15,nitrate,0.006071267333118349
river,2024-09-16,nitrate,0.006114479200257981
river,2024-09-17,nitrate,0.006157691067397614
river,2024-09-18,nitrate,0.006202102934537246
river,2024-09-19,nitrate,0.006245673438675697
river,2024-09-20,nitrate,0.006290443942814147
river,2024-09-21,nitrate,0.006335214446952596
river,2024-09-22,nitrate,0.006379984951091046
river,2024-09-23,nitrate,0.006424755455229496
river,2024-09-24,nitrate,0.0064695259593679465
river,2024-09-25,nitrate,0.00643373105449855
river,2024-09-26,nitrate,0.006397936149629152
river,2024-09-27,nitrate,0.006362141244759755
river,2024-09-28,nitrate,0.006326346339890358
river,2024-09-29,nitrate,0.006290551435020962
river,2024-09-30,nitrate,0.006254756530151564
river,2024-10-01,nitrate,0.0062189616252821675
river,2024-10-02,nitrate,0.006097710415994841
river,2024-10-03,nitrate,0.005976459206707514
river,2024-10-04,nitrate,0.0058552079974201875
river,2024-10-05,nitrate,0.00573395678813286
river,2024-10-06,nitrate,0.005612705578845534
river,2024-10-07,nitrate,0.005491454369558208
river,2024-10-08,nitrate,0.00537020316027088
river,2024-10-09,nitrate,0.005444130925507901
river,2024-10-10,nitrate,0.0055180586907449215
river,2024-10-11,nitrate,0.0055919864559819425
river,2024-10-12,nitrate,0.005665914221218962
river,2024-10-13,nitrate,0.005739841986455982
river,2024-10-14,nitrate,0.005813769751693003
river,2024-10-15,nitrate,0.005887697516930023
river,2024-10-16,nitrate,0.005961625282167043
river,2024-10-17,nitrate,0.005922928087713642
river,2024-10-18,nitrate,0.005884230893260239
river,2024-10-19,nitrate,0.005845533698806838
river,2024-10-20,nitrate,0.005806836504353434
river,2024-10-21,nitrate,0.005768139309900033
river,2024-10-22,nitrate,0.005729442115446631
river,2024-10-23,nitrate,0.005690744920993228
river,2024-10-24,nitrate,0.005828818660647103
river,2024-10-25,nitrate,0.005966892400300979
river,2024-10-26,nitrate,0.006104966139954854
river,2024-10-27,nitrate,0.0062430398796087284
river,2024-10-28,nitrate,0.006381113619262604
river,2024-10-29,nitrate,0.006519187358916479
river,2024-10-30,nitrate,0.006232505643340858
river,2024-10-31,nitrate,0.005945823927765237
river,2024-11-01,nitrate,0.005659142212189617
river,2024-11-02,nitrate,0.0053724604966139955
river,2024-11-03,nitrate,0.0050857787810383755
river,2024-11-04,nitrate,0.004799097065462754
river,2024-11-05,nitrate,0.004512415349887133
river,2024-11-06,nitrate,0.004225733634311513
river,2024-11-07,nitrate,0.004568848758465011
river,2024-11-08,nitrate,0.00491196388261851
river,2024-11-09,nitrate,0.00525507900677201
river,2024-11-10,nitrate,0.005598194130925509
river,2024-11-11,nitrate,0.005941309255079007
river,2024-11-12,nitrate,0.006284424379232506
river,2024-11-13,nitrate,0.006340535311189939
river,2024-11-14,nitrate,0.006396646243147373
river,2024-11-15,nitrate,0.006452757175104806
river,2024-11-16,nitrate,0.0065088681070622385
river,2024-11-17,nitrate,0.006564979039019671
river,2024-11-18,nitrate,0.006621089970977104
river,2024-11-19,nitrate,0.006677202102934537
river,2024-11-20,nitrate,0.006244114801676879
river,2024-11-21,nitrate,0.005811028700419219
river,2024-11-22,nitrate,0.005377942599161561
river,2024-11-23,nitrate,0.004944856497903901
river,2024-11-24,nitrate,0.004511770396646243
river,2024-11-25,nitrate,0.004078684295388584
river,2024-11-26,nitrate,0.003645598194130925
river,2024-11-27,nitrate,0.003947799097065463
river,2024-11-28,nitrate,0.00425
river,2024-11-29,nitrate,0.004552202102934537
river,2024-11-30,nitrate,0.004854401805869075
river,2024-12-01,nitrate,0.005156602708803612
river,2024-12-02,nitrate,0.005458803611738149
river,2024-12-03,nitrate,0.0057610045146726865
river,2024-12-04,nitrate,0.0060632054176072234
river,2024-12-05,nitrate,0.006147371815543374
river,2024-12-06,nitrate,0.006231538213479523
river,2024-12-07,nitrate,0.0063157046114156725
river,2024-12-08,nitrate,0.006399871009351823
river,2024-12-09,nitrate,0.006484037407287971
river,2024-12-10,nitrate,0.006568203805224122
river,2024-12-11,nitrate,0.006652370203160271
river,2024-12-12,nitrate,0.006473664409330324
river,2024-12-13,nitrate,0.006294958615500377
river,2024-12-14,nitrate,0.00611625282167043
river,2024-12-15,nitrate,0.005937547027840481
river,2024-12-16,nitrate,0.005758841234010535
river,2024-12-17,nitrate,0.005580135440180587
river,2024-12-18,nitrate,0.005610125765881975
river,2024-12-19,nitrate,0.00564011609158336
river,2024-12-20,nitrate,0.005670106417284747
river,2024-12-21,nitrate,0.0057000967429861335
river,2024-12-22,nitrate,0.00573008706868752
river,2024-12-23,nitrate,0.0057600773943889075
river,2024-12-24,nitrate,0.005790067720210293
river,2024-12-25,nitrate,0.005820058045791681
river,2024-12-26,nitrate,0.005850048371493068
river,2024-12-27,nitrate,0.005880038697194454
river,2024-12-28,nitrate,0.005910029022895841
river,2024-12-29,nitrate,0.005940019348597227
river,2024-12-30,nitrate,0.0059700096742986136
river,2024-12-31,nitrate,0.006000000000000001
river,2025-01-01,nitrate,0.006029990325701387
river,2025-01-02,nitrate,0.006059980651402774
river,2025-01-03,nitrate,0.00608997097710416
river,2025-01-04,nitrate,0.006119961302805547
river,2025-01-05,nitrate,0.006149951628506935
river,2025-01-06,nitrate,0.00617994195420832
river,2025-01-07,nitrate,0.006209932279909708
river,2025-01-08,nitrate,0.0062592712028377955
river,2025-01-09,nitrate,0.006308610125765882
river,2025-01-10,nitrate,0.006357949048693971
river,2025-01-11,nitrate,0.006407287971622057
river,2025-01-12,nitrate,0.006456626894550146
river,2025-01-13,nitrate,0.006505965817478233
river,2025-01-14,nitrate,0.006555304740406321
river,2025-01-15,nitrate,0.0065859400193485984
river,2025-01-16,nitrate,0.006616575298290874
river,2025-01-17,nitrate,0.006647210577233152
river,2025-01-18,nitrate,0.006677845856175427
river,2025-01-19,nitrate,0.006708481135117704
river,2025-01-20,nitrate,0.006739116414059981
river,2025-01-21,nitrate,0.006769751693002257
river,2025-01-22,nitrate,0.006396968719767817
river,2025-01-23,nitrate,0.006024185746533376
river,2025-01-24,nitrate,0.005651402773298936
river,2025-01-25,nitrate,0.005278619800064496
river,2025-01-26,nitrate,0.004905836826830055
river,2025-01-27,nitrate,0.004533053853595615
river,2025-01-28,nitrate,0.0041602708803611735
river,2025-01-29,nitrate,0.0044130925507900685
river,2025-01-30,nitrate,0.004665914221218962
river,2025-01-31,nitrate,0.004918735891647856
river,2025-02-01,nitrate,0.00517155756207675
river,2025-02-02,nitrate,0.005424379232505644
river,2025-02-03,nitrate,0.005677202102934537
river,2025-02-04,nitrate,0.005930022573363432
river,2025-02-05,nitrate,0.005813286036762335
river,2025-02-06,nitrate,0.005696549500161238
river,2025-02-07,nitrate,0.005579812963560142
river,2025-02-08,nitrate,0.005463076426959046
river,2025-02-09,nitrate,0.005346339890357949
river,2025-02-10,nitrate,0.005229603353756853
river,2025-02-11,nitrate,0.005112866817155757
river,2025-02-12,nitrate,0.005332150919058368
river,2025-02-13,nitrate,0.005551435020960981
river,2025-02-14,nitrate,0.005770719122863592
river,2025-02-15,nitrate,0.005990003224766205
river,2025-02-16,nitrate,0.006209287326668817
river,2025-02-17,nitrate,0.006428571428571429
river,2025-02-18,nitrate,0.006647855530474041
river,2025-02-19,nitrate,0.006747178329571107
river,2025-02-20,nitrate,0.006846501128668172
river,2025-02-21,nitrate,0.006945823927765237
river,2025-02-22,nitrate,0.007045146726862303
river,2025-02-23,nitrate,0.0071444695259593695
river,2025-02-24,nitrate,0.0072437923250564355
river,2025-02-25,nitrate,0.0073431151241535
river,2021-03-03,sulphate,0.038
river,2021-03-04,sulphate,0.03858333333333334
river,2021-03-05,sulphate,0.03916666666666666
river,2021-03-06,sulphate,0.03975
river,2021-03-07,sulphate,0.04033333333333334
river,2021-03-08,sulphate,0.040916666666666664
river,2021-03-09,sulphate,0.0415
river,2021-03-10,sulphate,0.04142857142857143
river,2021-03-11,sulphate,0.041357142857142856
river,2021-03-12,sulphate,0.04128571428571429
river,2021-03-13,sulphate,0.04121428571428572
river,2021-03-14,sulphate,0.04114285714285715
river,2021-03-15,sulphate,0.04107142857142857
river,2021-03-16,sulphate,0.041
river,2021-03-17,sulphate,0.041
river,2021-03-18,sulphate,0.041
river,2021-03-19,sulphate,0.041
river,2021-03-20,sulphate,0.041
river,2021-03-21,sulphate,0.041
river,2021-03-22,sulphate,0.041
river,2021-03-23,sulphate,0.041
river,2021-03-24,sulphate,0.041
river,2021-03-25,sulphate,0.0410625
river,2021-03-26,sulphate,0.041125
river,2021-03-27,sulphate,0.0411875
river,2021-03-28,sulphate,0.04125
river,2021-03-29,sulphate,0.0413125
river,2021-03-30,sulphate,0.041375
river,2021-03-31,sulphate,0.0414375
river,2021-04-01,sulphate,0.0415
river,2021-04-02,sulphate,0.0415
river,2021-04-03,sulphate,0.0415
river,2021-04-04,sulphate,0.0415
river,2021-04-05,sulphate,0.0415
river,2021-04-06,sulphate,0.0415
river,2021-04-07,sulphate,0.041625
river,2021-04-08,sulphate,0.04175
river,2021-04-09,sulphate,0.041875
river,2021-04-10,sulphate,0.042
river,2021-04-11,sulphate,0.042125
river,2021-04-12,sulphate,0.04225
river,2021-04-13,sulphate,0.042375
river,2021-04-14,sulphate,0.0425
river,2021-04-15,sulphate,0.042583333333333334
river,2021-04-16,sulphate,0.042666666666666665
river,2021-04-17,sulphate,0.04275
river,2021-04-18,sulphate,0.042833333333333334
river,2021-04-19,sulphate,0.042916666666666665
river,2021-04-20,sulphate,0.043000000000000003
river,2021-04-21,sulphate,0.04321428571428572
river,2021-04-22,sulphate,0.043428571428571434
river,2021-04-23,sulphate,0.04364285714285715
river,2021-04-24,sulphate,0.04385714285714286
river,2021-04-25,sulphate,0.04407142857142857
river,2021-04-26,sulphate,0.04428571428571428
river,2021-04-27,sulphate,0.0445
river,2021-04-28,sulphate,0.044625
river,2021-04-29,sulphate,0.04475
river,2021-04-30,sulphate,0.044875
river,2021-05-01,sulphate,0.045
river,2021-05-02,sulphate,0.045125
river,2021-05-03,sulphate,0.04525
river,2021-05-04,sulphate,0.045375
river,2021-05-05,sulphate,0.0455
river,2021-05-06,sulphate,0.0455
river,2021-05-07,sulphate,0.0455
river,2021-05-08,sulphate,0.0455
river,2021-05-09,sulphate,0.0455
river,2021-05-10,sulphate,0.0455
river,2021-05-11,sulphate,0.0455
river,2021-05-12,sulphate,0.0455
river,2021-05-13,sulphate,0.0455
river,2021-05-14,sulphate,0.0455
river,2021-05-15,sulphate,0.0455
river,2021-05-16,sulphate,0.0455
river,2021-05-17,sulphate,0.0455
river,2021-05-18,sulphate,0.0455
river,2021-05-19,sulphate,0.045625
river,2021-05-20,sulphate,0.04575
river,2021-05-21,sulphate,0.045875
river,2021-05-22,sulphate,0.046
river,2021-05-23,sulphate,0.046125
river,2021-05-24,sulphate,0.04625
river,2021-05-25,sulphate,0.046375
river,2021-05-26,sulphate,0.0465
river,2021-05-27,sulphate,0.04666666666666666
river,2021-05-28,sulphate,0.04683333333333334
river,2021-05-29,sulphate,0.047
river,2021-05-30,sulphate,0.04716666666666666
river,2021-05-31,sulphate,0.04733333333333334
river,2021-06-01,sulphate,0.0475
river,2021-06-02,sulphate,0.0475
river,2021-06-03,sulphate,0.0475
river,2021-06-04,sulphate,0.0475
river,2021-06-05,sulphate,0.0475
river,2021-06-06,sulphate,0.0475
river,2021-06-07,sulphate,0.0475
river,2021-06-08,sulphate,0.0475
river,2021-06-09,sulphate,0.047285714285714285
river,2021-06-10,sulphate,0.04707142857142857
river,2021-06-11,sulphate,0.046857142857142854
river,2021-06-12,sulphate,0.046642857142857146
river,2021-06-13,sulphate,0.04642857142857143
river,2021-06-14,sulphate,0.046214285714285715
river,2021-06-15,sulphate,0.046
river,2021-06-16,sulphate,0.046285714285714284
river,2021-06-17,sulphate,0.04657142857142857
river,2021-06-18,sulphate,0.046857142857142854
river,2021-06-19,sulphate,0.047142857142857146
river,2021-06-20,sulphate,0.04742857142857143
river,2021-06-21,sulphate,0.047714285714285716
river,2021-06-22,sulphate,0.048
river,2021-06-23,sulphate,0.04842857142857143
river,2021-06-24,sulphate,0.048857142857142856
river,2021-06-25,sulphate,0.04928571428571429
river,2021-06-26,sulphate,0.04971428571428572
river,2021-06-27,sulphate,0.05014285714285715
river,2021-06-28,sulphate,0.05057142857142857
river,2021-06-29,sulphate,0.051000000000000004
river,2021-06-30,sulphate,0.050428571428571434
river,2021-07-01,sulphate,0.04985714285714286
river,2021-07-02,sulphate,0.04928571428571429
river,2021-07-03,sulphate,0.04871428571428572
river,2021-07-04,sulphate,0.04814285714285715
river,2021-07-05,sulphate,0.04757142857142857
river,2021-07-06,sulphate,0.047
river,2021-07-07,sulphate,0.047714285714285716
river,2021-07-08,sulphate,0.04842857142857143
river,2021-07-09,sulphate,0.04914285714285715
river,2021-07-10,sulphate,0.04985714285714286
river,2021-07-11,sulphate,0.05057142857142857
river,2021-07-12,sulphate,0.05128571428571429
river,2021-07-13,sulphate,0.052000000000000005
river,2021-07-14,sulphate,0.052000000000000005
river,2021-07-15,sulphate,0.052000000000000005
river,2021-07-16,sulphate,0.052000000000000005
river,2021-07-17,sulphate,0.052000000000000005
river,2021-07-18,sulphate,0.052000000000000005
river,2021-07-19,sulphate,0.052000000000000005
river,2021-07-20,sulphate,0.052000000000000005
river,2021-07-21,sulphate,0.05207142857142857
river,2021-07-22,sulphate,0.052142857142857144
river,2021-07-23,sulphate,0.05221428571428571
river,2021-07-24,sulphate,0.05228571428571428
river,2021-07-25,sulphate,0.05235714285714285
river,2021-07-26,sulphate,0.05242857142857143
river,2021-07-27,sulphate,0.0525
river,2021-07-28,sulphate,0.0523125
river,2021-07-29,sulphate,0.052125
river,2021-07-30,sulphate,0.051937500000000004
river,2021-07-31,sulphate,0.051750000000000004
river,2021-08-01,sulphate,0.051562500000000004
river,2021-08-02,sulphate,0.051375000000000004
river,2021-08-03,sulphate,0.051187500000000004
river,2021-08-04,sulphate,0.051000000000000004
river,2021-08-05,sulphate,0.050333333333333334
river,2021-08-06,sulphate,0.049666666666666665
river,2021-08-07,sulphate,0.049
river,2021-08-08,sulphate,0.04833333333333334
river,2021-08-09,sulphate,0.04766666666666666
river,2021-08-10,sulphate,0.047
river,2021-08-11,sulphate,0.048
river,2021-08-12,sulphate,0.049
river,2021-08-13,sulphate,0.05
river,2021-08-14,sulphate,0.051000000000000004
river,2021-08-15,sulphate,0.052000000000000005
river,2021-08-16,sulphate,0.053
river,2021-08-17,sulphate,0.054
river,2021-08-18,sulphate,0.053785714285714284
river,2021-08-19,sulphate,0.05357142857142857
river,2021-08-20,sulphate,0.05335714285714285
river,2021-08-21,sulphate,0.053142857142857144
river,2021-08-22,sulphate,0.05292857142857143
river,2021-08-23,sulphate,0.052714285714285714
river,2021-08-24,sulphate,0.0525
river,2021-08-25,sulphate,0.052611111111111115
river,2021-08-26,sulphate,0.052722222222222226
river,2021-08-27,sulphate,0.052833333333333336
river,2021-08-28,sulphate,0.05294444444444445
river,2021-08-29,sulphate,0.05305555555555556
river,2021-08-30,sulphate,0.05316666666666667
river,2021-08-31,sulphate,0.05327777777777778
river,2021-09-01,sulphate,0.05338888888888889
river,2021-09-02,sulphate,0.0535
river,2021-09-03,sulphate,0.0533
river,2021-09-04,sulphate,0.0531
river,2021-09-05,sulphate,0.0529
river,2021-09-06,sulphate,0.052700000000000004
river,2021-09-07,sulphate,0.0525
river,2021-09-08,sulphate,0.053
river,2021-09-09,sulphate,0.0535
river,2021-09-10,sulphate,0.054
river,2021-09-11,sulphate,0.0545
river,2021-09-12,sulphate,0.055
river,2021-09-13,sulphate,0.0555
river,2021-09-14,sulphate,0.056
river,2021-09-15,sulphate,0.0565
river,2021-09-16,sulphate,0.05678571428571429
river,2021-09-17,sulphate,0.05707142857142857
river,2021-09-18,sulphate,0.05735714285714286
river,2021-09-19,sulphate,0.05764285714285715
river,2021-09-20,sulphate,0.05792857142857143
river,2021-09-21,sulphate,0.05821428571428572
river,2021-09-22,sulphate,0.0585
river,2021-09-23,sulphate,0.058428571428571434
river,2021-09-24,sulphate,0.05835714285714286
river,2021-09-25,sulphate,0.05828571428571429
river,2021-09-26,sulphate,0.05821428571428572
river,2021-09-27,sulphate,0.05814285714285715
river,2021-09-28,sulphate,0.05807142857142857
river,2021-09-29,sulphate,0.058
river,2021-09-30,sulphate,0.058083333333333334
river,2021-10-01,sulphate,0.058166666666666665
river,2021-10-02,sulphate,0.05825
river,2021-10-03,sulphate,0.058333333333333334
river,2021-10-04,sulphate,0.058416666666666665
river,2021-10-05,sulphate,0.0585
river,2021-10-06,sulphate,0.05846875
river,2021-10-07,sulphate,0.0584375
river,2021-10-08,sulphate,0.05840625
river,2021-10-09,sulphate,0.058375
river,2021-10-10,sulphate,0.05834375
river,2021-10-11,sulphate,0.0583125
river,2021-10-12,sulphate,0.05828125
river,2021-10-13,sulphate,0.05825
river,2021-10-14,sulphate,0.0583
river,2021-10-15,sulphate,0.058350000000000006
river,2021-10-16,sulphate,0.0584
river,2021-10-17,sulphate,0.05845
river,2021-10-18,sulphate,0.0585
river,2021-10-19,sulphate,0.058550000000000005
river,2021-10-20,sulphate,0.0586
river,2021-10-21,sulphate,0.059065714285714284
river,2021-10-22,sulphate,0.05953142857142857
river,2021-10-23,sulphate,0.05999714285714285
river,2021-10-24,sulphate,0.060462857142857145
river,2021-10-25,sulphate,0.06092857142857143
river,2021-10-26,sulphate,0.061394285714285714
river,2021-10-27,sulphate,0.06186
river,2021-10-28,sulphate,0.06149428571428572
river,2021-10-29,sulphate,0.06112857142857143
river,2021-10-30,sulphate,0.060762857142857146
river,2021-10-31,sulphate,0.06039714285714286
river,2021-11-01,sulphate,0.06003142857142857
river,2021-11-02,sulphate,0.05966571428571428
river,2021-11-03,sulphate,0.0593
river,2021-11-04,sulphate,0.058848571428571424
river,2021-11-05,sulphate,0.058397142857142856
river,2021-11-06,sulphate,0.05794571428571428
river,2021-11-07,sulphate,0.05749428571428572
river,2021-11-08,sulphate,0.057042857142857145
river,2021-11-09,sulphate,0.05659142857142857
river,2021-11-10,sulphate,0.05614
river,2021-11-11,sulphate,0.055952857142857144
river,2021-11-12,sulphate,0.055765714285714287
river,2021-11-13,sulphate,0.05557857142857143
river,2021-11-14,sulphate,0.05539142857142857
river,2021-11-15,sulphate,0.05520428571428571
river,2021-11-16,sulphate,0.05501714285714286
river,2021-11-17,sulphate,0.05483
river,2021-11-18,sulphate,0.05415857142857143
river,2021-11-19,sulphate,0.05348714285714286
river,2021-11-20,sulphate,0.052815714285714285
river,2021-11-21,sulphate,0.05214428571428572
river,2021-11-22,sulphate,0.05147285714285715
river,2021-11-23,sulphate,0.050801428571428574
river,2021-11-24,sulphate,0.05013
river,2021-11-25,sulphate,0.048734285714285716
river,2021-11-26,sulphate,0.04733857142857143
river,2021-11-27,sulphate,0.045942857142857146
river,2021-11-28,sulphate,0.04454714285714286
river,2021-11-29,sulphate,0.04315142857142858
river,2021-11-30,sulphate,0.041755714285714285
river,2021-12-01,sulphate,0.04036
river,2021-12-02,sulphate,0.03997285714285714
river,2021-12-03,sulphate,0.03958571428571428
river,2021-12-04,sulphate,0.03919857142857143
river,2021-12-05,sulphate,0.03881142857142857
river,2021-12-06,sulphate,0.038424285714285716
river,2021-12-07,sulphate,0.03803714285714285
river,2021-12-08,sulphate,0.037649999999999996
river,2021-12-09,sulphate,0.038068750000000005
river,2021-12-10,sulphate,0.0384875
river,2021-12-11,sulphate,0.03890625
river,2021-12-12,sulphate,0.039325000000000006
river,2021-12-13,sulphate,0.03974375
river,2021-12-14,sulphate,0.040162500000000004
river,2021-12-15,sulphate,0.04058125
river,2021-12-16,sulphate,0.041
river,2021-12-17,sulphate,0.041055999999999995
river,2021-12-18,sulphate,0.041112
river,2021-12-19,sulphate,0.041168
river,2021-12-20,sulphate,0.041224
river,2021-12-21,sulphate,0.041280000000000004
river,2021-12-22,sulphate,0.041336
river,2021-12-23,sulphate,0.041392
river,2021-12-24,sulphate,0.041448
river,2021-12-25,sulphate,0.041504
river,2021-12-26,sulphate,0.04156
river,2021-12-27,sulphate,0.041616
river,2021-12-28,sulphate,0.041672
river,2021-12-29,sulphate,0.041728
river,2021-12-30,sulphate,0.041784
river,2021-12-31,sulphate,0.041839999999999995
river,2022-01-01,sulphate,0.041896
river,2022-01-02,sulphate,0.041951999999999996
river,2022-01-03,sulphate,0.042008
river,2022-01-04,sulphate,0.042064000000000004
river,2022-01-05,sulphate,0.04212
river,2022-01-06,sulphate,0.042224285714285714
river,2022-01-07,sulphate,0.04232857142857143
river,2022-01-08,sulphate,0.04243285714285715
river,2022-01-09,sulphate,0.04253714285714286
river,2022-01-10,sulphate,0.04264142857142857
river,2022-01-11,sulphate,0.04274571428571429
river,2022-01-12,sulphate,0.04285
river,2022-01-13,sulphate,0.042254285714285716
river,2022-01-14,sulphate,0.04165857142857143
river,2022-01-15,sulphate,0.041062857142857144
river,2022-01-16,sulphate,0.04046714285714286
river,2022-01-17,sulphate,0.03987142857142857
river,2022-01-18,sulphate,0.03927571428571429
river,2022-01-19,sulphate,0.03868
river,2022-01-20,sulphate,0.03849428571428572
river,2022-01-21,sulphate,0.03830857142857143
river,2022-01-22,sulphate,0.038122857142857146
river,2022-01-23,sulphate,0.037937142857142864
river,2022-01-24,sulphate,0.037751428571428575
river,2022-01-25,sulphate,0.037565714285714286
river,2022-01-26,sulphate,0.037380000000000004
river,2022-01-27,sulphate,0.037771428571428574
river,2022-01-28,sulphate,0.038162857142857144
river,2022-01-29,sulphate,0.038554285714285715
river,2022-01-30,sulphate,0.03894571428571429
river,2022-01-31,sulphate,0.03933714285714286
river,2022-02-01,sulphate,0.039728571428571426
river,2022-02-02,sulphate,0.040119999999999996
river,2022-02-03,sulphate,0.040538571428571424
river,2022-02-04,sulphate,0.04095714285714286
river,2022-02-05,sulphate,0.04137571428571428
river,2022-02-06,sulphate,0.041794285714285714
river,2022-02-07,sulphate,0.04221285714285714
river,2022-02-08,sulphate,0.04263142857142857
river,2022-02-09,sulphate,0.04305
river,2022-02-10,sulphate,0.042981428571428566
river,2022-02-11,sulphate,0.04291285714285714
river,2022-02-12,sulphate,0.04284428571428571
river,2022-02-13,sulphate,0.042775714285714285
river,2022-02-14,sulphate,0.04270714285714285
river,2022-02-15,sulphate,0.042638571428571435
river,2022-02-16,sulphate,0.042570000000000004
river,2022-02-17,sulphate,0.04303285714285715
river,2022-02-18,sulphate,0.04349571428571428
river,2022-02-19,sulphate,0.04395857142857143
river,2022-02-20,sulphate,0.04442142857142857
river,2022-02-21,sulphate,0.04488428571428572
river,2022-02-22,sulphate,0.04534714285714286
river,2022-02-23,sulphate,0.045810000000000003
river,2022-02-24,sulphate,0.04463
river,2022-02-25,sulphate,0.04345
river,2022-02-26,sulphate,0.042269999999999995
river,2022-02-27,sulphate,0.041089999999999995
river,2022-02-28,sulphate,0.039909999999999994
river,2022-03-01,sulphate,0.03873
river,2022-03-02,sulphate,0.03755
river,2022-03-03,sulphate,0.03817142857142857
river,2022-03-04,sulphate,0.038792857142857136
river,2022-03-05,sulphate,0.039414285714285714
river,2022-03-06,sulphate,0.040035714285714286
river,2022-03-07,sulphate,0.04065714285714286
river,2022-03-08,sulphate,0.04127857142857143
river,2022-03-09,sulphate,0.0419
river,2022-03-10,sulphate,0.04190714285714286
river,2022-03-11,sulphate,0.04191428571428571
river,2022-03-12,sulphate,0.041921428571428575
river,2022-03-13,sulphate,0.04192857142857143
river,2022-03-14,sulphate,0.04193571428571429
river,2022-03-15,sulphate,0.04194285714285714
river,2022-03-16,sulphate,0.04195
river,2022-03-17,sulphate,0.04230571428571429
river,2022-03-18,sulphate,0.04266142857142857
river,2022-03-19,sulphate,0.04301714285714286
river,2022-03-20,sulphate,0.043372857142857144
river,2022-03-21,sulphate,0.04372857142857143
river,2022-03-22,sulphate,0.044084285714285715
river,2022-03-23,sulphate,0.04444
river,2022-03-24,sulphate,0.044067857142857145
river,2022-03-25,sulphate,0.04369571428571428
river,2022-03-26,sulphate,0.04332357142857143
river,2022-03-27,sulphate,0.04295142857142857
river,2022-03-28,sulphate,0.04257928571428571
river,2022-03-29,sulphate,0.04220714285714286
river,2022-03-30,sulphate,0.041835
river,2022-03-31,sulphate,0.04146285714285714
river,2022-04-01,sulphate,0.041090714285714286
river,2022-04-02,sulphate,0.04071857142857142
river,2022-04-03,sulphate,0.04034642857142857
river,2022-04-04,sulphate,0.03997428571428571
river,2022-04-05,sulphate,0.03960214285714285
river,2022-04-06,sulphate,0.03923
river,2022-04-07,sulphate,0.03934857142857143
river,2022-04-08,sulphate,0.03946714285714285
river,2022-04-09,sulphate,0.03958571428571428
river,2022-04-10,sulphate,0.03970428571428572
river,2022-04-11,sulphate,0.039822857142857146
river,2022-04-12,sulphate,0.03994142857142857
river,2022-04-13,sulphate,0.040060000000000005
river,2022-04-14,sulphate,0.0401325
river,2022-04-15,sulphate,0.040205
river,2022-04-16,sulphate,0.0402775
river,2022-04-17,sulphate,0.040350000000000004
river,2022-04-18,sulphate,0.0404225
river,2022-04-19,sulphate,0.040495
river,2022-04-20,sulphate,0.040567500000000006
river,2022-04-21,sulphate,0.04064
river,2022-04-22,sulphate,0.04095833333333334
river,2022-04-23,sulphate,0.04127666666666666
river,2022-04-24,sulphate,0.041595
river,2022-04-25,sulphate,0.04191333333333334
river,2022-04-26,sulphate,0.04223166666666666
river,2022-04-27,sulphate,0.04255
river,2022-04-28,sulphate,0.04265857142857143
river,2022-04-29,sulphate,0.04276714285714286
river,2022-04-30,sulphate,0.04287571428571429
river,2022-05-01,sulphate,0.04298428571428571
river,2022-05-02,sulphate,0.04309285714285714
river,2022-05-03,sulphate,0.04320142857142857
river,2022-05-04,sulphate,0.04331
river,2022-05-05,sulphate,0.04348285714285714
river,2022-05-06,sulphate,0.04365571428571429
river,2022-05-07,sulphate,0.04382857142857143
river,2022-05-08,sulphate,0.04400142857142858
river,2022-05-09,sulphate,0.044174285714285715
river,2022-05-10,sulphate,0.04434714285714286
river,2022-05-11,sulphate,0.044520000000000004
river,2022-05-12,sulphate,0.04456
river,2022-05-13,sulphate,0.0446
river,2022-05-14,sulphate,0.04464
river,2022-05-15,sulphate,0.04468
river,2022-05-16,sulphate,0.04472
river,2022-05-17,sulphate,0.04476
river,2022-05-18,sulphate,0.0448
river,2022-05-19,sulphate,0.0450575
river,2022-05-20,sulphate,0.045315
river,2022-05-21,sulphate,0.0455725
river,2022-05-22,sulphate,0.04583
river,2022-05-23,sulphate,0.046087499999999997
river,2022-05-24,sulphate,0.046345
river,2022-05-25,sulphate,0.0466025
river,2022-05-26,sulphate,0.04686
river,2022-05-27,sulphate,0.04709714285714286
river,2022-05-28,sulphate,0.04733428571428571
river,2022-05-29,sulphate,0.04757142857142857
river,2022-05-30,sulphate,0.047808571428571436
river,2022-05-31,sulphate,0.04804571428571429
river,2022-06-01,sulphate,0.04828285714285715
river,2022-06-02,sulphate,0.04852000000000001
river,2022-06-03,sulphate,0.04910833333333334
river,2022-06-04,sulphate,0.04969666666666667
river,2022-06-05,sulphate,0.050284999999999996
river,2022-06-06,sulphate,0.05087333333333333
river,2022-06-07,sulphate,0.05146166666666667
river,2022-06-08,sulphate,0.05205
river,2022-06-09,sulphate,0.05126571428571428
river,2022-06-10,sulphate,0.05048142857142857
river,2022-06-11,sulphate,0.049697142857142856
river,2022-06-12,sulphate,0.04891285714285714
river,2022-06-13,sulphate,0.04812857142857143
river,2022-06-14,sulphate,0.04734428571428572
river,2022-06-15,sulphate,0.046560000000000004
river,2022-06-16,sulphate,0.04642714285714286
river,2022-06-17,sulphate,0.04629428571428571
river,2022-06-18,sulphate,0.046161428571428575
river,2022-06-19,sulphate,0.04602857142857143
river,2022-06-20,sulphate,0.04589571428571429
river,2022-06-21,sulphate,0.04576285714285715
river,2022-06-22,sulphate,0.045630000000000004
river,2022-06-23,sulphate,0.046502857142857144
river,2022-06-24,sulphate,0.04737571428571429
river,2022-06-25,sulphate,0.04824857142857143
river,2022-06-26,sulphate,0.04912142857142857
river,2022-06-27,sulphate,0.04999428571428572
river,2022-06-28,sulphate,0.05086714285714286
river,2022-06-29,sulphate,0.05174
river,2022-06-30,sulphate,0.05201857142857143
river,2022-07-01,sulphate,0.05229714285714286
river,2022-07-02,sulphate,0.05257571428571429
river,2022-07-03,sulphate,0.052854285714285715
river,2022-07-04,sulphate,0.05313285714285714
river,2022-07-05,sulphate,0.053411428571428575
river,2022-07-06,sulphate,0.05369
river,2022-07-07,sulphate,0.05382285714285714
river,2022-07-08,sulphate,0.05395571428571429
river,2022-07-09,sulphate,0.05408857142857143
river,2022-07-10,sulphate,0.054221428571428566
river,2022-07-11,sulphate,0.05435428571428571
river,2022-07-12,sulphate,0.05448714285714286
river,2022-07-13,sulphate,0.05462
river,2022-07-14,sulphate,0.053899999999999997
river,2022-07-15,sulphate,0.05318
river,2022-07-16,sulphate,0.05245999999999999
river,2022-07-17,sulphate,0.051739999999999994
river,2022-07-18,sulphate,0.051019999999999996
river,2022-07-19,sulphate,0.0503
river,2022-07-20,sulphate,0.05134125
river,2022-07-21,sulphate,0.0523825
river,2022-07-22,sulphate,0.05342375
river,2022-07-23,sulphate,0.054465000000000006
river,2022-07-24,sulphate,0.05550625
river,2022-07-25,sulphate,0.0565475
river,2022-07-26,sulphate,0.05758875000000001
river,2022-07-27,sulphate,0.05863
river,2022-07-28,sulphate,0.05817571428571429
river,2022-07-29,sulphate,0.057721428571428576
river,2022-07-30,sulphate,0.05726714285714286
river,2022-07-31,sulphate,0.05681285714285715
river,2022-08-01,sulphate,0.05635857142857143
river,2022-08-02,sulphate,0.05590428571428572
river,2022-08-03,sulphate,0.055450000000000006
river,2022-08-04,sulphate,0.056138571428571434
river,2022-08-05,sulphate,0.05682714285714286
river,2022-08-06,sulphate,0.05751571428571429
river,2022-08-07,sulphate,0.058204285714285715
river,2022-08-08,sulphate,0.05889285714285715
river,2022-08-09,sulphate,0.05958142857142858
river,2022-08-10,sulphate,0.060270000000000004
river,2022-08-11,sulphate,0.059980000000000006
river,2022-08-12,sulphate,0.05969000000000001
river,2022-08-13,sulphate,0.05940000000000001
river,2022-08-14,sulphate,0.05911
river,2022-08-15,sulphate,0.058820000000000004
river,2022-08-16,sulphate,0.058530000000000006
river,2022-08-17,sulphate,0.05824
river,2022-08-18,sulphate,0.05829571428571429
river,2022-08-19,sulphate,0.058351428571428575
river,2022-08-20,sulphate,0.05840714285714286
river,2022-08-21,sulphate,0.05846285714285715
river,2022-08-22,sulphate,0.058518571428571434
river,2022-08-23,sulphate,0.05857428571428572
river,2022-08-24,sulphate,0.05863
river,2022-08-25,sulphate,0.05791142857142857
river,2022-08-26,sulphate,0.05719285714285714
river,2022-08-27,sulphate,0.05647428571428571
river,2022-08-28,sulphate,0.05575571428571429
river,2022-08-29,sulphate,0.05503714285714286
river,2022-08-30,sulphate,0.05431857142857143
river,2022-08-31,sulphate,0.0536
river,2022-09-01,sulphate,0.054456666666666674
river,2022-09-02,sulphate,0.05531333333333333
river,2022-09-03,sulphate,0.056170000000000005
river,2022-09-04,sulphate,0.05702666666666667
river,2022-09-05,sulphate,0.057883333333333335
river,2022-09-06,sulphate,0.05874
river,2022-09-07,sulphate,0.058645
river,2022-09-08,sulphate,0.05855
river,2022-09-09,sulphate,0.058455
river,2022-09-10,sulphate,0.05836
river,2022-09-11,sulphate,0.058265000000000004
river,2022-09-12,sulphate,0.05817
river,2022-09-13,sulphate,0.058074999999999995
river,2022-09-14,sulphate,0.05798
river,2022-09-15,sulphate,0.05788857142857143
river,2022-09-16,sulphate,0.05779714285714286
river,2022-09-17,sulphate,0.05770571428571429
river,2022-09-18,sulphate,0.057614285714285715
river,2022-09-19,sulphate,0.05752285714285714
river,2022-09-20,sulphate,0.05743142857142858
river,2022-09-21,sulphate,0.05734
river,2022-09-22,sulphate,0.05763285714285715
river,2022-09-23,sulphate,0.05792571428571429
river,2022-09-24,sulphate,0.05821857142857143
river,2022-09-25,sulphate,0.058511428571428575
river,2022-09-26,sulphate,0.05880428571428572
river,2022-09-27,sulphate,0.059097142857142855
river,2022-09-28,sulphate,0.05939
river,2022-09-29,sulphate,0.05919714285714286
river,2022-09-30,sulphate,0.05900428571428572
river,2022-10-01,sulphate,0.05881142857142857
river,2022-10-02,sulphate,0.05861857142857143
river,2022-10-03,sulphate,0.05842571428571429
river,2022-10-04,sulphate,0.05823285714285714
river,2022-10-05,sulphate,0.05804
river,2022-10-06,sulphate,0.058068571428571435
river,2022-10-07,sulphate,0.058097142857142854
river,2022-10-08,sulphate,0.05812571428571429
river,2022-10-09,sulphate,0.058154285714285714
river,2022-10-10,sulphate,0.05818285714285715
river,2022-10-11,sulphate,0.058211428571428574
river,2022-10-12,sulphate,0.05824
river,2022-10-13,sulphate,0.05770428571428572
river,2022-10-14,sulphate,0.05716857142857144
river,2022-10-15,sulphate,0.05663285714285715
river,2022-10-16,sulphate,0.05609714285714286
river,2022-10-17,sulphate,0.055561428571428574
river,2022-10-18,sulphate,0.05502571428571429
river,2022-10-19,sulphate,0.054490000000000004
river,2022-10-20,sulphate,0.05445714285714286
river,2022-10-21,sulphate,0.05442428571428572
river,2022-10-22,sulphate,0.05439142857142857
river,2022-10-23,sulphate,0.05435857142857143
river,2022-10-24,sulphate,0.05432571428571428
river,2022-10-25,sulphate,0.05429285714285714
river,2022-10-26,sulphate,0.054259999999999996
river,2022-10-27,sulphate,0.054482857142857145
river,2022-10-28,sulphate,0.05470571428571429
river,2022-10-29,sulphate,0.05492857142857143
river,2022-10-30,sulphate,0.055151428571428567
river,2022-10-31,sulphate,0.055374285714285716
river,2022-11-01,sulphate,0.05559714285714286
river,2022-11-02,sulphate,0.05582
river,2022-11-03,sulphate,0.05641714285714286
river,2022-11-04,sulphate,0.05701428571428571
river,2022-11-05,sulphate,0.05761142857142857
river,2022-11-06,sulphate,0.058208571428571436
river,2022-11-07,sulphate,0.05880571428571429
river,2022-11-08,sulphate,0.059402857142857146
river,2022-11-09,sulphate,0.06
river,2022-11-10,sulphate,0.05969714285714286
river,2022-11-11,sulphate,0.05939428571428572
river,2022-11-12,sulphate,0.05909142857142857
river,2022-11-13,sulphate,0.05878857142857143
river,2022-11-14,sulphate,0.05848571428571429
river,2022-11-15,sulphate,0.05818285714285715
river,2022-11-16,sulphate,0.05788
river,2022-11-17,sulphate,0.05736142857142858
river,2022-11-18,sulphate,0.05684285714285714
river,2022-11-19,sulphate,0.056324285714285716
river,2022-11-20,sulphate,0.05580571428571429
river,2022-11-21,sulphate,0.05528714285714286
river,2022-11-22,sulphate,0.05476857142857143
river,2022-11-23,sulphate,0.05425
river,2022-11-24,sulphate,0.05367
river,2022-11-25,sulphate,0.05309
river,2022-11-26,sulphate,0.05251
river,2022-11-27,sulphate,0.051930000000000004
river,2022-11-28,sulphate,0.05135
river,2022-11-29,sulphate,0.050769999999999996
river,2022-11-30,sulphate,0.05019
river,2022-12-01,sulphate,0.05004
river,2022-12-02,sulphate,0.049890000000000004
river,2022-12-03,sulphate,0.049740000000000006
river,2022-12-04,sulphate,0.049589999999999995
river,2022-12-05,sulphate,0.04944
river,2022-12-06,sulphate,0.04929
river,2022-12-07,sulphate,0.04914
river,2022-12-08,sulphate,0.04968
river,2022-12-09,sulphate,0.05022
river,2022-12-10,sulphate,0.05076
river,2022-12-11,sulphate,0.051300000000000005
river,2022-12-12,sulphate,0.051840000000000004
river,2022-12-13,sulphate,0.05238
river,2022-12-14,sulphate,0.05292
river,2022-12-15,sulphate,0.05375571428571429
river,2022-12-16,sulphate,0.054591428571428575
river,2022-12-17,sulphate,0.05542714285714286
river,2022-12-18,sulphate,0.05626285714285714
river,2022-12-19,sulphate,0.057098571428571436
river,2022-12-20,sulphate,0.05793428571428572
river,2022-12-21,sulphate,0.05877
river,2022-12-22,sulphate,0.05836928571428572
river,2022-12-23,sulphate,0.05796857142857143
river,2022-12-24,sulphate,0.05756785714285714
river,2022-12-25,sulphate,0.05716714285714286
river,2022-12-26,sulphate,0.05676642857142857
river,2022-12-27,sulphate,0.05636571428571428
river,2022-12-28,sulphate,0.05596500000000001
river,2022-12-29,sulphate,0.05556428571428572
river,2022-12-30,sulphate,0.05516357142857143
river,2022-12-31,sulphate,0.05476285714285715
river,2023-01-01,sulphate,0.05436214285714286
river,2023-01-02,sulphate,0.05396142857142857
river,2023-01-03,sulphate,0.05356071428571428
river,2023-01-04,sulphate,0.05316
river,2023-01-05,sulphate,0.05303571428571428
river,2023-01-06,sulphate,0.05291142857142857
river,2023-01-07,sulphate,0.05278714285714285
river,2023-01-08,sulphate,0.05266285714285714
river,2023-01-09,sulphate,0.052538571428571434
river,2023-01-10,sulphate,0.05241428571428571
river,2023-01-11,sulphate,0.05229
river,2023-01-12,sulphate,0.05099
river,2023-01-13,sulphate,0.04969
river,2023-01-14,sulphate,0.04839
river,2023-01-15,sulphate,0.04709
river,2023-01-16,sulphate,0.04579
river,2023-01-17,sulphate,0.044489999999999995
river,2023-01-18,sulphate,0.04319
river,2023-01-19,sulphate,0.04349428571428571
river,2023-01-20,sulphate,0.04379857142857143
river,2023-01-21,sulphate,0.04410285714285714
river,2023-01-22,sulphate,0.04440714285714286
river,2023-01-23,sulphate,0.04471142857142857
river,2023-01-24,sulphate,0.04501571428571429
river,2023-01-25,sulphate,0.04532
river,2023-01-26,sulphate,0.045137142857142855
river,2023-01-27,sulphate,0.04495428571428572
river,2023-01-28,sulphate,0.04477142857142857
river,2023-01-29,sulphate,0.04458857142857143
river,2023-01-30,sulphate,0.044405714285714284
river,2023-01-31,sulphate,0.04422285714285715
river,2023-02-01,sulphate,0.04404
river,2023-02-02,sulphate,0.04450571428571429
river,2023-02-03,sulphate,0.04497142857142857
river,2023-02-04,sulphate,0.045437142857142857
river,2023-02-05,sulphate,0.04590285714285715
river,2023-02-06,sulphate,0.04636857142857143
river,2023-02-07,sulphate,0.04683428571428572
river,2023-02-08,sulphate,0.047299999999999995
river,2023-02-09,sulphate,0.047415
river,2023-02-10,sulphate,0.04753
river,2023-02-11,sulphate,0.047645
river,2023-02-12,sulphate,0.04776
river,2023-02-13,sulphate,0.047875
river,2023-02-14,sulphate,0.047990000000000005
river,2023-02-15,sulphate,0.04784125
river,2023-02-16,sulphate,0.047692500000000006
river,2023-02-17,sulphate,0.04754375
river,2023-02-18,sulphate,0.047395
river,2023-02-19,sulphate,0.04724625
river,2023-02-20,sulphate,0.0470975
river,2023-02-21,sulphate,0.04694875
river,2023-02-22,sulphate,0.0468
river,2023-02-23,sulphate,0.04658428571428572
river,2023-02-24,sulphate,0.04636857142857143
river,2023-02-25,sulphate,0.04615285714285715
river,2023-02-26,sulphate,0.04593714285714285
river,2023-02-27,sulphate,0.045721428571428566
river,2023-02-28,sulphate,0.04550571428571428
river,2023-03-01,sulphate,0.04529
river,2023-03-02,sulphate,0.044924285714285715
river,2023-03-03,sulphate,0.04455857142857143
river,2023-03-04,sulphate,0.044192857142857145
river,2023-03-05,sulphate,0.043827142857142856
river,2023-03-06,sulphate,0.04346142857142857
river,2023-03-07,sulphate,0.04309571428571428
river,2023-03-08,sulphate,0.04273
river,2023-03-09,sulphate,0.042924285714285706
river,2023-03-10,sulphate,0.04311857142857143
river,2023-03-11,sulphate,0.04331285714285714
river,2023-03-12,sulphate,0.04350714285714286
river,2023-03-13,sulphate,0.04370142857142857
river,2023-03-14,sulphate,0.043895714285714295
river,2023-03-15,sulphate,0.044090000000000004
river,2023-03-16,sulphate,0.04418285714285715
river,2023-03-17,sulphate,0.044275714285714286
river,2023-03-18,sulphate,0.04436857142857143
river,2023-03-19,sulphate,0.044461428571428575
river,2023-03-20,sulphate,0.04455428571428572
river,2023-03-21,sulphate,0.044647142857142864
river,2023-03-22,sulphate,0.04474
river,2023-03-23,sulphate,0.04483
river,2023-03-24,sulphate,0.04492
river,2023-03-25,sulphate,0.04501
river,2023-03-26,sulphate,0.0451
river,2023-03-27,sulphate,0.04519
river,2023-03-28,sulphate,0.04528
river,2023-03-29,sulphate,0.04537
river,2023-03-30,sulphate,0.04509285714285714
river,2023-03-31,sulphate,0.044815714285714285
river,2023-04-01,sulphate,0.044538571428571434
river,2023-04-02,sulphate,0.04426142857142857
river,2023-04-03,sulphate,0.04398428571428571
river,2023-04-04,sulphate,0.043707142857142854
river,2023-04-05,sulphate,0.04343
river,2023-04-06,sulphate,0.04414333333333333
river,2023-04-07,sulphate,0.04485666666666667
river,2023-04-08,sulphate,0.04557
river,2023-04-09,sulphate,0.04628333333333333
river,2023-04-10,sulphate,0.04699666666666667
river,2023-04-11,sulphate,0.04771
river,2023-04-12,sulphate,0.047761250000000005
river,2023-04-13,sulphate,0.0478125
river,2023-04-14,sulphate,0.04786375
river,2023-04-15,sulphate,0.047915
river,2023-04-16,sulphate,0.04796625
river,2023-04-17,sulphate,0.0480175
river,2023-04-18,sulphate,0.04806874999999999
river,2023-04-19,sulphate,0.048119999999999996
river,2023-04-20,sulphate,0.048535714285714286
river,2023-04-21,sulphate,0.048951428571428576
river,2023-04-22,sulphate,0.04936714285714286
river,2023-04-23,sulphate,0.04978285714285714
river,2023-04-24,sulphate,0.050198571428571426
river,2023-04-25,sulphate,0.050614285714285716
river,2023-04-26,sulphate,0.05103
river,2023-04-27,sulphate,0.050794285714285715
river,2023-04-28,sulphate,0.05055857142857143
river,2023-04-29,sulphate,0.05032285714285715
river,2023-04-30,sulphate,0.05008714285714286
river,2023-05-01,sulphate,0.049851428571428574
river,2023-05-02,sulphate,0.04961571428571429
river,2023-05-03,sulphate,0.04938
river,2023-05-04,sulphate,0.04927666666666667
river,2023-05-05,sulphate,0.04917333333333333
river,2023-05-06,sulphate,0.04907
river,2023-05-07,sulphate,0.04896666666666667
river,2023-05-08,sulphate,0.04886333333333333
river,2023-05-09,sulphate,0.04876
river,2023-05-10,sulphate,0.04872142857142857
river,2023-05-11,sulphate,0.048682857142857146
river,2023-05-12,sulphate,0.048644285714285716
river,2023-05-13,sulphate,0.04860571428571429
river,2023-05-14,sulphate,0.04856714285714286
river,2023-05-15,sulphate,0.048528571428571435
river,2023-05-16,sulphate,0.048490000000000005
river,2023-05-17,sulphate,0.049065000000000004
river,2023-05-18,sulphate,0.049640000000000004
river,2023-05-19,sulphate,0.050215
river,2023-05-20,sulphate,0.05079000000000001
river,2023-05-21,sulphate,0.051365
river,2023-05-22,sulphate,0.05194000000000001
river,2023-05-23,sulphate,0.052515
river,2023-05-24,sulphate,0.053090000000000005
river,2023-05-25,sulphate,0.05320714285714286
river,2023-05-26,sulphate,0.05332428571428571
river,2023-05-27,sulphate,0.05344142857142858
river,2023-05-28,sulphate,0.05355857142857143
river,2023-05-29,sulphate,0.053675714285714285
river,2023-05-30,sulphate,0.053792857142857135
river,2023-05-31,sulphate,0.05391
river,2023-06-01,sulphate,0.05414857142857142
river,2023-06-02,sulphate,0.054387142857142856
river,2023-06-03,sulphate,0.054625714285714284
river,2023-06-04,sulphate,0.05486428571428571
river,2023-06-05,sulphate,0.05510285714285714
river,2023-06-06,sulphate,0.055341428571428576
river,2023-06-07,sulphate,0.05558
river,2023-06-08,sulphate,0.05624285714285714
river,2023-06-09,sulphate,0.05690571428571428
river,2023-06-10,sulphate,0.05756857142857143
river,2023-06-11,sulphate,0.05823142857142857
river,2023-06-12,sulphate,0.05889428571428572
river,2023-06-13,sulphate,0.05955714285714286
river,2023-06-14,sulphate,0.06022
river,2023-06-15,sulphate,0.05875428571428572
river,2023-06-16,sulphate,0.05728857142857143
river,2023-06-17,sulphate,0.055822857142857146
river,2023-06-18,sulphate,0.054357142857142854
river,2023-06-19,sulphate,0.05289142857142857
river,2023-06-20,sulphate,0.05142571428571428
river,2023-06-21,sulphate,0.049960000000000004
river,2023-06-22,sulphate,0.05199857142857143
river,2023-06-23,sulphate,0.05403714285714286
river,2023-06-24,sulphate,0.05607571428571429
river,2023-06-25,sulphate,0.058114285714285716
river,2023-06-26,sulphate,0.06015285714285715
river,2023-06-27,sulphate,0.06219142857142858
river,2023-06-28,sulphate,0.06423000000000001
river,2023-06-29,sulphate,0.06381714285714286
river,2023-06-30,sulphate,0.06340428571428572
river,2023-07-01,sulphate,0.06299142857142857
river,2023-07-02,sulphate,0.06257857142857143
river,2023-07-03,sulphate,0.06216571428571429
river,2023-07-04,sulphate,0.061752857142857144
river,2023-07-05,sulphate,0.061340000000000006
river,2023-07-06,sulphate,0.061611428571428574
river,2023-07-07,sulphate,0.06188285714285715
river,2023-07-08,sulphate,0.062154285714285724
river,2023-07-09,sulphate,0.062425714285714286
river,2023-07-10,sulphate,0.06269714285714285
river,2023-07-11,sulphate,0.06296857142857143
river,2023-07-12,sulphate,0.06324
river,2023-07-13,sulphate,0.06261285714285715
river,2023-07-14,sulphate,0.06198571428571429
river,2023-07-15,sulphate,0.06135857142857143
river,2023-07-16,sulphate,0.060731428571428575
river,2023-07-17,sulphate,0.060104285714285714
river,2023-07-18,sulphate,0.05947714285714286
river,2023-07-19,sulphate,0.05885
river,2023-07-20,sulphate,0.05971
river,2023-07-21,sulphate,0.06057
river,2023-07-22,sulphate,0.06143
river,2023-07-23,sulphate,0.062290000000000005
river,2023-07-24,sulphate,0.06315000000000001
river,2023-07-25,sulphate,0.06401000000000001
river,2023-07-26,sulphate,0.06487000000000001
river,2023-07-27,sulphate,0.06370285714285714
river,2023-07-28,sulphate,0.06253571428571429
river,2023-07-29,sulphate,0.06136857142857143
river,2023-07-30,sulphate,0.06020142857142857
river,2023-07-31,sulphate,0.05903428571428572
river,2023-08-01,sulphate,0.05786714285714286
river,2023-08-02,sulphate,0.05670000000000001
river,2023-08-03,sulphate,0.05805571428571429
river,2023-08-04,sulphate,0.05941142857142857
river,2023-08-05,sulphate,0.06076714285714286
river,2023-08-06,sulphate,0.062122857142857146
river,2023-08-07,sulphate,0.06347857142857143
river,2023-08-08,sulphate,0.06483428571428572
river,2023-08-09,sulphate,0.06619
river,2023-08-10,sulphate,0.06702714285714285
river,2023-08-11,sulphate,0.06786428571428571
river,2023-08-12,sulphate,0.06870142857142857
river,2023-08-13,sulphate,0.06953857142857144
river,2023-08-14,sulphate,0.07037571428571428
river,2023-08-15,sulphate,0.07121285714285715
river,2023-08-16,sulphate,0.07205
river,2023-08-17,sulphate,0.07075999999999999
river,2023-08-18,sulphate,0.06947
river,2023-08-19,sulphate,0.06818
river,2023-08-20,sulphate,0.06689
river,2023-08-21,sulphate,0.06559999999999999
river,2023-08-22,sulphate,0.06431
river,2023-08-23,sulphate,0.06302
river,2023-08-24,sulphate,0.06396857142857143
river,2023-08-25,sulphate,0.06491714285714287
river,2023-08-26,sulphate,0.06586571428571429
river,2023-08-27,sulphate,0.06681428571428571
river,2023-08-28,sulphate,0.06776285714285714
river,2023-08-29,sulphate,0.06871142857142858
river,2023-08-30,sulphate,0.06966
river,2023-08-31,sulphate,0.06960428571428572
river,2023-09-01,sulphate,0.06954857142857142
river,2023-09-02,sulphate,0.06949285714285713
river,2023-09-03,sulphate,0.06943714285714286
river,2023-09-04,sulphate,0.06938142857142858
river,2023-09-05,sulphate,0.06932571428571428
river,2023-09-06,sulphate,0.06927
river,2023-09-07,sulphate,0.06865714285714286
river,2023-09-08,sulphate,0.06804428571428571
river,2023-09-09,sulphate,0.06743142857142857
river,2023-09-10,sulphate,0.06681857142857144
river,2023-09-11,sulphate,0.0662057142857143
river,2023-09-12,sulphate,0.06559285714285715
river,2023-09-13,sulphate,0.06498000000000001
river,2023-09-14,sulphate,0.06647714285714287
river,2023-09-15,sulphate,0.06797428571428571
river,2023-09-16,sulphate,0.06947142857142857
river,2023-09-17,sulphate,0.07096857142857142
river,2023-09-18,sulphate,0.07246571428571429
river,2023-09-19,sulphate,0.07396285714285714
river,2023-09-20,sulphate,0.07546
river,2023-09-21,sulphate,0.07484666666666667
river,2023-09-22,sulphate,0.07423333333333333
river,2023-09-23,sulphate,0.07362
river,2023-09-24,sulphate,0.07300666666666666
river,2023-09-25,sulphate,0.07239333333333334
river,2023-09-26,sulphate,0.07178
river,2023-09-27,sulphate,0.0718475
river,2023-09-28,sulphate,0.07191499999999999
river,2023-09-29,sulphate,0.0719825
river,2023-09-30,sulphate,0.07205
river,2023-10-01,sulphate,0.0721175
river,2023-10-02,sulphate,0.072185
river,2023-10-03,sulphate,0.0722525
river,2023-10-04,sulphate,0.07232
river,2023-10-05,sulphate,0.07243
river,2023-10-06,sulphate,0.07254
river,2023-10-07,sulphate,0.07264999999999999
river,2023-10-08,sulphate,0.07276
river,2023-10-09,sulphate,0.07287
river,2023-10-10,sulphate,0.07298
river,2023-10-11,sulphate,0.07309
river,2023-10-12,sulphate,0.07339142857142858
river,2023-10-13,sulphate,0.07369285714285716
river,2023-10-14,sulphate,0.07399428571428572
river,2023-10-15,sulphate,0.07429571428571428
river,2023-10-16,sulphate,0.07459714285714286
river,2023-10-17,sulphate,0.07489857142857143
river,2023-10-18,sulphate,0.0752
river,2023-10-19,sulphate,0.07408142857142858
river,2023-10-20,sulphate,0.07296285714285715
river,2023-10-21,sulphate,0.07184428571428572
river,2023-10-22,sulphate,0.0707257142857143
river,2023-10-23,sulphate,0.06960714285714287
river,2023-10-24,sulphate,0.06848857142857144
river,2023-10-25,sulphate,0.06737
river,2023-10-26,sulphate,0.06938285714285715
river,2023-10-27,sulphate,0.0713957142857143
river,2023-10-28,sulphate,0.07340857142857143
river,2023-10-29,sulphate,0.07542142857142857
river,2023-10-30,sulphate,0.0774342857142857
river,2023-10-31,sulphate,0.07944714285714286
river,2023-11-01,sulphate,0.08145999999999999
river,2023-11-02,sulphate,0.08020857142857142
river,2023-11-03,sulphate,0.07895714285714285
river,2023-11-04,sulphate,0.07770571428571428
river,2023-11-05,sulphate,0.07645428571428572
river,2023-11-06,sulphate,0.07520285714285714
river,2023-11-07,sulphate,0.07395142857142858
river,2023-11-08,sulphate,0.0727
river,2023-11-09,sulphate,0.07262142857142859
river,2023-11-10,sulphate,0.07254285714285715
river,2023-11-11,sulphate,0.07246428571428572
river,2023-11-12,sulphate,0.07238571428571429
river,2023-11-13,sulphate,0.07230714285714286
river,2023-11-14,sulphate,0.07222857142857143
river,2023-11-15,sulphate,0.07215
river,2023-11-16,sulphate,0.07274857142857144
river,2023-11-17,sulphate,0.07334714285714286
river,2023-11-18,sulphate,0.0739457142857143
river,2023-11-19,sulphate,0.07454428571428572
river,2023-11-20,sulphate,0.07514285714285715
river,2023-11-21,sulphate,0.07574142857142857
river,2023-11-22,sulphate,0.07634
river,2023-11-23,sulphate,0.07582428571428572
river,2023-11-24,sulphate,0.07530857142857143
river,2023-11-25,sulphate,0.07479285714285715
river,2023-11-26,sulphate,0.07427714285714286
river,2023-11-27,sulphate,0.07376142857142859
river,2023-11-28,sulphate,0.07324571428571429
river,2023-11-29,sulphate,0.07273
river,2023-11-30,sulphate,0.0736957142857143
river,2023-12-01,sulphate,0.07466142857142857
river,2023-12-02,sulphate,0.07562714285714286
river,2023-12-03,sulphate,0.07659285714285714
river,2023-12-04,sulphate,0.07755857142857142
river,2023-12-05,sulphate,0.07852428571428571
river,2023-12-06,sulphate,0.07948999999999999
river,2023-12-07,sulphate,0.07884714285714285
river,2023-12-08,sulphate,0.0782042857142857
river,2023-12-09,sulphate,0.07756142857142857
river,2023-12-10,sulphate,0.07691857142857143
river,2023-12-11,sulphate,0.0762757142857143
river,2023-12-12,sulphate,0.07563285714285714
river,2023-12-13,sulphate,0.07499
river,2023-12-14,sulphate,0.07570833333333334
river,2023-12-15,sulphate,0.07642666666666667
river,2023-12-16,sulphate,0.07714499999999999
river,2023-12-17,sulphate,0.07786333333333333
river,2023-12-18,sulphate,0.07858166666666666
river,2023-12-19,sulphate,0.0793
river,2023-12-20,sulphate,0.07836733333333333
river,2023-12-21,sulphate,0.07743466666666667
river,2023-12-22,sulphate,0.076502
river,2023-12-23,sulphate,0.07556933333333334
river,2023-12-24,sulphate,0.07463666666666667
river,2023-12-25,sulphate,0.07370399999999999
river,2023-12-26,sulphate,0.07277133333333333
river,2023-12-27,sulphate,0.07183866666666668
river,2023-12-28,sulphate,0.07090600000000001
river,2023-12-29,sulphate,0.06997333333333333
river,2023-12-30,sulphate,0.06904066666666667
river,2023-12-31,sulphate,0.068108
river,2024-01-01,sulphate,0.06717533333333332
river,2024-01-02,sulphate,0.06624266666666667
river,2024-01-03,sulphate,0.06531
river,2024-01-04,sulphate,0.06433857142857143
river,2024-01-05,sulphate,0.06336714285714286
river,2024-01-06,sulphate,0.062395714285714284
river,2024-01-07,sulphate,0.061424285714285716
river,2024-01-08,sulphate,0.06045285714285714
river,2024-01-09,sulphate,0.05948142857142857
river,2024-01-10,sulphate,0.05851
river,2024-01-11,sulphate,0.05749833333333334
river,2024-01-12,sulphate,0.056486666666666664
river,2024-01-13,sulphate,0.055475
river,2024-01-14,sulphate,0.05446333333333333
river,2024-01-15,sulphate,0.05345166666666667
river,2024-01-16,sulphate,0.05244
river,2024-01-17,sulphate,0.05246875
river,2024-01-18,sulphate,0.0524975
river,2024-01-19,sulphate,0.05252625
river,2024-01-20,sulphate,0.052555
river,2024-01-21,sulphate,0.052583750000000005
river,2024-01-22,sulphate,0.0526125
river,2024-01-23,sulphate,0.05264125
river,2024-01-24,sulphate,0.05267
river,2024-01-25,sulphate,0.05339142857142857
river,2024-01-26,sulphate,0.05411285714285714
river,2024-01-27,sulphate,0.05483428571428572
river,2024-01-28,sulphate,0.05555571428571429
river,2024-01-29,sulphate,0.05627714285714286
river,2024-01-30,sulphate,0.056998571428571426
river,2024-01-31,sulphate,0.05772
river,2024-02-01,sulphate,0.05691571428571429
river,2024-02-02,sulphate,0.05611142857142857
river,2024-02-03,sulphate,0.05530714285714286
river,2024-02-04,sulphate,0.054502857142857145
river,2024-02-05,sulphate,0.053698571428571436
river,2024-02-06,sulphate,0.05289428571428571
river,2024-02-07,sulphate,0.052090000000000004
river,2024-02-08,sulphate,0.05272285714285715
river,2024-02-09,sulphate,0.05335571428571429
river,2024-02-10,sulphate,0.053988571428571434
river,2024-02-11,sulphate,0.05462142857142858
river,2024-02-12,sulphate,0.055254285714285714
river,2024-02-13,sulphate,0.055887142857142864
river,2024-02-14,sulphate,0.05652000000000001
river,2024-02-15,sulphate,0.056668571428571436
river,2024-02-16,sulphate,0.056817142857142865
river,2024-02-17,sulphate,0.05696571428571429
river,2024-02-18,sulphate,0.057114285714285715
river,2024-02-19,sulphate,0.05726285714285714
river,2024-02-20,sulphate,0.05741142857142857
river,2024-02-21,sulphate,0.05756
river,2024-02-22,sulphate,0.05750666666666667
river,2024-02-23,sulphate,0.057453333333333335
river,2024-02-24,sulphate,0.05740000000000001
river,2024-02-25,sulphate,0.05734666666666667
river,2024-02-26,sulphate,0.057293333333333335
river,2024-02-27,sulphate,0.057240000000000006
river,2024-02-28,sulphate,0.0576375
river,2024-02-29,sulphate,0.058035
river,2024-03-01,sulphate,0.058432500000000005
river,2024-03-02,sulphate,0.05883
river,2024-03-03,sulphate,0.0592275
river,2024-03-04,sulphate,0.059625000000000004
river,2024-03-05,sulphate,0.0600225
river,2024-03-06,sulphate,0.06042
river,2024-03-07,sulphate,0.06020142857142857
river,2024-03-08,sulphate,0.05998285714285714
river,2024-03-09,sulphate,0.059764285714285714
river,2024-03-10,sulphate,0.05954571428571429
river,2024-03-11,sulphate,0.05932714285714286
river,2024-03-12,sulphate,0.059108571428571434
river,2024-03-13,sulphate,0.058890000000000005
river,2024-03-14,sulphate,0.058472857142857146
river,2024-03-15,sulphate,0.05805571428571429
river,2024-03-16,sulphate,0.057638571428571435
river,2024-03-17,sulphate,0.05722142857142857
river,2024-03-18,sulphate,0.05680428571428571
river,2024-03-19,sulphate,0.05638714285714286
river,2024-03-20,sulphate,0.05597
river,2024-03-21,sulphate,0.05618857142857143
river,2024-03-22,sulphate,0.05640714285714286
river,2024-03-23,sulphate,0.056625714285714286
river,2024-03-24,sulphate,0.056844285714285715
river,2024-03-25,sulphate,0.057062857142857144
river,2024-03-26,sulphate,0.05728142857142857
river,2024-03-27,sulphate,0.0575
river,2024-03-28,sulphate,0.057615714285714284
river,2024-03-29,sulphate,0.05773142857142857
river,2024-03-30,sulphate,0.057847142857142854
river,2024-03-31,sulphate,0.05796285714285715
river,2024-04-01,sulphate,0.05807857142857143
river,2024-04-02,sulphate,0.05819428571428572
river,2024-04-03,sulphate,0.05831
river,2024-04-04,sulphate,0.058690000000000006
river,2024-04-05,sulphate,0.059070000000000004
river,2024-04-06,sulphate,0.05945
river,2024-04-07,sulphate,0.05983
river,2024-04-08,sulphate,0.06021
river,2024-04-09,sulphate,0.06059
river,2024-04-10,sulphate,0.06097
river,2024-04-11,sulphate,0.06055571428571429
river,2024-04-12,sulphate,0.06014142857142857
river,2024-04-13,sulphate,0.05972714285714286
river,2024-04-14,sulphate,0.05931285714285714
river,2024-04-15,sulphate,0.05889857142857143
river,2024-04-16,sulphate,0.05848428571428571
river,2024-04-17,sulphate,0.058070000000000004
river,2024-04-18,sulphate,0.05845714285714285
river,2024-04-19,sulphate,0.05884428571428572
river,2024-04-20,sulphate,0.059231428571428574
river,2024-04-21,sulphate,0.05961857142857143
river,2024-04-22,sulphate,0.06000571428571429
river,2024-04-23,sulphate,0.060392857142857144
river,2024-04-24,sulphate,0.06078
river,2024-04-25,sulphate,0.05746142857142857
river,2024-04-26,sulphate,0.054142857142857145
river,2024-04-27,sulphate,0.05082428571428572
river,2024-04-28,sulphate,0.04750571428571428
river,2024-04-29,sulphate,0.04418714285714286
river,2024-04-30,sulphate,0.04086857142857143
river,2024-05-01,sulphate,0.03755
river,2024-05-02,sulphate,0.038124285714285715
river,2024-05-03,sulphate,0.03869857142857143
river,2024-05-04,sulphate,0.039272857142857144
river,2024-05-05,sulphate,0.03984714285714286
river,2024-05-06,sulphate,0.04042142857142857
river,2024-05-07,sulphate,0.04099571428571429
river,2024-05-08,sulphate,0.04157
river,2024-05-09,sulphate,0.04142166666666667
river,2024-05-10,sulphate,0.041273333333333335
river,2024-05-11,sulphate,0.041125
river,2024-05-12,sulphate,0.04097666666666667
river,2024-05-13,sulphate,0.040828333333333335
river,2024-05-14,sulphate,0.04068
river,2024-05-15,sulphate,0.04064625
river,2024-05-16,sulphate,0.040612499999999996
river,2024-05-17,sulphate,0.040578750000000004
river,2024-05-18,sulphate,0.040545000000000005
river,2024-05-19,sulphate,0.04051125
river,2024-05-20,sulphate,0.0404775
river,2024-05-21,sulphate,0.040443749999999994
river,2024-05-22,sulphate,0.040409999999999995
river,2024-05-23,sulphate,0.04056714285714286
river,2024-05-24,sulphate,0.04072428571428571
river,2024-05-25,sulphate,0.040881428571428576
river,2024-05-26,sulphate,0.041038571428571424
river,2024-05-27,sulphate,0.04119571428571428
river,2024-05-28,sulphate,0.04135285714285714
river,2024-05-29,sulphate,0.04151
river,2024-05-30,sulphate,0.04157375
river,2024-05-31,sulphate,0.0416375
river,2024-06-01,sulphate,0.04170125
river,2024-06-02,sulphate,0.041765000000000004
river,2024-06-03,sulphate,0.04182875
river,2024-06-04,sulphate,0.0418925
river,2024-06-05,sulphate,0.04195625000000001
river,2024-06-06,sulphate,0.04202
river,2024-06-07,sulphate,0.04202533333333333
river,2024-06-08,sulphate,0.04200666666666667
river,2024-06-09,sulphate,0.042
river,2024-06-10,sulphate,0.041993333333333334
river,2024-06-11,sulphate,0.041986666666666665
river,2024-06-12,sulphate,0.041979999999999996
river,2024-06-13,sulphate,0.042064285714285714
river,2024-06-14,sulphate,0.04214857142857143
river,2024-06-15,sulphate,0.04223285714285714
river,2024-06-16,sulphate,0.04231714285714286
river,2024-06-17,sulphate,0.04240142857142857
river,2024-06-18,sulphate,0.042485714285714286
river,2024-06-19,sulphate,0.042570000000000004
river,2024-06-20,sulphate,0.04210333333333333
river,2024-06-21,sulphate,0.04163666666666667
river,2024-06-22,sulphate,0.041170000000000005
river,2024-06-23,sulphate,0.040703333333333334
river,2024-06-24,sulphate,0.04023666666666667
river,2024-06-25,sulphate,0.03977000000000001
river,2024-06-26,sulphate,0.039850000000000003
river,2024-06-27,sulphate,0.03993
river,2024-06-28,sulphate,0.04001
river,2024-06-29,sulphate,0.04009000000000001
river,2024-06-30,sulphate,0.040170000000000004
river,2024-07-01,sulphate,0.04025
river,2024-07-02,sulphate,0.04033
river,2024-07-03,sulphate,0.040409999999999995
river,2024-07-04,sulphate,0.040011428571428566
river,2024-07-05,sulphate,0.03961285714285714
river,2024-07-06,sulphate,0.03921428571428571
river,2024-07-07,sulphate,0.03881571428571429
river,2024-07-08,sulphate,0.03841714285714286
river,2024-07-09,sulphate,0.03801857142857143
river,2024-07-10,sulphate,0.03762
river,2024-07-11,sulphate,0.03723833333333333
river,2024-07-12,sulphate,0.03685666666666666
river,2024-07-13,sulphate,0.036474999999999994
river,2024-07-14,sulphate,0.03609333333333333
river,2024-07-15,sulphate,0.03571166666666667
river,2024-07-16,sulphate,0.03533
river,2024-07-17,sulphate,0.03563375
river,2024-07-18,sulphate,0.035937500000000004
river,2024-07-19,sulphate,0.03624125
river,2024-07-20,sulphate,0.036545
river,2024-07-21,sulphate,0.03684875
river,2024-07-22,sulphate,0.0371525
river,2024-07-23,sulphate,0.037456249999999996
river,2024-07-24,sulphate,0.03776
river,2024-07-25,sulphate,0.037791428571428566
river,2024-07-26,sulphate,0.03782285714285714
river,2024-07-27,sulphate,0.03785428571428571
river,2024-07-28,sulphate,0.037885714285714286
river,2024-07-29,sulphate,0.03791714285714286
river,2024-07-30,sulphate,0.03794857142857143
river,2024-07-31,sulphate,0.03798
river,2024-08-01,sulphate,0.03835857142857142
river,2024-08-02,sulphate,0.03873714285714286
river,2024-08-03,sulphate,0.03911571428571428
river,2024-08-04,sulphate,0.03949428571428572
river,2024-08-05,sulphate,0.03987285714285714
river,2024-08-06,sulphate,0.04025142857142858
river,2024-08-07,sulphate,0.040630000000000006
river,2024-08-08,sulphate,0.04052571428571429
river,2024-08-09,sulphate,0.04042142857142857
river,2024-08-10,sulphate,0.04031714285714286
river,2024-08-11,sulphate,0.04021285714285715
river,2024-08-12,sulphate,0.04010857142857143
river,2024-08-13,sulphate,0.040004285714285714
river,2024-08-14,sulphate,0.0399
river,2024-08-15,sulphate,0.03986428571428571
river,2024-08-16,sulphate,0.03982857142857143
river,2024-08-17,sulphate,0.039792857142857144
river,2024-08-18,sulphate,0.03975714285714285
river,2024-08-19,sulphate,0.03972142857142857
river,2024-08-20,sulphate,0.03968571428571428
river,2024-08-21,sulphate,0.03965
river,2024-08-22,sulphate,0.03972714285714286
river,2024-08-23,sulphate,0.039804285714285716
river,2024-08-24,sulphate,0.039881428571428575
river,2024-08-25,sulphate,0.03995857142857143
river,2024-08-26,sulphate,0.040035714285714286
river,2024-08-27,sulphate,0.04011285714285714
river,2024-08-28,sulphate,0.04019
river,2024-08-29,sulphate,0.040162857142857146
river,2024-08-30,sulphate,0.04013571428571429
river,2024-08-31,sulphate,0.04010857142857143
river,2024-09-01,sulphate,0.040081428571428566
river,2024-09-02,sulphate,0.040054285714285716
river,2024-09-03,sulphate,0.04002714285714286
river,2024-09-04,sulphate,0.04
river,2024-09-05,sulphate,0.04
river,2024-09-06,sulphate,0.04
river,2024-09-07,sulphate,0.04
river,2024-09-08,sulphate,0.04
river,2024-09-09,sulphate,0.04
river,2024-09-10,sulphate,0.04
river,2024-09-11,sulphate,0.04
river,2024-09-12,sulphate,0.039952857142857144
river,2024-09-13,sulphate,0.03990571428571429
river,2024-09-14,sulphate,0.03985857142857143
river,2024-09-15,sulphate,0.039811428571428574
river,2024-09-16,sulphate,0.03976428571428571
river,2024-09-17,sulphate,0.03971714285714286
river,2024-09-18,sulphate,0.039670000000000004
river,2024-09-19,sulphate,0.040183333333333335
river,2024-09-20,sulphate,0.040696666666666666
river,2024-09-21,sulphate,0.041210000000000004
river,2024-09-22,sulphate,0.041723333333333334
river,2024-09-23,sulphate,0.042236666666666665
river,2024-09-24,sulphate,0.04275
river,2024-09-25,sulphate,0.04274
river,2024-09-26,sulphate,0.04273
river,2024-09-27,sulphate,0.04272
river,2024-09-28,sulphate,0.042710000000000005
river,2024-09-29,sulphate,0.0427
river,2024-09-30,sulphate,0.04269
river,2024-10-01,sulphate,0.04268
river,2024-10-02,sulphate,0.04173428571428571
river,2024-10-03,sulphate,0.04078857142857143
river,2024-10-04,sulphate,0.039842857142857145
river,2024-10-05,sulphate,0.03889714285714286
river,2024-10-06,sulphate,0.03795142857142857
river,2024-10-07,sulphate,0.037005714285714295
river,2024-10-08,sulphate,0.03606
river,2024-10-09,sulphate,0.03657125
river,2024-10-10,sulphate,0.037082500000000004
river,2024-10-11,sulphate,0.03759375
river,2024-10-12,sulphate,0.03810500000000001
river,2024-10-13,sulphate,0.038616250000000005
river,2024-10-14,sulphate,0.039127499999999996
river,2024-10-15,sulphate,0.03963875
river,2024-10-16,sulphate,0.04015
river,2024-10-17,sulphate,0.039951428571428575
river,2024-10-18,sulphate,0.03975285714285714
river,2024-10-19,sulphate,0.039554285714285715
river,2024-10-20,sulphate,0.039355714285714286
river,2024-10-21,sulphate,0.03915714285714286
river,2024-10-22,sulphate,0.038958571428571426
river,2024-10-23,sulphate,0.038759999999999996
river,2024-10-24,sulphate,0.03873833333333333
river,2024-10-25,sulphate,0.03871666666666667
river,2024-10-26,sulphate,0.038695
river,2024-10-27,sulphate,0.03867333333333333
river,2024-10-28,sulphate,0.038651666666666674
river,2024-10-29,sulphate,0.038630000000000005
river,2024-10-30,sulphate,0.037325000000000004
river,2024-10-31,sulphate,0.03602
river,2024-11-01,sulphate,0.034715
river,2024-11-02,sulphate,0.03341
river,2024-11-03,sulphate,0.032105
river,2024-11-04,sulphate,0.0308
river,2024-11-05,sulphate,0.029495
river,2024-11-06,sulphate,0.028190000000000003
river,2024-11-07,sulphate,0.02979
river,2024-11-08,sulphate,0.03139
river,2024-11-09,sulphate,0.032990000000000005
river,2024-11-10,sulphate,0.03459
river,2024-11-11,sulphate,0.03619
river,2024-11-12,sulphate,0.03779
river,2024-11-13,sulphate,0.03799285714285714
river,2024-11-14,sulphate,0.03819571428571429
river,2024-11-15,sulphate,0.03839857142857143
river,2024-11-16,sulphate,0.03860142857142857
river,2024-11-17,sulphate,0.038804285714285715
river,2024-11-18,sulphate,0.03900714285714286
river,2024-11-19,sulphate,0.03921
river,2024-11-20,sulphate,0.037425714285714284
river,2024-11-21,sulphate,0.03564142857142857
river,2024-11-22,sulphate,0.03385714285714286
river,2024-11-23,sulphate,0.032072857142857146
river,2024-11-24,sulphate,0.030288571428571432
river,2024-11-25,sulphate,0.028504285714285715
river,2024-11-26,sulphate,0.02672
river,2024-11-27,sulphate,0.0276
river,2024-11-28,sulphate,0.02848
river,2024-11-29,sulphate,0.02936
river,2024-11-30,sulphate,0.03024
river,2024-12-01,sulphate,0.03112
river,2024-12-02,sulphate,0.032
river,2024-12-03,sulphate,0.03288
river,2024-12-04,sulphate,0.03376
river,2024-12-05,sulphate,0.03449285714285714
river,2024-12-06,sulphate,0.035225714285714284
river,2024-12-07,sulphate,0.03595857142857142
river,2024-12-08,sulphate,0.036691428571428576
river,2024-12-09,sulphate,0.037424285714285715
river,2024-12-10,sulphate,0.03815714285714286
river,2024-12-11,sulphate,0.03889
river,2024-12-12,sulphate,0.038163333333333334
river,2024-12-13,sulphate,0.03743666666666667
river,2024-12-14,sulphate,0.03671
river,2024-12-15,sulphate,0.03598333333333333
river,2024-12-16,sulphate,0.035256666666666665
river,2024-12-17,sulphate,0.034530000000000005
river,2024-12-18,sulphate,0.03447571428571429
river,2024-12-19,sulphate,0.03442142857142857
river,2024-12-20,sulphate,0.03436714285714286
river,2024-12-21,sulphate,0.03431285714285714
river,2024-12-22,sulphate,0.03425857142857143
river,2024-12-23,sulphate,0.034204285714285715
river,2024-12-24,sulphate,0.03415
river,2024-12-25,sulphate,0.034095714285714285
river,2024-12-26,sulphate,0.03404142857142858
river,2024-12-27,sulphate,0.033987142857142855
river,2024-12-28,sulphate,0.03393285714285715
river,2024-12-29,sulphate,0.033878571428571425
river,2024-12-30,sulphate,0.033824285714285716
river,2024-12-31,sulphate,0.03377
river,2025-01-01,sulphate,0.033715714285714286
river,2025-01-02,sulphate,0.03366142857142857
river,2025-01-03,sulphate,0.03360714285714286
river,2025-01-04,sulphate,0.03355285714285714
river,2025-01-05,sulphate,0.03349857142857143
river,2025-01-06,sulphate,0.03344428571428571
river,2025-01-07,sulphate,0.03339
river,2025-01-08,sulphate,0.03401285714285714
river,2025-01-09,sulphate,0.034635714285714284
river,2025-01-10,sulphate,0.03525857142857143
river,2025-01-11,sulphate,0.03588142857142857
river,2025-01-12,sulphate,0.03650428571428572
river,2025-01-13,sulphate,0.03712714285714286
river,2025-01-14,sulphate,0.03775
river,2025-01-15,sulphate,0.03813285714285714
river,2025-01-16,sulphate,0.03851571428571429
river,2025-01-17,sulphate,0.03889857142857143
river,2025-01-18,sulphate,0.03928142857142857
river,2025-01-19,sulphate,0.039664285714285714
river,2025-01-20,sulphate,0.04004714285714286
river,2025-01-21,sulphate,0.04043
river,2025-01-22,sulphate,0.038471428571428566
river,2025-01-23,sulphate,0.036512857142857146
river,2025-01-24,sulphate,0.03455428571428571
river,2025-01-25,sulphate,0.03259571428571429
river,2025-01-26,sulphate,0.030637142857142856
river,2025-01-27,sulphate,0.02867857142857143
river,2025-01-28,sulphate,0.02672
river,2025-01-29,sulphate,0.027468571428571426
river,2025-01-30,sulphate,0.028217142857142857
river,2025-01-31,sulphate,0.028965714285714286
river,2025-02-01,sulphate,0.029714285714285717
river,2025-02-02,sulphate,0.030462857142857142
river,2025-02-03,sulphate,0.03121142857142857
river,2025-02-04,sulphate,0.03196
river,2025-02-05,sulphate,0.03176142857142857
river,2025-02-06,sulphate,0.03156285714285714
river,2025-02-07,sulphate,0.03136428571428571
river,2025-02-08,sulphate,0.031165714285714286
river,2025-02-09,sulphate,0.030967142857142856
river,2025-02-10,sulphate,0.03076857142857143
river,2025-02-11,sulphate,0.03057
river,2025-02-12,sulphate,0.031330000000000004
river,2025-02-13,sulphate,0.03209000000000001
river,2025-02-14,sulphate,0.032850000000000004
river,2025-02-15,sulphate,0.03361
river,2025-02-16,sulphate,0.03437
river,2025-02-17,sulphate,0.03513
river,2025-02-18,sulphate,0.03589
river,2025-02-19,sulphate,0.03618285714285715
river,2025-02-20,sulphate,0.036475714285714285
river,2025-02-21,sulphate,0.03676857142857143
river,2025-02-22,sulphate,0.03706142857142857
river,2025-02-23,sulphate,0.037354285714285715
river,2025-02-24,sulphate,0.03764714285714285
river,2025-02-25,sulphate,0.03794
river,2021-03-03,nitrogen,0.0079
river,2021-03-04,nitrogen,0.007866666666666668
river,2021-03-05,nitrogen,0.007833333333333335
river,2021-03-06,nitrogen,0.0078000000000000005
river,2021-03-07,nitrogen,0.0077666666666666665
river,2021-03-08,nitrogen,0.007733333333333333
river,2021-03-09,nitrogen,0.0077
river,2021-03-10,nitrogen,0.0077
river,2021-03-11,nitrogen,0.0077
river,2021-03-12,nitrogen,0.0077
river,2021-03-13,nitrogen,0.0077
river,2021-03-14,nitrogen,0.0077
river,2021-03-15,nitrogen,0.0077
river,2021-03-16,nitrogen,0.0077
river,2021-03-17,nitrogen,0.0075875000000000005
river,2021-03-18,nitrogen,0.007475
river,2021-03-19,nitrogen,0.0073625
river,2021-03-20,nitrogen,0.00725
river,2021-03-21,nitrogen,0.007137500000000001
river,2021-03-22,nitrogen,0.007025000000000001
river,2021-03-23,nitrogen,0.006912499999999999
river,2021-03-24,nitrogen,0.0068
river,2021-03-25,nitrogen,0.0067875
river,2021-03-26,nitrogen,0.006775000000000001
river,2021-03-27,nitrogen,0.0067625
river,2021-03-28,nitrogen,0.00675
river,2021-03-29,nitrogen,0.0067374999999999996
river,2021-03-30,nitrogen,0.006725
river,2021-03-31,nitrogen,0.006712500000000001
river,2021-04-01,nitrogen,0.0067
river,2021-04-02,nitrogen,0.00666
river,2021-04-03,nitrogen,0.00662
river,2021-04-04,nitrogen,0.00658
river,2021-04-05,nitrogen,0.00654
river,2021-04-06,nitrogen,0.006500000000000001
river,2021-04-07,nitrogen,0.006475
river,2021-04-08,nitrogen,0.00645
river,2021-04-09,nitrogen,0.006425
river,2021-04-10,nitrogen,0.0064
river,2021-04-11,nitrogen,0.0063750000000000005
river,2021-04-12,nitrogen,0.00635
river,2021-04-13,nitrogen,0.006325
river,2021-04-14,nitrogen,0.0063
river,2021-04-15,nitrogen,0.006316666666666667
river,2021-04-16,nitrogen,0.006333333333333333
river,2021-04-17,nitrogen,0.00635
river,2021-04-18,nitrogen,0.006366666666666667
river,2021-04-19,nitrogen,0.006383333333333334
river,2021-04-20,nitrogen,0.0064
river,2021-04-21,nitrogen,0.006357142857142858
river,2021-04-22,nitrogen,0.006314285714285714
river,2021-04-23,nitrogen,0.006271428571428572
river,2021-04-24,nitrogen,0.006228571428571429
river,2021-04-25,nitrogen,0.006185714285714286
river,2021-04-26,nitrogen,0.006142857142857143
river,2021-04-27,nitrogen,0.0060999999999999995
river,2021-04-28,nitrogen,0.0060999999999999995
river,2021-04-29,nitrogen,0.0060999999999999995
river,2021-04-30,nitrogen,0.0060999999999999995
river,2021-05-01,nitrogen,0.0060999999999999995
river,2021-05-02,nitrogen,0.0060999999999999995
river,2021-05-03,nitrogen,0.0060999999999999995
river,2021-05-04,nitrogen,0.0060999999999999995
river,2021-05-05,nitrogen,0.0060999999999999995
river,2021-05-06,nitrogen,0.006149999999999999
river,2021-05-07,nitrogen,0.006200000000000001
river,2021-05-08,nitrogen,0.00625
river,2021-05-09,nitrogen,0.0063
river,2021-05-10,nitrogen,0.006350000000000001
river,2021-05-11,nitrogen,0.0064
river,2021-05-12,nitrogen,0.006442857142857143
river,2021-05-13,nitrogen,0.006485714285714286
river,2021-05-14,nitrogen,0.006528571428571429
river,2021-05-15,nitrogen,0.006571428571428572
river,2021-05-16,nitrogen,0.006614285714285715
river,2021-05-17,nitrogen,0.006657142857142858
river,2021-05-18,nitrogen,0.0067
river,2021-05-19,nitrogen,0.006537500000000001
river,2021-05-20,nitrogen,0.0063750000000000005
river,2021-05-21,nitrogen,0.0062125
river,2021-05-22,nitrogen,0.006050000000000001
river,2021-05-23,nitrogen,0.0058875
river,2021-05-24,nitrogen,0.005725000000000001
river,2021-05-25,nitrogen,0.0055625
river,2021-05-26,nitrogen,0.0054
river,2021-05-27,nitrogen,0.00545
river,2021-05-28,nitrogen,0.0055
river,2021-05-29,nitrogen,0.005550000000000001
river,2021-05-30,nitrogen,0.005600000000000001
river,2021-05-31,nitrogen,0.0056500000000000005
river,2021-06-01,nitrogen,0.0057
river,2021-06-02,nitrogen,0.005757142857142857
river,2021-06-03,nitrogen,0.0058142857142857145
river,2021-06-04,nitrogen,0.005871428571428571
river,2021-06-05,nitrogen,0.005928571428571429
river,2021-06-06,nitrogen,0.005985714285714286
river,2021-06-07,nitrogen,0.006042857142857143
river,2021-06-08,nitrogen,0.0060999999999999995
river,2021-06-09,nitrogen,0.005957142857142856
river,2021-06-10,nitrogen,0.0058142857142857145
river,2021-06-11,nitrogen,0.005671428571428571
river,2021-06-12,nitrogen,0.005528571428571429
river,2021-06-13,nitrogen,0.005385714285714285
river,2021-06-14,nitrogen,0.005242857142857143
river,2021-06-15,nitrogen,0.0050999999999999995
river,2021-06-16,nitrogen,0.005071428571428571
river,2021-06-17,nitrogen,0.005042857142857143
river,2021-06-18,nitrogen,0.005014285714285714
river,2021-06-19,nitrogen,0.004985714285714286
river,2021-06-20,nitrogen,0.004957142857142857
river,2021-06-21,nitrogen,0.004928571428571429
river,2021-06-22,nitrogen,0.004900000000000001
river,2021-06-23,nitrogen,0.005
river,2021-06-24,nitrogen,0.0051
river,2021-06-25,nitrogen,0.005200000000000001
river,2021-06-26,nitrogen,0.0053
river,2021-06-27,nitrogen,0.005399999999999999
river,2021-06-28,nitrogen,0.0055
river,2021-06-29,nitrogen,0.0056
river,2021-06-30,nitrogen,0.005371428571428571
river,2021-07-01,nitrogen,0.005142857142857143
river,2021-07-02,nitrogen,0.004914285714285715
river,2021-07-03,nitrogen,0.004685714285714286
river,2021-07-04,nitrogen,0.0044571428571428574
river,2021-07-05,nitrogen,0.004228571428571429
river,2021-07-06,nitrogen,0.004
river,2021-07-07,nitrogen,0.004128571428571429
river,2021-07-08,nitrogen,0.004257142857142857
river,2021-07-09,nitrogen,0.004385714285714286
river,2021-07-10,nitrogen,0.004514285714285715
river,2021-07-11,nitrogen,0.004642857142857143
river,2021-07-12,nitrogen,0.004771428571428571
river,2021-07-13,nitrogen,0.004900000000000001
river,2021-07-14,nitrogen,0.004914285714285715
river,2021-07-15,nitrogen,0.004928571428571429
river,2021-07-16,nitrogen,0.004942857142857143
river,2021-07-17,nitrogen,0.004957142857142857
river,2021-07-18,nitrogen,0.004971428571428572
river,2021-07-19,nitrogen,0.004985714285714286
river,2021-07-20,nitrogen,0.005
river,2021-07-21,nitrogen,0.005028571428571428
river,2021-07-22,nitrogen,0.005057142857142857
river,2021-07-23,nitrogen,0.005085714285714285
river,2021-07-24,nitrogen,0.0051142857142857144
river,2021-07-25,nitrogen,0.0051428571428571435
river,2021-07-26,nitrogen,0.005171428571428572
river,2021-07-27,nitrogen,0.005200000000000001
river,2021-07-28,nitrogen,0.0052375
river,2021-07-29,nitrogen,0.005275
river,2021-07-30,nitrogen,0.0053125
river,2021-07-31,nitrogen,0.00535
river,2021-08-01,nitrogen,0.0053875
river,2021-08-02,nitrogen,0.005425
river,2021-08-03,nitrogen,0.0054625
river,2021-08-04,nitrogen,0.0055
river,2021-08-05,nitrogen,0.00535
river,2021-08-06,nitrogen,0.005200000000000001
river,2021-08-07,nitrogen,0.00505
river,2021-08-08,nitrogen,0.0049
river,2021-08-09,nitrogen,0.00475
river,2021-08-10,nitrogen,0.0046
river,2021-08-11,nitrogen,0.004685714285714285
river,2021-08-12,nitrogen,0.004771428571428571
river,2021-08-13,nitrogen,0.004857142857142857
river,2021-08-14,nitrogen,0.004942857142857143
river,2021-08-15,nitrogen,0.005028571428571428
river,2021-08-16,nitrogen,0.005114285714285714
river,2021-08-17,nitrogen,0.005200000000000001
river,2021-08-18,nitrogen,0.005242857142857143
river,2021-08-19,nitrogen,0.005285714285714286
river,2021-08-20,nitrogen,0.005328571428571428
river,2021-08-21,nitrogen,0.005371428571428572
river,2021-08-22,nitrogen,0.005414285714285714
river,2021-08-23,nitrogen,0.0054571428571428575
river,2021-08-24,nitrogen,0.0055
river,2021-08-25,nitrogen,0.005411111111111111
river,2021-08-26,nitrogen,0.005322222222222222
river,2021-08-27,nitrogen,0.005233333333333334
river,2021-08-28,nitrogen,0.0051444444444444445
river,2021-08-29,nitrogen,0.005055555555555555
river,2021-08-30,nitrogen,0.004966666666666667
river,2021-08-31,nitrogen,0.004877777777777779
river,2021-09-01,nitrogen,0.0047888888888888885
river,2021-09-02,nitrogen,0.0047
river,2021-09-03,nitrogen,0.004900000000000001
river,2021-09-04,nitrogen,0.0051
river,2021-09-05,nitrogen,0.005300000000000001
river,2021-09-06,nitrogen,0.0055
river,2021-09-07,nitrogen,0.0057
river,2021-09-08,nitrogen,0.005662500000000001
river,2021-09-09,nitrogen,0.005625
river,2021-09-10,nitrogen,0.0055875000000000005
river,2021-09-11,nitrogen,0.005550000000000001
river,2021-09-12,nitrogen,0.0055125
river,2021-09-13,nitrogen,0.005475000000000001
river,2021-09-14,nitrogen,0.0054375000000000005
river,2021-09-15,nitrogen,0.0054
river,2021-09-16,nitrogen,0.0054714285714285715
river,2021-09-17,nitrogen,0.005542857142857144
river,2021-09-18,nitrogen,0.005614285714285715
river,2021-09-19,nitrogen,0.005685714285714286
river,2021-09-20,nitrogen,0.005757142857142857
river,2021-09-21,nitrogen,0.0058285714285714295
river,2021-09-22,nitrogen,0.005900000000000001
river,2021-09-23,nitrogen,0.005900000000000001
river,2021-09-24,nitrogen,0.005900000000000001
river,2021-09-25,nitrogen,0.005900000000000001
river,2021-09-26,nitrogen,0.005900000000000001
river,2021-09-27,nitrogen,0.005900000000000001
river,2021-09-28,nitrogen,0.005900000000000001
river,2021-09-29,nitrogen,0.005900000000000001
river,2021-09-30,nitrogen,0.005916666666666667
river,2021-10-01,nitrogen,0.005933333333333334
river,2021-10-02,nitrogen,0.00595
river,2021-10-03,nitrogen,0.005966666666666667
river,2021-10-04,nitrogen,0.0059833333333333336
river,2021-10-05,nitrogen,0.006
river,2021-10-06,nitrogen,0.00605
river,2021-10-07,nitrogen,0.0060999999999999995
river,2021-10-08,nitrogen,0.00615
river,2021-10-09,nitrogen,0.006200000000000001
river,2021-10-10,nitrogen,0.00625
river,2021-10-11,nitrogen,0.006300000000000001
river,2021-10-12,nitrogen,0.006350000000000001
river,2021-10-13,nitrogen,0.0064
river,2021-10-14,nitrogen,0.006300000000000001
river,2021-10-15,nitrogen,0.006200000000000001
river,2021-10-16,nitrogen,0.0061
river,2021-10-17,nitrogen,0.006
river,2021-10-18,nitrogen,0.005900000000000001
river,2021-10-19,nitrogen,0.0058000000000000005
river,2021-10-20,nitrogen,0.0057
river,2021-10-21,nitrogen,0.005828571428571429
river,2021-10-22,nitrogen,0.005957142857142857
river,2021-10-23,nitrogen,0.0060857142857142854
river,2021-10-24,nitrogen,0.006214285714285715
river,2021-10-25,nitrogen,0.006342857142857142
river,2021-10-26,nitrogen,0.0064714285714285716
river,2021-10-27,nitrogen,0.0066
river,2021-10-28,nitrogen,0.006457142857142857
river,2021-10-29,nitrogen,0.006314285714285714
river,2021-10-30,nitrogen,0.006171428571428571
river,2021-10-31,nitrogen,0.006028571428571428
river,2021-11-01,nitrogen,0.005885714285714286
river,2021-11-02,nitrogen,0.005742857142857143
river,2021-11-03,nitrogen,0.0056
river,2021-11-04,nitrogen,0.00564
river,2021-11-05,nitrogen,0.00568
river,2021-11-06,nitrogen,0.00572
river,2021-11-07,nitrogen,0.0057599999999999995
river,2021-11-08,nitrogen,0.0058
river,2021-11-09,nitrogen,0.00584
river,2021-11-10,nitrogen,0.00588
river,2021-11-11,nitrogen,0.006198571428571428
river,2021-11-12,nitrogen,0.006517142857142857
river,2021-11-13,nitrogen,0.006835714285714285
river,2021-11-14,nitrogen,0.007154285714285714
river,2021-11-15,nitrogen,0.007472857142857142
river,2021-11-16,nitrogen,0.007791428571428571
river,2021-11-17,nitrogen,0.00811
river,2021-11-18,nitrogen,0.007928571428571429
river,2021-11-19,nitrogen,0.007747142857142857
river,2021-11-20,nitrogen,0.007565714285714286
river,2021-11-21,nitrogen,0.007384285714285715
river,2021-11-22,nitrogen,0.007202857142857143
river,2021-11-23,nitrogen,0.007021428571428572
river,2021-11-24,nitrogen,0.00684
river,2021-11-25,nitrogen,0.006784285714285714
river,2021-11-26,nitrogen,0.006728571428571428
river,2021-11-27,nitrogen,0.006672857142857143
river,2021-11-28,nitrogen,0.006617142857142858
river,2021-11-29,nitrogen,0.006561428571428571
river,2021-11-30,nitrogen,0.0065057142857142865
river,2021-12-01,nitrogen,0.00645
river,2021-12-02,nitrogen,0.006381428571428572
river,2021-12-03,nitrogen,0.0063128571428571435
river,2021-12-04,nitrogen,0.006244285714285714
river,2021-12-05,nitrogen,0.006175714285714285
river,2021-12-06,nitrogen,0.006107142857142857
river,2021-12-07,nitrogen,0.006038571428571429
river,2021-12-08,nitrogen,0.00597
river,2021-12-09,nitrogen,0.0061325
river,2021-12-10,nitrogen,0.006295
river,2021-12-11,nitrogen,0.0064575
river,2021-12-12,nitrogen,0.006619999999999999
river,2021-12-13,nitrogen,0.0067824999999999995
river,2021-12-14,nitrogen,0.006945
river,2021-12-15,nitrogen,0.0071075
river,2021-12-16,nitrogen,0.0072699999999999996
river,2021-12-17,nitrogen,0.0072945
river,2021-12-18,nitrogen,0.007319
river,2021-12-19,nitrogen,0.0073435
river,2021-12-20,nitrogen,0.0073679999999999995
river,2021-12-21,nitrogen,0.007392500000000001
river,2021-12-22,nitrogen,0.007417
river,2021-12-23,nitrogen,0.007441499999999999
river,2021-12-24,nitrogen,0.0074659999999999995
river,2021-12-25,nitrogen,0.0074905
river,2021-12-26,nitrogen,0.007515
river,2021-12-27,nitrogen,0.007539499999999999
river,2021-12-28,nitrogen,0.007564
river,2021-12-29,nitrogen,0.0075885
river,2021-12-30,nitrogen,0.007613
river,2021-12-31,nitrogen,0.007637499999999999
river,2022-01-01,nitrogen,0.007662
river,2022-01-02,nitrogen,0.0076865
river,2022-01-03,nitrogen,0.007711
river,2022-01-04,nitrogen,0.0077355
river,2022-01-05,nitrogen,0.0077599999999999995
river,2022-01-06,nitrogen,0.0077971428571428575
river,2022-01-07,nitrogen,0.007834285714285714
river,2022-01-08,nitrogen,0.007871428571428571
river,2022-01-09,nitrogen,0.007908571428571428
river,2022-01-10,nitrogen,0.007945714285714285
river,2022-01-11,nitrogen,0.007982857142857142
river,2022-01-12,nitrogen,0.00802
river,2022-01-13,nitrogen,0.007844285714285715
river,2022-01-14,nitrogen,0.007668571428571428
river,2022-01-15,nitrogen,0.007492857142857143
river,2022-01-16,nitrogen,0.007317142857142857
river,2022-01-17,nitrogen,0.007141428571428572
river,2022-01-18,nitrogen,0.006965714285714286
river,2022-01-19,nitrogen,0.00679
river,2022-01-20,nitrogen,0.0067857142857142855
river,2022-01-21,nitrogen,0.006781428571428571
river,2022-01-22,nitrogen,0.006777142857142857
river,2022-01-23,nitrogen,0.006772857142857143
river,2022-01-24,nitrogen,0.0067685714285714285
river,2022-01-25,nitrogen,0.006764285714285714
river,2022-01-26,nitrogen,0.0067599999999999995
river,2022-01-27,nitrogen,0.006868571428571429
river,2022-01-28,nitrogen,0.006977142857142857
river,2022-01-29,nitrogen,0.0070857142857142855
river,2022-01-30,nitrogen,0.007194285714285714
river,2022-01-31,nitrogen,0.007302857142857143
river,2022-02-01,nitrogen,0.007411428571428571
river,2022-02-02,nitrogen,0.00752
river,2022-02-03,nitrogen,0.007502857142857143
river,2022-02-04,nitrogen,0.007485714285714286
river,2022-02-05,nitrogen,0.007468571428571429
river,2022-02-06,nitrogen,0.0074514285714285715
river,2022-02-07,nitrogen,0.0074342857142857145
river,2022-02-08,nitrogen,0.007417142857142857
river,2022-02-09,nitrogen,0.0074
river,2022-02-10,nitrogen,0.007407142857142858
river,2022-02-11,nitrogen,0.007414285714285714
river,2022-02-12,nitrogen,0.007421428571428572
river,2022-02-13,nitrogen,0.007428571428571429
river,2022-02-14,nitrogen,0.007435714285714286
river,2022-02-15,nitrogen,0.007442857142857143
river,2022-02-16,nitrogen,0.00745
river,2022-02-17,nitrogen,0.007311428571428571
river,2022-02-18,nitrogen,0.007172857142857144
river,2022-02-19,nitrogen,0.007034285714285715
river,2022-02-20,nitrogen,0.006895714285714286
river,2022-02-21,nitrogen,0.006757142857142857
river,2022-02-22,nitrogen,0.006618571428571429
river,2022-02-23,nitrogen,0.0064800000000000005
river,2022-02-24,nitrogen,0.006337142857142857
river,2022-02-25,nitrogen,0.006194285714285715
river,2022-02-26,nitrogen,0.006051428571428571
river,2022-02-27,nitrogen,0.00590857142857143
river,2022-02-28,nitrogen,0.005765714285714286
river,2022-03-01,nitrogen,0.005622857142857144
river,2022-03-02,nitrogen,0.0054800000000000005
river,2022-03-03,nitrogen,0.005695714285714286
river,2022-03-04,nitrogen,0.005911428571428572
river,2022-03-05,nitrogen,0.006127142857142857
river,2022-03-06,nitrogen,0.006342857142857143
river,2022-03-07,nitrogen,0.006558571428571429
river,2022-03-08,nitrogen,0.0067742857142857145
river,2022-03-09,nitrogen,0.0069900000000000006
river,2022-03-10,nitrogen,0.006985714285714286
river,2022-03-11,nitrogen,0.006981428571428572
river,2022-03-12,nitrogen,0.006977142857142857
river,2022-03-13,nitrogen,0.0069728571428571435
river,2022-03-14,nitrogen,0.006968571428571429
river,2022-03-15,nitrogen,0.0069642857142857145
river,2022-03-16,nitrogen,0.00696
river,2022-03-17,nitrogen,0.006872857142857143
river,2022-03-18,nitrogen,0.0067857142857142855
river,2022-03-19,nitrogen,0.006698571428571429
river,2022-03-20,nitrogen,0.006611428571428571
river,2022-03-21,nitrogen,0.006524285714285714
river,2022-03-22,nitrogen,0.0064371428571428566
river,2022-03-23,nitrogen,0.00635
river,2022-03-24,nitrogen,0.006323571428571428
river,2022-03-25,nitrogen,0.006297142857142857
river,2022-03-26,nitrogen,0.006270714285714286
river,2022-03-27,nitrogen,0.0062442857142857135
river,2022-03-28,nitrogen,0.006217857142857143
river,2022-03-29,nitrogen,0.006191428571428572
river,2022-03-30,nitrogen,0.006165
river,2022-03-31,nitrogen,0.006138571428571429
river,2022-04-01,nitrogen,0.006112142857142858
river,2022-04-02,nitrogen,0.006085714285714286
river,2022-04-03,nitrogen,0.006059285714285714
river,2022-04-04,nitrogen,0.006032857142857143
river,2022-04-05,nitrogen,0.006006428571428571
river,2022-04-06,nitrogen,0.005980000000000001
river,2022-04-07,nitrogen,0.006092857142857144
river,2022-04-08,nitrogen,0.006205714285714286
river,2022-04-09,nitrogen,0.006318571428571429
river,2022-04-10,nitrogen,0.0064314285714285714
river,2022-04-11,nitrogen,0.006544285714285714
river,2022-04-12,nitrogen,0.006657142857142857
river,2022-04-13,nitrogen,0.00677
river,2022-04-14,nitrogen,0.006795
river,2022-04-15,nitrogen,0.00682
river,2022-04-16,nitrogen,0.0068449999999999995
river,2022-04-17,nitrogen,0.006869999999999999
river,2022-04-18,nitrogen,0.006895
river,2022-04-19,nitrogen,0.00692
river,2022-04-20,nitrogen,0.006945
river,2022-04-21,nitrogen,0.00697
river,2022-04-22,nitrogen,0.006925
river,2022-04-23,nitrogen,0.00688
river,2022-04-24,nitrogen,0.006835
river,2022-04-25,nitrogen,0.00679
river,2022-04-26,nitrogen,0.006745
river,2022-04-27,nitrogen,0.0067
river,2022-04-28,nitrogen,0.006605714285714286
river,2022-04-29,nitrogen,0.006511428571428572
river,2022-04-30,nitrogen,0.006417142857142857
river,2022-05-01,nitrogen,0.006322857142857143
river,2022-05-02,nitrogen,0.006228571428571429
river,2022-05-03,nitrogen,0.0061342857142857145
river,2022-05-04,nitrogen,0.00604
river,2022-05-05,nitrogen,0.0061600000000000005
river,2022-05-06,nitrogen,0.00628
river,2022-05-07,nitrogen,0.0064
river,2022-05-08,nitrogen,0.00652
river,2022-05-09,nitrogen,0.00664
river,2022-05-10,nitrogen,0.0067599999999999995
river,2022-05-11,nitrogen,0.00688
river,2022-05-12,nitrogen,0.006825714285714286
river,2022-05-13,nitrogen,0.0067714285714285715
river,2022-05-14,nitrogen,0.006717142857142857
river,2022-05-15,nitrogen,0.006662857142857143
river,2022-05-16,nitrogen,0.006608571428571429
river,2022-05-17,nitrogen,0.006554285714285715
river,2022-05-18,nitrogen,0.006500000000000001
river,2022-05-19,nitrogen,0.006455
river,2022-05-20,nitrogen,0.00641
river,2022-05-21,nitrogen,0.006365
river,2022-05-22,nitrogen,0.00632
river,2022-05-23,nitrogen,0.006274999999999999
river,2022-05-24,nitrogen,0.006229999999999999
river,2022-05-25,nitrogen,0.0061849999999999995
river,2022-05-26,nitrogen,0.00614
river,2022-05-27,nitrogen,0.006131428571428571
river,2022-05-28,nitrogen,0.0061228571428571426
river,2022-05-29,nitrogen,0.006114285714285714
river,2022-05-30,nitrogen,0.006105714285714286
river,2022-05-31,nitrogen,0.006097142857142857
river,2022-06-01,nitrogen,0.006088571428571429
river,2022-06-02,nitrogen,0.00608
river,2022-06-03,nitrogen,0.006108333333333334
river,2022-06-04,nitrogen,0.006136666666666667
river,2022-06-05,nitrogen,0.006165
river,2022-06-06,nitrogen,0.006193333333333334
river,2022-06-07,nitrogen,0.006221666666666667
river,2022-06-08,nitrogen,0.00625
river,2022-06-09,nitrogen,0.00615
river,2022-06-10,nitrogen,0.00605
river,2022-06-11,nitrogen,0.00595
river,2022-06-12,nitrogen,0.00585
river,2022-06-13,nitrogen,0.00575
river,2022-06-14,nitrogen,0.0056500000000000005
river,2022-06-15,nitrogen,0.00555
river,2022-06-16,nitrogen,0.005524285714285714
river,2022-06-17,nitrogen,0.005498571428571428
river,2022-06-18,nitrogen,0.005472857142857142
river,2022-06-19,nitrogen,0.005447142857142858
river,2022-06-20,nitrogen,0.005421428571428572
river,2022-06-21,nitrogen,0.005395714285714286
river,2022-06-22,nitrogen,0.005370000000000001
river,2022-06-23,nitrogen,0.005397142857142857
river,2022-06-24,nitrogen,0.005424285714285715
river,2022-06-25,nitrogen,0.0054514285714285715
river,2022-06-26,nitrogen,0.005478571428571429
river,2022-06-27,nitrogen,0.005505714285714286
river,2022-06-28,nitrogen,0.005532857142857143
river,2022-06-29,nitrogen,0.00556
river,2022-06-30,nitrogen,0.005528571428571429
river,2022-07-01,nitrogen,0.005497142857142857
river,2022-07-02,nitrogen,0.0054657142857142856
river,2022-07-03,nitrogen,0.005434285714285714
river,2022-07-04,nitrogen,0.005402857142857143
river,2022-07-05,nitrogen,0.005371428571428571
river,2022-07-06,nitrogen,0.00534
river,2022-07-07,nitrogen,0.0052985714285714285
river,2022-07-08,nitrogen,0.005257142857142857
river,2022-07-09,nitrogen,0.005215714285714285
river,2022-07-10,nitrogen,0.005174285714285715
river,2022-07-11,nitrogen,0.005132857142857143
river,2022-07-12,nitrogen,0.005091428571428571
river,2022-07-13,nitrogen,0.00505
river,2022-07-14,nitrogen,0.00517
river,2022-07-15,nitrogen,0.00529
river,2022-07-16,nitrogen,0.00541
river,2022-07-17,nitrogen,0.005529999999999999
river,2022-07-18,nitrogen,0.00565
river,2022-07-19,nitrogen,0.00577
river,2022-07-20,nitrogen,0.0057575
river,2022-07-21,nitrogen,0.005744999999999999
river,2022-07-22,nitrogen,0.0057325
river,2022-07-23,nitrogen,0.00572
river,2022-07-24,nitrogen,0.0057075
river,2022-07-25,nitrogen,0.005695
river,2022-07-26,nitrogen,0.0056825
river,2022-07-27,nitrogen,0.00567
river,2022-07-28,nitrogen,0.0055985714285714284
river,2022-07-29,nitrogen,0.005527142857142857
river,2022-07-30,nitrogen,0.005455714285714286
river,2022-07-31,nitrogen,0.005384285714285715
river,2022-08-01,nitrogen,0.0053128571428571435
river,2022-08-02,nitrogen,0.005241428571428571
river,2022-08-03,nitrogen,0.00517
river,2022-08-04,nitrogen,0.0053
river,2022-08-05,nitrogen,0.00543
river,2022-08-06,nitrogen,0.005560000000000001
river,2022-08-07,nitrogen,0.005690000000000001
river,2022-08-08,nitrogen,0.0058200000000000005
river,2022-08-09,nitrogen,0.00595
river,2022-08-10,nitrogen,0.00608
river,2022-08-11,nitrogen,0.0061342857142857145
river,2022-08-12,nitrogen,0.006188571428571429
river,2022-08-13,nitrogen,0.006242857142857143
river,2022-08-14,nitrogen,0.006297142857142857
river,2022-08-15,nitrogen,0.006351428571428571
river,2022-08-16,nitrogen,0.006405714285714285
river,2022-08-17,nitrogen,0.0064600000000000005
river,2022-08-18,nitrogen,0.006355714285714286
river,2022-08-19,nitrogen,0.006251428571428572
river,2022-08-20,nitrogen,0.006147142857142858
river,2022-08-21,nitrogen,0.006042857142857143
river,2022-08-22,nitrogen,0.0059385714285714285
river,2022-08-23,nitrogen,0.005834285714285715
river,2022-08-24,nitrogen,0.005730000000000001
river,2022-08-25,nitrogen,0.005571428571428572
river,2022-08-26,nitrogen,0.005412857142857143
river,2022-08-27,nitrogen,0.005254285714285715
river,2022-08-28,nitrogen,0.005095714285714286
river,2022-08-29,nitrogen,0.004937142857142858
river,2022-08-30,nitrogen,0.004778571428571429
river,2022-08-31,nitrogen,0.00462
river,2022-09-01,nitrogen,0.004706666666666667
river,2022-09-02,nitrogen,0.0047933333333333335
river,2022-09-03,nitrogen,0.00488
river,2022-09-04,nitrogen,0.004966666666666667
river,2022-09-05,nitrogen,0.005053333333333333
river,2022-09-06,nitrogen,0.00514
river,2022-09-07,nitrogen,0.0052762500000000006
river,2022-09-08,nitrogen,0.0054125
river,2022-09-09,nitrogen,0.00554875
river,2022-09-10,nitrogen,0.005685000000000001
river,2022-09-11,nitrogen,0.00582125
river,2022-09-12,nitrogen,0.005957500000000001
river,2022-09-13,nitrogen,0.00609375
river,2022-09-14,nitrogen,0.00623
river,2022-09-15,nitrogen,0.006125714285714286
river,2022-09-16,nitrogen,0.006021428571428572
river,2022-09-17,nitrogen,0.005917142857142858
river,2022-09-18,nitrogen,0.005812857142857143
river,2022-09-19,nitrogen,0.005708571428571429
river,2022-09-20,nitrogen,0.005604285714285714
river,2022-09-21,nitrogen,0.0055
river,2022-09-22,nitrogen,0.0055985714285714284
river,2022-09-23,nitrogen,0.005697142857142857
river,2022-09-24,nitrogen,0.005795714285714286
river,2022-09-25,nitrogen,0.005894285714285714
river,2022-09-26,nitrogen,0.005992857142857143
river,2022-09-27,nitrogen,0.006091428571428571
river,2022-09-28,nitrogen,0.00619
river,2022-09-29,nitrogen,0.0061342857142857145
river,2022-09-30,nitrogen,0.00607857142857143
river,2022-10-01,nitrogen,0.006022857142857143
river,2022-10-02,nitrogen,0.0059671428571428575
river,2022-10-03,nitrogen,0.005911428571428571
river,2022-10-04,nitrogen,0.005855714285714286
river,2022-10-05,nitrogen,0.0058
river,2022-10-06,nitrogen,0.0057371428571428565
river,2022-10-07,nitrogen,0.005674285714285714
river,2022-10-08,nitrogen,0.005611428571428571
river,2022-10-09,nitrogen,0.005548571428571429
river,2022-10-10,nitrogen,0.005485714285714286
river,2022-10-11,nitrogen,0.005422857142857143
river,2022-10-12,nitrogen,0.00536
river,2022-10-13,nitrogen,0.0054600000000000004
river,2022-10-14,nitrogen,0.005560000000000001
river,2022-10-15,nitrogen,0.00566
river,2022-10-16,nitrogen,0.0057599999999999995
river,2022-10-17,nitrogen,0.00586
river,2022-10-18,nitrogen,0.00596
river,2022-10-19,nitrogen,0.006059999999999999
river,2022-10-20,nitrogen,0.00614
river,2022-10-21,nitrogen,0.00622
river,2022-10-22,nitrogen,0.0063
river,2022-10-23,nitrogen,0.00638
river,2022-10-24,nitrogen,0.0064600000000000005
river,2022-10-25,nitrogen,0.00654
river,2022-10-26,nitrogen,0.00662
river,2022-10-27,nitrogen,0.006621428571428572
river,2022-10-28,nitrogen,0.006622857142857143
river,2022-10-29,nitrogen,0.0066242857142857145
river,2022-10-30,nitrogen,0.006625714285714286
river,2022-10-31,nitrogen,0.0066271428571428575
river,2022-11-01,nitrogen,0.006628571428571428
river,2022-11-02,nitrogen,0.00663
river,2022-11-03,nitrogen,0.006717142857142857
river,2022-11-04,nitrogen,0.006804285714285714
river,2022-11-05,nitrogen,0.006891428571428572
river,2022-11-06,nitrogen,0.006978571428571429
river,2022-11-07,nitrogen,0.007065714285714286
river,2022-11-08,nitrogen,0.007152857142857143
river,2022-11-09,nitrogen,0.007240000000000001
river,2022-11-10,nitrogen,0.007238571428571428
river,2022-11-11,nitrogen,0.007237142857142858
river,2022-11-12,nitrogen,0.007235714285714286
river,2022-11-13,nitrogen,0.007234285714285715
river,2022-11-14,nitrogen,0.007232857142857143
river,2022-11-15,nitrogen,0.007231428571428573
river,2022-11-16,nitrogen,0.00723
river,2022-11-17,nitrogen,0.0071600000000000006
river,2022-11-18,nitrogen,0.007090000000000001
river,2022-11-19,nitrogen,0.00702
river,2022-11-20,nitrogen,0.0069500000000000004
river,2022-11-21,nitrogen,0.00688
river,2022-11-22,nitrogen,0.006810000000000001
river,2022-11-23,nitrogen,0.00674
river,2022-11-24,nitrogen,0.006940000000000001
river,2022-11-25,nitrogen,0.0071400000000000005
river,2022-11-26,nitrogen,0.00734
river,2022-11-27,nitrogen,0.00754
river,2022-11-28,nitrogen,0.00774
river,2022-11-29,nitrogen,0.007940000000000001
river,2022-11-30,nitrogen,0.008140000000000001
river,2022-12-01,nitrogen,0.00815714285714286
river,2022-12-02,nitrogen,0.008174285714285714
river,2022-12-03,nitrogen,0.008191428571428572
river,2022-12-04,nitrogen,0.008208571428571428
river,2022-12-05,nitrogen,0.008225714285714286
river,2022-12-06,nitrogen,0.008242857142857142
river,2022-12-07,nitrogen,0.00826
river,2022-12-08,nitrogen,0.008098571428571429
river,2022-12-09,nitrogen,0.007937142857142856
river,2022-12-10,nitrogen,0.007775714285714286
river,2022-12-11,nitrogen,0.007614285714285714
river,2022-12-12,nitrogen,0.007452857142857143
river,2022-12-13,nitrogen,0.007291428571428571
river,2022-12-14,nitrogen,0.00713
river,2022-12-15,nitrogen,0.0070885714285714285
river,2022-12-16,nitrogen,0.007047142857142858
river,2022-12-17,nitrogen,0.007005714285714285
river,2022-12-18,nitrogen,0.0069642857142857145
river,2022-12-19,nitrogen,0.006922857142857143
river,2022-12-20,nitrogen,0.006881428571428572
river,2022-12-21,nitrogen,0.00684
river,2022-12-22,nitrogen,0.006904285714285714
river,2022-12-23,nitrogen,0.006968571428571429
river,2022-12-24,nitrogen,0.007032857142857143
river,2022-12-25,nitrogen,0.007097142857142857
river,2022-12-26,nitrogen,0.007161428571428571
river,2022-12-27,nitrogen,0.007225714285714286
river,2022-12-28,nitrogen,0.0072900000000000005
river,2022-12-29,nitrogen,0.007354285714285714
river,2022-12-30,nitrogen,0.007418571428571429
river,2022-12-31,nitrogen,0.0074828571428571435
river,2023-01-01,nitrogen,0.007547142857142857
river,2023-01-02,nitrogen,0.007611428571428571
river,2023-01-03,nitrogen,0.007675714285714287
river,2023-01-04,nitrogen,0.00774
river,2023-01-05,nitrogen,0.007845714285714286
river,2023-01-06,nitrogen,0.007951428571428573
river,2023-01-07,nitrogen,0.008057142857142856
river,2023-01-08,nitrogen,0.008162857142857144
river,2023-01-09,nitrogen,0.008268571428571429
river,2023-01-10,nitrogen,0.008374285714285716
river,2023-01-11,nitrogen,0.008480000000000001
river,2023-01-12,nitrogen,0.008472857142857143
river,2023-01-13,nitrogen,0.008465714285714286
river,2023-01-14,nitrogen,0.008458571428571428
river,2023-01-15,nitrogen,0.008451428571428572
river,2023-01-16,nitrogen,0.008444285714285715
river,2023-01-17,nitrogen,0.008437142857142858
river,2023-01-18,nitrogen,0.00843
river,2023-01-19,nitrogen,0.008425714285714285
river,2023-01-20,nitrogen,0.008421428571428571
river,2023-01-21,nitrogen,0.008417142857142857
river,2023-01-22,nitrogen,0.008412857142857144
river,2023-01-23,nitrogen,0.00840857142857143
river,2023-01-24,nitrogen,0.008404285714285715
river,2023-01-25,nitrogen,0.008400000000000001
river,2023-01-26,nitrogen,0.008265714285714286
river,2023-01-27,nitrogen,0.008131428571428572
river,2023-01-28,nitrogen,0.007997142857142857
river,2023-01-29,nitrogen,0.007862857142857144
river,2023-01-30,nitrogen,0.007728571428571428
river,2023-01-31,nitrogen,0.007594285714285715
river,2023-02-01,nitrogen,0.0074600000000000005
river,2023-02-02,nitrogen,0.007375714285714286
river,2023-02-03,nitrogen,0.007291428571428572
river,2023-02-04,nitrogen,0.007207142857142857
river,2023-02-05,nitrogen,0.007122857142857143
river,2023-02-06,nitrogen,0.007038571428571429
river,2023-02-07,nitrogen,0.006954285714285715
river,2023-02-08,nitrogen,0.00687
river,2023-02-09,nitrogen,0.006956666666666667
river,2023-02-10,nitrogen,0.007043333333333333
river,2023-02-11,nitrogen,0.00713
river,2023-02-12,nitrogen,0.007216666666666667
river,2023-02-13,nitrogen,0.007303333333333333
river,2023-02-14,nitrogen,0.00739
river,2023-02-15,nitrogen,0.00745625
river,2023-02-16,nitrogen,0.0075225000000000005
river,2023-02-17,nitrogen,0.00758875
river,2023-02-18,nitrogen,0.0076549999999999995
river,2023-02-19,nitrogen,0.00772125
river,2023-02-20,nitrogen,0.0077875
river,2023-02-21,nitrogen,0.00785375
river,2023-02-22,nitrogen,0.00792
river,2023-02-23,nitrogen,0.007992857142857144
river,2023-02-24,nitrogen,0.008065714285714285
river,2023-02-25,nitrogen,0.008138571428571427
river,2023-02-26,nitrogen,0.008211428571428573
river,2023-02-27,nitrogen,0.008284285714285715
river,2023-02-28,nitrogen,0.008357142857142858
river,2023-03-01,nitrogen,0.00843
river,2023-03-02,nitrogen,0.008432857142857143
river,2023-03-03,nitrogen,0.008435714285714286
river,2023-03-04,nitrogen,0.008438571428571429
river,2023-03-05,nitrogen,0.00844142857142857
river,2023-03-06,nitrogen,0.008444285714285715
river,2023-03-07,nitrogen,0.008447142857142856
river,2023-03-08,nitrogen,0.00845
river,2023-03-09,nitrogen,0.00836
river,2023-03-10,nitrogen,0.00827
river,2023-03-11,nitrogen,0.00818
river,2023-03-12,nitrogen,0.00809
river,2023-03-13,nitrogen,0.008
river,2023-03-14,nitrogen,0.00791
river,2023-03-15,nitrogen,0.00782
river,2023-03-16,nitrogen,0.0078057142857142865
river,2023-03-17,nitrogen,0.0077914285714285715
river,2023-03-18,nitrogen,0.0077771428571428575
river,2023-03-19,nitrogen,0.0077628571428571425
river,2023-03-20,nitrogen,0.0077485714285714285
river,2023-03-21,nitrogen,0.007734285714285714
river,2023-03-22,nitrogen,0.00772
river,2023-03-23,nitrogen,0.007657142857142857
river,2023-03-24,nitrogen,0.007594285714285715
river,2023-03-25,nitrogen,0.007531428571428572
river,2023-03-26,nitrogen,0.007468571428571429
river,2023-03-27,nitrogen,0.0074057142857142854
river,2023-03-28,nitrogen,0.007342857142857143
river,2023-03-29,nitrogen,0.00728
river,2023-03-30,nitrogen,0.007234285714285715
river,2023-03-31,nitrogen,0.007188571428571429
river,2023-04-01,nitrogen,0.0071428571428571435
river,2023-04-02,nitrogen,0.007097142857142857
river,2023-04-03,nitrogen,0.007051428571428571
river,2023-04-04,nitrogen,0.007005714285714285
river,2023-04-05,nitrogen,0.00696
river,2023-04-06,nitrogen,0.0068
river,2023-04-07,nitrogen,0.00664
river,2023-04-08,nitrogen,0.0064800000000000005
river,2023-04-09,nitrogen,0.00632
river,2023-04-10,nitrogen,0.0061600000000000005
river,2023-04-11,nitrogen,0.006
river,2023-04-12,nitrogen,0.006110000000000001
river,2023-04-13,nitrogen,0.00622
river,2023-04-14,nitrogen,0.0063300000000000006
river,2023-04-15,nitrogen,0.0064399999999999995
river,2023-04-16,nitrogen,0.00655
river,2023-04-17,nitrogen,0.00666
river,2023-04-18,nitrogen,0.00677
river,2023-04-19,nitrogen,0.00688
river,2023-04-20,nitrogen,0.006804285714285714
river,2023-04-21,nitrogen,0.006728571428571428
river,2023-04-22,nitrogen,0.0066528571428571435
river,2023-04-23,nitrogen,0.006577142857142857
river,2023-04-24,nitrogen,0.006501428571428571
river,2023-04-25,nitrogen,0.0064257142857142855
river,2023-04-26,nitrogen,0.00635
river,2023-04-27,nitrogen,0.00634
river,2023-04-28,nitrogen,0.0063300000000000006
river,2023-04-29,nitrogen,0.00632
river,2023-04-30,nitrogen,0.00631
river,2023-05-01,nitrogen,0.0063
river,2023-05-02,nitrogen,0.0062900000000000005
river,2023-05-03,nitrogen,0.00628
river,2023-05-04,nitrogen,0.006291666666666667
river,2023-05-05,nitrogen,0.0063033333333333335
river,2023-05-06,nitrogen,0.006314999999999999
river,2023-05-07,nitrogen,0.006326666666666666
river,2023-05-08,nitrogen,0.006338333333333333
river,2023-05-09,nitrogen,0.00635
river,2023-05-10,nitrogen,0.006197142857142857
river,2023-05-11,nitrogen,0.006044285714285715
river,2023-05-12,nitrogen,0.005891428571428572
river,2023-05-13,nitrogen,0.005738571428571429
river,2023-05-14,nitrogen,0.005585714285714286
river,2023-05-15,nitrogen,0.005432857142857144
river,2023-05-16,nitrogen,0.00528
river,2023-05-17,nitrogen,0.00546375
river,2023-05-18,nitrogen,0.0056475
river,2023-05-19,nitrogen,0.00583125
river,2023-05-20,nitrogen,0.006015
river,2023-05-21,nitrogen,0.00619875
river,2023-05-22,nitrogen,0.0063825
river,2023-05-23,nitrogen,0.00656625
river,2023-05-24,nitrogen,0.00675
river,2023-05-25,nitrogen,0.0067771428571428574
river,2023-05-26,nitrogen,0.006804285714285714
river,2023-05-27,nitrogen,0.006831428571428572
river,2023-05-28,nitrogen,0.006858571428571428
river,2023-05-29,nitrogen,0.006885714285714287
river,2023-05-30,nitrogen,0.006912857142857143
river,2023-05-31,nitrogen,0.006940000000000001
river,2023-06-01,nitrogen,0.006761428571428572
river,2023-06-02,nitrogen,0.006582857142857144
river,2023-06-03,nitrogen,0.006404285714285715
river,2023-06-04,nitrogen,0.006225714285714286
river,2023-06-05,nitrogen,0.006047142857142858
river,2023-06-06,nitrogen,0.00586857142857143
river,2023-06-07,nitrogen,0.005690000000000001
river,2023-06-08,nitrogen,0.005775714285714286
river,2023-06-09,nitrogen,0.005861428571428572
river,2023-06-10,nitrogen,0.0059471428571428574
river,2023-06-11,nitrogen,0.006032857142857143
river,2023-06-12,nitrogen,0.006118571428571428
river,2023-06-13,nitrogen,0.006204285714285715
river,2023-06-14,nitrogen,0.0062900000000000005
river,2023-06-15,nitrogen,0.006047142857142858
river,2023-06-16,nitrogen,0.005804285714285714
river,2023-06-17,nitrogen,0.005561428571428571
river,2023-06-18,nitrogen,0.005318571428571429
river,2023-06-19,nitrogen,0.005075714285714286
river,2023-06-20,nitrogen,0.004832857142857143
river,2023-06-21,nitrogen,0.00459
river,2023-06-22,nitrogen,0.004715714285714286
river,2023-06-23,nitrogen,0.004841428571428572
river,2023-06-24,nitrogen,0.0049671428571428575
river,2023-06-25,nitrogen,0.005092857142857143
river,2023-06-26,nitrogen,0.005218571428571428
river,2023-06-27,nitrogen,0.005344285714285715
river,2023-06-28,nitrogen,0.00547
river,2023-06-29,nitrogen,0.0052957142857142855
river,2023-06-30,nitrogen,0.005121428571428571
river,2023-07-01,nitrogen,0.004947142857142857
river,2023-07-02,nitrogen,0.004772857142857143
river,2023-07-03,nitrogen,0.004598571428571428
river,2023-07-04,nitrogen,0.004424285714285715
river,2023-07-05,nitrogen,0.00425
river,2023-07-06,nitrogen,0.00445
river,2023-07-07,nitrogen,0.0046500000000000005
river,2023-07-08,nitrogen,0.00485
river,2023-07-09,nitrogen,0.00505
river,2023-07-10,nitrogen,0.00525
river,2023-07-11,nitrogen,0.00545
river,2023-07-12,nitrogen,0.0056500000000000005
river,2023-07-13,nitrogen,0.005640000000000001
river,2023-07-14,nitrogen,0.00563
river,2023-07-15,nitrogen,0.00562
river,2023-07-16,nitrogen,0.00561
river,2023-07-17,nitrogen,0.005600000000000001
river,2023-07-18,nitrogen,0.00559
river,2023-07-19,nitrogen,0.00558
river,2023-07-20,nitrogen,0.005622857142857143
river,2023-07-21,nitrogen,0.005665714285714285
river,2023-07-22,nitrogen,0.005708571428571428
river,2023-07-23,nitrogen,0.005751428571428572
river,2023-07-24,nitrogen,0.0057942857142857145
river,2023-07-25,nitrogen,0.005837142857142858
river,2023-07-26,nitrogen,0.00588
river,2023-07-27,nitrogen,0.005684285714285715
river,2023-07-28,nitrogen,0.005488571428571429
river,2023-07-29,nitrogen,0.0052928571428571426
river,2023-07-30,nitrogen,0.005097142857142857
river,2023-07-31,nitrogen,0.004901428571428571
river,2023-08-01,nitrogen,0.004705714285714285
river,2023-08-02,nitrogen,0.00451
river,2023-08-03,nitrogen,0.00446
river,2023-08-04,nitrogen,0.00441
river,2023-08-05,nitrogen,0.00436
river,2023-08-06,nitrogen,0.00431
river,2023-08-07,nitrogen,0.00426
river,2023-08-08,nitrogen,0.00421
river,2023-08-09,nitrogen,0.0041600000000000005
river,2023-08-10,nitrogen,0.004294285714285715
river,2023-08-11,nitrogen,0.004428571428571429
river,2023-08-12,nitrogen,0.004562857142857143
river,2023-08-13,nitrogen,0.004697142857142856
river,2023-08-14,nitrogen,0.004831428571428571
river,2023-08-15,nitrogen,0.004965714285714285
river,2023-08-16,nitrogen,0.0050999999999999995
river,2023-08-17,nitrogen,0.005032857142857143
river,2023-08-18,nitrogen,0.004965714285714285
river,2023-08-19,nitrogen,0.004898571428571428
river,2023-08-20,nitrogen,0.004831428571428571
river,2023-08-21,nitrogen,0.004764285714285714
river,2023-08-22,nitrogen,0.004697142857142857
river,2023-08-23,nitrogen,0.00463
river,2023-08-24,nitrogen,0.004882857142857143
river,2023-08-25,nitrogen,0.005135714285714286
river,2023-08-26,nitrogen,0.005388571428571429
river,2023-08-27,nitrogen,0.0056414285714285715
river,2023-08-28,nitrogen,0.005894285714285715
river,2023-08-29,nitrogen,0.006147142857142858
river,2023-08-30,nitrogen,0.0064
river,2023-08-31,nitrogen,0.006372857142857143
river,2023-09-01,nitrogen,0.006345714285714286
river,2023-09-02,nitrogen,0.006318571428571429
river,2023-09-03,nitrogen,0.006291428571428572
river,2023-09-04,nitrogen,0.006264285714285714
river,2023-09-05,nitrogen,0.006237142857142858
river,2023-09-06,nitrogen,0.00621
river,2023-09-07,nitrogen,0.006022857142857143
river,2023-09-08,nitrogen,0.005835714285714285
river,2023-09-09,nitrogen,0.005648571428571429
river,2023-09-10,nitrogen,0.005461428571428572
river,2023-09-11,nitrogen,0.005274285714285715
river,2023-09-12,nitrogen,0.005087142857142857
river,2023-09-13,nitrogen,0.004900000000000001
river,2023-09-14,nitrogen,0.004925714285714286
river,2023-09-15,nitrogen,0.004951428571428572
river,2023-09-16,nitrogen,0.004977142857142858
river,2023-09-17,nitrogen,0.005002857142857143
river,2023-09-18,nitrogen,0.005028571428571428
river,2023-09-19,nitrogen,0.005054285714285714
river,2023-09-20,nitrogen,0.00508
river,2023-09-21,nitrogen,0.005156666666666666
river,2023-09-22,nitrogen,0.005233333333333334
river,2023-09-23,nitrogen,0.0053100000000000005
river,2023-09-24,nitrogen,0.005386666666666667
river,2023-09-25,nitrogen,0.005463333333333333
river,2023-09-26,nitrogen,0.00554
river,2023-09-27,nitrogen,0.0055075
river,2023-09-28,nitrogen,0.005475
river,2023-09-29,nitrogen,0.0054425
river,2023-09-30,nitrogen,0.00541
river,2023-10-01,nitrogen,0.0053775
river,2023-10-02,nitrogen,0.005345000000000001
river,2023-10-03,nitrogen,0.0053125
river,2023-10-04,nitrogen,0.00528
river,2023-10-05,nitrogen,0.005351428571428571
river,2023-10-06,nitrogen,0.005422857142857143
river,2023-10-07,nitrogen,0.005494285714285715
river,2023-10-08,nitrogen,0.005565714285714286
river,2023-10-09,nitrogen,0.005637142857142857
river,2023-10-10,nitrogen,0.005708571428571429
river,2023-10-11,nitrogen,0.00578
river,2023-10-12,nitrogen,0.005798571428571429
river,2023-10-13,nitrogen,0.0058171428571428575
river,2023-10-14,nitrogen,0.005835714285714286
river,2023-10-15,nitrogen,0.005854285714285715
river,2023-10-16,nitrogen,0.005872857142857143
river,2023-10-17,nitrogen,0.005891428571428572
river,2023-10-18,nitrogen,0.00591
river,2023-10-19,nitrogen,0.005907142857142857
river,2023-10-20,nitrogen,0.005904285714285714
river,2023-10-21,nitrogen,0.005901428571428571
river,2023-10-22,nitrogen,0.005898571428571428
river,2023-10-23,nitrogen,0.005895714285714286
river,2023-10-24,nitrogen,0.005892857142857142
river,2023-10-25,nitrogen,0.005889999999999999
river,2023-10-26,nitrogen,0.005912857142857143
river,2023-10-27,nitrogen,0.0059357142857142855
river,2023-10-28,nitrogen,0.0059585714285714285
river,2023-10-29,nitrogen,0.005981428571428572
river,2023-10-30,nitrogen,0.006004285714285715
river,2023-10-31,nitrogen,0.006027142857142857
river,2023-11-01,nitrogen,0.00605
river,2023-11-02,nitrogen,0.006034285714285714
river,2023-11-03,nitrogen,0.006018571428571429
river,2023-11-04,nitrogen,0.006002857142857143
river,2023-11-05,nitrogen,0.0059871428571428575
river,2023-11-06,nitrogen,0.005971428571428572
river,2023-11-07,nitrogen,0.005955714285714286
river,2023-11-08,nitrogen,0.005940000000000001
river,2023-11-09,nitrogen,0.006005714285714286
river,2023-11-10,nitrogen,0.006071428571428572
river,2023-11-11,nitrogen,0.006137142857142858
river,2023-11-12,nitrogen,0.006202857142857143
river,2023-11-13,nitrogen,0.006268571428571429
river,2023-11-14,nitrogen,0.006334285714285715
river,2023-11-15,nitrogen,0.0064
river,2023-11-16,nitrogen,0.006448571428571429
river,2023-11-17,nitrogen,0.006497142857142858
river,2023-11-18,nitrogen,0.006545714285714287
river,2023-11-19,nitrogen,0.006594285714285715
river,2023-11-20,nitrogen,0.006642857142857143
river,2023-11-21,nitrogen,0.006691428571428571
river,2023-11-22,nitrogen,0.00674
river,2023-11-23,nitrogen,0.006718571428571429
river,2023-11-24,nitrogen,0.006697142857142857
river,2023-11-25,nitrogen,0.0066757142857142866
river,2023-11-26,nitrogen,0.006654285714285714
river,2023-11-27,nitrogen,0.006632857142857143
river,2023-11-28,nitrogen,0.006611428571428571
river,2023-11-29,nitrogen,0.00659
river,2023-11-30,nitrogen,0.006911428571428571
river,2023-12-01,nitrogen,0.007232857142857143
river,2023-12-02,nitrogen,0.007554285714285715
river,2023-12-03,nitrogen,0.007875714285714286
river,2023-12-04,nitrogen,0.008197142857142858
river,2023-12-05,nitrogen,0.00851857142857143
river,2023-12-06,nitrogen,0.00884
river,2023-12-07,nitrogen,0.00889
river,2023-12-08,nitrogen,0.00894
river,2023-12-09,nitrogen,0.00899
river,2023-12-10,nitrogen,0.00904
river,2023-12-11,nitrogen,0.00909
river,2023-12-12,nitrogen,0.009139999999999999
river,2023-12-13,nitrogen,0.00919
river,2023-12-14,nitrogen,0.008861666666666667
river,2023-12-15,nitrogen,0.008533333333333334
river,2023-12-16,nitrogen,0.008205
river,2023-12-17,nitrogen,0.007876666666666665
river,2023-12-18,nitrogen,0.007548333333333333
river,2023-12-19,nitrogen,0.00722
river,2023-12-20,nitrogen,0.007162
river,2023-12-21,nitrogen,0.007104
river,2023-12-22,nitrogen,0.007045999999999999
river,2023-12-23,nitrogen,0.006987999999999999
river,2023-12-24,nitrogen,0.0069299999999999995
river,2023-12-25,nitrogen,0.006872
river,2023-12-26,nitrogen,0.006814000000000001
river,2023-12-27,nitrogen,0.006756
river,2023-12-28,nitrogen,0.006698
river,2023-12-29,nitrogen,0.00664
river,2023-12-30,nitrogen,0.006582
river,2023-12-31,nitrogen,0.006523999999999999
river,2024-01-01,nitrogen,0.0064659999999999995
river,2024-01-02,nitrogen,0.006408
river,2024-01-03,nitrogen,0.00635
river,2024-01-04,nitrogen,0.006681428571428572
river,2024-01-05,nitrogen,0.007012857142857143
river,2024-01-06,nitrogen,0.007344285714285715
river,2024-01-07,nitrogen,0.007675714285714286
river,2024-01-08,nitrogen,0.008007142857142857
river,2024-01-09,nitrogen,0.00833857142857143
river,2024-01-10,nitrogen,0.00867
river,2024-01-11,nitrogen,0.008521666666666667
river,2024-01-12,nitrogen,0.008373333333333333
river,2024-01-13,nitrogen,0.008225
river,2024-01-14,nitrogen,0.008076666666666666
river,2024-01-15,nitrogen,0.007928333333333334
river,2024-01-16,nitrogen,0.0077800000000000005
river,2024-01-17,nitrogen,0.007705
river,2024-01-18,nitrogen,0.00763
river,2024-01-19,nitrogen,0.007555
river,2024-01-20,nitrogen,0.0074800000000000005
river,2024-01-21,nitrogen,0.007405
river,2024-01-22,nitrogen,0.007330000000000001
river,2024-01-23,nitrogen,0.007255
river,2024-01-24,nitrogen,0.00718
river,2024-01-25,nitrogen,0.007242857142857143
river,2024-01-26,nitrogen,0.007305714285714285
river,2024-01-27,nitrogen,0.007368571428571428
river,2024-01-28,nitrogen,0.0074314285714285715
river,2024-01-29,nitrogen,0.007494285714285715
river,2024-01-30,nitrogen,0.007557142857142857
river,2024-01-31,nitrogen,0.00762
river,2024-02-01,nitrogen,0.007641428571428572
river,2024-02-02,nitrogen,0.007662857142857143
river,2024-02-03,nitrogen,0.007684285714285715
river,2024-02-04,nitrogen,0.007705714285714285
river,2024-02-05,nitrogen,0.007727142857142857
river,2024-02-06,nitrogen,0.0077485714285714285
river,2024-02-07,nitrogen,0.00777
river,2024-02-08,nitrogen,0.007675714285714286
river,2024-02-09,nitrogen,0.007581428571428571
river,2024-02-10,nitrogen,0.007487142857142857
river,2024-02-11,nitrogen,0.007392857142857144
river,2024-02-12,nitrogen,0.0072985714285714294
river,2024-02-13,nitrogen,0.007204285714285715
river,2024-02-14,nitrogen,0.007110000000000001
river,2024-02-15,nitrogen,0.007155714285714286
river,2024-02-16,nitrogen,0.007201428571428572
river,2024-02-17,nitrogen,0.007247142857142857
river,2024-02-18,nitrogen,0.007292857142857143
river,2024-02-19,nitrogen,0.007338571428571428
river,2024-02-20,nitrogen,0.007384285714285715
river,2024-02-21,nitrogen,0.00743
river,2024-02-22,nitrogen,0.007425
river,2024-02-23,nitrogen,0.00742
river,2024-02-24,nitrogen,0.007415000000000001
river,2024-02-25,nitrogen,0.00741
river,2024-02-26,nitrogen,0.007405
river,2024-02-27,nitrogen,0.0074
river,2024-02-28,nitrogen,0.007425000000000001
river,2024-02-29,nitrogen,0.00745
river,2024-03-01,nitrogen,0.007475
river,2024-03-02,nitrogen,0.0075
river,2024-03-03,nitrogen,0.0075250000000000004
river,2024-03-04,nitrogen,0.00755
river,2024-03-05,nitrogen,0.007574999999999999
river,2024-03-06,nitrogen,0.0076
river,2024-03-07,nitrogen,0.0074314285714285715
river,2024-03-08,nitrogen,0.007262857142857143
river,2024-03-09,nitrogen,0.007094285714285714
river,2024-03-10,nitrogen,0.006925714285714285
river,2024-03-11,nitrogen,0.006757142857142857
river,2024-03-12,nitrogen,0.006588571428571429
river,2024-03-13,nitrogen,0.00642
river,2024-03-14,nitrogen,0.0065671428571428565
river,2024-03-15,nitrogen,0.006714285714285714
river,2024-03-16,nitrogen,0.006861428571428571
river,2024-03-17,nitrogen,0.007008571428571429
river,2024-03-18,nitrogen,0.007155714285714286
river,2024-03-19,nitrogen,0.007302857142857144
river,2024-03-20,nitrogen,0.00745
river,2024-03-21,nitrogen,0.007228571428571429
river,2024-03-22,nitrogen,0.007007142857142858
river,2024-03-23,nitrogen,0.006785714285714286
river,2024-03-24,nitrogen,0.006564285714285715
river,2024-03-25,nitrogen,0.006342857142857143
river,2024-03-26,nitrogen,0.006121428571428572
river,2024-03-27,nitrogen,0.005900000000000001
river,2024-03-28,nitrogen,0.00588
river,2024-03-29,nitrogen,0.005860000000000001
river,2024-03-30,nitrogen,0.00584
river,2024-03-31,nitrogen,0.0058200000000000005
river,2024-04-01,nitrogen,0.0058
river,2024-04-02,nitrogen,0.00578
river,2024-04-03,nitrogen,0.0057599999999999995
river,2024-04-04,nitrogen,0.005798571428571428
river,2024-04-05,nitrogen,0.005837142857142858
river,2024-04-06,nitrogen,0.005875714285714285
river,2024-04-07,nitrogen,0.005914285714285715
river,2024-04-08,nitrogen,0.0059528571428571425
river,2024-04-09,nitrogen,0.005991428571428572
river,2024-04-10,nitrogen,0.006030000000000001
river,2024-04-11,nitrogen,0.006
river,2024-04-12,nitrogen,0.0059700000000000005
river,2024-04-13,nitrogen,0.005940000000000001
river,2024-04-14,nitrogen,0.00591
river,2024-04-15,nitrogen,0.00588
river,2024-04-16,nitrogen,0.005850000000000001
river,2024-04-17,nitrogen,0.0058200000000000005
river,2024-04-18,nitrogen,0.005745714285714285
river,2024-04-19,nitrogen,0.005671428571428572
river,2024-04-20,nitrogen,0.005597142857142857
river,2024-04-21,nitrogen,0.005522857142857144
river,2024-04-22,nitrogen,0.0054485714285714285
river,2024-04-23,nitrogen,0.005374285714285713
river,2024-04-24,nitrogen,0.0053
river,2024-04-25,nitrogen,0.005318571428571429
river,2024-04-26,nitrogen,0.005337142857142857
river,2024-04-27,nitrogen,0.005355714285714286
river,2024-04-28,nitrogen,0.005374285714285713
river,2024-04-29,nitrogen,0.005392857142857143
river,2024-04-30,nitrogen,0.005411428571428571
river,2024-05-01,nitrogen,0.00543
river,2024-05-02,nitrogen,0.005454285714285714
river,2024-05-03,nitrogen,0.005478571428571429
river,2024-05-04,nitrogen,0.005502857142857143
river,2024-05-05,nitrogen,0.005527142857142857
river,2024-05-06,nitrogen,0.005551428571428571
river,2024-05-07,nitrogen,0.005575714285714285
river,2024-05-08,nitrogen,0.0056
river,2024-05-09,nitrogen,0.00563
river,2024-05-10,nitrogen,0.00566
river,2024-05-11,nitrogen,0.00569
river,2024-05-12,nitrogen,0.00572
river,2024-05-13,nitrogen,0.00575
river,2024-05-14,nitrogen,0.00578
river,2024-05-15,nitrogen,0.00596375
river,2024-05-16,nitrogen,0.0061475
river,2024-05-17,nitrogen,0.00633125
river,2024-05-18,nitrogen,0.006515000000000001
river,2024-05-19,nitrogen,0.006698750000000001
river,2024-05-20,nitrogen,0.006882500000000001
river,2024-05-21,nitrogen,0.0070662500000000005
river,2024-05-22,nitrogen,0.00725
river,2024-05-23,nitrogen,0.007171428571428572
river,2024-05-24,nitrogen,0.007092857142857143
river,2024-05-25,nitrogen,0.007014285714285714
river,2024-05-26,nitrogen,0.006935714285714286
river,2024-05-27,nitrogen,0.006857142857142858
river,2024-05-28,nitrogen,0.006778571428571429
river,2024-05-29,nitrogen,0.0067
river,2024-05-30,nitrogen,0.00656625
river,2024-05-31,nitrogen,0.0064325
river,2024-06-01,nitrogen,0.0062987500000000005
river,2024-06-02,nitrogen,0.006165
river,2024-06-03,nitrogen,0.00603125
river,2024-06-04,nitrogen,0.0058975
river,2024-06-05,nitrogen,0.00576375
river,2024-06-06,nitrogen,0.00563
river,2024-06-07,nitrogen,0.0055450000000000004
river,2024-06-08,nitrogen,0.0054600000000000004
river,2024-06-09,nitrogen,0.0053750000000000004
river,2024-06-10,nitrogen,0.00529
river,2024-06-11,nitrogen,0.005205
river,2024-06-12,nitrogen,0.00512
river,2024-06-13,nitrogen,0.0051114285714285715
river,2024-06-14,nitrogen,0.005102857142857143
river,2024-06-15,nitrogen,0.005094285714285714
river,2024-06-16,nitrogen,0.005085714285714285
river,2024-06-17,nitrogen,0.0050771428571428565
river,2024-06-18,nitrogen,0.005068571428571428
river,2024-06-19,nitrogen,0.005059999999999999
river,2024-06-20,nitrogen,0.004998333333333333
river,2024-06-21,nitrogen,0.0049366666666666665
river,2024-06-22,nitrogen,0.004875
river,2024-06-23,nitrogen,0.0048133333333333335
river,2024-06-24,nitrogen,0.004751666666666667
river,2024-06-25,nitrogen,0.004690000000000001
river,2024-06-26,nitrogen,0.0048125
river,2024-06-27,nitrogen,0.004935000000000001
river,2024-06-28,nitrogen,0.0050575
river,2024-06-29,nitrogen,0.00518
river,2024-06-30,nitrogen,0.0053025
river,2024-07-01,nitrogen,0.005425
river,2024-07-02,nitrogen,0.0055475
river,2024-07-03,nitrogen,0.00567
river,2024-07-04,nitrogen,0.00545
river,2024-07-05,nitrogen,0.005229999999999999
river,2024-07-06,nitrogen,0.00501
river,2024-07-07,nitrogen,0.00479
river,2024-07-08,nitrogen,0.00457
river,2024-07-09,nitrogen,0.00435
river,2024-07-10,nitrogen,0.00413
river,2024-07-11,nitrogen,0.004066666666666666
river,2024-07-12,nitrogen,0.004003333333333333
river,2024-07-13,nitrogen,0.00394
river,2024-07-14,nitrogen,0.0038766666666666667
river,2024-07-15,nitrogen,0.0038133333333333335
river,2024-07-16,nitrogen,0.00375
river,2024-07-17,nitrogen,0.0039775
river,2024-07-18,nitrogen,0.004205
river,2024-07-19,nitrogen,0.0044325
river,2024-07-20,nitrogen,0.00466
river,2024-07-21,nitrogen,0.0048875
river,2024-07-22,nitrogen,0.005115000000000001
river,2024-07-23,nitrogen,0.0053425
river,2024-07-24,nitrogen,0.00557
river,2024-07-25,nitrogen,0.005674285714285714
river,2024-07-26,nitrogen,0.005778571428571429
river,2024-07-27,nitrogen,0.005882857142857143
river,2024-07-28,nitrogen,0.0059871428571428575
river,2024-07-29,nitrogen,0.006091428571428571
river,2024-07-30,nitrogen,0.006195714285714286
river,2024-07-31,nitrogen,0.0063
river,2024-08-01,nitrogen,0.006124285714285715
river,2024-08-02,nitrogen,0.005948571428571429
river,2024-08-03,nitrogen,0.005772857142857143
river,2024-08-04,nitrogen,0.005597142857142857
river,2024-08-05,nitrogen,0.005421428571428572
river,2024-08-06,nitrogen,0.005245714285714286
river,2024-08-07,nitrogen,0.005070000000000001
river,2024-08-08,nitrogen,0.005202857142857143
river,2024-08-09,nitrogen,0.0053357142857142865
river,2024-08-10,nitrogen,0.0054685714285714285
river,2024-08-11,nitrogen,0.0056014285714285714
river,2024-08-12,nitrogen,0.005734285714285714
river,2024-08-13,nitrogen,0.005867142857142857
river,2024-08-14,nitrogen,0.006
river,2024-08-15,nitrogen,0.00592
river,2024-08-16,nitrogen,0.00584
river,2024-08-17,nitrogen,0.0057599999999999995
river,2024-08-18,nitrogen,0.005680000000000001
river,2024-08-19,nitrogen,0.005600000000000001
river,2024-08-20,nitrogen,0.005520000000000001
river,2024-08-21,nitrogen,0.00544
river,2024-08-22,nitrogen,0.005514285714285715
river,2024-08-23,nitrogen,0.005588571428571429
river,2024-08-24,nitrogen,0.005662857142857143
river,2024-08-25,nitrogen,0.005737142857142857
river,2024-08-26,nitrogen,0.0058114285714285716
river,2024-08-27,nitrogen,0.005885714285714287
river,2024-08-28,nitrogen,0.00596
river,2024-08-29,nitrogen,0.005852857142857143
river,2024-08-30,nitrogen,0.005745714285714285
river,2024-08-31,nitrogen,0.0056385714285714286
river,2024-09-01,nitrogen,0.005531428571428572
river,2024-09-02,nitrogen,0.005424285714285715
river,2024-09-03,nitrogen,0.005317142857142857
river,2024-09-04,nitrogen,0.00521
river,2024-09-05,nitrogen,0.005402857142857143
river,2024-09-06,nitrogen,0.0055957142857142855
river,2024-09-07,nitrogen,0.0057885714285714285
river,2024-09-08,nitrogen,0.005981428571428572
river,2024-09-09,nitrogen,0.006174285714285715
river,2024-09-10,nitrogen,0.006367142857142857
river,2024-09-11,nitrogen,0.00656
river,2024-09-12,nitrogen,0.00662
river,2024-09-13,nitrogen,0.00668
river,2024-09-14,nitrogen,0.00674
river,2024-09-15,nitrogen,0.0068
river,2024-09-16,nitrogen,0.006860000000000001
river,2024-09-17,nitrogen,0.00692
river,2024-09-18,nitrogen,0.006980000000000001
river,2024-09-19,nitrogen,0.007070000000000001
river,2024-09-20,nitrogen,0.0071600000000000006
river,2024-09-21,nitrogen,0.00725
river,2024-09-22,nitrogen,0.00734
river,2024-09-23,nitrogen,0.00743
river,2024-09-24,nitrogen,0.00752
river,2024-09-25,nitrogen,0.007427142857142857
river,2024-09-26,nitrogen,0.007334285714285714
river,2024-09-27,nitrogen,0.007241428571428571
river,2024-09-28,nitrogen,0.007148571428571429
river,2024-09-29,nitrogen,0.007055714285714286
river,2024-09-30,nitrogen,0.006962857142857143
river,2024-10-01,nitrogen,0.00687
river,2024-10-02,nitrogen,0.006572857142857143
river,2024-10-03,nitrogen,0.0062757142857142855
river,2024-10-04,nitrogen,0.005978571428571429
river,2024-10-05,nitrogen,0.005681428571428572
river,2024-10-06,nitrogen,0.005384285714285715
river,2024-10-07,nitrogen,0.005087142857142857
river,2024-10-08,nitrogen,0.00479
river,2024-10-09,nitrogen,0.005
river,2024-10-10,nitrogen,0.00521
river,2024-10-11,nitrogen,0.00542
river,2024-10-12,nitrogen,0.00563
river,2024-10-13,nitrogen,0.00584
river,2024-10-14,nitrogen,0.00605
river,2024-10-15,nitrogen,0.00626
river,2024-10-16,nitrogen,0.00647
river,2024-10-17,nitrogen,0.006415714285714286
river,2024-10-18,nitrogen,0.006361428571428572
river,2024-10-19,nitrogen,0.006307142857142857
river,2024-10-20,nitrogen,0.0062528571428571425
river,2024-10-21,nitrogen,0.006198571428571428
river,2024-10-22,nitrogen,0.006144285714285714
river,2024-10-23,nitrogen,0.00609
river,2024-10-24,nitrogen,0.0063300000000000006
river,2024-10-25,nitrogen,0.00657
river,2024-10-26,nitrogen,0.006810000000000001
river,2024-10-27,nitrogen,0.00705
river,2024-10-28,nitrogen,0.0072900000000000005
river,2024-10-29,nitrogen,0.00753
river,2024-10-30,nitrogen,0.00709875
river,2024-10-31,nitrogen,0.006667500000000001
river,2024-11-01,nitrogen,0.0062362500000000005
river,2024-11-02,nitrogen,0.005805
river,2024-11-03,nitrogen,0.00537375
river,2024-11-04,nitrogen,0.0049425
river,2024-11-05,nitrogen,0.0045112500000000005
river,2024-11-06,nitrogen,0.00408
river,2024-11-07,nitrogen,0.004546666666666667
river,2024-11-08,nitrogen,0.005013333333333334
river,2024-11-09,nitrogen,0.0054800000000000005
river,2024-11-10,nitrogen,0.005946666666666666
river,2024-11-11,nitrogen,0.006413333333333333
river,2024-11-12,nitrogen,0.00688
river,2024-11-13,nitrogen,0.006957142857142857
river,2024-11-14,nitrogen,0.007034285714285714
river,2024-11-15,nitrogen,0.0071114285714285715
river,2024-11-16,nitrogen,0.007188571428571429
river,2024-11-17,nitrogen,0.007265714285714286
river,2024-11-18,nitrogen,0.007342857142857142
river,2024-11-19,nitrogen,0.00742
river,2024-11-20,nitrogen,0.0069185714285714284
river,2024-11-21,nitrogen,0.006417142857142857
river,2024-11-22,nitrogen,0.005915714285714285
river,2024-11-23,nitrogen,0.005414285714285714
river,2024-11-24,nitrogen,0.004912857142857143
river,2024-11-25,nitrogen,0.004411428571428571
river,2024-11-26,nitrogen,0.00391
river,2024-11-27,nitrogen,0.00423625
river,2024-11-28,nitrogen,0.0045625
river,2024-11-29,nitrogen,0.00488875
river,2024-11-30,nitrogen,0.005215
river,2024-12-01,nitrogen,0.00554125
river,2024-12-02,nitrogen,0.0058674999999999995
river,2024-12-03,nitrogen,0.00619375
river,2024-12-04,nitrogen,0.00652
river,2024-12-05,nitrogen,0.006617142857142857
river,2024-12-06,nitrogen,0.006714285714285714
river,2024-12-07,nitrogen,0.006811428571428572
river,2024-12-08,nitrogen,0.006908571428571429
river,2024-12-09,nitrogen,0.007005714285714285
river,2024-12-10,nitrogen,0.007102857142857143
river,2024-12-11,nitrogen,0.007200000000000001
river,2024-12-12,nitrogen,0.006961666666666667
river,2024-12-13,nitrogen,0.006723333333333334
river,2024-12-14,nitrogen,0.0064849999999999994
river,2024-12-15,nitrogen,0.006246666666666666
river,2024-12-16,nitrogen,0.006008333333333333
river,2024-12-17,nitrogen,0.00577
river,2024-12-18,nitrogen,0.005813809523809524
river,2024-12-19,nitrogen,0.005857619047619047
river,2024-12-20,nitrogen,0.005901428571428571
river,2024-12-21,nitrogen,0.005945238095238095
river,2024-12-22,nitrogen,0.005989047619047619
river,2024-12-23,nitrogen,0.006032857142857143
river,2024-12-24,nitrogen,0.006076666666666666
river,2024-12-25,nitrogen,0.006120476190476191
river,2024-12-26,nitrogen,0.006164285714285715
river,2024-12-27,nitrogen,0.006208095238095238
river,2024-12-28,nitrogen,0.006251904761904762
river,2024-12-29,nitrogen,0.0062957142857142856
river,2024-12-30,nitrogen,0.00633952380952381
river,2024-12-31,nitrogen,0.006383333333333334
river,2025-01-01,nitrogen,0.006427142857142857
river,2025-01-02,nitrogen,0.006470952380952381
river,2025-01-03,nitrogen,0.006514761904761904
river,2025-01-04,nitrogen,0.006558571428571429
river,2025-01-05,nitrogen,0.006602380952380953
river,2025-01-06,nitrogen,0.0066461904761904765
river,2025-01-07,nitrogen,0.006690000000000001
river,2025-01-08,nitrogen,0.006730000000000001
river,2025-01-09,nitrogen,0.006770000000000001
river,2025-01-10,nitrogen,0.006810000000000001
river,2025-01-11,nitrogen,0.00685
river,2025-01-12,nitrogen,0.006889999999999999
river,2025-01-13,nitrogen,0.0069299999999999995
river,2025-01-14,nitrogen,0.00697
river,2025-01-15,nitrogen,0.007031428571428571
river,2025-01-16,nitrogen,0.007092857142857143
river,2025-01-17,nitrogen,0.007154285714285714
river,2025-01-18,nitrogen,0.007215714285714286
river,2025-01-19,nitrogen,0.007277142857142858
river,2025-01-20,nitrogen,0.0073385714285714295
river,2025-01-21,nitrogen,0.0074
river,2025-01-22,nitrogen,0.006942857142857143
river,2025-01-23,nitrogen,0.006485714285714286
river,2025-01-24,nitrogen,0.006028571428571428
river,2025-01-25,nitrogen,0.005571428571428571
river,2025-01-26,nitrogen,0.005114285714285714
river,2025-01-27,nitrogen,0.004657142857142858
river,2025-01-28,nitrogen,0.004200000000000001
river,2025-01-29,nitrogen,0.004560000000000001
river,2025-01-30,nitrogen,0.00492
river,2025-01-31,nitrogen,0.00528
river,2025-02-01,nitrogen,0.00564
river,2025-02-02,nitrogen,0.006
river,2025-02-03,nitrogen,0.006359999999999999
river,2025-02-04,nitrogen,0.00672
river,2025-02-05,nitrogen,0.006565714285714286
river,2025-02-06,nitrogen,0.006411428571428571
river,2025-02-07,nitrogen,0.006257142857142857
river,2025-02-08,nitrogen,0.0061028571428571425
river,2025-02-09,nitrogen,0.005948571428571429
river,2025-02-10,nitrogen,0.005794285714285714
river,2025-02-11,nitrogen,0.00564
river,2025-02-12,nitrogen,0.005904285714285714
river,2025-02-13,nitrogen,0.006168571428571429
river,2025-02-14,nitrogen,0.006432857142857143
river,2025-02-15,nitrogen,0.006697142857142857
river,2025-02-16,nitrogen,0.0069614285714285715
river,2025-02-17,nitrogen,0.007225714285714286
river,2025-02-18,nitrogen,0.00749
river,2025-02-19,nitrogen,0.007628571428571429
river,2025-02-20,nitrogen,0.007767142857142858
river,2025-02-21,nitrogen,0.007905714285714285
river,2025-02-22,nitrogen,0.008044285714285716
river,2025-02-23,nitrogen,0.008182857142857143
river,2025-02-24,nitrogen,0.008321428571428573
river,2025-02-25,nitrogen,0.00846
river,2021-03-03,sodium,0.0127
river,2021-03-04,sodium,0.0132
river,2021-03-05,sodium,0.0137
river,2021-03-06,sodium,0.014199999999999999
river,2021-03-07,sodium,0.0147
river,2021-03-08,sodium,0.0152
river,2021-03-09,sodium,0.0157
river,2021-03-10,sodium,0.015542857142857143
river,2021-03-11,sodium,0.015385714285714284
river,2021-03-12,sodium,0.015228571428571428
river,2021-03-13,sodium,0.01507142857142857
river,2021-03-14,sodium,0.014914285714285715
river,2021-03-15,sodium,0.014757142857142856
river,2021-03-16,sodium,0.0146
river,2021-03-17,sodium,0.014875000000000001
river,2021-03-18,sodium,0.01515
river,2021-03-19,sodium,0.015425000000000001
river,2021-03-20,sodium,0.0157
river,2021-03-21,sodium,0.015975
river,2021-03-22,sodium,0.01625
river,2021-03-23,sodium,0.016525
river,2021-03-24,sodium,0.016800000000000002
river,2021-03-25,sodium,0.0169375
river,2021-03-26,sodium,0.017075
river,2021-03-27,sodium,0.0172125
river,2021-03-28,sodium,0.01735
river,2021-03-29,sodium,0.0174875
river,2021-03-30,sodium,0.017625000000000002
river,2021-03-31,sodium,0.0177625
river,2021-04-01,sodium,0.0179
river,2021-04-02,sodium,0.01788
river,2021-04-03,sodium,0.01786
river,2021-04-04,sodium,0.01784
river,2021-04-05,sodium,0.01782
river,2021-04-06,sodium,0.0178
river,2021-04-07,sodium,0.01795
river,2021-04-08,sodium,0.0181
river,2021-04-09,sodium,0.01825
river,2021-04-10,sodium,0.0184
river,2021-04-11,sodium,0.01855
river,2021-04-12,sodium,0.0187
river,2021-04-13,sodium,0.018850000000000002
river,2021-04-14,sodium,0.019
river,2021-04-15,sodium,0.019616666666666668
river,2021-04-16,sodium,0.020233333333333336
river,2021-04-17,sodium,0.02085
river,2021-04-18,sodium,0.021466666666666665
river,2021-04-19,sodium,0.022083333333333333
river,2021-04-20,sodium,0.0227
river,2021-04-21,sodium,0.0229
river,2021-04-22,sodium,0.023100000000000002
river,2021-04-23,sodium,0.0233
river,2021-04-24,sodium,0.0235
river,2021-04-25,sodium,0.0237
river,2021-04-26,sodium,0.0239
river,2021-04-27,sodium,0.024100000000000003
river,2021-04-28,sodium,0.023862500000000002
river,2021-04-29,sodium,0.023625
river,2021-04-30,sodium,0.0233875
river,2021-05-01,sodium,0.02315
river,2021-05-02,sodium,0.022912500000000002
river,2021-05-03,sodium,0.022675
river,2021-05-04,sodium,0.0224375
river,2021-05-05,sodium,0.0222
river,2021-05-06,sodium,0.022533333333333332
river,2021-05-07,sodium,0.022866666666666667
river,2021-05-08,sodium,0.0232
river,2021-05-09,sodium,0.023533333333333333
river,2021-05-10,sodium,0.023866666666666668
river,2021-05-11,sodium,0.0242
river,2021-05-12,sodium,0.023985714285714284
river,2021-05-13,sodium,0.023771428571428572
river,2021-05-14,sodium,0.023557142857142856
river,2021-05-15,sodium,0.02334285714285714
river,2021-05-16,sodium,0.023128571428571425
river,2021-05-17,sodium,0.022914285714285713
river,2021-05-18,sodium,0.0227
river,2021-05-19,sodium,0.0225125
river,2021-05-20,sodium,0.022325
river,2021-05-21,sodium,0.0221375
river,2021-05-22,sodium,0.02195
river,2021-05-23,sodium,0.0217625
river,2021-05-24,sodium,0.021575
river,2021-05-25,sodium,0.0213875
river,2021-05-26,sodium,0.0212
river,2021-05-27,sodium,0.021466666666666665
river,2021-05-28,sodium,0.021733333333333334
river,2021-05-29,sodium,0.022
river,2021-05-30,sodium,0.022266666666666667
river,2021-05-31,sodium,0.022533333333333336
river,2021-06-01,sodium,0.0228
river,2021-06-02,sodium,0.022900000000000004
river,2021-06-03,sodium,0.023
river,2021-06-04,sodium,0.023100000000000002
river,2021-06-05,sodium,0.0232
river,2021-06-06,sodium,0.0233
river,2021-06-07,sodium,0.0234
river,2021-06-08,sodium,0.0235
river,2021-06-09,sodium,0.02467142857142857
river,2021-06-10,sodium,0.025842857142857143
river,2021-06-11,sodium,0.027014285714285713
river,2021-06-12,sodium,0.028185714285714283
river,2021-06-13,sodium,0.029357142857142856
river,2021-06-14,sodium,0.03052857142857143
river,2021-06-15,sodium,0.0317
river,2021-06-16,sodium,0.030485714285714286
river,2021-06-17,sodium,0.029271428571428573
river,2021-06-18,sodium,0.028057142857142857
river,2021-06-19,sodium,0.02684285714285714
river,2021-06-20,sodium,0.025628571428571428
river,2021-06-21,sodium,0.024414285714285715
river,2021-06-22,sodium,0.0232
river,2021-06-23,sodium,0.0241
river,2021-06-24,sodium,0.025
river,2021-06-25,sodium,0.0259
river,2021-06-26,sodium,0.0268
river,2021-06-27,sodium,0.0277
river,2021-06-28,sodium,0.0286
river,2021-06-29,sodium,0.029500000000000002
river,2021-06-30,sodium,0.02872857142857143
river,2021-07-01,sodium,0.02795714285714286
river,2021-07-02,sodium,0.02718571428571429
river,2021-07-03,sodium,0.026414285714285717
river,2021-07-04,sodium,0.025642857142857144
river,2021-07-05,sodium,0.024871428571428576
river,2021-07-06,sodium,0.024100000000000003
river,2021-07-07,sodium,0.024928571428571432
river,2021-07-08,sodium,0.025757142857142857
river,2021-07-09,sodium,0.026585714285714285
river,2021-07-10,sodium,0.027414285714285714
river,2021-07-11,sodium,0.028242857142857142
river,2021-07-12,sodium,0.02907142857142857
river,2021-07-13,sodium,0.0299
river,2021-07-14,sodium,0.030285714285714284
river,2021-07-15,sodium,0.03067142857142857
river,2021-07-16,sodium,0.031057142857142856
river,2021-07-17,sodium,0.03144285714285714
river,2021-07-18,sodium,0.03182857142857143
river,2021-07-19,sodium,0.032214285714285716
river,2021-07-20,sodium,0.032600000000000004
river,2021-07-21,sodium,0.03192857142857143
river,2021-07-22,sodium,0.03125714285714286
river,2021-07-23,sodium,0.030585714285714286
river,2021-07-24,sodium,0.029914285714285716
river,2021-07-25,sodium,0.029242857142857143
river,2021-07-26,sodium,0.02857142857142857
river,2021-07-27,sodium,0.027899999999999998
river,2021-07-28,sodium,0.027875
river,2021-07-29,sodium,0.02785
river,2021-07-30,sodium,0.027825
river,2021-07-31,sodium,0.0278
river,2021-08-01,sodium,0.027774999999999998
river,2021-08-02,sodium,0.02775
river,2021-08-03,sodium,0.027725
river,2021-08-04,sodium,0.0277
river,2021-08-05,sodium,0.026416666666666665
river,2021-08-06,sodium,0.025133333333333334
river,2021-08-07,sodium,0.023850000000000003
river,2021-08-08,sodium,0.022566666666666665
river,2021-08-09,sodium,0.02128333333333333
river,2021-08-10,sodium,0.02
river,2021-08-11,sodium,0.020457142857142854
river,2021-08-12,sodium,0.020914285714285715
river,2021-08-13,sodium,0.02137142857142857
river,2021-08-14,sodium,0.02182857142857143
river,2021-08-15,sodium,0.022285714285714284
river,2021-08-16,sodium,0.02274285714285714
river,2021-08-17,sodium,0.0232
river,2021-08-18,sodium,0.023142857142857142
river,2021-08-19,sodium,0.023085714285714286
river,2021-08-20,sodium,0.02302857142857143
river,2021-08-21,sodium,0.022971428571428573
river,2021-08-22,sodium,0.022914285714285713
river,2021-08-23,sodium,0.022857142857142857
river,2021-08-24,sodium,0.0228
river,2021-08-25,sodium,0.023144444444444447
river,2021-08-26,sodium,0.023488888888888892
river,2021-08-27,sodium,0.02383333333333333
river,2021-08-28,sodium,0.024177777777777777
river,2021-08-29,sodium,0.024522222222222223
river,2021-08-30,sodium,0.02486666666666667
river,2021-08-31,sodium,0.025211111111111108
river,2021-09-01,sodium,0.025555555555555554
river,2021-09-02,sodium,0.0259
river,2021-09-03,sodium,0.02556
river,2021-09-04,sodium,0.02522
river,2021-09-05,sodium,0.02488
river,2021-09-06,sodium,0.02454
river,2021-09-07,sodium,0.0242
river,2021-09-08,sodium,0.02445
river,2021-09-09,sodium,0.0247
river,2021-09-10,sodium,0.02495
river,2021-09-11,sodium,0.0252
river,2021-09-12,sodium,0.02545
river,2021-09-13,sodium,0.0257
river,2021-09-14,sodium,0.02595
river,2021-09-15,sodium,0.0262
river,2021-09-16,sodium,0.02605714285714286
river,2021-09-17,sodium,0.025914285714285716
river,2021-09-18,sodium,0.025771428571428574
river,2021-09-19,sodium,0.025628571428571428
river,2021-09-20,sodium,0.025485714285714285
river,2021-09-21,sodium,0.025342857142857143
river,2021-09-22,sodium,0.0252
river,2021-09-23,sodium,0.02585714285714286
river,2021-09-24,sodium,0.026514285714285712
river,2021-09-25,sodium,0.027171428571428572
river,2021-09-26,sodium,0.027828571428571428
river,2021-09-27,sodium,0.028485714285714288
river,2021-09-28,sodium,0.029142857142857144
river,2021-09-29,sodium,0.0298
river,2021-09-30,sodium,0.030016666666666667
river,2021-10-01,sodium,0.030233333333333334
river,2021-10-02,sodium,0.030450000000000005
river,2021-10-03,sodium,0.03066666666666667
river,2021-10-04,sodium,0.030883333333333332
river,2021-10-05,sodium,0.031100000000000003
river,2021-10-06,sodium,0.03175
river,2021-10-07,sodium,0.0324
river,2021-10-08,sodium,0.033049999999999996
river,2021-10-09,sodium,0.0337
river,2021-10-10,sodium,0.034350000000000006
river,2021-10-11,sodium,0.035
river,2021-10-12,sodium,0.03565
river,2021-10-13,sodium,0.0363
river,2021-10-14,sodium,0.03582857142857143
river,2021-10-15,sodium,0.03535714285714286
river,2021-10-16,sodium,0.034885714285714284
river,2021-10-17,sodium,0.03441428571428571
river,2021-10-18,sodium,0.03394285714285714
river,2021-10-19,sodium,0.03347142857142857
river,2021-10-20,sodium,0.033
river,2021-10-21,sodium,0.0334
river,2021-10-22,sodium,0.0338
river,2021-10-23,sodium,0.034199999999999994
river,2021-10-24,sodium,0.0346
river,2021-10-25,sodium,0.035
river,2021-10-26,sodium,0.0354
river,2021-10-27,sodium,0.0358
river,2021-10-28,sodium,0.035457142857142854
river,2021-10-29,sodium,0.035114285714285716
river,2021-10-30,sodium,0.03477142857142857
river,2021-10-31,sodium,0.034428571428571426
river,2021-11-01,sodium,0.03408571428571428
river,2021-11-02,sodium,0.033742857142857144
river,2021-11-03,sodium,0.0334
river,2021-11-04,sodium,0.032342857142857145
river,2021-11-05,sodium,0.031285714285714285
river,2021-11-06,sodium,0.030228571428571428
river,2021-11-07,sodium,0.02917142857142857
river,2021-11-08,sodium,0.028114285714285713
river,2021-11-09,sodium,0.027057142857142856
river,2021-11-10,sodium,0.026000000000000002
river,2021-11-11,sodium,0.02517142857142857
river,2021-11-12,sodium,0.024342857142857142
river,2021-11-13,sodium,0.023514285714285713
river,2021-11-14,sodium,0.022685714285714288
river,2021-11-15,sodium,0.02185714285714286
river,2021-11-16,sodium,0.021028571428571428
river,2021-11-17,sodium,0.0202
river,2021-11-18,sodium,0.019714285714285715
river,2021-11-19,sodium,0.019228571428571428
river,2021-11-20,sodium,0.018742857142857144
river,2021-11-21,sodium,0.018257142857142857
river,2021-11-22,sodium,0.017771428571428573
river,2021-11-23,sodium,0.017285714285714286
river,2021-11-24,sodium,0.016800000000000002
river,2021-11-25,sodium,0.016442857142857144
river,2021-11-26,sodium,0.016085714285714287
river,2021-11-27,sodium,0.01572857142857143
river,2021-11-28,sodium,0.015371428571428572
river,2021-11-29,sodium,0.015014285714285714
river,2021-11-30,sodium,0.014657142857142858
river,2021-12-01,sodium,0.0143
river,2021-12-02,sodium,0.014185714285714288
river,2021-12-03,sodium,0.014071428571428572
river,2021-12-04,sodium,0.013957142857142857
river,2021-12-05,sodium,0.013842857142857143
river,2021-12-06,sodium,0.01372857142857143
river,2021-12-07,sodium,0.013614285714285714
river,2021-12-08,sodium,0.0135
river,2021-12-09,sodium,0.0135125
river,2021-12-10,sodium,0.013525
river,2021-12-11,sodium,0.0135375
river,2021-12-12,sodium,0.013550000000000001
river,2021-12-13,sodium,0.0135625
river,2021-12-14,sodium,0.013575
river,2021-12-15,sodium,0.0135875
river,2021-12-16,sodium,0.0136
river,2021-12-17,sodium,0.013695
river,2021-12-18,sodium,0.01379
river,2021-12-19,sodium,0.013885
river,2021-12-20,sodium,0.013980000000000001
river,2021-12-21,sodium,0.014074999999999999
river,2021-12-22,sodium,0.01417
river,2021-12-23,sodium,0.014265000000000002
river,2021-12-24,sodium,0.01436
river,2021-12-25,sodium,0.014455
river,2021-12-26,sodium,0.01455
river,2021-12-27,sodium,0.014645
river,2021-12-28,sodium,0.014740000000000001
river,2021-12-29,sodium,0.014835
river,2021-12-30,sodium,0.01493
river,2021-12-31,sodium,0.015025
river,2022-01-01,sodium,0.01512
river,2022-01-02,sodium,0.015215
river,2022-01-03,sodium,0.01531
river,2022-01-04,sodium,0.015405
river,2022-01-05,sodium,0.0155
river,2022-01-06,sodium,0.0157
river,2022-01-07,sodium,0.0159
river,2022-01-08,sodium,0.0161
river,2022-01-09,sodium,0.016300000000000002
river,2022-01-10,sodium,0.0165
river,2022-01-11,sodium,0.0167
river,2022-01-12,sodium,0.0169
river,2022-01-13,sodium,0.016885714285714285
river,2022-01-14,sodium,0.016871428571428572
river,2022-01-15,sodium,0.01685714285714286
river,2022-01-16,sodium,0.016842857142857142
river,2022-01-17,sodium,0.01682857142857143
river,2022-01-18,sodium,0.016814285714285712
river,2022-01-19,sodium,0.016800000000000002
river,2022-01-20,sodium,0.01634285714285714
river,2022-01-21,sodium,0.015885714285714288
river,2022-01-22,sodium,0.015428571428571429
river,2022-01-23,sodium,0.014971428571428571
river,2022-01-24,sodium,0.014514285714285714
river,2022-01-25,sodium,0.014057142857142857
river,2022-01-26,sodium,0.0136
river,2022-01-27,sodium,0.013685714285714285
river,2022-01-28,sodium,0.013771428571428572
river,2022-01-29,sodium,0.013857142857142856
river,2022-01-30,sodium,0.013942857142857144
river,2022-01-31,sodium,0.014028571428571428
river,2022-02-01,sodium,0.014114285714285715
river,2022-02-02,sodium,0.014199999999999999
river,2022-02-03,sodium,0.014328571428571428
river,2022-02-04,sodium,0.014457142857142858
river,2022-02-05,sodium,0.014585714285714285
river,2022-02-06,sodium,0.014714285714285714
river,2022-02-07,sodium,0.014842857142857142
river,2022-02-08,sodium,0.014971428571428571
river,2022-02-09,sodium,0.0151
river,2022-02-10,sodium,0.015185714285714285
river,2022-02-11,sodium,0.015271428571428571
river,2022-02-12,sodium,0.015357142857142856
river,2022-02-13,sodium,0.015442857142857144
river,2022-02-14,sodium,0.015528571428571428
river,2022-02-15,sodium,0.015614285714285714
river,2022-02-16,sodium,0.0157
river,2022-02-17,sodium,0.01604285714285714
river,2022-02-18,sodium,0.016385714285714288
river,2022-02-19,sodium,0.01672857142857143
river,2022-02-20,sodium,0.017071428571428574
river,2022-02-21,sodium,0.017414285714285715
river,2022-02-22,sodium,0.01775714285714286
river,2022-02-23,sodium,0.0181
river,2022-02-24,sodium,0.017771428571428573
river,2022-02-25,sodium,0.017442857142857142
river,2022-02-26,sodium,0.017114285714285714
river,2022-02-27,sodium,0.01678571428571429
river,2022-02-28,sodium,0.016457142857142858
river,2022-03-01,sodium,0.01612857142857143
river,2022-03-02,sodium,0.0158
river,2022-03-03,sodium,0.015614285714285716
river,2022-03-04,sodium,0.015428571428571429
river,2022-03-05,sodium,0.015242857142857145
river,2022-03-06,sodium,0.015057142857142857
river,2022-03-07,sodium,0.014871428571428572
river,2022-03-08,sodium,0.014685714285714286
river,2022-03-09,sodium,0.0145
river,2022-03-10,sodium,0.014514285714285714
river,2022-03-11,sodium,0.014528571428571429
river,2022-03-12,sodium,0.014542857142857144
river,2022-03-13,sodium,0.014557142857142857
river,2022-03-14,sodium,0.014571428571428572
river,2022-03-15,sodium,0.014585714285714285
river,2022-03-16,sodium,0.0146
river,2022-03-17,sodium,0.014842857142857144
river,2022-03-18,sodium,0.015085714285714286
river,2022-03-19,sodium,0.01532857142857143
river,2022-03-20,sodium,0.015571428571428571
river,2022-03-21,sodium,0.015814285714285715
river,2022-03-22,sodium,0.016057142857142857
river,2022-03-23,sodium,0.016300000000000002
river,2022-03-24,sodium,0.01587857142857143
river,2022-03-25,sodium,0.015457142857142857
river,2022-03-26,sodium,0.015035714285714286
river,2022-03-27,sodium,0.014614285714285717
river,2022-03-28,sodium,0.014192857142857144
river,2022-03-29,sodium,0.013771428571428573
river,2022-03-30,sodium,0.013350000000000002
river,2022-03-31,sodium,0.01292857142857143
river,2022-04-01,sodium,0.012507142857142859
river,2022-04-02,sodium,0.012085714285714286
river,2022-04-03,sodium,0.011664285714285716
river,2022-04-04,sodium,0.011242857142857145
river,2022-04-05,sodium,0.010821428571428574
river,2022-04-06,sodium,0.010400000000000001
river,2022-04-07,sodium,0.010857142857142859
river,2022-04-08,sodium,0.011314285714285716
river,2022-04-09,sodium,0.011771428571428573
river,2022-04-10,sodium,0.012228571428571427
river,2022-04-11,sodium,0.012685714285714285
river,2022-04-12,sodium,0.013142857142857142
river,2022-04-13,sodium,0.0136
river,2022-04-14,sodium,0.01375
river,2022-04-15,sodium,0.013900000000000001
river,2022-04-16,sodium,0.014050000000000002
river,2022-04-17,sodium,0.014199999999999999
river,2022-04-18,sodium,0.01435
river,2022-04-19,sodium,0.0145
river,2022-04-20,sodium,0.01465
river,2022-04-21,sodium,0.0148
river,2022-04-22,sodium,0.014683333333333335
river,2022-04-23,sodium,0.014566666666666667
river,2022-04-24,sodium,0.01445
river,2022-04-25,sodium,0.014333333333333335
river,2022-04-26,sodium,0.014216666666666667
river,2022-04-27,sodium,0.0141
river,2022-04-28,sodium,0.015114285714285714
river,2022-04-29,sodium,0.016128571428571426
river,2022-04-30,sodium,0.017142857142857144
river,2022-05-01,sodium,0.018157142857142858
river,2022-05-02,sodium,0.019171428571428572
river,2022-05-03,sodium,0.020185714285714283
river,2022-05-04,sodium,0.0212
river,2022-05-05,sodium,0.020557142857142857
river,2022-05-06,sodium,0.019914285714285714
river,2022-05-07,sodium,0.01927142857142857
river,2022-05-08,sodium,0.01862857142857143
river,2022-05-09,sodium,0.017985714285714285
river,2022-05-10,sodium,0.017342857142857142
river,2022-05-11,sodium,0.0167
river,2022-05-12,sodium,0.016842857142857142
river,2022-05-13,sodium,0.016985714285714285
river,2022-05-14,sodium,0.017128571428571427
river,2022-05-15,sodium,0.017271428571428573
river,2022-05-16,sodium,0.017414285714285715
river,2022-05-17,sodium,0.017557142857142858
river,2022-05-18,sodium,0.0177
river,2022-05-19,sodium,0.0177125
river,2022-05-20,sodium,0.017725
river,2022-05-21,sodium,0.0177375
river,2022-05-22,sodium,0.017750000000000002
river,2022-05-23,sodium,0.0177625
river,2022-05-24,sodium,0.017775
river,2022-05-25,sodium,0.0177875
river,2022-05-26,sodium,0.0178
river,2022-05-27,sodium,0.018185714285714288
river,2022-05-28,sodium,0.018571428571428572
river,2022-05-29,sodium,0.01895714285714286
river,2022-05-30,sodium,0.01934285714285714
river,2022-05-31,sodium,0.01972857142857143
river,2022-06-01,sodium,0.020234285714285713
river,2022-06-02,sodium,0.0205
river,2022-06-03,sodium,0.01983333333333333
river,2022-06-04,sodium,0.01916666666666667
river,2022-06-05,sodium,0.0185
river,2022-06-06,sodium,0.017833333333333333
river,2022-06-07,sodium,0.017166666666666667
river,2022-06-08,sodium,0.0165
river,2022-06-09,sodium,0.017028571428571428
river,2022-06-10,sodium,0.017557142857142858
river,2022-06-11,sodium,0.018085714285714285
river,2022-06-12,sodium,0.018614285714285715
river,2022-06-13,sodium,0.019142857142857142
river,2022-06-14,sodium,0.019671428571428572
river,2022-06-15,sodium,0.0202
river,2022-06-16,sodium,0.02004285714285714
river,2022-06-17,sodium,0.019885714285714288
river,2022-06-18,sodium,0.01972857142857143
river,2022-06-19,sodium,0.019571428571428573
river,2022-06-20,sodium,0.019414285714285714
river,2022-06-21,sodium,0.01925714285714286
river,2022-06-22,sodium,0.019100000000000002
river,2022-06-23,sodium,0.019742857142857145
river,2022-06-24,sodium,0.020385714285714288
river,2022-06-25,sodium,0.02102857142857143
river,2022-06-26,sodium,0.021671428571428574
river,2022-06-27,sodium,0.022314285714285717
river,2022-06-28,sodium,0.02295714285714286
river,2022-06-29,sodium,0.023600000000000003
river,2022-06-30,sodium,0.024014285714285717
river,2022-07-01,sodium,0.02442857142857143
river,2022-07-02,sodium,0.024842857142857146
river,2022-07-03,sodium,0.025257142857142856
river,2022-07-04,sodium,0.02567142857142857
river,2022-07-05,sodium,0.026085714285714285
river,2022-07-06,sodium,0.0265
river,2022-07-07,sodium,0.026214285714285714
river,2022-07-08,sodium,0.02592857142857143
river,2022-07-09,sodium,0.025642857142857144
river,2022-07-10,sodium,0.02535714285714286
river,2022-07-11,sodium,0.025071428571428574
river,2022-07-12,sodium,0.024785714285714286
river,2022-07-13,sodium,0.0245
river,2022-07-14,sodium,0.024716666666666668
river,2022-07-15,sodium,0.024933333333333335
river,2022-07-16,sodium,0.02515
river,2022-07-17,sodium,0.02536666666666667
river,2022-07-18,sodium,0.025583333333333336
river,2022-07-19,sodium,0.0258
river,2022-07-20,sodium,0.0265
river,2022-07-21,sodium,0.0272
river,2022-07-22,sodium,0.027899999999999998
river,2022-07-23,sodium,0.0286
river,2022-07-24,sodium,0.0293
river,2022-07-25,sodium,0.03
river,2022-07-26,sodium,0.0307
river,2022-07-27,sodium,0.0314
river,2022-07-28,sodium,0.030885714285714287
river,2022-07-29,sodium,0.03037142857142857
river,2022-07-30,sodium,0.02985714285714286
river,2022-07-31,sodium,0.029342857142857143
river,2022-08-01,sodium,0.02882857142857143
river,2022-08-02,sodium,0.028314285714285715
river,2022-08-03,sodium,0.027800000000000002
river,2022-08-04,sodium,0.0286
river,2022-08-05,sodium,0.0294
river,2022-08-06,sodium,0.0302
river,2022-08-07,sodium,0.031
river,2022-08-08,sodium,0.0318
river,2022-08-09,sodium,0.032600000000000004
river,2022-08-10,sodium,0.0334
river,2022-08-11,sodium,0.033114285714285714
river,2022-08-12,sodium,0.03282857142857143
river,2022-08-13,sodium,0.032542857142857144
river,2022-08-14,sodium,0.03225714285714285
river,2022-08-15,sodium,0.031971428571428574
river,2022-08-16,sodium,0.03168571428571428
river,2022-08-17,sodium,0.0314
river,2022-08-18,sodium,0.030971428571428573
river,2022-08-19,sodium,0.030542857142857142
river,2022-08-20,sodium,0.030114285714285715
river,2022-08-21,sodium,0.029685714285714284
river,2022-08-22,sodium,0.029257142857142857
river,2022-08-23,sodium,0.02882857142857143
river,2022-08-24,sodium,0.028399999999999998
river,2022-08-25,sodium,0.027357142857142858
river,2022-08-26,sodium,0.026314285714285714
river,2022-08-27,sodium,0.025271428571428573
river,2022-08-28,sodium,0.02422857142857143
river,2022-08-29,sodium,0.02318571428571429
river,2022-08-30,sodium,0.022142857142857145
river,2022-08-31,sodium,0.0211
river,2022-09-01,sodium,0.021416666666666667
river,2022-09-02,sodium,0.021733333333333334
river,2022-09-03,sodium,0.02205
river,2022-09-04,sodium,0.022366666666666667
river,2022-09-05,sodium,0.022683333333333333
river,2022-09-06,sodium,0.023
river,2022-09-07,sodium,0.023649999999999997
river,2022-09-08,sodium,0.024300000000000002
river,2022-09-09,sodium,0.02495
river,2022-09-10,sodium,0.0256
river,2022-09-11,sodium,0.02625
river,2022-09-12,sodium,0.0269
river,2022-09-13,sodium,0.027549999999999998
river,2022-09-14,sodium,0.0282
river,2022-09-15,sodium,0.028428571428571428
river,2022-09-16,sodium,0.02865714285714286
river,2022-09-17,sodium,0.028885714285714285
river,2022-09-18,sodium,0.029114285714285714
river,2022-09-19,sodium,0.029342857142857143
river,2022-09-20,sodium,0.029571428571428575
river,2022-09-21,sodium,0.0298
river,2022-09-22,sodium,0.03005714285714286
river,2022-09-23,sodium,0.030314285714285717
river,2022-09-24,sodium,0.030571428571428572
river,2022-09-25,sodium,0.03082857142857143
river,2022-09-26,sodium,0.031085714285714286
river,2022-09-27,sodium,0.031342857142857145
river,2022-09-28,sodium,0.0316
river,2022-09-29,sodium,0.03144285714285714
river,2022-09-30,sodium,0.03128571428571429
river,2022-10-01,sodium,0.03112857142857143
river,2022-10-02,sodium,0.030971428571428573
river,2022-10-03,sodium,0.030814285714285714
river,2022-10-04,sodium,0.03065714285714286
river,2022-10-05,sodium,0.0305
river,2022-10-06,sodium,0.029571428571428575
river,2022-10-07,sodium,0.028642857142857144
river,2022-10-08,sodium,0.027714285714285716
river,2022-10-09,sodium,0.026785714285714284
river,2022-10-10,sodium,0.02585714285714286
river,2022-10-11,sodium,0.024928571428571432
river,2022-10-12,sodium,0.024
river,2022-10-13,sodium,0.023985714285714284
river,2022-10-14,sodium,0.02397142857142857
river,2022-10-15,sodium,0.023957142857142857
river,2022-10-16,sodium,0.023942857142857144
river,2022-10-17,sodium,0.023928571428571428
river,2022-10-18,sodium,0.023914285714285714
river,2022-10-19,sodium,0.023899999999999998
river,2022-10-20,sodium,0.024085714285714287
river,2022-10-21,sodium,0.02427142857142857
river,2022-10-22,sodium,0.024457142857142854
river,2022-10-23,sodium,0.024642857142857143
river,2022-10-24,sodium,0.02482857142857143
river,2022-10-25,sodium,0.025014285714285715
river,2022-10-26,sodium,0.0252
river,2022-10-27,sodium,0.025657142857142854
river,2022-10-28,sodium,0.026114285714285715
river,2022-10-29,sodium,0.02657142857142857
river,2022-10-30,sodium,0.02702857142857143
river,2022-10-31,sodium,0.027485714285714283
river,2022-11-01,sodium,0.027942857142857144
river,2022-11-02,sodium,0.028399999999999998
river,2022-11-03,sodium,0.028585714285714287
river,2022-11-04,sodium,0.02877142857142857
river,2022-11-05,sodium,0.028957142857142855
river,2022-11-06,sodium,0.029142857142857144
river,2022-11-07,sodium,0.02932857142857143
river,2022-11-08,sodium,0.02951428571428571
river,2022-11-09,sodium,0.0297
river,2022-11-10,sodium,0.028842857142857142
river,2022-11-11,sodium,0.027985714285714284
river,2022-11-12,sodium,0.027128571428571426
river,2022-11-13,sodium,0.026271428571428574
river,2022-11-14,sodium,0.025414285714285716
river,2022-11-15,sodium,0.024557142857142857
river,2022-11-16,sodium,0.0237
river,2022-11-17,sodium,0.023414285714285714
river,2022-11-18,sodium,0.023128571428571425
river,2022-11-19,sodium,0.02284285714285714
river,2022-11-20,sodium,0.02255714285714286
river,2022-11-21,sodium,0.022271428571428574
river,2022-11-22,sodium,0.021985714285714286
river,2022-11-23,sodium,0.0217
river,2022-11-24,sodium,0.021385714285714286
river,2022-11-25,sodium,0.02107142857142857
river,2022-11-26,sodium,0.020757142857142856
river,2022-11-27,sodium,0.020442857142857145
river,2022-11-28,sodium,0.02024857142857143
river,2022-11-29,sodium,0.019814285714285715
river,2022-11-30,sodium,0.0195
river,2022-12-01,sodium,0.020220000000000003
river,2022-12-02,sodium,0.0207
river,2022-12-03,sodium,0.0213
river,2022-12-04,sodium,0.0219
river,2022-12-05,sodium,0.0225
river,2022-12-06,sodium,0.0231
river,2022-12-07,sodium,0.0237
river,2022-12-08,sodium,0.02357142857142857
river,2022-12-09,sodium,0.023442857142857144
river,2022-12-10,sodium,0.023314285714285714
river,2022-12-11,sodium,0.02318571428571429
river,2022-12-12,sodium,0.023057142857142856
river,2022-12-13,sodium,0.02292857142857143
river,2022-12-14,sodium,0.0228
river,2022-12-15,sodium,0.02392857142857143
river,2022-12-16,sodium,0.025057142857142858
river,2022-12-17,sodium,0.026185714285714288
river,2022-12-18,sodium,0.027314285714285715
river,2022-12-19,sodium,0.028442857142857145
river,2022-12-20,sodium,0.02957142857142857
river,2022-12-21,sodium,0.0307
river,2022-12-22,sodium,0.030128571428571428
river,2022-12-23,sodium,0.029557142857142858
river,2022-12-24,sodium,0.028985714285714285
river,2022-12-25,sodium,0.028414285714285715
river,2022-12-26,sodium,0.02784285714285714
river,2022-12-27,sodium,0.02727142857142857
river,2022-12-28,sodium,0.0267
river,2022-12-29,sodium,0.026128571428571428
river,2022-12-30,sodium,0.025557142857142858
river,2022-12-31,sodium,0.024985714285714288
river,2023-01-01,sodium,0.024414285714285715
river,2023-01-02,sodium,0.02384285714285714
river,2023-01-03,sodium,0.02327142857142857
river,2023-01-04,sodium,0.0227
river,2023-01-05,sodium,0.02252857142857143
river,2023-01-06,sodium,0.022357142857142857
river,2023-01-07,sodium,0.022185714285714288
river,2023-01-08,sodium,0.022014285714285712
river,2023-01-09,sodium,0.021842857142857143
river,2023-01-10,sodium,0.02167142857142857
river,2023-01-11,sodium,0.021500000000000002
river,2023-01-12,sodium,0.02082857142857143
river,2023-01-13,sodium,0.02015714285714286
river,2023-01-14,sodium,0.019485714285714287
river,2023-01-15,sodium,0.018814285714285714
river,2023-01-16,sodium,0.01814285714285714
river,2023-01-17,sodium,0.017471428571428572
river,2023-01-18,sodium,0.016800000000000002
river,2023-01-19,sodium,0.016571428571428574
river,2023-01-20,sodium,0.01634285714285714
river,2023-01-21,sodium,0.016114285714285713
river,2023-01-22,sodium,0.015885714285714288
river,2023-01-23,sodium,0.015657142857142856
river,2023-01-24,sodium,0.015428571428571427
river,2023-01-25,sodium,0.0152
river,2023-01-26,sodium,0.015257142857142856
river,2023-01-27,sodium,0.015314285714285714
river,2023-01-28,sodium,0.01537142857142857
river,2023-01-29,sodium,0.015428571428571429
river,2023-01-30,sodium,0.015485714285714287
river,2023-01-31,sodium,0.015542857142857143
river,2023-02-01,sodium,0.0156
river,2023-02-02,sodium,0.01604285714285714
river,2023-02-03,sodium,0.016485714285714284
river,2023-02-04,sodium,0.016928571428571428
river,2023-02-05,sodium,0.01737142857142857
river,2023-02-06,sodium,0.017814285714285713
river,2023-02-07,sodium,0.018257142857142857
river,2023-02-08,sodium,0.0187
river,2023-02-09,sodium,0.019083333333333334
river,2023-02-10,sodium,0.019466666666666667
river,2023-02-11,sodium,0.019850000000000003
river,2023-02-12,sodium,0.020233333333333336
river,2023-02-13,sodium,0.02061666666666667
river,2023-02-14,sodium,0.021
river,2023-02-15,sodium,0.0207
river,2023-02-16,sodium,0.020399999999999998
river,2023-02-17,sodium,0.020220000000000003
river,2023-02-18,sodium,0.0198
river,2023-02-19,sodium,0.0195
river,2023-02-20,sodium,0.019200000000000002
river,2023-02-21,sodium,0.018900000000000004
river,2023-02-22,sodium,0.018600000000000002
river,2023-02-23,sodium,0.01842857142857143
river,2023-02-24,sodium,0.018257142857142857
river,2023-02-25,sodium,0.018085714285714285
river,2023-02-26,sodium,0.017914285714285716
river,2023-02-27,sodium,0.017742857142857144
river,2023-02-28,sodium,0.01757142857142857
river,2023-03-01,sodium,0.0174
river,2023-03-02,sodium,0.017085714285714287
river,2023-03-03,sodium,0.01677142857142857
river,2023-03-04,sodium,0.016457142857142854
river,2023-03-05,sodium,0.016142857142857143
river,2023-03-06,sodium,0.015828571428571428
river,2023-03-07,sodium,0.015514285714285715
river,2023-03-08,sodium,0.0152
river,2023-03-09,sodium,0.015314285714285714
river,2023-03-10,sodium,0.015428571428571429
river,2023-03-11,sodium,0.015542857142857143
river,2023-03-12,sodium,0.015657142857142856
river,2023-03-13,sodium,0.01577142857142857
river,2023-03-14,sodium,0.015885714285714288
river,2023-03-15,sodium,0.016
river,2023-03-16,sodium,0.016314285714285715
river,2023-03-17,sodium,0.01662857142857143
river,2023-03-18,sodium,0.016942857142857145
river,2023-03-19,sodium,0.017257142857142856
river,2023-03-20,sodium,0.01757142857142857
river,2023-03-21,sodium,0.017885714285714286
river,2023-03-22,sodium,0.0182
river,2023-03-23,sodium,0.018128571428571428
river,2023-03-24,sodium,0.01805714285714286
river,2023-03-25,sodium,0.017985714285714285
river,2023-03-26,sodium,0.017914285714285716
river,2023-03-27,sodium,0.017842857142857143
river,2023-03-28,sodium,0.017771428571428573
river,2023-03-29,sodium,0.0177
river,2023-03-30,sodium,0.01804285714285714
river,2023-03-31,sodium,0.018385714285714286
river,2023-04-01,sodium,0.018728571428571428
river,2023-04-02,sodium,0.019071428571428573
river,2023-04-03,sodium,0.019414285714285714
river,2023-04-04,sodium,0.01975714285714286
river,2023-04-05,sodium,0.020220000000000003
river,2023-04-06,sodium,0.02016666666666667
river,2023-04-07,sodium,0.020233333333333336
river,2023-04-08,sodium,0.020300000000000002
river,2023-04-09,sodium,0.02036666666666667
river,2023-04-10,sodium,0.020433333333333335
river,2023-04-11,sodium,0.0205
river,2023-04-12,sodium,0.020625
river,2023-04-13,sodium,0.02075
river,2023-04-14,sodium,0.020875
river,2023-04-15,sodium,0.021
river,2023-04-16,sodium,0.021125
river,2023-04-17,sodium,0.02125
river,2023-04-18,sodium,0.021375
river,2023-04-19,sodium,0.021500000000000002
river,2023-04-20,sodium,0.021471428571428572
river,2023-04-21,sodium,0.021442857142857142
river,2023-04-22,sodium,0.021414285714285716
river,2023-04-23,sodium,0.021385714285714286
river,2023-04-24,sodium,0.02135714285714286
river,2023-04-25,sodium,0.02132857142857143
river,2023-04-26,sodium,0.0213
river,2023-04-27,sodium,0.021385714285714286
river,2023-04-28,sodium,0.021471428571428572
river,2023-04-29,sodium,0.021557142857142858
river,2023-04-30,sodium,0.021642857142857144
river,2023-05-01,sodium,0.021728571428571427
river,2023-05-02,sodium,0.021814285714285713
river,2023-05-03,sodium,0.0219
river,2023-05-04,sodium,0.022433333333333333
river,2023-05-05,sodium,0.022966666666666666
river,2023-05-06,sodium,0.0235
river,2023-05-07,sodium,0.024033333333333337
river,2023-05-08,sodium,0.024566666666666667
river,2023-05-09,sodium,0.0251
river,2023-05-10,sodium,0.025028571428571428
river,2023-05-11,sodium,0.02495714285714286
river,2023-05-12,sodium,0.024885714285714285
river,2023-05-13,sodium,0.024814285714285716
river,2023-05-14,sodium,0.024742857142857143
river,2023-05-15,sodium,0.024671428571428573
river,2023-05-16,sodium,0.0246
river,2023-05-17,sodium,0.024987500000000003
river,2023-05-18,sodium,0.025375
river,2023-05-19,sodium,0.0257625
river,2023-05-20,sodium,0.02615
river,2023-05-21,sodium,0.026537500000000002
river,2023-05-22,sodium,0.026925
river,2023-05-23,sodium,0.0273125
river,2023-05-24,sodium,0.0277
river,2023-05-25,sodium,0.027828571428571428
river,2023-05-26,sodium,0.027957142857142857
river,2023-05-27,sodium,0.028085714285714287
river,2023-05-28,sodium,0.028214285714285716
river,2023-05-29,sodium,0.028342857142857145
river,2023-05-30,sodium,0.02847142857142857
river,2023-05-31,sodium,0.0286
river,2023-06-01,sodium,0.02865714285714286
river,2023-06-02,sodium,0.028714285714285716
river,2023-06-03,sodium,0.028771428571428573
river,2023-06-04,sodium,0.02882857142857143
river,2023-06-05,sodium,0.028885714285714285
river,2023-06-06,sodium,0.028942857142857145
river,2023-06-07,sodium,0.029
river,2023-06-08,sodium,0.029557142857142858
river,2023-06-09,sodium,0.030114285714285715
river,2023-06-10,sodium,0.03067142857142857
river,2023-06-11,sodium,0.03122857142857143
river,2023-06-12,sodium,0.031785714285714285
river,2023-06-13,sodium,0.032342857142857145
river,2023-06-14,sodium,0.0329
river,2023-06-15,sodium,0.031971428571428574
river,2023-06-16,sodium,0.031042857142857143
river,2023-06-17,sodium,0.030114285714285715
river,2023-06-18,sodium,0.029185714285714284
river,2023-06-19,sodium,0.028257142857142856
river,2023-06-20,sodium,0.02732857142857143
river,2023-06-21,sodium,0.0264
river,2023-06-22,sodium,0.027271428571428568
river,2023-06-23,sodium,0.028142857142857143
river,2023-06-24,sodium,0.029014285714285715
river,2023-06-25,sodium,0.029885714285714286
river,2023-06-26,sodium,0.030757142857142858
river,2023-06-27,sodium,0.03162857142857143
river,2023-06-28,sodium,0.0325
river,2023-06-29,sodium,0.03217142857142857
river,2023-06-30,sodium,0.031842857142857145
river,2023-07-01,sodium,0.03151428571428571
river,2023-07-02,sodium,0.03118571428571429
river,2023-07-03,sodium,0.030857142857142857
river,2023-07-04,sodium,0.03052857142857143
river,2023-07-05,sodium,0.0302
river,2023-07-06,sodium,0.030657142857142855
river,2023-07-07,sodium,0.031114285714285716
river,2023-07-08,sodium,0.03157142857142857
river,2023-07-09,sodium,0.03202857142857143
river,2023-07-10,sodium,0.03248571428571429
river,2023-07-11,sodium,0.03294285714285714
river,2023-07-12,sodium,0.0334
river,2023-07-13,sodium,0.03345714285714286
river,2023-07-14,sodium,0.03351428571428571
river,2023-07-15,sodium,0.03357142857142857
river,2023-07-16,sodium,0.033628571428571424
river,2023-07-17,sodium,0.033685714285714284
river,2023-07-18,sodium,0.033742857142857144
river,2023-07-19,sodium,0.0338
river,2023-07-20,sodium,0.033685714285714284
river,2023-07-21,sodium,0.03357142857142857
river,2023-07-22,sodium,0.03345714285714286
river,2023-07-23,sodium,0.03334285714285714
river,2023-07-24,sodium,0.03322857142857143
river,2023-07-25,sodium,0.033114285714285714
river,2023-07-26,sodium,0.033
river,2023-07-27,sodium,0.03264285714285715
river,2023-07-28,sodium,0.032285714285714286
river,2023-07-29,sodium,0.03192857142857143
river,2023-07-30,sodium,0.03157142857142858
river,2023-07-31,sodium,0.031214285714285715
river,2023-08-01,sodium,0.030857142857142857
river,2023-08-02,sodium,0.0305
river,2023-08-03,sodium,0.031100000000000003
river,2023-08-04,sodium,0.0317
river,2023-08-05,sodium,0.0323
river,2023-08-06,sodium,0.0329
river,2023-08-07,sodium,0.0335
river,2023-08-08,sodium,0.034100000000000005
river,2023-08-09,sodium,0.0347
river,2023-08-10,sodium,0.035371428571428574
river,2023-08-11,sodium,0.03604285714285715
river,2023-08-12,sodium,0.03671428571428571
river,2023-08-13,sodium,0.037385714285714286
river,2023-08-14,sodium,0.03805714285714286
river,2023-08-15,sodium,0.03872857142857143
river,2023-08-16,sodium,0.0394
river,2023-08-17,sodium,0.038842857142857144
river,2023-08-18,sodium,0.038285714285714284
river,2023-08-19,sodium,0.03772857142857143
river,2023-08-20,sodium,0.03717142857142857
river,2023-08-21,sodium,0.03661428571428572
river,2023-08-22,sodium,0.03605714285714286
river,2023-08-23,sodium,0.035500000000000004
river,2023-08-24,sodium,0.03648571428571429
river,2023-08-25,sodium,0.03747142857142857
river,2023-08-26,sodium,0.038457142857142856
river,2023-08-27,sodium,0.03944285714285714
river,2023-08-28,sodium,0.04042857142857143
river,2023-08-29,sodium,0.04141428571428571
river,2023-08-30,sodium,0.0424
river,2023-08-31,sodium,0.041671428571428575
river,2023-09-01,sodium,0.04094285714285714
river,2023-09-02,sodium,0.040214285714285716
river,2023-09-03,sodium,0.039485714285714284
river,2023-09-04,sodium,0.03875714285714285
river,2023-09-05,sodium,0.038028571428571425
river,2023-09-06,sodium,0.0373
river,2023-09-07,sodium,0.03667142857142857
river,2023-09-08,sodium,0.03604285714285714
river,2023-09-09,sodium,0.03541428571428571
river,2023-09-10,sodium,0.03478571428571429
river,2023-09-11,sodium,0.03415714285714286
river,2023-09-12,sodium,0.03352857142857143
river,2023-09-13,sodium,0.0329
river,2023-09-14,sodium,0.03415714285714286
river,2023-09-15,sodium,0.03541428571428571
river,2023-09-16,sodium,0.03667142857142857
river,2023-09-17,sodium,0.03792857142857143
river,2023-09-18,sodium,0.03918571428571429
river,2023-09-19,sodium,0.04044285714285714
river,2023-09-20,sodium,0.0417
river,2023-09-21,sodium,0.0417
river,2023-09-22,sodium,0.0417
river,2023-09-23,sodium,0.0417
river,2023-09-24,sodium,0.0417
river,2023-09-25,sodium,0.0417
river,2023-09-26,sodium,0.0417
river,2023-09-27,sodium,0.041850000000000005
river,2023-09-28,sodium,0.042
river,2023-09-29,sodium,0.04215
river,2023-09-30,sodium,0.0423
river,2023-10-01,sodium,0.04245
river,2023-10-02,sodium,0.0426
river,2023-10-03,sodium,0.04275
river,2023-10-04,sodium,0.0429
river,2023-10-05,sodium,0.0425
river,2023-10-06,sodium,0.042100000000000005
river,2023-10-07,sodium,0.0417
river,2023-10-08,sodium,0.041299999999999996
river,2023-10-09,sodium,0.0409
river,2023-10-10,sodium,0.0405
river,2023-10-11,sodium,0.040100000000000004
river,2023-10-12,sodium,0.04032857142857143
river,2023-10-13,sodium,0.04055714285714286
river,2023-10-14,sodium,0.040785714285714286
river,2023-10-15,sodium,0.04101428571428572
river,2023-10-16,sodium,0.04124285714285715
river,2023-10-17,sodium,0.041471428571428576
river,2023-10-18,sodium,0.0417
river,2023-10-19,sodium,0.041342857142857146
river,2023-10-20,sodium,0.040985714285714285
river,2023-10-21,sodium,0.04062857142857144
river,2023-10-22,sodium,0.040271428571428576
river,2023-10-23,sodium,0.03991428571428572
river,2023-10-24,sodium,0.03955714285714286
river,2023-10-25,sodium,0.039200000000000006
river,2023-10-26,sodium,0.04024285714285715
river,2023-10-27,sodium,0.04128571428571429
river,2023-10-28,sodium,0.04232857142857143
river,2023-10-29,sodium,0.043371428571428575
river,2023-10-30,sodium,0.04441428571428572
river,2023-10-31,sodium,0.045457142857142856
river,2023-11-01,sodium,0.0465
river,2023-11-02,sodium,0.04542857142857143
river,2023-11-03,sodium,0.04435714285714285
river,2023-11-04,sodium,0.04328571428571429
river,2023-11-05,sodium,0.04221428571428572
river,2023-11-06,sodium,0.04114285714285715
river,2023-11-07,sodium,0.04007142857142857
river,2023-11-08,sodium,0.039
river,2023-11-09,sodium,0.039142857142857146
river,2023-11-10,sodium,0.039285714285714285
river,2023-11-11,sodium,0.03942857142857143
river,2023-11-12,sodium,0.03957142857142857
river,2023-11-13,sodium,0.039714285714285716
river,2023-11-14,sodium,0.039857142857142855
river,2023-11-15,sodium,0.04
river,2023-11-16,sodium,0.03937142857142857
river,2023-11-17,sodium,0.03874285714285714
river,2023-11-18,sodium,0.03811428571428571
river,2023-11-19,sodium,0.03748571428571429
river,2023-11-20,sodium,0.03685714285714286
river,2023-11-21,sodium,0.03622857142857143
river,2023-11-22,sodium,0.0356
river,2023-11-23,sodium,0.035928571428571435
river,2023-11-24,sodium,0.03625714285714286
river,2023-11-25,sodium,0.03658571428571429
river,2023-11-26,sodium,0.03691428571428571
river,2023-11-27,sodium,0.03724285714285714
river,2023-11-28,sodium,0.03757142857142857
river,2023-11-29,sodium,0.037899999999999996
river,2023-11-30,sodium,0.038528571428571426
river,2023-12-01,sodium,0.03915714285714286
river,2023-12-02,sodium,0.039785714285714285
river,2023-12-03,sodium,0.040414285714285715
river,2023-12-04,sodium,0.04104285714285714
river,2023-12-05,sodium,0.041671428571428575
river,2023-12-06,sodium,0.0423
river,2023-12-07,sodium,0.04254285714285714
river,2023-12-08,sodium,0.04278571428571429
river,2023-12-09,sodium,0.04302857142857142
river,2023-12-10,sodium,0.04327142857142857
river,2023-12-11,sodium,0.043514285714285714
river,2023-12-12,sodium,0.04375714285714286
river,2023-12-13,sodium,0.044
river,2023-12-14,sodium,0.0424
river,2023-12-15,sodium,0.040799999999999996
river,2023-12-16,sodium,0.039200000000000006
river,2023-12-17,sodium,0.0376
river,2023-12-18,sodium,0.036000000000000004
river,2023-12-19,sodium,0.0344
river,2023-12-20,sodium,0.03409333333333334
river,2023-12-21,sodium,0.033786666666666666
river,2023-12-22,sodium,0.033479999999999996
river,2023-12-23,sodium,0.03317333333333333
river,2023-12-24,sodium,0.03286666666666667
river,2023-12-25,sodium,0.032560000000000006
river,2023-12-26,sodium,0.03225333333333333
river,2023-12-27,sodium,0.031946666666666665
river,2023-12-28,sodium,0.03164
river,2023-12-29,sodium,0.03133333333333333
river,2023-12-30,sodium,0.031026666666666668
river,2023-12-31,sodium,0.03072
river,2024-01-01,sodium,0.030413333333333334
river,2024-01-02,sodium,0.03010666666666667
river,2024-01-03,sodium,0.0298
river,2024-01-04,sodium,0.028257142857142856
river,2024-01-05,sodium,0.026714285714285715
river,2024-01-06,sodium,0.02517142857142857
river,2024-01-07,sodium,0.02362857142857143
river,2024-01-08,sodium,0.022085714285714285
river,2024-01-09,sodium,0.020542857142857144
river,2024-01-10,sodium,0.019
river,2024-01-11,sodium,0.01925
river,2024-01-12,sodium,0.0195
river,2024-01-13,sodium,0.01975
river,2024-01-14,sodium,0.02
river,2024-01-15,sodium,0.02025
river,2024-01-16,sodium,0.0205
river,2024-01-17,sodium,0.020675000000000002
river,2024-01-18,sodium,0.02085
river,2024-01-19,sodium,0.021025
river,2024-01-20,sodium,0.0212
river,2024-01-21,sodium,0.021375
river,2024-01-22,sodium,0.021549999999999996
river,2024-01-23,sodium,0.021724999999999998
river,2024-01-24,sodium,0.0219
river,2024-01-25,sodium,0.021714285714285714
river,2024-01-26,sodium,0.021528571428571428
river,2024-01-27,sodium,0.021342857142857143
river,2024-01-28,sodium,0.02115714285714286
river,2024-01-29,sodium,0.02097142857142857
river,2024-01-30,sodium,0.02078571428571429
river,2024-01-31,sodium,0.0206
river,2024-02-01,sodium,0.021200000000000004
river,2024-02-02,sodium,0.0218
river,2024-02-03,sodium,0.022400000000000003
river,2024-02-04,sodium,0.023
river,2024-02-05,sodium,0.023600000000000003
river,2024-02-06,sodium,0.0242
river,2024-02-07,sodium,0.024800000000000003
river,2024-02-08,sodium,0.026614285714285715
river,2024-02-09,sodium,0.02842857142857143
river,2024-02-10,sodium,0.030242857142857144
river,2024-02-11,sodium,0.03205714285714286
river,2024-02-12,sodium,0.03387142857142857
river,2024-02-13,sodium,0.035685714285714286
river,2024-02-14,sodium,0.0375
river,2024-02-15,sodium,0.035371428571428574
river,2024-02-16,sodium,0.03324285714285714
river,2024-02-17,sodium,0.031114285714285716
river,2024-02-18,sodium,0.028985714285714288
river,2024-02-19,sodium,0.026857142857142857
river,2024-02-20,sodium,0.02472857142857143
river,2024-02-21,sodium,0.022600000000000002
river,2024-02-22,sodium,0.02263333333333333
river,2024-02-23,sodium,0.02266666666666667
river,2024-02-24,sodium,0.022700000000000005
river,2024-02-25,sodium,0.022733333333333335
river,2024-02-26,sodium,0.022766666666666668
river,2024-02-27,sodium,0.0228
river,2024-02-28,sodium,0.023337500000000004
river,2024-02-29,sodium,0.023875
river,2024-03-01,sodium,0.024412500000000004
river,2024-03-02,sodium,0.024950000000000003
river,2024-03-03,sodium,0.0254875
river,2024-03-04,sodium,0.026025000000000003
river,2024-03-05,sodium,0.0265625
river,2024-03-06,sodium,0.027100000000000003
river,2024-03-07,sodium,0.02655714285714286
river,2024-03-08,sodium,0.026014285714285715
river,2024-03-09,sodium,0.025471428571428572
river,2024-03-10,sodium,0.024928571428571432
river,2024-03-11,sodium,0.02438571428571429
river,2024-03-12,sodium,0.023842857142857145
river,2024-03-13,sodium,0.0233
river,2024-03-14,sodium,0.02342857142857143
river,2024-03-15,sodium,0.023557142857142856
river,2024-03-16,sodium,0.023685714285714286
river,2024-03-17,sodium,0.023814285714285715
river,2024-03-18,sodium,0.023942857142857144
river,2024-03-19,sodium,0.02407142857142857
river,2024-03-20,sodium,0.0242
river,2024-03-21,sodium,0.0241
river,2024-03-22,sodium,0.024
river,2024-03-23,sodium,0.023899999999999998
river,2024-03-24,sodium,0.0238
river,2024-03-25,sodium,0.0237
river,2024-03-26,sodium,0.023600000000000003
river,2024-03-27,sodium,0.0235
river,2024-03-28,sodium,0.023542857142857147
river,2024-03-29,sodium,0.023585714285714286
river,2024-03-30,sodium,0.02362857142857143
river,2024-03-31,sodium,0.023671428571428572
river,2024-04-01,sodium,0.023714285714285716
river,2024-04-02,sodium,0.023757142857142855
river,2024-04-03,sodium,0.0238
river,2024-04-04,sodium,0.02422857142857143
river,2024-04-05,sodium,0.02465714285714286
river,2024-04-06,sodium,0.025085714285714288
river,2024-04-07,sodium,0.025514285714285715
river,2024-04-08,sodium,0.025942857142857143
river,2024-04-09,sodium,0.026371428571428573
river,2024-04-10,sodium,0.0268
river,2024-04-11,sodium,0.026728571428571428
river,2024-04-12,sodium,0.02665714285714286
river,2024-04-13,sodium,0.026585714285714285
river,2024-04-14,sodium,0.026514285714285716
river,2024-04-15,sodium,0.026442857142857143
river,2024-04-16,sodium,0.026371428571428573
river,2024-04-17,sodium,0.0263
river,2024-04-18,sodium,0.0265
river,2024-04-19,sodium,0.0267
river,2024-04-20,sodium,0.0269
river,2024-04-21,sodium,0.027100000000000003
river,2024-04-22,sodium,0.0273
river,2024-04-23,sodium,0.0275
river,2024-04-24,sodium,0.0277
river,2024-04-25,sodium,0.025714285714285717
river,2024-04-26,sodium,0.02372857142857143
river,2024-04-27,sodium,0.021742857142857144
river,2024-04-28,sodium,0.019757142857142855
river,2024-04-29,sodium,0.017771428571428573
river,2024-04-30,sodium,0.01578571428571429
river,2024-05-01,sodium,0.013800000000000002
river,2024-05-02,sodium,0.013942857142857144
river,2024-05-03,sodium,0.014085714285714288
river,2024-05-04,sodium,0.014228571428571429
river,2024-05-05,sodium,0.014371428571428571
river,2024-05-06,sodium,0.014514285714285714
river,2024-05-07,sodium,0.014657142857142858
river,2024-05-08,sodium,0.0148
river,2024-05-09,sodium,0.014816666666666667
river,2024-05-10,sodium,0.014833333333333334
river,2024-05-11,sodium,0.014850000000000002
river,2024-05-12,sodium,0.014866666666666667
river,2024-05-13,sodium,0.014883333333333333
river,2024-05-14,sodium,0.0149
river,2024-05-15,sodium,0.014825000000000001
river,2024-05-16,sodium,0.014750000000000001
river,2024-05-17,sodium,0.014675
river,2024-05-18,sodium,0.014600000000000002
river,2024-05-19,sodium,0.014525000000000001
river,2024-05-20,sodium,0.014450000000000001
river,2024-05-21,sodium,0.014375
river,2024-05-22,sodium,0.0143
river,2024-05-23,sodium,0.01442857142857143
river,2024-05-24,sodium,0.014557142857142857
river,2024-05-25,sodium,0.014685714285714285
river,2024-05-26,sodium,0.014814285714285716
river,2024-05-27,sodium,0.014942857142857143
river,2024-05-28,sodium,0.01507142857142857
river,2024-05-29,sodium,0.0152
river,2024-05-30,sodium,0.0153875
river,2024-05-31,sodium,0.015575
river,2024-06-01,sodium,0.0157625
river,2024-06-02,sodium,0.01595
river,2024-06-03,sodium,0.0161375
river,2024-06-04,sodium,0.016325
river,2024-06-05,sodium,0.0165125
river,2024-06-06,sodium,0.0167
river,2024-06-07,sodium,0.01653333333333333
river,2024-06-08,sodium,0.016366666666666668
river,2024-06-09,sodium,0.0162
river,2024-06-10,sodium,0.016033333333333333
river,2024-06-11,sodium,0.015866666666666664
river,2024-06-12,sodium,0.0157
river,2024-06-13,sodium,0.015785714285714285
river,2024-06-14,sodium,0.01587142857142857
river,2024-06-15,sodium,0.015957142857142857
river,2024-06-16,sodium,0.016042857142857143
river,2024-06-17,sodium,0.01612857142857143
river,2024-06-18,sodium,0.016214285714285716
river,2024-06-19,sodium,0.016300000000000002
river,2024-06-20,sodium,0.01625
river,2024-06-21,sodium,0.0162
river,2024-06-22,sodium,0.016149999999999998
river,2024-06-23,sodium,0.016100000000000003
river,2024-06-24,sodium,0.016050000000000002
river,2024-06-25,sodium,0.016
river,2024-06-26,sodium,0.016100000000000003
river,2024-06-27,sodium,0.0162
river,2024-06-28,sodium,0.016300000000000002
river,2024-06-29,sodium,0.016399999999999998
river,2024-06-30,sodium,0.0165
river,2024-07-01,sodium,0.0166
river,2024-07-02,sodium,0.0167
river,2024-07-03,sodium,0.016800000000000002
river,2024-07-04,sodium,0.016571428571428574
river,2024-07-05,sodium,0.01634285714285714
river,2024-07-06,sodium,0.016114285714285713
river,2024-07-07,sodium,0.015885714285714288
river,2024-07-08,sodium,0.015657142857142856
river,2024-07-09,sodium,0.015428571428571427
river,2024-07-10,sodium,0.0152
river,2024-07-11,sodium,0.015033333333333334
river,2024-07-12,sodium,0.014866666666666665
river,2024-07-13,sodium,0.0147
river,2024-07-14,sodium,0.014533333333333334
river,2024-07-15,sodium,0.014366666666666666
river,2024-07-16,sodium,0.014199999999999999
river,2024-07-17,sodium,0.014174999999999998
river,2024-07-18,sodium,0.01415
river,2024-07-19,sodium,0.014125
river,2024-07-20,sodium,0.0141
river,2024-07-21,sodium,0.014074999999999999
river,2024-07-22,sodium,0.014050000000000002
river,2024-07-23,sodium,0.014025000000000001
river,2024-07-24,sodium,0.014
river,2024-07-25,sodium,0.014042857142857143
river,2024-07-26,sodium,0.014085714285714286
river,2024-07-27,sodium,0.014128571428571428
river,2024-07-28,sodium,0.014171428571428573
river,2024-07-29,sodium,0.014214285714285716
river,2024-07-30,sodium,0.014257142857142859
river,2024-07-31,sodium,0.0143
river,2024-08-01,sodium,0.014528571428571429
river,2024-08-02,sodium,0.014757142857142858
river,2024-08-03,sodium,0.014985714285714286
river,2024-08-04,sodium,0.015214285714285715
river,2024-08-05,sodium,0.015442857142857144
river,2024-08-06,sodium,0.015671428571428572
river,2024-08-07,sodium,0.0159
river,2024-08-08,sodium,0.015914285714285714
river,2024-08-09,sodium,0.01592857142857143
river,2024-08-10,sodium,0.015942857142857144
river,2024-08-11,sodium,0.015957142857142857
river,2024-08-12,sodium,0.01597142857142857
river,2024-08-13,sodium,0.015985714285714287
river,2024-08-14,sodium,0.016
river,2024-08-15,sodium,0.01597142857142857
river,2024-08-16,sodium,0.015942857142857144
river,2024-08-17,sodium,0.015914285714285714
river,2024-08-18,sodium,0.015885714285714288
river,2024-08-19,sodium,0.015857142857142858
river,2024-08-20,sodium,0.015828571428571428
river,2024-08-21,sodium,0.0158
river,2024-08-22,sodium,0.016071428571428573
river,2024-08-23,sodium,0.01634285714285714
river,2024-08-24,sodium,0.016614285714285713
river,2024-08-25,sodium,0.016885714285714285
river,2024-08-26,sodium,0.01715714285714286
river,2024-08-27,sodium,0.01742857142857143
river,2024-08-28,sodium,0.0177
river,2024-08-29,sodium,0.0175
river,2024-08-30,sodium,0.0173
river,2024-08-31,sodium,0.0171
river,2024-09-01,sodium,0.0169
river,2024-09-02,sodium,0.0167
river,2024-09-03,sodium,0.0165
river,2024-09-04,sodium,0.016300000000000002
river,2024-09-05,sodium,0.016071428571428573
river,2024-09-06,sodium,0.015842857142857145
river,2024-09-07,sodium,0.015614285714285714
river,2024-09-08,sodium,0.015385714285714287
river,2024-09-09,sodium,0.015157142857142857
river,2024-09-10,sodium,0.014928571428571428
river,2024-09-11,sodium,0.0147
river,2024-09-12,sodium,0.015157142857142857
river,2024-09-13,sodium,0.015614285714285714
river,2024-09-14,sodium,0.01607142857142857
river,2024-09-15,sodium,0.016528571428571427
river,2024-09-16,sodium,0.016985714285714285
river,2024-09-17,sodium,0.017442857142857142
river,2024-09-18,sodium,0.0179
river,2024-09-19,sodium,0.017833333333333333
river,2024-09-20,sodium,0.017766666666666667
river,2024-09-21,sodium,0.0177
river,2024-09-22,sodium,0.017633333333333334
river,2024-09-23,sodium,0.017566666666666668
river,2024-09-24,sodium,0.0175
river,2024-09-25,sodium,0.017257142857142856
river,2024-09-26,sodium,0.017014285714285718
river,2024-09-27,sodium,0.016771428571428573
river,2024-09-28,sodium,0.016528571428571427
river,2024-09-29,sodium,0.016285714285714285
river,2024-09-30,sodium,0.016042857142857143
river,2024-10-01,sodium,0.0158
river,2024-10-02,sodium,0.0155
river,2024-10-03,sodium,0.015200000000000002
river,2024-10-04,sodium,0.0149
river,2024-10-05,sodium,0.0146
river,2024-10-06,sodium,0.014299999999999998
river,2024-10-07,sodium,0.014
river,2024-10-08,sodium,0.0137
river,2024-10-09,sodium,0.0137875
river,2024-10-10,sodium,0.013875
river,2024-10-11,sodium,0.013962500000000001
river,2024-10-12,sodium,0.014050000000000002
river,2024-10-13,sodium,0.014137499999999999
river,2024-10-14,sodium,0.014225
river,2024-10-15,sodium,0.0143125
river,2024-10-16,sodium,0.014400000000000001
river,2024-10-17,sodium,0.014357142857142858
river,2024-10-18,sodium,0.014314285714285715
river,2024-10-19,sodium,0.014271428571428572
river,2024-10-20,sodium,0.014228571428571427
river,2024-10-21,sodium,0.014185714285714286
river,2024-10-22,sodium,0.014142857142857143
river,2024-10-23,sodium,0.0141
river,2024-10-24,sodium,0.014199999999999999
river,2024-10-25,sodium,0.014299999999999998
river,2024-10-26,sodium,0.0144
river,2024-10-27,sodium,0.0145
river,2024-10-28,sodium,0.0146
river,2024-10-29,sodium,0.0147
river,2024-10-30,sodium,0.01435
river,2024-10-31,sodium,0.014
river,2024-11-01,sodium,0.01365
river,2024-11-02,sodium,0.013300000000000001
river,2024-11-03,sodium,0.01295
river,2024-11-04,sodium,0.0126
river,2024-11-05,sodium,0.01225
river,2024-11-06,sodium,0.0119
river,2024-11-07,sodium,0.012266666666666667
river,2024-11-08,sodium,0.012633333333333333
river,2024-11-09,sodium,0.013000000000000001
river,2024-11-10,sodium,0.013366666666666667
river,2024-11-11,sodium,0.013733333333333334
river,2024-11-12,sodium,0.0141
river,2024-11-13,sodium,0.014228571428571427
river,2024-11-14,sodium,0.014357142857142858
river,2024-11-15,sodium,0.014485714285714286
river,2024-11-16,sodium,0.014614285714285713
river,2024-11-17,sodium,0.014742857142857143
river,2024-11-18,sodium,0.014871428571428572
river,2024-11-19,sodium,0.015
river,2024-11-20,sodium,0.014385714285714286
river,2024-11-21,sodium,0.013771428571428572
river,2024-11-22,sodium,0.013157142857142857
river,2024-11-23,sodium,0.012542857142857144
river,2024-11-24,sodium,0.011928571428571427
river,2024-11-25,sodium,0.011314285714285714
river,2024-11-26,sodium,0.0107
river,2024-11-27,sodium,0.01095
river,2024-11-28,sodium,0.0112
river,2024-11-29,sodium,0.01145
river,2024-11-30,sodium,0.0117
river,2024-12-01,sodium,0.011949999999999999
river,2024-12-02,sodium,0.012199999999999999
river,2024-12-03,sodium,0.01245
river,2024-12-04,sodium,0.0127
river,2024-12-05,sodium,0.012714285714285714
river,2024-12-06,sodium,0.012728571428571428
river,2024-12-07,sodium,0.012742857142857143
river,2024-12-08,sodium,0.012757142857142858
river,2024-12-09,sodium,0.012771428571428572
river,2024-12-10,sodium,0.012785714285714287
river,2024-12-11,sodium,0.0128
river,2024-12-12,sodium,0.013033333333333334
river,2024-12-13,sodium,0.013266666666666668
river,2024-12-14,sodium,0.0135
river,2024-12-15,sodium,0.013733333333333334
river,2024-12-16,sodium,0.013966666666666667
river,2024-12-17,sodium,0.014199999999999999
river,2024-12-18,sodium,0.014047619047619048
river,2024-12-19,sodium,0.013895238095238094
river,2024-12-20,sodium,0.013742857142857142
river,2024-12-21,sodium,0.013590476190476191
river,2024-12-22,sodium,0.013438095238095239
river,2024-12-23,sodium,0.013285714285714284
river,2024-12-24,sodium,0.013133333333333334
river,2024-12-25,sodium,0.012980952380952381
river,2024-12-26,sodium,0.012828571428571429
river,2024-12-27,sodium,0.012676190476190476
river,2024-12-28,sodium,0.012523809523809524
river,2024-12-29,sodium,0.012371428571428571
river,2024-12-30,sodium,0.012219047619047619
river,2024-12-31,sodium,0.012066666666666667
river,2025-01-01,sodium,0.011914285714285714
river,2025-01-02,sodium,0.011761904761904763
river,2025-01-03,sodium,0.01160952380952381
river,2025-01-04,sodium,0.011457142857142857
river,2025-01-05,sodium,0.011304761904761906
river,2025-01-06,sodium,0.011152380952380952
river,2025-01-07,sodium,0.011
river,2025-01-08,sodium,0.0112
river,2025-01-09,sodium,0.0114
river,2025-01-10,sodium,0.0116
river,2025-01-11,sodium,0.011800000000000001
river,2025-01-12,sodium,0.012
river,2025-01-13,sodium,0.012199999999999999
river,2025-01-14,sodium,0.012400000000000001
river,2025-01-15,sodium,0.014271428571428572
river,2025-01-16,sodium,0.016142857142857143
river,2025-01-17,sodium,0.018014285714285712
river,2025-01-18,sodium,0.019885714285714288
river,2025-01-19,sodium,0.02175714285714286
river,2025-01-20,sodium,0.023628571428571426
river,2025-01-21,sodium,0.025500000000000002
river,2025-01-22,sodium,0.024314285714285715
river,2025-01-23,sodium,0.02312857142857143
river,2025-01-24,sodium,0.021942857142857142
river,2025-01-25,sodium,0.020757142857142856
river,2025-01-26,sodium,0.01957142857142857
river,2025-01-27,sodium,0.018385714285714286
river,2025-01-28,sodium,0.0172
river,2025-01-29,sodium,0.01657142857142857
river,2025-01-30,sodium,0.015942857142857144
river,2025-01-31,sodium,0.015314285714285716
river,2025-02-01,sodium,0.014685714285714286
river,2025-02-02,sodium,0.014057142857142857
river,2025-02-03,sodium,0.013428571428571429
river,2025-02-04,sodium,0.0128
river,2025-02-05,sodium,0.012957142857142858
river,2025-02-06,sodium,0.013114285714285715
river,2025-02-07,sodium,0.013271428571428573
river,2025-02-08,sodium,0.013428571428571429
river,2025-02-09,sodium,0.013585714285714286
river,2025-02-10,sodium,0.013742857142857143
river,2025-02-11,sodium,0.013900000000000001
river,2025-02-12,sodium,0.013714285714285715
river,2025-02-13,sodium,0.013528571428571428
river,2025-02-14,sodium,0.013342857142857144
river,2025-02-15,sodium,0.013157142857142857
river,2025-02-16,sodium,0.012971428571428571
river,2025-02-17,sodium,0.012785714285714286
river,2025-02-18,sodium,0.0126
river,2025-02-19,sodium,0.012571428571428572
river,2025-02-20,sodium,0.012542857142857144
river,2025-02-21,sodium,0.012514285714285714
river,2025-02-22,sodium,0.012485714285714286
river,2025-02-23,sodium,0.012457142857142858
river,2025-02-24,sodium,0.01242857142857143
river,2025-02-25,sodium,0.012400000000000001
river,2021-03-03,potassium,0.0026000000000000003
river,2021-03-04,potassium,0.002666666666666667
river,2021-03-05,potassium,0.0027333333333333333
river,2021-03-06,potassium,0.0028
river,2021-03-07,potassium,0.0028666666666666667
river,2021-03-08,potassium,0.002933333333333334
river,2021-03-09,potassium,0.003
river,2021-03-10,potassium,0.0029571428571428574
river,2021-03-11,potassium,0.0029142857142857143
river,2021-03-12,potassium,0.0028714285714285716
river,2021-03-13,potassium,0.002828571428571429
river,2021-03-14,potassium,0.002785714285714286
river,2021-03-15,potassium,0.002742857142857143
river,2021-03-16,potassium,0.0027
river,2021-03-17,potassium,0.00275
river,2021-03-18,potassium,0.0028000000000000004
river,2021-03-19,potassium,0.00285
river,2021-03-20,potassium,0.0029000000000000002
river,2021-03-21,potassium,0.0029500000000000004
river,2021-03-22,potassium,0.003
river,2021-03-23,potassium,0.00305
river,2021-03-24,potassium,0.0031000000000000003
river,2021-03-25,potassium,0.0031375
river,2021-03-26,potassium,0.003175
river,2021-03-27,potassium,0.0032125
river,2021-03-28,potassium,0.0032500000000000003
river,2021-03-29,potassium,0.0032875
river,2021-03-30,potassium,0.0033250000000000003
river,2021-03-31,potassium,0.0033625
river,2021-04-01,potassium,0.0034
river,2021-04-02,potassium,0.00346
river,2021-04-03,potassium,0.00352
river,2021-04-04,potassium,0.0035800000000000003
river,2021-04-05,potassium,0.00364
river,2021-04-06,potassium,0.0037
river,2021-04-07,potassium,0.0037125000000000005
river,2021-04-08,potassium,0.003725
river,2021-04-09,potassium,0.0037375
river,2021-04-10,potassium,0.00375
river,2021-04-11,potassium,0.0037625000000000002
river,2021-04-12,potassium,0.003775
river,2021-04-13,potassium,0.0037874999999999996
river,2021-04-14,potassium,0.0038
river,2021-04-15,potassium,0.0038833333333333333
river,2021-04-16,potassium,0.003966666666666666
river,2021-04-17,potassium,0.00405
river,2021-04-18,potassium,0.004133333333333333
river,2021-04-19,potassium,0.004216666666666667
river,2021-04-20,potassium,0.0043
river,2021-04-21,potassium,0.004371428571428571
river,2021-04-22,potassium,0.004442857142857143
river,2021-04-23,potassium,0.004514285714285715
river,2021-04-24,potassium,0.004585714285714286
river,2021-04-25,potassium,0.004657142857142857
river,2021-04-26,potassium,0.004728571428571428
river,2021-04-27,potassium,0.0048
river,2021-04-28,potassium,0.0047374999999999995
river,2021-04-29,potassium,0.004675
river,2021-04-30,potassium,0.0046125
river,2021-05-01,potassium,0.00455
river,2021-05-02,potassium,0.0044875
river,2021-05-03,potassium,0.004425
river,2021-05-04,potassium,0.0043625
river,2021-05-05,potassium,0.0043
river,2021-05-06,potassium,0.004366666666666666
river,2021-05-07,potassium,0.004433333333333333
river,2021-05-08,potassium,0.0045000000000000005
river,2021-05-09,potassium,0.004566666666666667
river,2021-05-10,potassium,0.004633333333333334
river,2021-05-11,potassium,0.0047
river,2021-05-12,potassium,0.004657142857142858
river,2021-05-13,potassium,0.004614285714285715
river,2021-05-14,potassium,0.004571428571428572
river,2021-05-15,potassium,0.004528571428571429
river,2021-05-16,potassium,0.004485714285714286
river,2021-05-17,potassium,0.004442857142857143
river,2021-05-18,potassium,0.0044
river,2021-05-19,potassium,0.0043375
river,2021-05-20,potassium,0.004275
river,2021-05-21,potassium,0.0042125
river,2021-05-22,potassium,0.00415
river,2021-05-23,potassium,0.004087500000000001
river,2021-05-24,potassium,0.004025000000000001
river,2021-05-25,potassium,0.0039625
river,2021-05-26,potassium,0.0039
river,2021-05-27,potassium,0.003966666666666667
river,2021-05-28,potassium,0.004033333333333333
river,2021-05-29,potassium,0.0040999999999999995
river,2021-05-30,potassium,0.004166666666666666
river,2021-05-31,potassium,0.004233333333333334
river,2021-06-01,potassium,0.0043
river,2021-06-02,potassium,0.004371428571428571
river,2021-06-03,potassium,0.004442857142857143
river,2021-06-04,potassium,0.004514285714285715
river,2021-06-05,potassium,0.004585714285714286
river,2021-06-06,potassium,0.004657142857142857
river,2021-06-07,potassium,0.004728571428571428
river,2021-06-08,potassium,0.0048
river,2021-06-09,potassium,0.004728571428571428
river,2021-06-10,potassium,0.004657142857142857
river,2021-06-11,potassium,0.004585714285714286
river,2021-06-12,potassium,0.004514285714285715
river,2021-06-13,potassium,0.004442857142857143
river,2021-06-14,potassium,0.004371428571428571
river,2021-06-15,potassium,0.0043
river,2021-06-16,potassium,0.004328571428571428
river,2021-06-17,potassium,0.004357142857142857
river,2021-06-18,potassium,0.004385714285714285
river,2021-06-19,potassium,0.004414285714285714
river,2021-06-20,potassium,0.004442857142857143
river,2021-06-21,potassium,0.0044714285714285715
river,2021-06-22,potassium,0.0045000000000000005
river,2021-06-23,potassium,0.004685714285714286
river,2021-06-24,potassium,0.004871428571428571
river,2021-06-25,potassium,0.005057142857142857
river,2021-06-26,potassium,0.005242857142857143
river,2021-06-27,potassium,0.005428571428571429
river,2021-06-28,potassium,0.005614285714285714
river,2021-06-29,potassium,0.0058
river,2021-06-30,potassium,0.0057
river,2021-07-01,potassium,0.0056
river,2021-07-02,potassium,0.0055
river,2021-07-03,potassium,0.005399999999999999
river,2021-07-04,potassium,0.0053
river,2021-07-05,potassium,0.0052
river,2021-07-06,potassium,0.0050999999999999995
river,2021-07-07,potassium,0.005114285714285714
river,2021-07-08,potassium,0.0051285714285714285
river,2021-07-09,potassium,0.005142857142857143
river,2021-07-10,potassium,0.0051571428571428575
river,2021-07-11,potassium,0.005171428571428572
river,2021-07-12,potassium,0.005185714285714286
river,2021-07-13,potassium,0.005200000000000001
river,2021-07-14,potassium,0.005314285714285714
river,2021-07-15,potassium,0.005428571428571429
river,2021-07-16,potassium,0.005542857142857143
river,2021-07-17,potassium,0.005657142857142858
river,2021-07-18,potassium,0.0057714285714285714
river,2021-07-19,potassium,0.005885714285714287
river,2021-07-20,potassium,0.006
river,2021-07-21,potassium,0.005914285714285715
river,2021-07-22,potassium,0.005828571428571429
river,2021-07-23,potassium,0.005742857142857143
river,2021-07-24,potassium,0.005657142857142858
river,2021-07-25,potassium,0.005571428571428572
river,2021-07-26,potassium,0.005485714285714286
river,2021-07-27,potassium,0.0054
river,2021-07-28,potassium,0.0054375000000000005
river,2021-07-29,potassium,0.005475000000000001
river,2021-07-30,potassium,0.0055125
river,2021-07-31,potassium,0.005550000000000001
river,2021-08-01,potassium,0.0055875000000000005
river,2021-08-02,potassium,0.005625
river,2021-08-03,potassium,0.005662500000000001
river,2021-08-04,potassium,0.0057
river,2021-08-05,potassium,0.005666666666666667
river,2021-08-06,potassium,0.005633333333333334
river,2021-08-07,potassium,0.0056
river,2021-08-08,potassium,0.005566666666666667
river,2021-08-09,potassium,0.005533333333333334
river,2021-08-10,potassium,0.0055
river,2021-08-11,potassium,0.005414285714285714
river,2021-08-12,potassium,0.005328571428571428
river,2021-08-13,potassium,0.005242857142857143
river,2021-08-14,potassium,0.0051571428571428575
river,2021-08-15,potassium,0.005071428571428572
river,2021-08-16,potassium,0.004985714285714286
river,2021-08-17,potassium,0.004900000000000001
river,2021-08-18,potassium,0.004928571428571429
river,2021-08-19,potassium,0.004957142857142857
river,2021-08-20,potassium,0.004985714285714286
river,2021-08-21,potassium,0.005014285714285714
river,2021-08-22,potassium,0.005042857142857143
river,2021-08-23,potassium,0.005071428571428571
river,2021-08-24,potassium,0.0050999999999999995
river,2021-08-25,potassium,0.0050888888888888885
river,2021-08-26,potassium,0.005077777777777777
river,2021-08-27,potassium,0.005066666666666666
river,2021-08-28,potassium,0.005055555555555555
river,2021-08-29,potassium,0.005044444444444444
river,2021-08-30,potassium,0.005033333333333333
river,2021-08-31,potassium,0.005022222222222222
river,2021-09-01,potassium,0.005011111111111111
river,2021-09-02,potassium,0.005
river,2021-09-03,potassium,0.00492
river,2021-09-04,potassium,0.00484
river,2021-09-05,potassium,0.0047599999999999995
river,2021-09-06,potassium,0.00468
river,2021-09-07,potassium,0.0046
river,2021-09-08,potassium,0.00465
river,2021-09-09,potassium,0.004699999999999999
river,2021-09-10,potassium,0.00475
river,2021-09-11,potassium,0.0048
river,2021-09-12,potassium,0.00485
river,2021-09-13,potassium,0.004900000000000001
river,2021-09-14,potassium,0.00495
river,2021-09-15,potassium,0.005
river,2021-09-16,potassium,0.005
river,2021-09-17,potassium,0.005
river,2021-09-18,potassium,0.005
river,2021-09-19,potassium,0.005
river,2021-09-20,potassium,0.005
river,2021-09-21,potassium,0.005
river,2021-09-22,potassium,0.005
river,2021-09-23,potassium,0.005085714285714285
river,2021-09-24,potassium,0.005171428571428572
river,2021-09-25,potassium,0.005257142857142857
river,2021-09-26,potassium,0.005342857142857142
river,2021-09-27,potassium,0.0054285714285714284
river,2021-09-28,potassium,0.005514285714285715
river,2021-09-29,potassium,0.0056
river,2021-09-30,potassium,0.005683333333333333
river,2021-10-01,potassium,0.0057666666666666665
river,2021-10-02,potassium,0.00585
river,2021-10-03,potassium,0.005933333333333333
river,2021-10-04,potassium,0.006016666666666667
river,2021-10-05,potassium,0.0060999999999999995
river,2021-10-06,potassium,0.0061875
river,2021-10-07,potassium,0.006274999999999999
river,2021-10-08,potassium,0.0063625
river,2021-10-09,potassium,0.006449999999999999
river,2021-10-10,potassium,0.0065375
river,2021-10-11,potassium,0.006625
river,2021-10-12,potassium,0.0067125
river,2021-10-13,potassium,0.0068
river,2021-10-14,potassium,0.0068142857142857146
river,2021-10-15,potassium,0.006828571428571429
river,2021-10-16,potassium,0.006842857142857143
river,2021-10-17,potassium,0.006857142857142858
river,2021-10-18,potassium,0.006871428571428572
river,2021-10-19,potassium,0.006885714285714287
river,2021-10-20,potassium,0.006900000000000001
river,2021-10-21,potassium,0.006985714285714286
river,2021-10-22,potassium,0.007071428571428572
river,2021-10-23,potassium,0.007157142857142858
river,2021-10-24,potassium,0.007242857142857143
river,2021-10-25,potassium,0.007328571428571428
river,2021-10-26,potassium,0.007414285714285714
river,2021-10-27,potassium,0.0075
river,2021-10-28,potassium,0.007485714285714286
river,2021-10-29,potassium,0.007471428571428572
river,2021-10-30,potassium,0.0074571428571428575
river,2021-10-31,potassium,0.007442857142857143
river,2021-11-01,potassium,0.007428571428571429
river,2021-11-02,potassium,0.007414285714285714
river,2021-11-03,potassium,0.0074
river,2021-11-04,potassium,0.007242857142857143
river,2021-11-05,potassium,0.007085714285714286
river,2021-11-06,potassium,0.006928571428571429
river,2021-11-07,potassium,0.0067714285714285715
river,2021-11-08,potassium,0.006614285714285714
river,2021-11-09,potassium,0.0064571428571428575
river,2021-11-10,potassium,0.0063
river,2021-11-11,potassium,0.006214285714285715
river,2021-11-12,potassium,0.0061285714285714285
river,2021-11-13,potassium,0.006042857142857143
river,2021-11-14,potassium,0.005957142857142857
river,2021-11-15,potassium,0.005871428571428572
river,2021-11-16,potassium,0.0057857142857142855
river,2021-11-17,potassium,0.0057
river,2021-11-18,potassium,0.005600000000000001
river,2021-11-19,potassium,0.0055
river,2021-11-20,potassium,0.0054
river,2021-11-21,potassium,0.0053
river,2021-11-22,potassium,0.005200000000000001
river,2021-11-23,potassium,0.0050999999999999995
river,2021-11-24,potassium,0.005
river,2021-11-25,potassium,0.004914285714285715
river,2021-11-26,potassium,0.004828571428571429
river,2021-11-27,potassium,0.004742857142857143
river,2021-11-28,potassium,0.004657142857142858
river,2021-11-29,potassium,0.004571428571428572
river,2021-11-30,potassium,0.004485714285714286
river,2021-12-01,potassium,0.0044
river,2021-12-02,potassium,0.004300000000000001
river,2021-12-03,potassium,0.004200000000000001
river,2021-12-04,potassium,0.0041
river,2021-12-05,potassium,0.004
river,2021-12-06,potassium,0.0039000000000000003
river,2021-12-07,potassium,0.0038000000000000004
river,2021-12-08,potassium,0.0037
river,2021-12-09,potassium,0.0036125000000000003
river,2021-12-10,potassium,0.0035250000000000004
river,2021-12-11,potassium,0.0034375
river,2021-12-12,potassium,0.00335
river,2021-12-13,potassium,0.0032625
river,2021-12-14,potassium,0.003175
river,2021-12-15,potassium,0.0030875
river,2021-12-16,potassium,0.003
river,2021-12-17,potassium,0.003005
river,2021-12-18,potassium,0.0030099999999999997
river,2021-12-19,potassium,0.0030150000000000003
river,2021-12-20,potassium,0.00302
river,2021-12-21,potassium,0.003025
river,2021-12-22,potassium,0.00303
river,2021-12-23,potassium,0.0030350000000000004
river,2021-12-24,potassium,0.00304
river,2021-12-25,potassium,0.003045
river,2021-12-26,potassium,0.0030499999999999998
river,2021-12-27,potassium,0.0030550000000000004
river,2021-12-28,potassium,0.0030600000000000002
river,2021-12-29,potassium,0.003065
river,2021-12-30,potassium,0.0030700000000000002
river,2021-12-31,potassium,0.003075
river,2022-01-01,potassium,0.0030800000000000003
river,2022-01-02,potassium,0.003085
river,2022-01-03,potassium,0.00309
river,2022-01-04,potassium,0.003095
river,2022-01-05,potassium,0.0031000000000000003
river,2022-01-06,potassium,0.0031142857142857144
river,2022-01-07,potassium,0.0031285714285714285
river,2022-01-08,potassium,0.003142857142857143
river,2022-01-09,potassium,0.0031571428571428575
river,2022-01-10,potassium,0.0031714285714285716
river,2022-01-11,potassium,0.003185714285714286
river,2022-01-12,potassium,0.0032
river,2022-01-13,potassium,0.003242857142857143
river,2022-01-14,potassium,0.003285714285714286
river,2022-01-15,potassium,0.003328571428571429
river,2022-01-16,potassium,0.0033714285714285717
river,2022-01-17,potassium,0.0034142857142857143
river,2022-01-18,potassium,0.0034571428571428574
river,2022-01-19,potassium,0.0035
river,2022-01-20,potassium,0.0034571428571428574
river,2022-01-21,potassium,0.0034142857142857143
river,2022-01-22,potassium,0.0033714285714285717
river,2022-01-23,potassium,0.003328571428571429
river,2022-01-24,potassium,0.003285714285714286
river,2022-01-25,potassium,0.003242857142857143
river,2022-01-26,potassium,0.0032
river,2022-01-27,potassium,0.0031285714285714285
river,2022-01-28,potassium,0.0030571428571428572
river,2022-01-29,potassium,0.002985714285714286
river,2022-01-30,potassium,0.0029142857142857147
river,2022-01-31,potassium,0.002842857142857143
river,2022-02-01,potassium,0.002771428571428572
river,2022-02-02,potassium,0.0027
river,2022-02-03,potassium,0.002742857142857143
river,2022-02-04,potassium,0.002785714285714286
river,2022-02-05,potassium,0.002828571428571429
river,2022-02-06,potassium,0.0028714285714285716
river,2022-02-07,potassium,0.0029142857142857143
river,2022-02-08,potassium,0.0029571428571428574
river,2022-02-09,potassium,0.003
river,2022-02-10,potassium,0.003014285714285714
river,2022-02-11,potassium,0.0030285714285714286
river,2022-02-12,potassium,0.0030428571428571427
river,2022-02-13,potassium,0.0030571428571428572
river,2022-02-14,potassium,0.0030714285714285717
river,2022-02-15,potassium,0.003085714285714286
river,2022-02-16,potassium,0.0031000000000000003
river,2022-02-17,potassium,0.0031142857142857144
river,2022-02-18,potassium,0.0031285714285714285
river,2022-02-19,potassium,0.003142857142857143
river,2022-02-20,potassium,0.0031571428571428575
river,2022-02-21,potassium,0.0031714285714285716
river,2022-02-22,potassium,0.003185714285714286
river,2022-02-23,potassium,0.0032
river,2022-02-24,potassium,0.003285714285714286
river,2022-02-25,potassium,0.0033714285714285717
river,2022-02-26,potassium,0.0034571428571428574
river,2022-02-27,potassium,0.0035428571428571427
river,2022-02-28,potassium,0.0036285714285714285
river,2022-03-01,potassium,0.0037142857142857147
river,2022-03-02,potassium,0.0038
river,2022-03-03,potassium,0.0036285714285714285
river,2022-03-04,potassium,0.003457142857142857
river,2022-03-05,potassium,0.0032857142857142855
river,2022-03-06,potassium,0.0031142857142857144
river,2022-03-07,potassium,0.0029428571428571433
river,2022-03-08,potassium,0.0027714285714285714
river,2022-03-09,potassium,0.0026000000000000003
river,2022-03-10,potassium,0.0026142857142857144
river,2022-03-11,potassium,0.0026285714285714285
river,2022-03-12,potassium,0.002642857142857143
river,2022-03-13,potassium,0.0026571428571428575
river,2022-03-14,potassium,0.0026714285714285716
river,2022-03-15,potassium,0.002685714285714286
river,2022-03-16,potassium,0.0027
river,2022-03-17,potassium,0.0027142857142857147
river,2022-03-18,potassium,0.0027285714285714287
river,2022-03-19,potassium,0.002742857142857143
river,2022-03-20,potassium,0.0027571428571428573
river,2022-03-21,potassium,0.0027714285714285714
river,2022-03-22,potassium,0.0027857142857142855
river,2022-03-23,potassium,0.0028
river,2022-03-24,potassium,0.0027714285714285714
river,2022-03-25,potassium,0.002742857142857143
river,2022-03-26,potassium,0.0027142857142857142
river,2022-03-27,potassium,0.0026857142857142856
river,2022-03-28,potassium,0.002657142857142857
river,2022-03-29,potassium,0.0026285714285714285
river,2022-03-30,potassium,0.0026
river,2022-03-31,potassium,0.0025714285714285713
river,2022-04-01,potassium,0.0025428571428571427
river,2022-04-02,potassium,0.002514285714285714
river,2022-04-03,potassium,0.002485714285714286
river,2022-04-04,potassium,0.0024571428571428574
river,2022-04-05,potassium,0.0024285714285714284
river,2022-04-06,potassium,0.0024
river,2022-04-07,potassium,0.0024285714285714284
river,2022-04-08,potassium,0.0024571428571428574
river,2022-04-09,potassium,0.002485714285714286
river,2022-04-10,potassium,0.002514285714285714
river,2022-04-11,potassium,0.0025428571428571427
river,2022-04-12,potassium,0.0025714285714285717
river,2022-04-13,potassium,0.0026000000000000003
river,2022-04-14,potassium,0.0026375
river,2022-04-15,potassium,0.002675
river,2022-04-16,potassium,0.0027125
river,2022-04-17,potassium,0.00275
river,2022-04-18,potassium,0.0027875
river,2022-04-19,potassium,0.0028250000000000003
river,2022-04-20,potassium,0.0028625
river,2022-04-21,potassium,0.0029
river,2022-04-22,potassium,0.0029166666666666664
river,2022-04-23,potassium,0.0029333333333333334
river,2022-04-24,potassium,0.0029500000000000004
river,2022-04-25,potassium,0.002966666666666667
river,2022-04-26,potassium,0.0029833333333333335
river,2022-04-27,potassium,0.003
river,2022-04-28,potassium,0.003171428571428571
river,2022-04-29,potassium,0.003342857142857143
river,2022-04-30,potassium,0.003514285714285714
river,2022-05-01,potassium,0.003685714285714286
river,2022-05-02,potassium,0.003857142857142857
river,2022-05-03,potassium,0.004028571428571428
river,2022-05-04,potassium,0.004200000000000001
river,2022-05-05,potassium,0.004042857142857143
river,2022-05-06,potassium,0.0038857142857142857
river,2022-05-07,potassium,0.0037285714285714287
river,2022-05-08,potassium,0.0035714285714285718
river,2022-05-09,potassium,0.0034142857142857148
river,2022-05-10,potassium,0.0032571428571428573
river,2022-05-11,potassium,0.0031000000000000003
river,2022-05-12,potassium,0.003142857142857143
river,2022-05-13,potassium,0.003185714285714286
river,2022-05-14,potassium,0.0032285714285714287
river,2022-05-15,potassium,0.0032714285714285714
river,2022-05-16,potassium,0.003314285714285714
river,2022-05-17,potassium,0.003357142857142857
river,2022-05-18,potassium,0.0034
river,2022-05-19,potassium,0.0034
river,2022-05-20,potassium,0.0034
river,2022-05-21,potassium,0.0034
river,2022-05-22,potassium,0.0034
river,2022-05-23,potassium,0.0034
river,2022-05-24,potassium,0.0034
river,2022-05-25,potassium,0.0034
river,2022-05-26,potassium,0.0034
river,2022-05-27,potassium,0.003442857142857143
river,2022-05-28,potassium,0.003485714285714286
river,2022-05-29,potassium,0.0035285714285714287
river,2022-05-30,potassium,0.0035714285714285718
river,2022-05-31,potassium,0.0036142857142857144
river,2022-06-01,potassium,0.0036571428571428575
river,2022-06-02,potassium,0.0037
river,2022-06-03,potassium,0.0036333333333333335
river,2022-06-04,potassium,0.0035666666666666668
river,2022-06-05,potassium,0.0035
river,2022-06-06,potassium,0.0034333333333333334
river,2022-06-07,potassium,0.0033666666666666667
river,2022-06-08,potassium,0.0033
river,2022-06-09,potassium,0.0033857142857142857
river,2022-06-10,potassium,0.003471428571428571
river,2022-06-11,potassium,0.003557142857142857
river,2022-06-12,potassium,0.003642857142857143
river,2022-06-13,potassium,0.0037285714285714287
river,2022-06-14,potassium,0.003814285714285714
river,2022-06-15,potassium,0.0039
river,2022-06-16,potassium,0.003814285714285714
river,2022-06-17,potassium,0.0037285714285714287
river,2022-06-18,potassium,0.003642857142857143
river,2022-06-19,potassium,0.003557142857142857
river,2022-06-20,potassium,0.003471428571428571
river,2022-06-21,potassium,0.0033857142857142857
river,2022-06-22,potassium,0.0033
river,2022-06-23,potassium,0.0035285714285714287
river,2022-06-24,potassium,0.0037571428571428573
river,2022-06-25,potassium,0.003985714285714286
river,2022-06-26,potassium,0.004214285714285715
river,2022-06-27,potassium,0.004442857142857143
river,2022-06-28,potassium,0.004671428571428572
river,2022-06-29,potassium,0.004900000000000001
river,2022-06-30,potassium,0.004885714285714287
river,2022-07-01,potassium,0.004871428571428572
river,2022-07-02,potassium,0.004857142857142858
river,2022-07-03,potassium,0.004842857142857143
river,2022-07-04,potassium,0.004828571428571429
river,2022-07-05,potassium,0.0048142857142857145
river,2022-07-06,potassium,0.0048
river,2022-07-07,potassium,0.0048
river,2022-07-08,potassium,0.0048
river,2022-07-09,potassium,0.0048
river,2022-07-10,potassium,0.0048
river,2022-07-11,potassium,0.0048
river,2022-07-12,potassium,0.0048
river,2022-07-13,potassium,0.0048
river,2022-07-14,potassium,0.004833333333333333
river,2022-07-15,potassium,0.004866666666666667
river,2022-07-16,potassium,0.004900000000000001
river,2022-07-17,potassium,0.004933333333333334
river,2022-07-18,potassium,0.004966666666666667
river,2022-07-19,potassium,0.005
river,2022-07-20,potassium,0.0050750000000000005
river,2022-07-21,potassium,0.00515
river,2022-07-22,potassium,0.005225
river,2022-07-23,potassium,0.0053
river,2022-07-24,potassium,0.0053750000000000004
river,2022-07-25,potassium,0.005449999999999999
river,2022-07-26,potassium,0.0055249999999999995
river,2022-07-27,potassium,0.0056
river,2022-07-28,potassium,0.005528571428571429
river,2022-07-29,potassium,0.005457142857142857
river,2022-07-30,potassium,0.005385714285714285
river,2022-07-31,potassium,0.005314285714285714
river,2022-08-01,potassium,0.005242857142857143
river,2022-08-02,potassium,0.005171428571428571
river,2022-08-03,potassium,0.0050999999999999995
river,2022-08-04,potassium,0.005242857142857143
river,2022-08-05,potassium,0.005385714285714285
river,2022-08-06,potassium,0.005528571428571429
river,2022-08-07,potassium,0.005671428571428571
river,2022-08-08,potassium,0.0058142857142857145
river,2022-08-09,potassium,0.005957142857142856
river,2022-08-10,potassium,0.0060999999999999995
river,2022-08-11,potassium,0.006142857142857143
river,2022-08-12,potassium,0.006185714285714286
river,2022-08-13,potassium,0.006228571428571429
river,2022-08-14,potassium,0.006271428571428572
river,2022-08-15,potassium,0.006314285714285714
river,2022-08-16,potassium,0.006357142857142858
river,2022-08-17,potassium,0.0064
river,2022-08-18,potassium,0.006271428571428572
river,2022-08-19,potassium,0.0061428571428571435
river,2022-08-20,potassium,0.006014285714285714
river,2022-08-21,potassium,0.005885714285714287
river,2022-08-22,potassium,0.005757142857142857
river,2022-08-23,potassium,0.005628571428571429
river,2022-08-24,potassium,0.0055
river,2022-08-25,potassium,0.005385714285714286
river,2022-08-26,potassium,0.005271428571428572
river,2022-08-27,potassium,0.0051571428571428575
river,2022-08-28,potassium,0.005042857142857143
river,2022-08-29,potassium,0.004928571428571429
river,2022-08-30,potassium,0.004814285714285715
river,2022-08-31,potassium,0.0047
river,2022-09-01,potassium,0.004683333333333334
river,2022-09-02,potassium,0.004666666666666667
river,2022-09-03,potassium,0.0046500000000000005
river,2022-09-04,potassium,0.004633333333333333
river,2022-09-05,potassium,0.0046166666666666665
river,2022-09-06,potassium,0.0046
river,2022-09-07,potassium,0.0047125
river,2022-09-08,potassium,0.004824999999999999
river,2022-09-09,potassium,0.0049375
river,2022-09-10,potassium,0.00505
river,2022-09-11,potassium,0.0051624999999999996
river,2022-09-12,potassium,0.005275
river,2022-09-13,potassium,0.0053875
river,2022-09-14,potassium,0.0055
river,2022-09-15,potassium,0.005514285714285715
river,2022-09-16,potassium,0.005528571428571429
river,2022-09-17,potassium,0.005542857142857143
river,2022-09-18,potassium,0.005557142857142857
river,2022-09-19,potassium,0.005571428571428571
river,2022-09-20,potassium,0.005585714285714286
river,2022-09-21,potassium,0.0056
river,2022-09-22,potassium,0.005671428571428571
river,2022-09-23,potassium,0.005742857142857143
river,2022-09-24,potassium,0.0058142857142857145
river,2022-09-25,potassium,0.005885714285714286
river,2022-09-26,potassium,0.005957142857142856
river,2022-09-27,potassium,0.006028571428571428
river,2022-09-28,potassium,0.0060999999999999995
river,2022-09-29,potassium,0.006157142857142857
river,2022-09-30,potassium,0.006214285714285715
river,2022-10-01,potassium,0.006271428571428572
river,2022-10-02,potassium,0.006328571428571428
river,2022-10-03,potassium,0.006385714285714285
river,2022-10-04,potassium,0.006442857142857143
river,2022-10-05,potassium,0.006500000000000001
river,2022-10-06,potassium,0.006328571428571428
river,2022-10-07,potassium,0.0061571428571428576
river,2022-10-08,potassium,0.005985714285714286
river,2022-10-09,potassium,0.0058142857142857145
river,2022-10-10,potassium,0.005642857142857142
river,2022-10-11,potassium,0.0054714285714285715
river,2022-10-12,potassium,0.0053
river,2022-10-13,potassium,0.005257142857142857
river,2022-10-14,potassium,0.005214285714285715
river,2022-10-15,potassium,0.005171428571428572
river,2022-10-16,potassium,0.0051285714285714285
river,2022-10-17,potassium,0.005085714285714285
river,2022-10-18,potassium,0.005042857142857143
river,2022-10-19,potassium,0.005
river,2022-10-20,potassium,0.005042857142857143
river,2022-10-21,potassium,0.005085714285714285
river,2022-10-22,potassium,0.0051285714285714285
river,2022-10-23,potassium,0.005171428571428572
river,2022-10-24,potassium,0.005214285714285715
river,2022-10-25,potassium,0.005257142857142857
river,2022-10-26,potassium,0.0053
river,2022-10-27,potassium,0.0053
river,2022-10-28,potassium,0.0053
river,2022-10-29,potassium,0.0053
river,2022-10-30,potassium,0.0053
river,2022-10-31,potassium,0.0053
river,2022-11-01,potassium,0.0053
river,2022-11-02,potassium,0.0053
river,2022-11-03,potassium,0.0054571428571428575
river,2022-11-04,potassium,0.005614285714285714
river,2022-11-05,potassium,0.0057714285714285714
river,2022-11-06,potassium,0.005928571428571429
river,2022-11-07,potassium,0.006085714285714286
river,2022-11-08,potassium,0.006242857142857143
river,2022-11-09,potassium,0.0064
river,2022-11-10,potassium,0.006228571428571429
river,2022-11-11,potassium,0.006057142857142858
river,2022-11-12,potassium,0.005885714285714287
river,2022-11-13,potassium,0.005714285714285714
river,2022-11-14,potassium,0.005542857142857143
river,2022-11-15,potassium,0.005371428571428572
river,2022-11-16,potassium,0.005200000000000001
river,2022-11-17,potassium,0.005085714285714286
river,2022-11-18,potassium,0.004971428571428572
river,2022-11-19,potassium,0.004857142857142858
river,2022-11-20,potassium,0.004742857142857143
river,2022-11-21,potassium,0.004628571428571429
river,2022-11-22,potassium,0.004514285714285715
river,2022-11-23,potassium,0.0044
river,2022-11-24,potassium,0.004357142857142858
river,2022-11-25,potassium,0.004314285714285714
river,2022-11-26,potassium,0.004271428571428572
river,2022-11-27,potassium,0.004228571428571429
river,2022-11-28,potassium,0.004185714285714286
river,2022-11-29,potassium,0.004142857142857143
river,2022-11-30,potassium,0.0040999999999999995
river,2022-12-01,potassium,0.004171428571428571
river,2022-12-02,potassium,0.004242857142857143
river,2022-12-03,potassium,0.004314285714285714
river,2022-12-04,potassium,0.004385714285714285
river,2022-12-05,potassium,0.004457142857142857
river,2022-12-06,potassium,0.004528571428571429
river,2022-12-07,potassium,0.0046
river,2022-12-08,potassium,0.004514285714285715
river,2022-12-09,potassium,0.004428571428571428
river,2022-12-10,potassium,0.004342857142857142
river,2022-12-11,potassium,0.004257142857142857
river,2022-12-12,potassium,0.004171428571428572
river,2022-12-13,potassium,0.004085714285714285
river,2022-12-14,potassium,0.004
river,2022-12-15,potassium,0.004185714285714286
river,2022-12-16,potassium,0.004371428571428571
river,2022-12-17,potassium,0.004557142857142857
river,2022-12-18,potassium,0.004742857142857143
river,2022-12-19,potassium,0.004928571428571429
river,2022-12-20,potassium,0.005114285714285714
river,2022-12-21,potassium,0.0053
river,2022-12-22,potassium,0.005235714285714286
river,2022-12-23,potassium,0.005171428571428572
river,2022-12-24,potassium,0.005107142857142857
river,2022-12-25,potassium,0.005042857142857143
river,2022-12-26,potassium,0.0049785714285714286
river,2022-12-27,potassium,0.004914285714285715
river,2022-12-28,potassium,0.00485
river,2022-12-29,potassium,0.0047857142857142855
river,2022-12-30,potassium,0.004721428571428572
river,2022-12-31,potassium,0.004657142857142858
river,2023-01-01,potassium,0.004592857142857143
river,2023-01-02,potassium,0.004528571428571429
river,2023-01-03,potassium,0.004464285714285715
river,2023-01-04,potassium,0.0044
river,2023-01-05,potassium,0.004357142857142858
river,2023-01-06,potassium,0.004314285714285714
river,2023-01-07,potassium,0.004271428571428572
river,2023-01-08,potassium,0.004228571428571429
river,2023-01-09,potassium,0.004185714285714286
river,2023-01-10,potassium,0.004142857142857143
river,2023-01-11,potassium,0.0040999999999999995
river,2023-01-12,potassium,0.004042857142857143
river,2023-01-13,potassium,0.003985714285714285
river,2023-01-14,potassium,0.003928571428571429
river,2023-01-15,potassium,0.0038714285714285717
river,2023-01-16,potassium,0.0038142857142857145
river,2023-01-17,potassium,0.0037571428571428573
river,2023-01-18,potassium,0.0037
river,2023-01-19,potassium,0.0036000000000000003
river,2023-01-20,potassium,0.0035
river,2023-01-21,potassium,0.0034000000000000002
river,2023-01-22,potassium,0.0033000000000000004
river,2023-01-23,potassium,0.0032
river,2023-01-24,potassium,0.0031000000000000003
river,2023-01-25,potassium,0.003
river,2023-01-26,potassium,0.003014285714285714
river,2023-01-27,potassium,0.0030285714285714286
river,2023-01-28,potassium,0.0030428571428571427
river,2023-01-29,potassium,0.0030571428571428572
river,2023-01-30,potassium,0.0030714285714285717
river,2023-01-31,potassium,0.003085714285714286
river,2023-02-01,potassium,0.0031000000000000003
river,2023-02-02,potassium,0.003142857142857143
river,2023-02-03,potassium,0.003185714285714286
river,2023-02-04,potassium,0.0032285714285714287
river,2023-02-05,potassium,0.0032714285714285714
river,2023-02-06,potassium,0.003314285714285714
river,2023-02-07,potassium,0.003357142857142857
river,2023-02-08,potassium,0.0034
river,2023-02-09,potassium,0.0035
river,2023-02-10,potassium,0.0036000000000000003
river,2023-02-11,potassium,0.0037
river,2023-02-12,potassium,0.0038
river,2023-02-13,potassium,0.0039
river,2023-02-14,potassium,0.004
river,2023-02-15,potassium,0.004
river,2023-02-16,potassium,0.004
river,2023-02-17,potassium,0.004
river,2023-02-18,potassium,0.004
river,2023-02-19,potassium,0.004
river,2023-02-20,potassium,0.004
river,2023-02-21,potassium,0.004
river,2023-02-22,potassium,0.004
river,2023-02-23,potassium,0.003928571428571429
river,2023-02-24,potassium,0.003857142857142857
river,2023-02-25,potassium,0.0037857142857142855
river,2023-02-26,potassium,0.0037142857142857147
river,2023-02-27,potassium,0.003642857142857143
river,2023-02-28,potassium,0.0035714285714285718
river,2023-03-01,potassium,0.0035
river,2023-03-02,potassium,0.0034142857142857143
river,2023-03-03,potassium,0.003328571428571429
river,2023-03-04,potassium,0.003242857142857143
river,2023-03-05,potassium,0.003157142857142857
river,2023-03-06,potassium,0.0030714285714285713
river,2023-03-07,potassium,0.002985714285714286
river,2023-03-08,potassium,0.0029
river,2023-03-09,potassium,0.0029285714285714284
river,2023-03-10,potassium,0.0029571428571428574
river,2023-03-11,potassium,0.002985714285714286
river,2023-03-12,potassium,0.003014285714285714
river,2023-03-13,potassium,0.0030428571428571427
river,2023-03-14,potassium,0.0030714285714285717
river,2023-03-15,potassium,0.0031000000000000003
river,2023-03-16,potassium,0.0031142857142857144
river,2023-03-17,potassium,0.0031285714285714285
river,2023-03-18,potassium,0.003142857142857143
river,2023-03-19,potassium,0.0031571428571428575
river,2023-03-20,potassium,0.0031714285714285716
river,2023-03-21,potassium,0.003185714285714286
river,2023-03-22,potassium,0.0032
river,2023-03-23,potassium,0.0032142857142857147
river,2023-03-24,potassium,0.0032285714285714287
river,2023-03-25,potassium,0.003242857142857143
river,2023-03-26,potassium,0.0032571428571428573
river,2023-03-27,potassium,0.0032714285714285714
river,2023-03-28,potassium,0.0032857142857142855
river,2023-03-29,potassium,0.0033
river,2023-03-30,potassium,0.0033428571428571426
river,2023-03-31,potassium,0.0033857142857142857
river,2023-04-01,potassium,0.0034285714285714284
river,2023-04-02,potassium,0.0034714285714285715
river,2023-04-03,potassium,0.003514285714285714
river,2023-04-04,potassium,0.003557142857142857
river,2023-04-05,potassium,0.0036000000000000003
river,2023-04-06,potassium,0.0036333333333333335
river,2023-04-07,potassium,0.0036666666666666666
river,2023-04-08,potassium,0.0037
river,2023-04-09,potassium,0.0037333333333333333
river,2023-04-10,potassium,0.003766666666666667
river,2023-04-11,potassium,0.0038
river,2023-04-12,potassium,0.0038125
river,2023-04-13,potassium,0.003825
river,2023-04-14,potassium,0.0038375
river,2023-04-15,potassium,0.0038499999999999997
river,2023-04-16,potassium,0.0038625
river,2023-04-17,potassium,0.003875
river,2023-04-18,potassium,0.0038875
river,2023-04-19,potassium,0.0039
river,2023-04-20,potassium,0.003914285714285714
river,2023-04-21,potassium,0.003928571428571429
river,2023-04-22,potassium,0.003942857142857143
river,2023-04-23,potassium,0.003957142857142857
river,2023-04-24,potassium,0.003971428571428572
river,2023-04-25,potassium,0.003985714285714286
river,2023-04-26,potassium,0.004
river,2023-04-27,potassium,0.004028571428571428
river,2023-04-28,potassium,0.004057142857142857
river,2023-04-29,potassium,0.004085714285714285
river,2023-04-30,potassium,0.004114285714285714
river,2023-05-01,potassium,0.0041428571428571434
river,2023-05-02,potassium,0.004171428571428572
river,2023-05-03,potassium,0.004200000000000001
river,2023-05-04,potassium,0.004366666666666667
river,2023-05-05,potassium,0.004533333333333334
river,2023-05-06,potassium,0.0047
river,2023-05-07,potassium,0.004866666666666668
river,2023-05-08,potassium,0.005033333333333333
river,2023-05-09,potassium,0.005200000000000001
river,2023-05-10,potassium,0.0051
river,2023-05-11,potassium,0.005
river,2023-05-12,potassium,0.004900000000000001
river,2023-05-13,potassium,0.0048
river,2023-05-14,potassium,0.0047
river,2023-05-15,potassium,0.0046
river,2023-05-16,potassium,0.0045000000000000005
river,2023-05-17,potassium,0.00455
river,2023-05-18,potassium,0.0046
river,2023-05-19,potassium,0.0046500000000000005
river,2023-05-20,potassium,0.0047
river,2023-05-21,potassium,0.00475
river,2023-05-22,potassium,0.0048000000000000004
river,2023-05-23,potassium,0.004850000000000001
river,2023-05-24,potassium,0.004900000000000001
river,2023-05-25,potassium,0.004928571428571429
river,2023-05-26,potassium,0.004957142857142857
river,2023-05-27,potassium,0.004985714285714286
river,2023-05-28,potassium,0.005014285714285714
river,2023-05-29,potassium,0.005042857142857143
river,2023-05-30,potassium,0.005071428571428571
river,2023-05-31,potassium,0.0050999999999999995
river,2023-06-01,potassium,0.005114285714285714
river,2023-06-02,potassium,0.0051285714285714285
river,2023-06-03,potassium,0.005142857142857143
river,2023-06-04,potassium,0.0051571428571428575
river,2023-06-05,potassium,0.005171428571428572
river,2023-06-06,potassium,0.005185714285714286
river,2023-06-07,potassium,0.005200000000000001
river,2023-06-08,potassium,0.005342857142857143
river,2023-06-09,potassium,0.005485714285714286
river,2023-06-10,potassium,0.005628571428571429
river,2023-06-11,potassium,0.0057714285714285714
river,2023-06-12,potassium,0.005914285714285715
river,2023-06-13,potassium,0.006057142857142857
river,2023-06-14,potassium,0.006200000000000001
river,2023-06-15,potassium,0.006057142857142857
river,2023-06-16,potassium,0.005914285714285715
river,2023-06-17,potassium,0.0057714285714285714
river,2023-06-18,potassium,0.005628571428571429
river,2023-06-19,potassium,0.005485714285714286
river,2023-06-20,potassium,0.005342857142857143
river,2023-06-21,potassium,0.005200000000000001
river,2023-06-22,potassium,0.005285714285714286
river,2023-06-23,potassium,0.005371428571428572
river,2023-06-24,potassium,0.0054571428571428575
river,2023-06-25,potassium,0.005542857142857143
river,2023-06-26,potassium,0.005628571428571428
river,2023-06-27,potassium,0.005714285714285714
river,2023-06-28,potassium,0.0058
river,2023-06-29,potassium,0.005728571428571428
river,2023-06-30,potassium,0.005657142857142857
river,2023-07-01,potassium,0.005585714285714286
river,2023-07-02,potassium,0.005514285714285715
river,2023-07-03,potassium,0.005442857142857143
river,2023-07-04,potassium,0.005371428571428571
river,2023-07-05,potassium,0.0053
river,2023-07-06,potassium,0.005428571428571429
river,2023-07-07,potassium,0.005557142857142857
river,2023-07-08,potassium,0.005685714285714286
river,2023-07-09,potassium,0.0058142857142857145
river,2023-07-10,potassium,0.005942857142857143
river,2023-07-11,potassium,0.006071428571428571
river,2023-07-12,potassium,0.006200000000000001
river,2023-07-13,potassium,0.006214285714285715
river,2023-07-14,potassium,0.006228571428571429
river,2023-07-15,potassium,0.006242857142857143
river,2023-07-16,potassium,0.006257142857142857
river,2023-07-17,potassium,0.006271428571428572
river,2023-07-18,potassium,0.006285714285714286
river,2023-07-19,potassium,0.0063
river,2023-07-20,potassium,0.006257142857142857
river,2023-07-21,potassium,0.006214285714285715
river,2023-07-22,potassium,0.006171428571428572
river,2023-07-23,potassium,0.0061285714285714285
river,2023-07-24,potassium,0.0060857142857142854
river,2023-07-25,potassium,0.006042857142857143
river,2023-07-26,potassium,0.006
river,2023-07-27,potassium,0.005928571428571429
river,2023-07-28,potassium,0.005857142857142857
river,2023-07-29,potassium,0.0057857142857142855
river,2023-07-30,potassium,0.005714285714285714
river,2023-07-31,potassium,0.005642857142857143
river,2023-08-01,potassium,0.005571428571428571
river,2023-08-02,potassium,0.0055
river,2023-08-03,potassium,0.005614285714285714
river,2023-08-04,potassium,0.005728571428571428
river,2023-08-05,potassium,0.005842857142857143
river,2023-08-06,potassium,0.005957142857142857
river,2023-08-07,potassium,0.006071428571428571
river,2023-08-08,potassium,0.006185714285714285
river,2023-08-09,potassium,0.0063
river,2023-08-10,potassium,0.0063999999999999994
river,2023-08-11,potassium,0.006500000000000001
river,2023-08-12,potassium,0.0066
river,2023-08-13,potassium,0.0067
river,2023-08-14,potassium,0.0068
river,2023-08-15,potassium,0.006900000000000001
river,2023-08-16,potassium,0.007
river,2023-08-17,potassium,0.007014285714285714
river,2023-08-18,potassium,0.007028571428571428
river,2023-08-19,potassium,0.007042857142857143
river,2023-08-20,potassium,0.007057142857142857
river,2023-08-21,potassium,0.007071428571428571
river,2023-08-22,potassium,0.0070857142857142855
river,2023-08-23,potassium,0.0070999999999999995
river,2023-08-24,potassium,0.007285714285714286
river,2023-08-25,potassium,0.007471428571428572
river,2023-08-26,potassium,0.007657142857142857
river,2023-08-27,potassium,0.007842857142857143
river,2023-08-28,potassium,0.008028571428571428
river,2023-08-29,potassium,0.008214285714285716
river,2023-08-30,potassium,0.008400000000000001
river,2023-08-31,potassium,0.0082
river,2023-09-01,potassium,0.008
river,2023-09-02,potassium,0.0078000000000000005
river,2023-09-03,potassium,0.007600000000000001
river,2023-09-04,potassium,0.0074
river,2023-09-05,potassium,0.007200000000000001
river,2023-09-06,potassium,0.007
river,2023-09-07,potassium,0.006928571428571429
river,2023-09-08,potassium,0.006857142857142857
river,2023-09-09,potassium,0.0067857142857142855
river,2023-09-10,potassium,0.006714285714285714
river,2023-09-11,potassium,0.006642857142857143
river,2023-09-12,potassium,0.006571428571428571
river,2023-09-13,potassium,0.006500000000000001
river,2023-09-14,potassium,0.0067714285714285715
river,2023-09-15,potassium,0.007042857142857143
river,2023-09-16,potassium,0.007314285714285714
river,2023-09-17,potassium,0.007585714285714286
river,2023-09-18,potassium,0.007857142857142858
river,2023-09-19,potassium,0.008128571428571428
river,2023-09-20,potassium,0.008400000000000001
river,2023-09-21,potassium,0.008366666666666668
river,2023-09-22,potassium,0.008333333333333335
river,2023-09-23,potassium,0.0083
river,2023-09-24,potassium,0.008266666666666665
river,2023-09-25,potassium,0.008233333333333332
river,2023-09-26,potassium,0.008199999999999999
river,2023-09-27,potassium,0.0082125
river,2023-09-28,potassium,0.008225
river,2023-09-29,potassium,0.0082375
river,2023-09-30,potassium,0.00825
river,2023-10-01,potassium,0.008262499999999999
river,2023-10-02,potassium,0.008275000000000001
river,2023-10-03,potassium,0.008287500000000001
river,2023-10-04,potassium,0.0083
river,2023-10-05,potassium,0.008257142857142859
river,2023-10-06,potassium,0.008214285714285716
river,2023-10-07,potassium,0.008171428571428573
river,2023-10-08,potassium,0.008128571428571428
river,2023-10-09,potassium,0.008085714285714286
river,2023-10-10,potassium,0.008042857142857143
river,2023-10-11,potassium,0.008
river,2023-10-12,potassium,0.008042857142857143
river,2023-10-13,potassium,0.008085714285714286
river,2023-10-14,potassium,0.008128571428571428
river,2023-10-15,potassium,0.008171428571428573
river,2023-10-16,potassium,0.008214285714285716
river,2023-10-17,potassium,0.008257142857142859
river,2023-10-18,potassium,0.0083
river,2023-10-19,potassium,0.008271428571428572
river,2023-10-20,potassium,0.008242857142857144
river,2023-10-21,potassium,0.008214285714285716
river,2023-10-22,potassium,0.008185714285714286
river,2023-10-23,potassium,0.008157142857142858
river,2023-10-24,potassium,0.008128571428571428
river,2023-10-25,potassium,0.0081
river,2023-10-26,potassium,0.008314285714285713
river,2023-10-27,potassium,0.008528571428571429
river,2023-10-28,potassium,0.008742857142857142
river,2023-10-29,potassium,0.008957142857142858
river,2023-10-30,potassium,0.009171428571428572
river,2023-10-31,potassium,0.009385714285714287
river,2023-11-01,potassium,0.0096
river,2023-11-02,potassium,0.009457142857142857
river,2023-11-03,potassium,0.009314285714285714
river,2023-11-04,potassium,0.009171428571428572
river,2023-11-05,potassium,0.00902857142857143
river,2023-11-06,potassium,0.008885714285714287
river,2023-11-07,potassium,0.008742857142857142
river,2023-11-08,potassium,0.0086
river,2023-11-09,potassium,0.008585714285714285
river,2023-11-10,potassium,0.008571428571428572
river,2023-11-11,potassium,0.008557142857142857
river,2023-11-12,potassium,0.008542857142857144
river,2023-11-13,potassium,0.008528571428571429
river,2023-11-14,potassium,0.008514285714285714
river,2023-11-15,potassium,0.0085
river,2023-11-16,potassium,0.008371428571428571
river,2023-11-17,potassium,0.008242857142857142
river,2023-11-18,potassium,0.008114285714285715
river,2023-11-19,potassium,0.007985714285714285
river,2023-11-20,potassium,0.007857142857142858
river,2023-11-21,potassium,0.007728571428571428
river,2023-11-22,potassium,0.0076
river,2023-11-23,potassium,0.007657142857142857
river,2023-11-24,potassium,0.007714285714285714
river,2023-11-25,potassium,0.0077714285714285715
river,2023-11-26,potassium,0.007828571428571428
river,2023-11-27,potassium,0.007885714285714286
river,2023-11-28,potassium,0.007942857142857144
river,2023-11-29,potassium,0.008
river,2023-11-30,potassium,0.008157142857142858
river,2023-12-01,potassium,0.008314285714285715
river,2023-12-02,potassium,0.008471428571428572
river,2023-12-03,potassium,0.008628571428571428
river,2023-12-04,potassium,0.008785714285714286
river,2023-12-05,potassium,0.008942857142857143
river,2023-12-06,potassium,0.0091
river,2023-12-07,potassium,0.00902857142857143
river,2023-12-08,potassium,0.008957142857142858
river,2023-12-09,potassium,0.008885714285714287
river,2023-12-10,potassium,0.008814285714285714
river,2023-12-11,potassium,0.008742857142857142
river,2023-12-12,potassium,0.008671428571428571
river,2023-12-13,potassium,0.0086
river,2023-12-14,potassium,0.008299999999999998
river,2023-12-15,potassium,0.008
river,2023-12-16,potassium,0.007699999999999999
river,2023-12-17,potassium,0.0073999999999999995
river,2023-12-18,potassium,0.0070999999999999995
river,2023-12-19,potassium,0.0068
river,2023-12-20,potassium,0.006726666666666666
river,2023-12-21,potassium,0.006653333333333333
river,2023-12-22,potassium,0.00658
river,2023-12-23,potassium,0.006506666666666667
river,2023-12-24,potassium,0.0064333333333333334
river,2023-12-25,potassium,0.00636
river,2023-12-26,potassium,0.006286666666666667
river,2023-12-27,potassium,0.006213333333333333
river,2023-12-28,potassium,0.0061400000000000005
river,2023-12-29,potassium,0.006066666666666666
river,2023-12-30,potassium,0.005993333333333333
river,2023-12-31,potassium,0.00592
river,2024-01-01,potassium,0.005846666666666667
river,2024-01-02,potassium,0.0057733333333333334
river,2024-01-03,potassium,0.0057
river,2024-01-04,potassium,0.005414285714285714
river,2024-01-05,potassium,0.005128571428571429
river,2024-01-06,potassium,0.0048428571428571435
river,2024-01-07,potassium,0.004557142857142857
river,2024-01-08,potassium,0.004271428571428573
river,2024-01-09,potassium,0.003985714285714286
river,2024-01-10,potassium,0.0037
river,2024-01-11,potassium,0.0038000000000000004
river,2024-01-12,potassium,0.0039
river,2024-01-13,potassium,0.004
river,2024-01-14,potassium,0.0040999999999999995
river,2024-01-15,potassium,0.004200000000000001
river,2024-01-16,potassium,0.0043
river,2024-01-17,potassium,0.004274999999999999
river,2024-01-18,potassium,0.00425
river,2024-01-19,potassium,0.004225
river,2024-01-20,potassium,0.0042
river,2024-01-21,potassium,0.004175
river,2024-01-22,potassium,0.004149999999999999
river,2024-01-23,potassium,0.004125
river,2024-01-24,potassium,0.0040999999999999995
river,2024-01-25,potassium,0.0040999999999999995
river,2024-01-26,potassium,0.0040999999999999995
river,2024-01-27,potassium,0.0040999999999999995
river,2024-01-28,potassium,0.0040999999999999995
river,2024-01-29,potassium,0.0040999999999999995
river,2024-01-30,potassium,0.0040999999999999995
river,2024-01-31,potassium,0.0040999999999999995
river,2024-02-01,potassium,0.004228571428571429
river,2024-02-02,potassium,0.004357142857142857
river,2024-02-03,potassium,0.004485714285714286
river,2024-02-04,potassium,0.004614285714285714
river,2024-02-05,potassium,0.004742857142857143
river,2024-02-06,potassium,0.004871428571428571
river,2024-02-07,potassium,0.005
river,2024-02-08,potassium,0.004900000000000001
river,2024-02-09,potassium,0.0048
river,2024-02-10,potassium,0.0047
river,2024-02-11,potassium,0.0046
river,2024-02-12,potassium,0.0045000000000000005
river,2024-02-13,potassium,0.0044
river,2024-02-14,potassium,0.0043
river,2024-02-15,potassium,0.004285714285714286
river,2024-02-16,potassium,0.004271428571428572
river,2024-02-17,potassium,0.004257142857142857
river,2024-02-18,potassium,0.004242857142857143
river,2024-02-19,potassium,0.004228571428571429
river,2024-02-20,potassium,0.004214285714285715
river,2024-02-21,potassium,0.004200000000000001
river,2024-02-22,potassium,0.0041666666666666675
river,2024-02-23,potassium,0.0041333333333333335
river,2024-02-24,potassium,0.0040999999999999995
river,2024-02-25,potassium,0.004066666666666666
river,2024-02-26,potassium,0.004033333333333333
river,2024-02-27,potassium,0.004
river,2024-02-28,potassium,0.0041375000000000006
river,2024-02-29,potassium,0.004275
river,2024-03-01,potassium,0.0044125
river,2024-03-02,potassium,0.00455
river,2024-03-03,potassium,0.0046875
river,2024-03-04,potassium,0.004824999999999999
river,2024-03-05,potassium,0.0049625
river,2024-03-06,potassium,0.0050999999999999995
river,2024-03-07,potassium,0.004985714285714286
river,2024-03-08,potassium,0.004871428571428571
river,2024-03-09,potassium,0.004757142857142857
river,2024-03-10,potassium,0.004642857142857142
river,2024-03-11,potassium,0.004528571428571429
river,2024-03-12,potassium,0.004414285714285714
river,2024-03-13,potassium,0.0043
river,2024-03-14,potassium,0.004342857142857142
river,2024-03-15,potassium,0.004385714285714285
river,2024-03-16,potassium,0.004428571428571428
river,2024-03-17,potassium,0.0044714285714285715
river,2024-03-18,potassium,0.004514285714285715
river,2024-03-19,potassium,0.004557142857142857
river,2024-03-20,potassium,0.0046
river,2024-03-21,potassium,0.004585714285714286
river,2024-03-22,potassium,0.004571428571428571
river,2024-03-23,potassium,0.004557142857142857
river,2024-03-24,potassium,0.004542857142857143
river,2024-03-25,potassium,0.004528571428571429
river,2024-03-26,potassium,0.004514285714285715
river,2024-03-27,potassium,0.0045000000000000005
river,2024-03-28,potassium,0.0045000000000000005
river,2024-03-29,potassium,0.0045000000000000005
river,2024-03-30,potassium,0.0045000000000000005
river,2024-03-31,potassium,0.0045000000000000005
river,2024-04-01,potassium,0.0045000000000000005
river,2024-04-02,potassium,0.0045000000000000005
river,2024-04-03,potassium,0.0045000000000000005
river,2024-04-04,potassium,0.004585714285714286
river,2024-04-05,potassium,0.004671428571428572
river,2024-04-06,potassium,0.004757142857142857
river,2024-04-07,potassium,0.004842857142857143
river,2024-04-08,potassium,0.004928571428571428
river,2024-04-09,potassium,0.005014285714285714
river,2024-04-10,potassium,0.0050999999999999995
river,2024-04-11,potassium,0.005057142857142857
river,2024-04-12,potassium,0.005014285714285714
river,2024-04-13,potassium,0.004971428571428572
river,2024-04-14,potassium,0.004928571428571428
river,2024-04-15,potassium,0.004885714285714286
river,2024-04-16,potassium,0.004842857142857143
river,2024-04-17,potassium,0.0048
river,2024-04-18,potassium,0.004857142857142857
river,2024-04-19,potassium,0.004914285714285715
river,2024-04-20,potassium,0.004971428571428572
river,2024-04-21,potassium,0.005028571428571428
river,2024-04-22,potassium,0.005085714285714285
river,2024-04-23,potassium,0.0051428571428571435
river,2024-04-24,potassium,0.005200000000000001
river,2024-04-25,potassium,0.0051
river,2024-04-26,potassium,0.005
river,2024-04-27,potassium,0.004900000000000001
river,2024-04-28,potassium,0.0048
river,2024-04-29,potassium,0.0047
river,2024-04-30,potassium,0.0046
river,2024-05-01,potassium,0.0045000000000000005
river,2024-05-02,potassium,0.004328571428571428
river,2024-05-03,potassium,0.0041571428571428575
river,2024-05-04,potassium,0.003985714285714286
river,2024-05-05,potassium,0.003814285714285714
river,2024-05-06,potassium,0.003642857142857143
river,2024-05-07,potassium,0.0034714285714285715
river,2024-05-08,potassium,0.0033
river,2024-05-09,potassium,0.003266666666666667
river,2024-05-10,potassium,0.0032333333333333333
river,2024-05-11,potassium,0.0032
river,2024-05-12,potassium,0.0031666666666666666
river,2024-05-13,potassium,0.0031333333333333335
river,2024-05-14,potassium,0.0031000000000000003
river,2024-05-15,potassium,0.00305
river,2024-05-16,potassium,0.003
river,2024-05-17,potassium,0.0029500000000000004
river,2024-05-18,potassium,0.0029000000000000002
river,2024-05-19,potassium,0.00285
river,2024-05-20,potassium,0.0028000000000000004
river,2024-05-21,potassium,0.00275
river,2024-05-22,potassium,0.0027
river,2024-05-23,potassium,0.0027285714285714287
river,2024-05-24,potassium,0.0027571428571428573
river,2024-05-25,potassium,0.0027857142857142855
river,2024-05-26,potassium,0.0028142857142857145
river,2024-05-27,potassium,0.002842857142857143
river,2024-05-28,potassium,0.0028714285714285716
river,2024-05-29,potassium,0.0029
river,2024-05-30,potassium,0.0030375000000000003
river,2024-05-31,potassium,0.003175
river,2024-06-01,potassium,0.0033125
river,2024-06-02,potassium,0.0034500000000000004
river,2024-06-03,potassium,0.0035875
river,2024-06-04,potassium,0.003725
river,2024-06-05,potassium,0.0038625
river,2024-06-06,potassium,0.004
river,2024-06-07,potassium,0.004016666666666667
river,2024-06-08,potassium,0.004033333333333333
river,2024-06-09,potassium,0.00405
river,2024-06-10,potassium,0.004066666666666666
river,2024-06-11,potassium,0.004083333333333333
river,2024-06-12,potassium,0.0040999999999999995
river,2024-06-13,potassium,0.003999999999999999
river,2024-06-14,potassium,0.0039
river,2024-06-15,potassium,0.0038
river,2024-06-16,potassium,0.0036999999999999997
river,2024-06-17,potassium,0.0036
river,2024-06-18,potassium,0.0035
river,2024-06-19,potassium,0.0034
river,2024-06-20,potassium,0.0035
river,2024-06-21,potassium,0.0036000000000000003
river,2024-06-22,potassium,0.0037
river,2024-06-23,potassium,0.0038
river,2024-06-24,potassium,0.0039
river,2024-06-25,potassium,0.004
river,2024-06-26,potassium,0.003925
river,2024-06-27,potassium,0.00385
river,2024-06-28,potassium,0.003775
river,2024-06-29,potassium,0.0037
river,2024-06-30,potassium,0.003625
river,2024-07-01,potassium,0.0035499999999999998
river,2024-07-02,potassium,0.003475
river,2024-07-03,potassium,0.0034
river,2024-07-04,potassium,0.003485714285714286
river,2024-07-05,potassium,0.0035714285714285713
river,2024-07-06,potassium,0.003657142857142857
river,2024-07-07,potassium,0.003742857142857143
river,2024-07-08,potassium,0.003828571428571429
river,2024-07-09,potassium,0.003914285714285714
river,2024-07-10,potassium,0.004
river,2024-07-11,potassium,0.003966666666666667
river,2024-07-12,potassium,0.003933333333333333
river,2024-07-13,potassium,0.0039
river,2024-07-14,potassium,0.0038666666666666667
river,2024-07-15,potassium,0.003833333333333333
river,2024-07-16,potassium,0.0038
river,2024-07-17,potassium,0.0036875000000000002
river,2024-07-18,potassium,0.0035749999999999996
river,2024-07-19,potassium,0.0034625
river,2024-07-20,potassium,0.0033499999999999997
river,2024-07-21,potassium,0.0032375
river,2024-07-22,potassium,0.003125
river,2024-07-23,potassium,0.0030125000000000004
river,2024-07-24,potassium,0.0029
river,2024-07-25,potassium,0.0028714285714285716
river,2024-07-26,potassium,0.002842857142857143
river,2024-07-27,potassium,0.0028142857142857145
river,2024-07-28,potassium,0.0027857142857142855
river,2024-07-29,potassium,0.0027571428571428573
river,2024-07-30,potassium,0.0027285714285714287
river,2024-07-31,potassium,0.0027
river,2024-08-01,potassium,0.0028142857142857145
river,2024-08-02,potassium,0.002928571428571429
river,2024-08-03,potassium,0.0030428571428571427
river,2024-08-04,potassium,0.003157142857142857
river,2024-08-05,potassium,0.0032714285714285714
river,2024-08-06,potassium,0.0033857142857142857
river,2024-08-07,potassium,0.0035
river,2024-08-08,potassium,0.0034285714285714284
river,2024-08-09,potassium,0.003357142857142857
river,2024-08-10,potassium,0.0032857142857142855
river,2024-08-11,potassium,0.0032142857142857147
river,2024-08-12,potassium,0.003142857142857143
river,2024-08-13,potassium,0.0030714285714285717
river,2024-08-14,potassium,0.003
river,2024-08-15,potassium,0.0030714285714285717
river,2024-08-16,potassium,0.003142857142857143
river,2024-08-17,potassium,0.0032142857142857147
river,2024-08-18,potassium,0.0032857142857142855
river,2024-08-19,potassium,0.003357142857142857
river,2024-08-20,potassium,0.0034285714285714284
river,2024-08-21,potassium,0.0035
river,2024-08-22,potassium,0.003514285714285714
river,2024-08-23,potassium,0.0035285714285714287
river,2024-08-24,potassium,0.0035428571428571427
river,2024-08-25,potassium,0.0035571428571428572
river,2024-08-26,potassium,0.0035714285714285718
river,2024-08-27,potassium,0.003585714285714286
river,2024-08-28,potassium,0.0036000000000000003
river,2024-08-29,potassium,0.0036000000000000003
river,2024-08-30,potassium,0.0036000000000000003
river,2024-08-31,potassium,0.0036000000000000003
river,2024-09-01,potassium,0.0036000000000000003
river,2024-09-02,potassium,0.0036000000000000003
river,2024-09-03,potassium,0.0036000000000000003
river,2024-09-04,potassium,0.0036000000000000003
river,2024-09-05,potassium,0.003485714285714286
river,2024-09-06,potassium,0.0033714285714285717
river,2024-09-07,potassium,0.0032571428571428573
river,2024-09-08,potassium,0.003142857142857143
river,2024-09-09,potassium,0.0030285714285714286
river,2024-09-10,potassium,0.0029142857142857143
river,2024-09-11,potassium,0.0028
river,2024-09-12,potassium,0.0028857142857142857
river,2024-09-13,potassium,0.002971428571428571
river,2024-09-14,potassium,0.003057142857142857
river,2024-09-15,potassium,0.003142857142857143
river,2024-09-16,potassium,0.0032285714285714287
river,2024-09-17,potassium,0.003314285714285714
river,2024-09-18,potassium,0.0034
river,2024-09-19,potassium,0.0034333333333333334
river,2024-09-20,potassium,0.003466666666666667
river,2024-09-21,potassium,0.0035
river,2024-09-22,potassium,0.003533333333333333
river,2024-09-23,potassium,0.0035666666666666668
river,2024-09-24,potassium,0.0036000000000000003
river,2024-09-25,potassium,0.0036142857142857144
river,2024-09-26,potassium,0.0036285714285714285
river,2024-09-27,potassium,0.003642857142857143
river,2024-09-28,potassium,0.0036571428571428575
river,2024-09-29,potassium,0.0036714285714285716
river,2024-09-30,potassium,0.003685714285714286
river,2024-10-01,potassium,0.0037
river,2024-10-02,potassium,0.003857142857142857
river,2024-10-03,potassium,0.004014285714285714
river,2024-10-04,potassium,0.004171428571428572
river,2024-10-05,potassium,0.004328571428571428
river,2024-10-06,potassium,0.004485714285714286
river,2024-10-07,potassium,0.004642857142857142
river,2024-10-08,potassium,0.0048
river,2024-10-09,potassium,0.0046375
river,2024-10-10,potassium,0.004475
river,2024-10-11,potassium,0.0043125
river,2024-10-12,potassium,0.00415
river,2024-10-13,potassium,0.0039875
river,2024-10-14,potassium,0.0038250000000000003
river,2024-10-15,potassium,0.0036625
river,2024-10-16,potassium,0.0035
river,2024-10-17,potassium,0.0035
river,2024-10-18,potassium,0.0035
river,2024-10-19,potassium,0.0035
river,2024-10-20,potassium,0.0035
river,2024-10-21,potassium,0.0035
river,2024-10-22,potassium,0.0035
river,2024-10-23,potassium,0.0035
river,2024-10-24,potassium,0.003466666666666667
river,2024-10-25,potassium,0.0034333333333333334
river,2024-10-26,potassium,0.0034
river,2024-10-27,potassium,0.0033666666666666667
river,2024-10-28,potassium,0.003333333333333333
river,2024-10-29,potassium,0.0033
river,2024-10-30,potassium,0.0035125
river,2024-10-31,potassium,0.0037249999999999996
river,2024-11-01,potassium,0.0039375
river,2024-11-02,potassium,0.00415
river,2024-11-03,potassium,0.0043625
river,2024-11-04,potassium,0.004575
river,2024-11-05,potassium,0.0047875
river,2024-11-06,potassium,0.005
river,2024-11-07,potassium,0.004683333333333334
river,2024-11-08,potassium,0.004366666666666667
river,2024-11-09,potassium,0.00405
river,2024-11-10,potassium,0.0037333333333333333
river,2024-11-11,potassium,0.0034166666666666672
river,2024-11-12,potassium,0.0031000000000000003
river,2024-11-13,potassium,0.0031285714285714285
river,2024-11-14,potassium,0.003157142857142857
river,2024-11-15,potassium,0.0031857142857142856
river,2024-11-16,potassium,0.0032142857142857147
river,2024-11-17,potassium,0.003242857142857143
river,2024-11-18,potassium,0.0032714285714285714
river,2024-11-19,potassium,0.0033
river,2024-11-20,potassium,0.003471428571428571
river,2024-11-21,potassium,0.003642857142857143
river,2024-11-22,potassium,0.003814285714285714
river,2024-11-23,potassium,0.003985714285714286
river,2024-11-24,potassium,0.0041571428571428575
river,2024-11-25,potassium,0.004328571428571428
river,2024-11-26,potassium,0.0045000000000000005
river,2024-11-27,potassium,0.0043375
river,2024-11-28,potassium,0.004175
river,2024-11-29,potassium,0.0040125000000000004
river,2024-11-30,potassium,0.00385
river,2024-12-01,potassium,0.0036875000000000002
river,2024-12-02,potassium,0.0035250000000000004
river,2024-12-03,potassium,0.0033625000000000005
river,2024-12-04,potassium,0.0032
river,2024-12-05,potassium,0.003142857142857143
river,2024-12-06,potassium,0.003085714285714286
river,2024-12-07,potassium,0.0030285714285714286
river,2024-12-08,potassium,0.0029714285714285715
river,2024-12-09,potassium,0.0029142857142857143
river,2024-12-10,potassium,0.0028571428571428567
river,2024-12-11,potassium,0.0028
river,2024-12-12,potassium,0.0029166666666666664
river,2024-12-13,potassium,0.003033333333333333
river,2024-12-14,potassium,0.00315
river,2024-12-15,potassium,0.003266666666666667
river,2024-12-16,potassium,0.0033833333333333332
river,2024-12-17,potassium,0.0035
river,2024-12-18,potassium,0.003466666666666667
river,2024-12-19,potassium,0.0034333333333333334
river,2024-12-20,potassium,0.0034
river,2024-12-21,potassium,0.0033666666666666667
river,2024-12-22,potassium,0.0033333333333333335
river,2024-12-23,potassium,0.0033
river,2024-12-24,potassium,0.003266666666666667
river,2024-12-25,potassium,0.0032333333333333333
river,2024-12-26,potassium,0.0032
river,2024-12-27,potassium,0.0031666666666666666
river,2024-12-28,potassium,0.0031333333333333335
river,2024-12-29,potassium,0.0031000000000000003
river,2024-12-30,potassium,0.0030666666666666663
river,2024-12-31,potassium,0.003033333333333333
river,2025-01-01,potassium,0.003
river,2025-01-02,potassium,0.002966666666666667
river,2025-01-03,potassium,0.0029333333333333334
river,2025-01-04,potassium,0.0029
river,2025-01-05,potassium,0.0028666666666666667
river,2025-01-06,potassium,0.002833333333333333
river,2025-01-07,potassium,0.0028
river,2025-01-08,potassium,0.0027857142857142855
river,2025-01-09,potassium,0.0027714285714285714
river,2025-01-10,potassium,0.0027571428571428573
river,2025-01-11,potassium,0.002742857142857143
river,2025-01-12,potassium,0.0027285714285714287
river,2025-01-13,potassium,0.0027142857142857147
river,2025-01-14,potassium,0.0027
river,2025-01-15,potassium,0.0027571428571428573
river,2025-01-16,potassium,0.0028142857142857145
river,2025-01-17,potassium,0.0028714285714285716
river,2025-01-18,potassium,0.002928571428571429
river,2025-01-19,potassium,0.002985714285714286
river,2025-01-20,potassium,0.0030428571428571427
river,2025-01-21,potassium,0.0031000000000000003
river,2025-01-22,potassium,0.0032
river,2025-01-23,potassium,0.0033
river,2025-01-24,potassium,0.0034
river,2025-01-25,potassium,0.0035
river,2025-01-26,potassium,0.0036000000000000003
river,2025-01-27,potassium,0.0036999999999999997
river,2025-01-28,potassium,0.0038
river,2025-01-29,potassium,0.003671428571428571
river,2025-01-30,potassium,0.0035428571428571427
river,2025-01-31,potassium,0.0034142857142857143
river,2025-02-01,potassium,0.0032857142857142855
river,2025-02-02,potassium,0.003157142857142857
river,2025-02-03,potassium,0.0030285714285714286
river,2025-02-04,potassium,0.0029
river,2025-02-05,potassium,0.0029285714285714284
river,2025-02-06,potassium,0.0029571428571428574
river,2025-02-07,potassium,0.002985714285714286
river,2025-02-08,potassium,0.003014285714285714
river,2025-02-09,potassium,0.0030428571428571427
river,2025-02-10,potassium,0.0030714285714285717
river,2025-02-11,potassium,0.0031000000000000003
river,2025-02-12,potassium,0.0030285714285714286
river,2025-02-13,potassium,0.0029571428571428574
river,2025-02-14,potassium,0.0028857142857142857
river,2025-02-15,potassium,0.0028142857142857145
river,2025-02-16,potassium,0.002742857142857143
river,2025-02-17,potassium,0.0026714285714285716
river,2025-02-18,potassium,0.0026000000000000003
river,2025-02-19,potassium,0.002585714285714286
river,2025-02-20,potassium,0.0025714285714285717
river,2025-02-21,potassium,0.0025571428571428572
river,2025-02-22,potassium,0.0025428571428571427
river,2025-02-23,potassium,0.0025285714285714286
river,2025-02-24,potassium,0.002514285714285714
river,2025-02-25,potassium,0.0025
river,2021-03-03,calcium,0.1076
river,2021-03-04,calcium,0.10841666666666666
river,2021-03-05,calcium,0.10923333333333334
river,2021-03-06,calcium,0.11005
river,2021-03-07,calcium,0.11086666666666667
river,2021-03-08,calcium,0.11168333333333334
river,2021-03-09,calcium,0.1125
river,2021-03-10,calcium,0.11147142857142858
river,2021-03-11,calcium,0.11044285714285713
river,2021-03-12,calcium,0.10941428571428571
river,2021-03-13,calcium,0.1083857142857143
river,2021-03-14,calcium,0.10735714285714286
river,2021-03-15,calcium,0.10632857142857143
river,2021-03-16,calcium,0.1053
river,2021-03-17,calcium,0.105875
river,2021-03-18,calcium,0.10645
river,2021-03-19,calcium,0.10702500000000001
river,2021-03-20,calcium,0.1076
river,2021-03-21,calcium,0.108175
river,2021-03-22,calcium,0.10875
river,2021-03-23,calcium,0.109325
river,2021-03-24,calcium,0.10990000000000001
river,2021-03-25,calcium,0.10902500000000001
river,2021-03-26,calcium,0.10815000000000001
river,2021-03-27,calcium,0.10727500000000001
river,2021-03-28,calcium,0.10640000000000001
river,2021-03-29,calcium,0.10552500000000001
river,2021-03-30,calcium,0.10465
river,2021-03-31,calcium,0.103775
river,2021-04-01,calcium,0.1029
river,2021-04-02,calcium,0.10344
river,2021-04-03,calcium,0.10398
river,2021-04-04,calcium,0.10452
river,2021-04-05,calcium,0.10506
river,2021-04-06,calcium,0.1056
river,2021-04-07,calcium,0.1055125
river,2021-04-08,calcium,0.105425
river,2021-04-09,calcium,0.10533750000000001
river,2021-04-10,calcium,0.10525
river,2021-04-11,calcium,0.10516249999999999
river,2021-04-12,calcium,0.105075
river,2021-04-13,calcium,0.10498750000000001
river,2021-04-14,calcium,0.10490000000000001
river,2021-04-15,calcium,0.10313333333333334
river,2021-04-16,calcium,0.10136666666666667
river,2021-04-17,calcium,0.0996
river,2021-04-18,calcium,0.09783333333333333
river,2021-04-19,calcium,0.09606666666666666
river,2021-04-20,calcium,0.0943
river,2021-04-21,calcium,0.09625714285714286
river,2021-04-22,calcium,0.09821428571428571
river,2021-04-23,calcium,0.10017142857142856
river,2021-04-24,calcium,0.10212857142857143
river,2021-04-25,calcium,0.1040857142857143
river,2021-04-26,calcium,0.10604285714285715
river,2021-04-27,calcium,0.108
river,2021-04-28,calcium,0.10852500000000001
river,2021-04-29,calcium,0.10905
river,2021-04-30,calcium,0.109575
river,2021-05-01,calcium,0.1101
river,2021-05-02,calcium,0.110625
river,2021-05-03,calcium,0.11115000000000001
river,2021-05-04,calcium,0.111675
river,2021-05-05,calcium,0.11220000000000001
river,2021-05-06,calcium,0.11246666666666667
river,2021-05-07,calcium,0.11273333333333334
river,2021-05-08,calcium,0.113
river,2021-05-09,calcium,0.11326666666666667
river,2021-05-10,calcium,0.11353333333333333
river,2021-05-11,calcium,0.1138
river,2021-05-12,calcium,0.11215714285714286
river,2021-05-13,calcium,0.1105142857142857
river,2021-05-14,calcium,0.10887142857142856
river,2021-05-15,calcium,0.10722857142857142
river,2021-05-16,calcium,0.1055857142857143
river,2021-05-17,calcium,0.10394285714285714
river,2021-05-18,calcium,0.1023
river,2021-05-19,calcium,0.1015
river,2021-05-20,calcium,0.10070000000000001
river,2021-05-21,calcium,0.0999
river,2021-05-22,calcium,0.0991
river,2021-05-23,calcium,0.0983
river,2021-05-24,calcium,0.0975
river,2021-05-25,calcium,0.09670000000000001
river,2021-05-26,calcium,0.09590000000000001
river,2021-05-27,calcium,0.09661666666666667
river,2021-05-28,calcium,0.09733333333333334
river,2021-05-29,calcium,0.09805000000000001
river,2021-05-30,calcium,0.09876666666666667
river,2021-05-31,calcium,0.09948333333333334
river,2021-06-01,calcium,0.10020000000000001
river,2021-06-02,calcium,0.10012857142857144
river,2021-06-03,calcium,0.10005714285714287
river,2021-06-04,calcium,0.0999857142857143
river,2021-06-05,calcium,0.09991428571428572
river,2021-06-06,calcium,0.09984285714285715
river,2021-06-07,calcium,0.09977142857142858
river,2021-06-08,calcium,0.09970000000000001
river,2021-06-09,calcium,0.0998
river,2021-06-10,calcium,0.0999
river,2021-06-11,calcium,0.1
river,2021-06-12,calcium,0.10010000000000001
river,2021-06-13,calcium,0.10020000000000001
river,2021-06-14,calcium,0.10030000000000001
river,2021-06-15,calcium,0.1004
river,2021-06-16,calcium,0.10041428571428573
river,2021-06-17,calcium,0.10042857142857144
river,2021-06-18,calcium,0.10044285714285715
river,2021-06-19,calcium,0.10045714285714286
river,2021-06-20,calcium,0.10047142857142857
river,2021-06-21,calcium,0.10048571428571429
river,2021-06-22,calcium,0.1005
river,2021-06-23,calcium,0.10038571428571429
river,2021-06-24,calcium,0.10027142857142858
river,2021-06-25,calcium,0.10015714285714286
river,2021-06-26,calcium,0.10004285714285714
river,2021-06-27,calcium,0.09992857142857144
river,2021-06-28,calcium,0.09981428571428572
river,2021-06-29,calcium,0.09970000000000001
river,2021-06-30,calcium,0.09832857142857143
river,2021-07-01,calcium,0.09695714285714285
river,2021-07-02,calcium,0.09558571428571429
river,2021-07-03,calcium,0.09421428571428571
river,2021-07-04,calcium,0.09284285714285714
river,2021-07-05,calcium,0.09147142857142856
river,2021-07-06,calcium,0.0901
river,2021-07-07,calcium,0.09158571428571427
river,2021-07-08,calcium,0.09307142857142857
river,2021-07-09,calcium,0.09455714285714285
river,2021-07-10,calcium,0.09604285714285715
river,2021-07-11,calcium,0.09752857142857142
river,2021-07-12,calcium,0.09901428571428571
river,2021-07-13,calcium,0.1005
river,2021-07-14,calcium,0.10014285714285714
river,2021-07-15,calcium,0.0997857142857143
river,2021-07-16,calcium,0.09942857142857144
river,2021-07-17,calcium,0.09907142857142857
river,2021-07-18,calcium,0.09871428571428571
river,2021-07-19,calcium,0.09835714285714287
river,2021-07-20,calcium,0.098
river,2021-07-21,calcium,0.09747142857142858
river,2021-07-22,calcium,0.09694285714285714
river,2021-07-23,calcium,0.09641428571428572
river,2021-07-24,calcium,0.09588571428571428
river,2021-07-25,calcium,0.09535714285714286
river,2021-07-26,calcium,0.09482857142857143
river,2021-07-27,calcium,0.0943
river,2021-07-28,calcium,0.0939875
river,2021-07-29,calcium,0.093675
river,2021-07-30,calcium,0.0933625
river,2021-07-31,calcium,0.09305
river,2021-08-01,calcium,0.0927375
river,2021-08-02,calcium,0.092425
river,2021-08-03,calcium,0.0921125
river,2021-08-04,calcium,0.09179999999999999
river,2021-08-05,calcium,0.09123333333333333
river,2021-08-06,calcium,0.09066666666666667
river,2021-08-07,calcium,0.0901
river,2021-08-08,calcium,0.08953333333333334
river,2021-08-09,calcium,0.08896666666666667
river,2021-08-10,calcium,0.0884
river,2021-08-11,calcium,0.09142857142857143
river,2021-08-12,calcium,0.09445714285714285
river,2021-08-13,calcium,0.0974857142857143
river,2021-08-14,calcium,0.10051428571428572
river,2021-08-15,calcium,0.10354285714285714
river,2021-08-16,calcium,0.10657142857142857
river,2021-08-17,calcium,0.1096
river,2021-08-18,calcium,0.1069
river,2021-08-19,calcium,0.1042
river,2021-08-20,calcium,0.1015
river,2021-08-21,calcium,0.0988
river,2021-08-22,calcium,0.09609999999999999
river,2021-08-23,calcium,0.09340000000000001
river,2021-08-24,calcium,0.0907
river,2021-08-25,calcium,0.09184444444444445
river,2021-08-26,calcium,0.0929888888888889
river,2021-08-27,calcium,0.09413333333333335
river,2021-08-28,calcium,0.0952777777777778
river,2021-08-29,calcium,0.09642222222222221
river,2021-08-30,calcium,0.09756666666666666
river,2021-08-31,calcium,0.09871111111111111
river,2021-09-01,calcium,0.09985555555555556
river,2021-09-02,calcium,0.101
river,2021-09-03,calcium,0.09948000000000001
river,2021-09-04,calcium,0.09796
river,2021-09-05,calcium,0.09644
river,2021-09-06,calcium,0.09492
river,2021-09-07,calcium,0.09340000000000001
river,2021-09-08,calcium,0.09380000000000001
river,2021-09-09,calcium,0.0942
river,2021-09-10,calcium,0.09459999999999999
river,2021-09-11,calcium,0.095
river,2021-09-12,calcium,0.09540000000000001
river,2021-09-13,calcium,0.0958
river,2021-09-14,calcium,0.0962
river,2021-09-15,calcium,0.09659999999999999
river,2021-09-16,calcium,0.09612857142857142
river,2021-09-17,calcium,0.09565714285714286
river,2021-09-18,calcium,0.09518571428571429
river,2021-09-19,calcium,0.09471428571428571
river,2021-09-20,calcium,0.09424285714285713
river,2021-09-21,calcium,0.09377142857142858
river,2021-09-22,calcium,0.0933
river,2021-09-23,calcium,0.09448571428571428
river,2021-09-24,calcium,0.09567142857142856
river,2021-09-25,calcium,0.09685714285714285
river,2021-09-26,calcium,0.09804285714285714
river,2021-09-27,calcium,0.09922857142857143
river,2021-09-28,calcium,0.10041428571428572
river,2021-09-29,calcium,0.1016
river,2021-09-30,calcium,0.10189999999999999
river,2021-10-01,calcium,0.1022
river,2021-10-02,calcium,0.10250000000000001
river,2021-10-03,calcium,0.1028
river,2021-10-04,calcium,0.10310000000000001
river,2021-10-05,calcium,0.1034
river,2021-10-06,calcium,0.1043125
river,2021-10-07,calcium,0.10522500000000001
river,2021-10-08,calcium,0.10613750000000001
river,2021-10-09,calcium,0.10705000000000002
river,2021-10-10,calcium,0.1079625
river,2021-10-11,calcium,0.108875
river,2021-10-12,calcium,0.10978750000000001
river,2021-10-13,calcium,0.1107
river,2021-10-14,calcium,0.11021428571428572
river,2021-10-15,calcium,0.10972857142857143
river,2021-10-16,calcium,0.10924285714285716
river,2021-10-17,calcium,0.10875714285714286
river,2021-10-18,calcium,0.10827142857142857
river,2021-10-19,calcium,0.10778571428571428
river,2021-10-20,calcium,0.10729999999999999
river,2021-10-21,calcium,0.1080142857142857
river,2021-10-22,calcium,0.10872857142857142
river,2021-10-23,calcium,0.10944285714285713
river,2021-10-24,calcium,0.11015714285714286
river,2021-10-25,calcium,0.11087142857142857
river,2021-10-26,calcium,0.11158571428571429
river,2021-10-27,calcium,0.1123
river,2021-10-28,calcium,0.11077142857142858
river,2021-10-29,calcium,0.10924285714285714
river,2021-10-30,calcium,0.1077142857142857
river,2021-10-31,calcium,0.10618571428571429
river,2021-11-01,calcium,0.10465714285714287
river,2021-11-02,calcium,0.10312857142857142
river,2021-11-03,calcium,0.1016
river,2021-11-04,calcium,0.10147142857142856
river,2021-11-05,calcium,0.10134285714285714
river,2021-11-06,calcium,0.10121428571428571
river,2021-11-07,calcium,0.10108571428571429
river,2021-11-08,calcium,0.10095714285714286
river,2021-11-09,calcium,0.10082857142857143
river,2021-11-10,calcium,0.10070000000000001
river,2021-11-11,calcium,0.10112857142857143
river,2021-11-12,calcium,0.10155714285714286
river,2021-11-13,calcium,0.10198571428571429
river,2021-11-14,calcium,0.10241428571428571
river,2021-11-15,calcium,0.10284285714285714
river,2021-11-16,calcium,0.10327142857142857
river,2021-11-17,calcium,0.1037
river,2021-11-18,calcium,0.10311428571428571
river,2021-11-19,calcium,0.10252857142857143
river,2021-11-20,calcium,0.10194285714285714
river,2021-11-21,calcium,0.10135714285714287
river,2021-11-22,calcium,0.10077142857142858
river,2021-11-23,calcium,0.10018571428571428
river,2021-11-24,calcium,0.0996
river,2021-11-25,calcium,0.10021428571428571
river,2021-11-26,calcium,0.10082857142857142
river,2021-11-27,calcium,0.10144285714285714
river,2021-11-28,calcium,0.10205714285714286
river,2021-11-29,calcium,0.10267142857142858
river,2021-11-30,calcium,0.1032857142857143
river,2021-12-01,calcium,0.1039
river,2021-12-02,calcium,0.10242857142857144
river,2021-12-03,calcium,0.10095714285714286
river,2021-12-04,calcium,0.09948571428571429
river,2021-12-05,calcium,0.09801428571428572
river,2021-12-06,calcium,0.09654285714285715
river,2021-12-07,calcium,0.09507142857142857
river,2021-12-08,calcium,0.0936
river,2021-12-09,calcium,0.0964
river,2021-12-10,calcium,0.0992
river,2021-12-11,calcium,0.10200000000000001
river,2021-12-12,calcium,0.1048
river,2021-12-13,calcium,0.1076
river,2021-12-14,calcium,0.11040000000000001
river,2021-12-15,calcium,0.11320000000000001
river,2021-12-16,calcium,0.116
river,2021-12-17,calcium,0.115955
river,2021-12-18,calcium,0.11591
river,2021-12-19,calcium,0.115865
river,2021-12-20,calcium,0.11581999999999999
river,2021-12-21,calcium,0.115775
river,2021-12-22,calcium,0.11573
river,2021-12-23,calcium,0.11568500000000001
river,2021-12-24,calcium,0.11564
river,2021-12-25,calcium,0.115595
river,2021-12-26,calcium,0.11555
river,2021-12-27,calcium,0.115505
river,2021-12-28,calcium,0.11546
river,2021-12-29,calcium,0.11541499999999999
river,2021-12-30,calcium,0.11536999999999999
river,2021-12-31,calcium,0.115325
river,2022-01-01,calcium,0.11528000000000001
river,2022-01-02,calcium,0.115235
river,2022-01-03,calcium,0.11519
river,2022-01-04,calcium,0.115145
river,2022-01-05,calcium,0.1151
river,2022-01-06,calcium,0.11474285714285713
river,2022-01-07,calcium,0.11438571428571429
river,2022-01-08,calcium,0.11402857142857142
river,2022-01-09,calcium,0.11367142857142856
river,2022-01-10,calcium,0.1133142857142857
river,2022-01-11,calcium,0.11295714285714285
river,2022-01-12,calcium,0.11259999999999999
river,2022-01-13,calcium,0.11041428571428571
river,2022-01-14,calcium,0.10822857142857142
river,2022-01-15,calcium,0.10604285714285715
river,2022-01-16,calcium,0.10385714285714284
river,2022-01-17,calcium,0.10167142857142857
river,2022-01-18,calcium,0.09948571428571429
river,2022-01-19,calcium,0.0973
river,2022-01-20,calcium,0.09788571428571428
river,2022-01-21,calcium,0.09847142857142857
river,2022-01-22,calcium,0.09905714285714287
river,2022-01-23,calcium,0.09964285714285714
river,2022-01-24,calcium,0.10022857142857143
river,2022-01-25,calcium,0.10081428571428572
river,2022-01-26,calcium,0.1014
river,2022-01-27,calcium,0.1022857142857143
river,2022-01-28,calcium,0.10317142857142858
river,2022-01-29,calcium,0.10405714285714286
river,2022-01-30,calcium,0.10494285714285714
river,2022-01-31,calcium,0.10582857142857142
river,2022-02-01,calcium,0.1067142857142857
river,2022-02-02,calcium,0.1076
river,2022-02-03,calcium,0.10811428571428572
river,2022-02-04,calcium,0.10862857142857142
river,2022-02-05,calcium,0.10914285714285714
river,2022-02-06,calcium,0.10965714285714286
river,2022-02-07,calcium,0.11017142857142859
river,2022-02-08,calcium,0.11068571428571429
river,2022-02-09,calcium,0.11120000000000001
river,2022-02-10,calcium,0.11164285714285714
river,2022-02-11,calcium,0.11208571428571429
river,2022-02-12,calcium,0.11252857142857142
river,2022-02-13,calcium,0.11297142857142858
river,2022-02-14,calcium,0.11341428571428572
river,2022-02-15,calcium,0.11385714285714287
river,2022-02-16,calcium,0.1143
river,2022-02-17,calcium,0.11252857142857142
river,2022-02-18,calcium,0.11075714285714286
river,2022-02-19,calcium,0.10898571428571428
river,2022-02-20,calcium,0.10721428571428572
river,2022-02-21,calcium,0.10544285714285716
river,2022-02-22,calcium,0.10367142857142858
river,2022-02-23,calcium,0.1019
river,2022-02-24,calcium,0.10134285714285714
river,2022-02-25,calcium,0.1007857142857143
river,2022-02-26,calcium,0.10022857142857143
river,2022-02-27,calcium,0.09967142857142858
river,2022-02-28,calcium,0.09911428571428571
river,2022-03-01,calcium,0.09855714285714287
river,2022-03-02,calcium,0.098
river,2022-03-03,calcium,0.0999
river,2022-03-04,calcium,0.1018
river,2022-03-05,calcium,0.1037
river,2022-03-06,calcium,0.1056
river,2022-03-07,calcium,0.1075
river,2022-03-08,calcium,0.10940000000000001
river,2022-03-09,calcium,0.1113
river,2022-03-10,calcium,0.11042857142857143
river,2022-03-11,calcium,0.10955714285714285
river,2022-03-12,calcium,0.10868571428571429
river,2022-03-13,calcium,0.10781428571428572
river,2022-03-14,calcium,0.10694285714285716
river,2022-03-15,calcium,0.10607142857142857
river,2022-03-16,calcium,0.1052
river,2022-03-17,calcium,0.10374285714285715
river,2022-03-18,calcium,0.1022857142857143
river,2022-03-19,calcium,0.10082857142857143
river,2022-03-20,calcium,0.09937142857142857
river,2022-03-21,calcium,0.09791428571428572
river,2022-03-22,calcium,0.09645714285714285
river,2022-03-23,calcium,0.095
river,2022-03-24,calcium,0.09405
river,2022-03-25,calcium,0.0931
river,2022-03-26,calcium,0.09215000000000001
river,2022-03-27,calcium,0.0912
river,2022-03-28,calcium,0.09025
river,2022-03-29,calcium,0.0893
river,2022-03-30,calcium,0.08835
river,2022-03-31,calcium,0.0874
river,2022-04-01,calcium,0.08645
river,2022-04-02,calcium,0.0855
river,2022-04-03,calcium,0.08455
river,2022-04-04,calcium,0.0836
river,2022-04-05,calcium,0.08265
river,2022-04-06,calcium,0.08170000000000001
river,2022-04-07,calcium,0.08484285714285714
river,2022-04-08,calcium,0.08798571428571429
river,2022-04-09,calcium,0.09112857142857143
river,2022-04-10,calcium,0.09427142857142858
river,2022-04-11,calcium,0.09741428571428572
river,2022-04-12,calcium,0.10055714285714287
river,2022-04-13,calcium,0.1037
river,2022-04-14,calcium,0.1029875
river,2022-04-15,calcium,0.102275
river,2022-04-16,calcium,0.1015625
river,2022-04-17,calcium,0.10085
river,2022-04-18,calcium,0.1001375
river,2022-04-19,calcium,0.099425
river,2022-04-20,calcium,0.09871250000000001
river,2022-04-21,calcium,0.098
river,2022-04-22,calcium,0.09796666666666667
river,2022-04-23,calcium,0.09793333333333334
river,2022-04-24,calcium,0.0979
river,2022-04-25,calcium,0.09786666666666666
river,2022-04-26,calcium,0.09783333333333333
river,2022-04-27,calcium,0.0978
river,2022-04-28,calcium,0.09771428571428571
river,2022-04-29,calcium,0.09762857142857144
river,2022-04-30,calcium,0.09754285714285715
river,2022-05-01,calcium,0.09745714285714285
river,2022-05-02,calcium,0.09737142857142857
river,2022-05-03,calcium,0.0972857142857143
river,2022-05-04,calcium,0.09720000000000001
river,2022-05-05,calcium,0.09767142857142858
river,2022-05-06,calcium,0.09814285714285714
river,2022-05-07,calcium,0.09861428571428571
river,2022-05-08,calcium,0.09908571428571429
river,2022-05-09,calcium,0.09955714285714287
river,2022-05-10,calcium,0.10002857142857143
river,2022-05-11,calcium,0.1005
river,2022-05-12,calcium,0.10081428571428572
river,2022-05-13,calcium,0.10112857142857143
river,2022-05-14,calcium,0.10144285714285715
river,2022-05-15,calcium,0.10175714285714285
river,2022-05-16,calcium,0.10207142857142858
river,2022-05-17,calcium,0.10238571428571429
river,2022-05-18,calcium,0.1027
river,2022-05-19,calcium,0.10135000000000001
river,2022-05-20,calcium,0.1
river,2022-05-21,calcium,0.09865
river,2022-05-22,calcium,0.09730000000000001
river,2022-05-23,calcium,0.09595000000000001
river,2022-05-24,calcium,0.09460000000000002
river,2022-05-25,calcium,0.09325
river,2022-05-26,calcium,0.09190000000000001
river,2022-05-27,calcium,0.09225714285714287
river,2022-05-28,calcium,0.09261428571428572
river,2022-05-29,calcium,0.09297142857142858
river,2022-05-30,calcium,0.09332857142857144
river,2022-05-31,calcium,0.0936857142857143
river,2022-06-01,calcium,0.09404285714285715
river,2022-06-02,calcium,0.09440000000000001
river,2022-06-03,calcium,0.09305000000000001
river,2022-06-04,calcium,0.0917
river,2022-06-05,calcium,0.09035
river,2022-06-06,calcium,0.089
river,2022-06-07,calcium,0.08765
river,2022-06-08,calcium,0.0863
river,2022-06-09,calcium,0.08735714285714287
river,2022-06-10,calcium,0.08841428571428571
river,2022-06-11,calcium,0.08947142857142858
river,2022-06-12,calcium,0.09052857142857143
river,2022-06-13,calcium,0.09158571428571428
river,2022-06-14,calcium,0.09264285714285714
river,2022-06-15,calcium,0.0937
river,2022-06-16,calcium,0.09367142857142859
river,2022-06-17,calcium,0.09364285714285714
river,2022-06-18,calcium,0.09361428571428572
river,2022-06-19,calcium,0.09358571428571429
river,2022-06-20,calcium,0.09355714285714287
river,2022-06-21,calcium,0.09352857142857143
river,2022-06-22,calcium,0.0935
river,2022-06-23,calcium,0.09397142857142858
river,2022-06-24,calcium,0.09444285714285713
river,2022-06-25,calcium,0.09491428571428571
river,2022-06-26,calcium,0.09538571428571428
river,2022-06-27,calcium,0.09585714285714286
river,2022-06-28,calcium,0.09632857142857143
river,2022-06-29,calcium,0.0968
river,2022-06-30,calcium,0.09728571428571428
river,2022-07-01,calcium,0.09777142857142858
river,2022-07-02,calcium,0.09825714285714285
river,2022-07-03,calcium,0.09874285714285715
river,2022-07-04,calcium,0.09922857142857143
river,2022-07-05,calcium,0.09971428571428573
river,2022-07-06,calcium,0.10020000000000001
river,2022-07-07,calcium,0.09951428571428572
river,2022-07-08,calcium,0.09882857142857143
river,2022-07-09,calcium,0.09814285714285716
river,2022-07-10,calcium,0.09745714285714285
river,2022-07-11,calcium,0.09677142857142858
river,2022-07-12,calcium,0.09608571428571429
river,2022-07-13,calcium,0.09540000000000001
river,2022-07-14,calcium,0.09535
river,2022-07-15,calcium,0.0953
river,2022-07-16,calcium,0.09525
river,2022-07-17,calcium,0.0952
river,2022-07-18,calcium,0.09515
river,2022-07-19,calcium,0.09509999999999999
river,2022-07-20,calcium,0.0951625
river,2022-07-21,calcium,0.09522499999999999
river,2022-07-22,calcium,0.0952875
river,2022-07-23,calcium,0.09534999999999999
river,2022-07-24,calcium,0.0954125
river,2022-07-25,calcium,0.09547499999999999
river,2022-07-26,calcium,0.0955375
river,2022-07-27,calcium,0.09559999999999999
river,2022-07-28,calcium,0.09554285714285715
river,2022-07-29,calcium,0.09548571428571428
river,2022-07-30,calcium,0.09542857142857143
river,2022-07-31,calcium,0.09537142857142857
river,2022-08-01,calcium,0.09531428571428571
river,2022-08-02,calcium,0.09525714285714286
river,2022-08-03,calcium,0.0952
river,2022-08-04,calcium,0.09582857142857144
river,2022-08-05,calcium,0.09645714285714285
river,2022-08-06,calcium,0.09708571428571429
river,2022-08-07,calcium,0.09771428571428571
river,2022-08-08,calcium,0.09834285714285715
river,2022-08-09,calcium,0.09897142857142856
river,2022-08-10,calcium,0.0996
river,2022-08-11,calcium,0.09907142857142857
river,2022-08-12,calcium,0.09854285714285714
river,2022-08-13,calcium,0.09801428571428572
river,2022-08-14,calcium,0.09748571428571429
river,2022-08-15,calcium,0.09695714285714285
river,2022-08-16,calcium,0.09642857142857143
river,2022-08-17,calcium,0.09590000000000001
river,2022-08-18,calcium,0.09462857142857144
river,2022-08-19,calcium,0.09335714285714286
river,2022-08-20,calcium,0.09208571428571428
river,2022-08-21,calcium,0.09081428571428572
river,2022-08-22,calcium,0.08954285714285715
river,2022-08-23,calcium,0.08827142857142857
river,2022-08-24,calcium,0.08700000000000001
river,2022-08-25,calcium,0.08665714285714286
river,2022-08-26,calcium,0.08631428571428572
river,2022-08-27,calcium,0.08597142857142857
river,2022-08-28,calcium,0.08562857142857142
river,2022-08-29,calcium,0.08528571428571428
river,2022-08-30,calcium,0.08494285714285714
river,2022-08-31,calcium,0.0846
river,2022-09-01,calcium,0.08748333333333333
river,2022-09-02,calcium,0.09036666666666666
river,2022-09-03,calcium,0.09325
river,2022-09-04,calcium,0.09613333333333335
river,2022-09-05,calcium,0.09901666666666667
river,2022-09-06,calcium,0.1019
river,2022-09-07,calcium,0.10171250000000001
river,2022-09-08,calcium,0.101525
river,2022-09-09,calcium,0.10133750000000001
river,2022-09-10,calcium,0.10115
river,2022-09-11,calcium,0.10096250000000001
river,2022-09-12,calcium,0.100775
river,2022-09-13,calcium,0.10058750000000001
river,2022-09-14,calcium,0.1004
river,2022-09-15,calcium,0.1009857142857143
river,2022-09-16,calcium,0.10157142857142858
river,2022-09-17,calcium,0.10215714285714286
river,2022-09-18,calcium,0.10274285714285715
river,2022-09-19,calcium,0.10332857142857144
river,2022-09-20,calcium,0.10391428571428571
river,2022-09-21,calcium,0.1045
river,2022-09-22,calcium,0.10397142857142858
river,2022-09-23,calcium,0.10344285714285714
river,2022-09-24,calcium,0.10291428571428571
river,2022-09-25,calcium,0.10238571428571429
river,2022-09-26,calcium,0.10185714285714287
river,2022-09-27,calcium,0.10132857142857142
river,2022-09-28,calcium,0.1008
river,2022-09-29,calcium,0.09965714285714286
river,2022-09-30,calcium,0.09851428571428571
river,2022-10-01,calcium,0.09737142857142857
river,2022-10-02,calcium,0.09622857142857143
river,2022-10-03,calcium,0.09508571428571429
river,2022-10-04,calcium,0.09394285714285713
river,2022-10-05,calcium,0.0928
river,2022-10-06,calcium,0.09414285714285714
river,2022-10-07,calcium,0.09548571428571428
river,2022-10-08,calcium,0.09682857142857143
river,2022-10-09,calcium,0.09817142857142858
river,2022-10-10,calcium,0.09951428571428572
river,2022-10-11,calcium,0.10085714285714287
river,2022-10-12,calcium,0.1022
river,2022-10-13,calcium,0.1014
river,2022-10-14,calcium,0.1006
river,2022-10-15,calcium,0.0998
river,2022-10-16,calcium,0.099
river,2022-10-17,calcium,0.09820000000000001
river,2022-10-18,calcium,0.09739999999999999
river,2022-10-19,calcium,0.09659999999999999
river,2022-10-20,calcium,0.09682857142857143
river,2022-10-21,calcium,0.09705714285714286
river,2022-10-22,calcium,0.09728571428571428
river,2022-10-23,calcium,0.09751428571428572
river,2022-10-24,calcium,0.09774285714285715
river,2022-10-25,calcium,0.09797142857142857
river,2022-10-26,calcium,0.09820000000000001
river,2022-10-27,calcium,0.09817142857142858
river,2022-10-28,calcium,0.09814285714285714
river,2022-10-29,calcium,0.09811428571428571
river,2022-10-30,calcium,0.09808571428571429
river,2022-10-31,calcium,0.09805714285714287
river,2022-11-01,calcium,0.09802857142857142
river,2022-11-02,calcium,0.098
river,2022-11-03,calcium,0.09817142857142858
river,2022-11-04,calcium,0.09834285714285715
river,2022-11-05,calcium,0.09851428571428572
river,2022-11-06,calcium,0.09868571428571428
river,2022-11-07,calcium,0.09885714285714287
river,2022-11-08,calcium,0.09902857142857142
river,2022-11-09,calcium,0.09920000000000001
river,2022-11-10,calcium,0.09988571428571429
river,2022-11-11,calcium,0.10057142857142858
river,2022-11-12,calcium,0.10125714285714285
river,2022-11-13,calcium,0.10194285714285715
river,2022-11-14,calcium,0.10262857142857143
river,2022-11-15,calcium,0.10331428571428572
river,2022-11-16,calcium,0.10400000000000001
river,2022-11-17,calcium,0.10431428571428572
river,2022-11-18,calcium,0.10462857142857143
river,2022-11-19,calcium,0.10494285714285716
river,2022-11-20,calcium,0.10525714285714285
river,2022-11-21,calcium,0.10557142857142857
river,2022-11-22,calcium,0.10588571428571429
river,2022-11-23,calcium,0.1062
river,2022-11-24,calcium,0.10590000000000001
river,2022-11-25,calcium,0.1056
river,2022-11-26,calcium,0.1053
river,2022-11-27,calcium,0.105
river,2022-11-28,calcium,0.1047
river,2022-11-29,calcium,0.10439999999999999
river,2022-11-30,calcium,0.1041
river,2022-12-01,calcium,0.10477142857142857
river,2022-12-02,calcium,0.10544285714285714
river,2022-12-03,calcium,0.10611428571428572
river,2022-12-04,calcium,0.10678571428571428
river,2022-12-05,calcium,0.10745714285714286
river,2022-12-06,calcium,0.10812857142857142
river,2022-12-07,calcium,0.1088
river,2022-12-08,calcium,0.10841428571428571
river,2022-12-09,calcium,0.10802857142857143
river,2022-12-10,calcium,0.10764285714285714
river,2022-12-11,calcium,0.10725714285714286
river,2022-12-12,calcium,0.10687142857142858
river,2022-12-13,calcium,0.10648571428571428
river,2022-12-14,calcium,0.1061
river,2022-12-15,calcium,0.10632857142857143
river,2022-12-16,calcium,0.10655714285714285
river,2022-12-17,calcium,0.10678571428571428
river,2022-12-18,calcium,0.10701428571428573
river,2022-12-19,calcium,0.10724285714285715
river,2022-12-20,calcium,0.10747142857142858
river,2022-12-21,calcium,0.1077
river,2022-12-22,calcium,0.10780714285714287
river,2022-12-23,calcium,0.10791428571428571
river,2022-12-24,calcium,0.10802142857142857
river,2022-12-25,calcium,0.10812857142857143
river,2022-12-26,calcium,0.1082357142857143
river,2022-12-27,calcium,0.10834285714285714
river,2022-12-28,calcium,0.10845
river,2022-12-29,calcium,0.10855714285714287
river,2022-12-30,calcium,0.10866428571428571
river,2022-12-31,calcium,0.10877142857142857
river,2023-01-01,calcium,0.10887857142857144
river,2023-01-02,calcium,0.1089857142857143
river,2023-01-03,calcium,0.10909285714285714
river,2023-01-04,calcium,0.1092
river,2023-01-05,calcium,0.109
river,2023-01-06,calcium,0.1088
river,2023-01-07,calcium,0.1086
river,2023-01-08,calcium,0.10840000000000001
river,2023-01-09,calcium,0.1082
river,2023-01-10,calcium,0.108
river,2023-01-11,calcium,0.10779999999999999
river,2023-01-12,calcium,0.10718571428571429
river,2023-01-13,calcium,0.10657142857142857
river,2023-01-14,calcium,0.10595714285714286
river,2023-01-15,calcium,0.10534285714285714
river,2023-01-16,calcium,0.10472857142857143
river,2023-01-17,calcium,0.10411428571428571
river,2023-01-18,calcium,0.10350000000000001
river,2023-01-19,calcium,0.1043
river,2023-01-20,calcium,0.1051
river,2023-01-21,calcium,0.1059
river,2023-01-22,calcium,0.1067
river,2023-01-23,calcium,0.1075
river,2023-01-24,calcium,0.1083
river,2023-01-25,calcium,0.1091
river,2023-01-26,calcium,0.10965714285714286
river,2023-01-27,calcium,0.11021428571428571
river,2023-01-28,calcium,0.11077142857142858
river,2023-01-29,calcium,0.11132857142857143
river,2023-01-30,calcium,0.11188571428571428
river,2023-01-31,calcium,0.11244285714285714
river,2023-02-01,calcium,0.113
river,2023-02-02,calcium,0.11285714285714286
river,2023-02-03,calcium,0.11271428571428571
river,2023-02-04,calcium,0.11257142857142857
river,2023-02-05,calcium,0.11242857142857143
river,2023-02-06,calcium,0.1122857142857143
river,2023-02-07,calcium,0.11214285714285714
river,2023-02-08,calcium,0.112
river,2023-02-09,calcium,0.11178333333333333
river,2023-02-10,calcium,0.11156666666666666
river,2023-02-11,calcium,0.11134999999999999
river,2023-02-12,calcium,0.11113333333333335
river,2023-02-13,calcium,0.11091666666666668
river,2023-02-14,calcium,0.1107
river,2023-02-15,calcium,0.1104625
river,2023-02-16,calcium,0.110225
river,2023-02-17,calcium,0.1099875
river,2023-02-18,calcium,0.10975
river,2023-02-19,calcium,0.1095125
river,2023-02-20,calcium,0.10927500000000001
river,2023-02-21,calcium,0.1090375
river,2023-02-22,calcium,0.1088
river,2023-02-23,calcium,0.10937142857142856
river,2023-02-24,calcium,0.10994285714285713
river,2023-02-25,calcium,0.1105142857142857
river,2023-02-26,calcium,0.11108571428571429
river,2023-02-27,calcium,0.11165714285714286
river,2023-02-28,calcium,0.11222857142857143
river,2023-03-01,calcium,0.1128
river,2023-03-02,calcium,0.11298571428571429
river,2023-03-03,calcium,0.11317142857142856
river,2023-03-04,calcium,0.11335714285714285
river,2023-03-05,calcium,0.11354285714285715
river,2023-03-06,calcium,0.11372857142857143
river,2023-03-07,calcium,0.11391428571428572
river,2023-03-08,calcium,0.1141
river,2023-03-09,calcium,0.11377142857142858
river,2023-03-10,calcium,0.11344285714285714
river,2023-03-11,calcium,0.11311428571428572
river,2023-03-12,calcium,0.11278571428571428
river,2023-03-13,calcium,0.11245714285714285
river,2023-03-14,calcium,0.11212857142857142
river,2023-03-15,calcium,0.1118
river,2023-03-16,calcium,0.11131428571428571
river,2023-03-17,calcium,0.11082857142857143
river,2023-03-18,calcium,0.11034285714285715
river,2023-03-19,calcium,0.10985714285714286
river,2023-03-20,calcium,0.10937142857142858
river,2023-03-21,calcium,0.1088857142857143
river,2023-03-22,calcium,0.10840000000000001
river,2023-03-23,calcium,0.10817142857142859
river,2023-03-24,calcium,0.10794285714285715
river,2023-03-25,calcium,0.10771428571428572
river,2023-03-26,calcium,0.10748571428571428
river,2023-03-27,calcium,0.10725714285714286
river,2023-03-28,calcium,0.10702857142857143
river,2023-03-29,calcium,0.1068
river,2023-03-30,calcium,0.10668571428571429
river,2023-03-31,calcium,0.10657142857142857
river,2023-04-01,calcium,0.10645714285714286
river,2023-04-02,calcium,0.10634285714285714
river,2023-04-03,calcium,0.10622857142857144
river,2023-04-04,calcium,0.10611428571428572
river,2023-04-05,calcium,0.106
river,2023-04-06,calcium,0.10621666666666667
river,2023-04-07,calcium,0.10643333333333334
river,2023-04-08,calcium,0.10665000000000001
river,2023-04-09,calcium,0.10686666666666667
river,2023-04-10,calcium,0.10708333333333334
river,2023-04-11,calcium,0.10729999999999999
river,2023-04-12,calcium,0.1069125
river,2023-04-13,calcium,0.10652500000000001
river,2023-04-14,calcium,0.10613750000000001
river,2023-04-15,calcium,0.10575
river,2023-04-16,calcium,0.1053625
river,2023-04-17,calcium,0.104975
river,2023-04-18,calcium,0.10458750000000001
river,2023-04-19,calcium,0.1042
river,2023-04-20,calcium,0.10377142857142857
river,2023-04-21,calcium,0.10334285714285714
river,2023-04-22,calcium,0.10291428571428571
river,2023-04-23,calcium,0.10248571428571429
river,2023-04-24,calcium,0.10205714285714286
river,2023-04-25,calcium,0.10162857142857143
river,2023-04-26,calcium,0.1012
river,2023-04-27,calcium,0.10167142857142858
river,2023-04-28,calcium,0.10214285714285715
river,2023-04-29,calcium,0.10261428571428571
river,2023-04-30,calcium,0.1030857142857143
river,2023-05-01,calcium,0.10355714285714286
river,2023-05-02,calcium,0.10402857142857143
river,2023-05-03,calcium,0.1045
river,2023-05-04,calcium,0.10373333333333333
river,2023-05-05,calcium,0.10296666666666666
river,2023-05-06,calcium,0.1022
river,2023-05-07,calcium,0.10143333333333333
river,2023-05-08,calcium,0.10066666666666667
river,2023-05-09,calcium,0.0999
river,2023-05-10,calcium,0.09957142857142857
river,2023-05-11,calcium,0.09924285714285715
river,2023-05-12,calcium,0.09891428571428572
river,2023-05-13,calcium,0.09858571428571429
river,2023-05-14,calcium,0.09825714285714285
river,2023-05-15,calcium,0.09792857142857143
river,2023-05-16,calcium,0.09759999999999999
river,2023-05-17,calcium,0.09825
river,2023-05-18,calcium,0.09889999999999999
river,2023-05-19,calcium,0.09955
river,2023-05-20,calcium,0.1002
river,2023-05-21,calcium,0.10085
river,2023-05-22,calcium,0.1015
river,2023-05-23,calcium,0.10214999999999999
river,2023-05-24,calcium,0.1028
river,2023-05-25,calcium,0.10222857142857143
river,2023-05-26,calcium,0.10165714285714286
river,2023-05-27,calcium,0.10108571428571429
river,2023-05-28,calcium,0.10051428571428571
river,2023-05-29,calcium,0.09994285714285714
river,2023-05-30,calcium,0.09937142857142857
river,2023-05-31,calcium,0.0988
river,2023-06-01,calcium,0.09887142857142857
river,2023-06-02,calcium,0.09894285714285714
river,2023-06-03,calcium,0.09901428571428571
river,2023-06-04,calcium,0.09908571428571429
river,2023-06-05,calcium,0.09915714285714286
river,2023-06-06,calcium,0.09922857142857143
river,2023-06-07,calcium,0.0993
river,2023-06-08,calcium,0.09934285714285715
river,2023-06-09,calcium,0.09938571428571429
river,2023-06-10,calcium,0.09942857142857144
river,2023-06-11,calcium,0.09947142857142856
river,2023-06-12,calcium,0.09951428571428571
river,2023-06-13,calcium,0.09955714285714286
river,2023-06-14,calcium,0.0996
river,2023-06-15,calcium,0.09724285714285713
river,2023-06-16,calcium,0.09488571428571428
river,2023-06-17,calcium,0.09252857142857143
river,2023-06-18,calcium,0.09017142857142857
river,2023-06-19,calcium,0.0878142857142857
river,2023-06-20,calcium,0.08545714285714286
river,2023-06-21,calcium,0.0831
river,2023-06-22,calcium,0.0855
river,2023-06-23,calcium,0.08789999999999999
river,2023-06-24,calcium,0.0903
river,2023-06-25,calcium,0.0927
river,2023-06-26,calcium,0.0951
river,2023-06-27,calcium,0.0975
river,2023-06-28,calcium,0.0999
river,2023-06-29,calcium,0.09944285714285715
river,2023-06-30,calcium,0.0989857142857143
river,2023-07-01,calcium,0.09852857142857144
river,2023-07-02,calcium,0.09807142857142857
river,2023-07-03,calcium,0.09761428571428571
river,2023-07-04,calcium,0.09715714285714286
river,2023-07-05,calcium,0.09670000000000001
river,2023-07-06,calcium,0.09677142857142858
river,2023-07-07,calcium,0.09684285714285715
river,2023-07-08,calcium,0.09691428571428572
river,2023-07-09,calcium,0.0969857142857143
river,2023-07-10,calcium,0.09705714285714287
river,2023-07-11,calcium,0.09712857142857144
river,2023-07-12,calcium,0.09720000000000001
river,2023-07-13,calcium,0.0961
river,2023-07-14,calcium,0.095
river,2023-07-15,calcium,0.09390000000000001
river,2023-07-16,calcium,0.0928
river,2023-07-17,calcium,0.0917
river,2023-07-18,calcium,0.0906
river,2023-07-19,calcium,0.0895
river,2023-07-20,calcium,0.09072857142857144
river,2023-07-21,calcium,0.09195714285714286
river,2023-07-22,calcium,0.09318571428571429
river,2023-07-23,calcium,0.09441428571428571
river,2023-07-24,calcium,0.09564285714285714
river,2023-07-25,calcium,0.09687142857142857
river,2023-07-26,calcium,0.09809999999999999
river,2023-07-27,calcium,0.09715714285714286
river,2023-07-28,calcium,0.09621428571428571
river,2023-07-29,calcium,0.09527142857142858
river,2023-07-30,calcium,0.09432857142857143
river,2023-07-31,calcium,0.0933857142857143
river,2023-08-01,calcium,0.09244285714285713
river,2023-08-02,calcium,0.0915
river,2023-08-03,calcium,0.09231428571428572
river,2023-08-04,calcium,0.09312857142857144
river,2023-08-05,calcium,0.09394285714285715
river,2023-08-06,calcium,0.09475714285714286
river,2023-08-07,calcium,0.09557142857142857
river,2023-08-08,calcium,0.09638571428571428
river,2023-08-09,calcium,0.09720000000000001
river,2023-08-10,calcium,0.09764285714285714
river,2023-08-11,calcium,0.09808571428571429
river,2023-08-12,calcium,0.09852857142857142
river,2023-08-13,calcium,0.09897142857142857
river,2023-08-14,calcium,0.09941428571428572
river,2023-08-15,calcium,0.09985714285714287
river,2023-08-16,calcium,0.1003
river,2023-08-17,calcium,0.0991
river,2023-08-18,calcium,0.0979
river,2023-08-19,calcium,0.09670000000000001
river,2023-08-20,calcium,0.0955
river,2023-08-21,calcium,0.0943
river,2023-08-22,calcium,0.09310000000000002
river,2023-08-23,calcium,0.09190000000000001
river,2023-08-24,calcium,0.0923857142857143
river,2023-08-25,calcium,0.09287142857142858
river,2023-08-26,calcium,0.09335714285714286
river,2023-08-27,calcium,0.09384285714285714
river,2023-08-28,calcium,0.09432857142857143
river,2023-08-29,calcium,0.09481428571428571
river,2023-08-30,calcium,0.0953
river,2023-08-31,calcium,0.09584285714285715
river,2023-09-01,calcium,0.09638571428571428
river,2023-09-02,calcium,0.09692857142857143
river,2023-09-03,calcium,0.09747142857142856
river,2023-09-04,calcium,0.0980142857142857
river,2023-09-05,calcium,0.09855714285714286
river,2023-09-06,calcium,0.0991
river,2023-09-07,calcium,0.09821428571428571
river,2023-09-08,calcium,0.09732857142857143
river,2023-09-09,calcium,0.09644285714285714
river,2023-09-10,calcium,0.09555714285714287
river,2023-09-11,calcium,0.09467142857142857
river,2023-09-12,calcium,0.09378571428571429
river,2023-09-13,calcium,0.09290000000000001
river,2023-09-14,calcium,0.09374285714285716
river,2023-09-15,calcium,0.09458571428571429
river,2023-09-16,calcium,0.09542857142857143
river,2023-09-17,calcium,0.09627142857142858
river,2023-09-18,calcium,0.09711428571428572
river,2023-09-19,calcium,0.09795714285714285
river,2023-09-20,calcium,0.0988
river,2023-09-21,calcium,0.0991
river,2023-09-22,calcium,0.09939999999999999
river,2023-09-23,calcium,0.0997
river,2023-09-24,calcium,0.1
river,2023-09-25,calcium,0.1003
river,2023-09-26,calcium,0.1006
river,2023-09-27,calcium,0.10051249999999999
river,2023-09-28,calcium,0.100425
river,2023-09-29,calcium,0.10033750000000001
river,2023-09-30,calcium,0.10025
river,2023-10-01,calcium,0.1001625
river,2023-10-02,calcium,0.10007500000000001
river,2023-10-03,calcium,0.0999875
river,2023-10-04,calcium,0.0999
river,2023-10-05,calcium,0.09958571428571429
river,2023-10-06,calcium,0.09927142857142858
river,2023-10-07,calcium,0.09895714285714285
river,2023-10-08,calcium,0.09864285714285716
river,2023-10-09,calcium,0.09832857142857143
river,2023-10-10,calcium,0.09801428571428572
river,2023-10-11,calcium,0.09770000000000001
river,2023-10-12,calcium,0.0981
river,2023-10-13,calcium,0.0985
river,2023-10-14,calcium,0.0989
river,2023-10-15,calcium,0.0993
river,2023-10-16,calcium,0.09970000000000001
river,2023-10-17,calcium,0.1001
river,2023-10-18,calcium,0.1005
river,2023-10-19,calcium,0.0998
river,2023-10-20,calcium,0.0991
river,2023-10-21,calcium,0.09839999999999999
river,2023-10-22,calcium,0.09770000000000001
river,2023-10-23,calcium,0.097
river,2023-10-24,calcium,0.0963
river,2023-10-25,calcium,0.09559999999999999
river,2023-10-26,calcium,0.09611428571428572
river,2023-10-27,calcium,0.09662857142857142
river,2023-10-28,calcium,0.09714285714285714
river,2023-10-29,calcium,0.09765714285714286
river,2023-10-30,calcium,0.09817142857142858
river,2023-10-31,calcium,0.09868571428571428
river,2023-11-01,calcium,0.09920000000000001
river,2023-11-02,calcium,0.09727142857142858
river,2023-11-03,calcium,0.09534285714285715
river,2023-11-04,calcium,0.09341428571428571
river,2023-11-05,calcium,0.0914857142857143
river,2023-11-06,calcium,0.08955714285714286
river,2023-11-07,calcium,0.08762857142857143
river,2023-11-08,calcium,0.0857
river,2023-11-09,calcium,0.08738571428571429
river,2023-11-10,calcium,0.08907142857142857
river,2023-11-11,calcium,0.09075714285714286
river,2023-11-12,calcium,0.09244285714285715
river,2023-11-13,calcium,0.09412857142857144
river,2023-11-14,calcium,0.09581428571428571
river,2023-11-15,calcium,0.0975
river,2023-11-16,calcium,0.09740000000000001
river,2023-11-17,calcium,0.0973
river,2023-11-18,calcium,0.09720000000000001
river,2023-11-19,calcium,0.09709999999999999
river,2023-11-20,calcium,0.097
river,2023-11-21,calcium,0.0969
river,2023-11-22,calcium,0.0968
river,2023-11-23,calcium,0.09761428571428571
river,2023-11-24,calcium,0.09842857142857143
river,2023-11-25,calcium,0.09924285714285715
river,2023-11-26,calcium,0.10005714285714286
river,2023-11-27,calcium,0.10087142857142857
river,2023-11-28,calcium,0.10168571428571428
river,2023-11-29,calcium,0.10250000000000001
river,2023-11-30,calcium,0.10291428571428571
river,2023-12-01,calcium,0.10332857142857144
river,2023-12-02,calcium,0.10374285714285715
river,2023-12-03,calcium,0.10415714285714286
river,2023-12-04,calcium,0.10457142857142857
river,2023-12-05,calcium,0.1049857142857143
river,2023-12-06,calcium,0.10540000000000001
river,2023-12-07,calcium,0.10460000000000001
river,2023-12-08,calcium,0.1038
river,2023-12-09,calcium,0.10300000000000001
river,2023-12-10,calcium,0.1022
river,2023-12-11,calcium,0.1014
river,2023-12-12,calcium,0.1006
river,2023-12-13,calcium,0.0998
river,2023-12-14,calcium,0.10131666666666667
river,2023-12-15,calcium,0.10283333333333333
river,2023-12-16,calcium,0.10435
river,2023-12-17,calcium,0.10586666666666668
river,2023-12-18,calcium,0.10738333333333334
river,2023-12-19,calcium,0.10890000000000001
river,2023-12-20,calcium,0.10832000000000001
river,2023-12-21,calcium,0.10774000000000002
river,2023-12-22,calcium,0.10716000000000002
river,2023-12-23,calcium,0.10658
river,2023-12-24,calcium,0.106
river,2023-12-25,calcium,0.10542
river,2023-12-26,calcium,0.10484
river,2023-12-27,calcium,0.10426
river,2023-12-28,calcium,0.10368000000000001
river,2023-12-29,calcium,0.10310000000000001
river,2023-12-30,calcium,0.10252000000000001
river,2023-12-31,calcium,0.10194
river,2024-01-01,calcium,0.10136
river,2024-01-02,calcium,0.10078000000000001
river,2024-01-03,calcium,0.10020000000000001
river,2024-01-04,calcium,0.10154285714285714
river,2024-01-05,calcium,0.10288571428571429
river,2024-01-06,calcium,0.10422857142857143
river,2024-01-07,calcium,0.10557142857142857
river,2024-01-08,calcium,0.10691428571428571
river,2024-01-09,calcium,0.10825714285714286
river,2024-01-10,calcium,0.1096
river,2024-01-11,calcium,0.10911666666666667
river,2024-01-12,calcium,0.10863333333333333
river,2024-01-13,calcium,0.10815000000000001
river,2024-01-14,calcium,0.10766666666666667
river,2024-01-15,calcium,0.10718333333333334
river,2024-01-16,calcium,0.1067
river,2024-01-17,calcium,0.1068
river,2024-01-18,calcium,0.10690000000000001
river,2024-01-19,calcium,0.107
river,2024-01-20,calcium,0.1071
river,2024-01-21,calcium,0.1072
river,2024-01-22,calcium,0.10729999999999999
river,2024-01-23,calcium,0.10740000000000001
river,2024-01-24,calcium,0.1075
river,2024-01-25,calcium,0.10704285714285715
river,2024-01-26,calcium,0.1065857142857143
river,2024-01-27,calcium,0.10612857142857143
river,2024-01-28,calcium,0.10567142857142857
river,2024-01-29,calcium,0.1052142857142857
river,2024-01-30,calcium,0.10475714285714285
river,2024-01-31,calcium,0.1043
river,2024-02-01,calcium,0.10527142857142857
river,2024-02-02,calcium,0.10624285714285714
river,2024-02-03,calcium,0.1072142857142857
river,2024-02-04,calcium,0.10818571428571429
river,2024-02-05,calcium,0.10915714285714286
river,2024-02-06,calcium,0.11012857142857142
river,2024-02-07,calcium,0.11109999999999999
river,2024-02-08,calcium,0.1113
river,2024-02-09,calcium,0.1115
river,2024-02-10,calcium,0.11170000000000001
river,2024-02-11,calcium,0.1119
river,2024-02-12,calcium,0.11209999999999999
river,2024-02-13,calcium,0.1123
river,2024-02-14,calcium,0.1125
river,2024-02-15,calcium,0.11251428571428572
river,2024-02-16,calcium,0.11252857142857142
river,2024-02-17,calcium,0.11254285714285715
river,2024-02-18,calcium,0.11255714285714286
river,2024-02-19,calcium,0.11257142857142857
river,2024-02-20,calcium,0.11258571428571428
river,2024-02-21,calcium,0.11259999999999999
river,2024-02-22,calcium,0.11216666666666666
river,2024-02-23,calcium,0.11173333333333334
river,2024-02-24,calcium,0.1113
river,2024-02-25,calcium,0.11086666666666667
river,2024-02-26,calcium,0.11043333333333334
river,2024-02-27,calcium,0.11
river,2024-02-28,calcium,0.1096375
river,2024-02-29,calcium,0.10927500000000001
river,2024-03-01,calcium,0.1089125
river,2024-03-02,calcium,0.10855
river,2024-03-03,calcium,0.1081875
river,2024-03-04,calcium,0.10782499999999999
river,2024-03-05,calcium,0.10746249999999999
river,2024-03-06,calcium,0.1071
river,2024-03-07,calcium,0.10775714285714286
river,2024-03-08,calcium,0.10841428571428571
river,2024-03-09,calcium,0.10907142857142857
river,2024-03-10,calcium,0.10972857142857143
river,2024-03-11,calcium,0.1103857142857143
river,2024-03-12,calcium,0.11104285714285715
river,2024-03-13,calcium,0.11170000000000001
river,2024-03-14,calcium,0.11152857142857142
river,2024-03-15,calcium,0.11135714285714286
river,2024-03-16,calcium,0.11118571428571429
river,2024-03-17,calcium,0.11101428571428572
river,2024-03-18,calcium,0.11084285714285715
river,2024-03-19,calcium,0.11067142857142857
river,2024-03-20,calcium,0.1105
river,2024-03-21,calcium,0.10967142857142859
river,2024-03-22,calcium,0.10884285714285714
river,2024-03-23,calcium,0.10801428571428572
river,2024-03-24,calcium,0.10718571428571429
river,2024-03-25,calcium,0.10635714285714286
river,2024-03-26,calcium,0.10552857142857143
river,2024-03-27,calcium,0.1047
river,2024-03-28,calcium,0.10444285714285716
river,2024-03-29,calcium,0.10418571428571428
river,2024-03-30,calcium,0.10392857142857144
river,2024-03-31,calcium,0.10367142857142858
river,2024-04-01,calcium,0.10341428571428572
river,2024-04-02,calcium,0.10315714285714286
river,2024-04-03,calcium,0.1029
river,2024-04-04,calcium,0.10310000000000001
river,2024-04-05,calcium,0.1033
river,2024-04-06,calcium,0.10350000000000001
river,2024-04-07,calcium,0.1037
river,2024-04-08,calcium,0.1039
river,2024-04-09,calcium,0.1041
river,2024-04-10,calcium,0.1043
river,2024-04-11,calcium,0.10357142857142858
river,2024-04-12,calcium,0.10284285714285714
river,2024-04-13,calcium,0.10211428571428571
river,2024-04-14,calcium,0.10138571428571429
river,2024-04-15,calcium,0.10065714285714286
river,2024-04-16,calcium,0.09992857142857144
river,2024-04-17,calcium,0.09920000000000001
river,2024-04-18,calcium,0.09935714285714287
river,2024-04-19,calcium,0.09951428571428572
river,2024-04-20,calcium,0.09967142857142858
river,2024-04-21,calcium,0.09982857142857142
river,2024-04-22,calcium,0.09998571428571429
river,2024-04-23,calcium,0.10014285714285714
river,2024-04-24,calcium,0.1003
river,2024-04-25,calcium,0.09728571428571428
river,2024-04-26,calcium,0.09427142857142858
river,2024-04-27,calcium,0.09125714285714286
river,2024-04-28,calcium,0.08824285714285715
river,2024-04-29,calcium,0.08522857142857143
river,2024-04-30,calcium,0.08221428571428573
river,2024-05-01,calcium,0.0792
river,2024-05-02,calcium,0.0825
river,2024-05-03,calcium,0.0858
river,2024-05-04,calcium,0.0891
river,2024-05-05,calcium,0.09240000000000001
river,2024-05-06,calcium,0.09570000000000001
river,2024-05-07,calcium,0.099
river,2024-05-08,calcium,0.1023
river,2024-05-09,calcium,0.10271666666666666
river,2024-05-10,calcium,0.10313333333333333
river,2024-05-11,calcium,0.10355
river,2024-05-12,calcium,0.10396666666666667
river,2024-05-13,calcium,0.10438333333333333
river,2024-05-14,calcium,0.1048
river,2024-05-15,calcium,0.10438750000000001
river,2024-05-16,calcium,0.103975
river,2024-05-17,calcium,0.1035625
river,2024-05-18,calcium,0.10315
river,2024-05-19,calcium,0.1027375
river,2024-05-20,calcium,0.102325
river,2024-05-21,calcium,0.1019125
river,2024-05-22,calcium,0.1015
river,2024-05-23,calcium,0.10195714285714286
river,2024-05-24,calcium,0.10241428571428571
river,2024-05-25,calcium,0.10287142857142857
river,2024-05-26,calcium,0.10332857142857144
river,2024-05-27,calcium,0.1037857142857143
river,2024-05-28,calcium,0.10424285714285715
river,2024-05-29,calcium,0.1047
river,2024-05-30,calcium,0.10371250000000001
river,2024-05-31,calcium,0.102725
river,2024-06-01,calcium,0.1017375
river,2024-06-02,calcium,0.10075
river,2024-06-03,calcium,0.0997625
river,2024-06-04,calcium,0.098775
river,2024-06-05,calcium,0.0977875
river,2024-06-06,calcium,0.0968
river,2024-06-07,calcium,0.09681666666666666
river,2024-06-08,calcium,0.09683333333333333
river,2024-06-09,calcium,0.09684999999999999
river,2024-06-10,calcium,0.09686666666666667
river,2024-06-11,calcium,0.09688333333333334
river,2024-06-12,calcium,0.09690000000000001
river,2024-06-13,calcium,0.09854285714285714
river,2024-06-14,calcium,0.1001857142857143
river,2024-06-15,calcium,0.10182857142857143
river,2024-06-16,calcium,0.10347142857142858
river,2024-06-17,calcium,0.10511428571428572
river,2024-06-18,calcium,0.10675714285714287
river,2024-06-19,calcium,0.10840000000000001
river,2024-06-20,calcium,0.10758333333333335
river,2024-06-21,calcium,0.10676666666666666
river,2024-06-22,calcium,0.10595
river,2024-06-23,calcium,0.10513333333333334
river,2024-06-24,calcium,0.10431666666666667
river,2024-06-25,calcium,0.10350000000000001
river,2024-06-26,calcium,0.1032375
river,2024-06-27,calcium,0.102975
river,2024-06-28,calcium,0.10271250000000001
river,2024-06-29,calcium,0.10245
river,2024-06-30,calcium,0.1021875
river,2024-07-01,calcium,0.10192500000000002
river,2024-07-02,calcium,0.10166250000000002
river,2024-07-03,calcium,0.1014
river,2024-07-04,calcium,0.10241428571428572
river,2024-07-05,calcium,0.10342857142857144
river,2024-07-06,calcium,0.10444285714285716
river,2024-07-07,calcium,0.10545714285714286
river,2024-07-08,calcium,0.10647142857142858
river,2024-07-09,calcium,0.1074857142857143
river,2024-07-10,calcium,0.1085
river,2024-07-11,calcium,0.10825
river,2024-07-12,calcium,0.108
river,2024-07-13,calcium,0.10775
river,2024-07-14,calcium,0.1075
river,2024-07-15,calcium,0.10725
river,2024-07-16,calcium,0.107
river,2024-07-17,calcium,0.1066875
river,2024-07-18,calcium,0.106375
river,2024-07-19,calcium,0.1060625
river,2024-07-20,calcium,0.10575
river,2024-07-21,calcium,0.1054375
river,2024-07-22,calcium,0.105125
river,2024-07-23,calcium,0.1048125
river,2024-07-24,calcium,0.1045
river,2024-07-25,calcium,0.10422857142857143
river,2024-07-26,calcium,0.10395714285714286
river,2024-07-27,calcium,0.10368571428571428
river,2024-07-28,calcium,0.10341428571428571
river,2024-07-29,calcium,0.10314285714285715
river,2024-07-30,calcium,0.10287142857142857
river,2024-07-31,calcium,0.1026
river,2024-08-01,calcium,0.10238571428571429
river,2024-08-02,calcium,0.10217142857142857
river,2024-08-03,calcium,0.10195714285714286
river,2024-08-04,calcium,0.10174285714285713
river,2024-08-05,calcium,0.10152857142857143
river,2024-08-06,calcium,0.1013142857142857
river,2024-08-07,calcium,0.1011
river,2024-08-08,calcium,0.10187142857142857
river,2024-08-09,calcium,0.10264285714285715
river,2024-08-10,calcium,0.10341428571428571
river,2024-08-11,calcium,0.10418571428571428
river,2024-08-12,calcium,0.10495714285714286
river,2024-08-13,calcium,0.10572857142857144
river,2024-08-14,calcium,0.1065
river,2024-08-15,calcium,0.10590000000000001
river,2024-08-16,calcium,0.1053
river,2024-08-17,calcium,0.1047
river,2024-08-18,calcium,0.1041
river,2024-08-19,calcium,0.10350000000000001
river,2024-08-20,calcium,0.10289999999999999
river,2024-08-21,calcium,0.1023
river,2024-08-22,calcium,0.10200000000000001
river,2024-08-23,calcium,0.1017
river,2024-08-24,calcium,0.1014
river,2024-08-25,calcium,0.1011
river,2024-08-26,calcium,0.1008
river,2024-08-27,calcium,0.1005
river,2024-08-28,calcium,0.10020000000000001
river,2024-08-29,calcium,0.10144285714285715
river,2024-08-30,calcium,0.10268571428571428
river,2024-08-31,calcium,0.10392857142857144
river,2024-09-01,calcium,0.10517142857142858
river,2024-09-02,calcium,0.10641428571428573
river,2024-09-03,calcium,0.10765714285714285
river,2024-09-04,calcium,0.10890000000000001
river,2024-09-05,calcium,0.10628571428571429
river,2024-09-06,calcium,0.10367142857142858
river,2024-09-07,calcium,0.10105714285714285
river,2024-09-08,calcium,0.09844285714285714
river,2024-09-09,calcium,0.09582857142857143
river,2024-09-10,calcium,0.09321428571428571
river,2024-09-11,calcium,0.0906
river,2024-09-12,calcium,0.09318571428571429
river,2024-09-13,calcium,0.09577142857142858
river,2024-09-14,calcium,0.09835714285714287
river,2024-09-15,calcium,0.10094285714285714
river,2024-09-16,calcium,0.10352857142857143
river,2024-09-17,calcium,0.10611428571428572
river,2024-09-18,calcium,0.1087
river,2024-09-19,calcium,0.1077
river,2024-09-20,calcium,0.1067
river,2024-09-21,calcium,0.1057
river,2024-09-22,calcium,0.1047
river,2024-09-23,calcium,0.1037
river,2024-09-24,calcium,0.1027
river,2024-09-25,calcium,0.10394285714285716
river,2024-09-26,calcium,0.10518571428571429
river,2024-09-27,calcium,0.10642857142857143
river,2024-09-28,calcium,0.10767142857142858
river,2024-09-29,calcium,0.10891428571428573
river,2024-09-30,calcium,0.11015714285714286
river,2024-10-01,calcium,0.11140000000000001
river,2024-10-02,calcium,0.10960000000000002
river,2024-10-03,calcium,0.10779999999999999
river,2024-10-04,calcium,0.106
river,2024-10-05,calcium,0.1042
river,2024-10-06,calcium,0.1024
river,2024-10-07,calcium,0.1006
river,2024-10-08,calcium,0.0988
river,2024-10-09,calcium,0.1006625
river,2024-10-10,calcium,0.102525
river,2024-10-11,calcium,0.10438750000000001
river,2024-10-12,calcium,0.10625
river,2024-10-13,calcium,0.1081125
river,2024-10-14,calcium,0.109975
river,2024-10-15,calcium,0.1118375
river,2024-10-16,calcium,0.11370000000000001
river,2024-10-17,calcium,0.11332857142857145
river,2024-10-18,calcium,0.11295714285714285
river,2024-10-19,calcium,0.11258571428571429
river,2024-10-20,calcium,0.11221428571428571
river,2024-10-21,calcium,0.11184285714285715
river,2024-10-22,calcium,0.11147142857142857
river,2024-10-23,calcium,0.11109999999999999
river,2024-10-24,calcium,0.11206666666666666
river,2024-10-25,calcium,0.11303333333333333
river,2024-10-26,calcium,0.114
river,2024-10-27,calcium,0.11496666666666668
river,2024-10-28,calcium,0.11593333333333333
river,2024-10-29,calcium,0.1169
river,2024-10-30,calcium,0.112125
river,2024-10-31,calcium,0.10735000000000001
river,2024-11-01,calcium,0.102575
river,2024-11-02,calcium,0.09780000000000001
river,2024-11-03,calcium,0.09302500000000001
river,2024-11-04,calcium,0.08825
river,2024-11-05,calcium,0.083475
river,2024-11-06,calcium,0.0787
river,2024-11-07,calcium,0.08413333333333334
river,2024-11-08,calcium,0.08956666666666667
river,2024-11-09,calcium,0.095
river,2024-11-10,calcium,0.10043333333333333
river,2024-11-11,calcium,0.10586666666666668
river,2024-11-12,calcium,0.1113
river,2024-11-13,calcium,0.11198571428571429
river,2024-11-14,calcium,0.11267142857142856
river,2024-11-15,calcium,0.11335714285714285
river,2024-11-16,calcium,0.11404285714285714
river,2024-11-17,calcium,0.11472857142857143
river,2024-11-18,calcium,0.11541428571428572
river,2024-11-19,calcium,0.1161
river,2024-11-20,calcium,0.11055714285714285
river,2024-11-21,calcium,0.10501428571428571
river,2024-11-22,calcium,0.09947142857142856
river,2024-11-23,calcium,0.09392857142857142
river,2024-11-24,calcium,0.08838571428571428
river,2024-11-25,calcium,0.08284285714285715
river,2024-11-26,calcium,0.0773
river,2024-11-27,calcium,0.0806375
river,2024-11-28,calcium,0.083975
river,2024-11-29,calcium,0.0873125
river,2024-11-30,calcium,0.09065000000000001
river,2024-12-01,calcium,0.0939875
river,2024-12-02,calcium,0.09732500000000001
river,2024-12-03,calcium,0.1006625
river,2024-12-04,calcium,0.10400000000000001
river,2024-12-05,calcium,0.10498571428571428
river,2024-12-06,calcium,0.10597142857142858
river,2024-12-07,calcium,0.10695714285714286
river,2024-12-08,calcium,0.10794285714285715
river,2024-12-09,calcium,0.10892857142857143
river,2024-12-10,calcium,0.10991428571428573
river,2024-12-11,calcium,0.11090000000000001
river,2024-12-12,calcium,0.1087
river,2024-12-13,calcium,0.1065
river,2024-12-14,calcium,0.10430000000000002
river,2024-12-15,calcium,0.10210000000000001
river,2024-12-16,calcium,0.0999
river,2024-12-17,calcium,0.09770000000000001
river,2024-12-18,calcium,0.09816666666666668
river,2024-12-19,calcium,0.09863333333333334
river,2024-12-20,calcium,0.09910000000000001
river,2024-12-21,calcium,0.09956666666666666
river,2024-12-22,calcium,0.10003333333333334
river,2024-12-23,calcium,0.1005
river,2024-12-24,calcium,0.10096666666666668
river,2024-12-25,calcium,0.10143333333333333
river,2024-12-26,calcium,0.1019
river,2024-12-27,calcium,0.10236666666666668
river,2024-12-28,calcium,0.10283333333333333
river,2024-12-29,calcium,0.1033
river,2024-12-30,calcium,0.10376666666666667
river,2024-12-31,calcium,0.10423333333333333
river,2025-01-01,calcium,0.1047
river,2025-01-02,calcium,0.10516666666666667
river,2025-01-03,calcium,0.10563333333333334
river,2025-01-04,calcium,0.1061
river,2025-01-05,calcium,0.10656666666666667
river,2025-01-06,calcium,0.10703333333333333
river,2025-01-07,calcium,0.1075
river,2025-01-08,calcium,0.1077
river,2025-01-09,calcium,0.10790000000000001
river,2025-01-10,calcium,0.10810000000000002
river,2025-01-11,calcium,0.1083
river,2025-01-12,calcium,0.1085
river,2025-01-13,calcium,0.1087
river,2025-01-14,calcium,0.10890000000000001
river,2025-01-15,calcium,0.10962857142857144
river,2025-01-16,calcium,0.11035714285714286
river,2025-01-17,calcium,0.11108571428571429
river,2025-01-18,calcium,0.11181428571428571
river,2025-01-19,calcium,0.11254285714285715
river,2025-01-20,calcium,0.11327142857142858
river,2025-01-21,calcium,0.114
river,2025-01-22,calcium,0.10951428571428572
river,2025-01-23,calcium,0.10502857142857143
river,2025-01-24,calcium,0.10054285714285714
river,2025-01-25,calcium,0.09605714285714285
river,2025-01-26,calcium,0.09157142857142857
river,2025-01-27,calcium,0.0870857142857143
river,2025-01-28,calcium,0.08259999999999999
river,2025-01-29,calcium,0.08574285714285713
river,2025-01-30,calcium,0.08888571428571429
river,2025-01-31,calcium,0.09202857142857143
river,2025-02-01,calcium,0.09517142857142856
river,2025-02-02,calcium,0.0983142857142857
river,2025-02-03,calcium,0.10145714285714286
river,2025-02-04,calcium,0.1046
river,2025-02-05,calcium,0.10255714285714285
river,2025-02-06,calcium,0.10051428571428571
river,2025-02-07,calcium,0.09847142857142856
river,2025-02-08,calcium,0.09642857142857143
river,2025-02-09,calcium,0.0943857142857143
river,2025-02-10,calcium,0.09234285714285714
river,2025-02-11,calcium,0.0903
river,2025-02-12,calcium,0.09264285714285714
river,2025-02-13,calcium,0.09498571428571428
river,2025-02-14,calcium,0.09732857142857143
river,2025-02-15,calcium,0.09967142857142858
river,2025-02-16,calcium,0.10201428571428572
river,2025-02-17,calcium,0.10435714285714286
river,2025-02-18,calcium,0.1067
river,2025-02-19,calcium,0.10657142857142857
river,2025-02-20,calcium,0.10644285714285716
river,2025-02-21,calcium,0.10631428571428572
river,2025-02-22,calcium,0.10618571428571429
river,2025-02-23,calcium,0.10605714285714285
river,2025-02-24,calcium,0.10592857142857143
river,2025-02-25,calcium,0.1058
river,2021-03-03,magnesium,0.0045000000000000005
river,2021-03-04,magnesium,0.004533333333333334
river,2021-03-05,magnesium,0.004566666666666667
river,2021-03-06,magnesium,0.0046
river,2021-03-07,magnesium,0.004633333333333334
river,2021-03-08,magnesium,0.004666666666666667
river,2021-03-09,magnesium,0.0047
river,2021-03-10,magnesium,0.004685714285714286
river,2021-03-11,magnesium,0.004671428571428572
river,2021-03-12,magnesium,0.004657142857142858
river,2021-03-13,magnesium,0.004642857142857142
river,2021-03-14,magnesium,0.004628571428571428
river,2021-03-15,magnesium,0.004614285714285714
river,2021-03-16,magnesium,0.0046
river,2021-03-17,magnesium,0.00465
river,2021-03-18,magnesium,0.004699999999999999
river,2021-03-19,magnesium,0.00475
river,2021-03-20,magnesium,0.0048
river,2021-03-21,magnesium,0.00485
river,2021-03-22,magnesium,0.004900000000000001
river,2021-03-23,magnesium,0.00495
river,2021-03-24,magnesium,0.005
river,2021-03-25,magnesium,0.005
river,2021-03-26,magnesium,0.005
river,2021-03-27,magnesium,0.005
river,2021-03-28,magnesium,0.005
river,2021-03-29,magnesium,0.005
river,2021-03-30,magnesium,0.005
river,2021-03-31,magnesium,0.005
river,2021-04-01,magnesium,0.005
river,2021-04-02,magnesium,0.005059999999999999
river,2021-04-03,magnesium,0.00512
river,2021-04-04,magnesium,0.00518
river,2021-04-05,magnesium,0.005240000000000001
river,2021-04-06,magnesium,0.0053
river,2021-04-07,magnesium,0.005274999999999999
river,2021-04-08,magnesium,0.00525
river,2021-04-09,magnesium,0.005225
river,2021-04-10,magnesium,0.0052
river,2021-04-11,magnesium,0.005175
river,2021-04-12,magnesium,0.005149999999999999
river,2021-04-13,magnesium,0.005125
river,2021-04-14,magnesium,0.0050999999999999995
river,2021-04-15,magnesium,0.005083333333333333
river,2021-04-16,magnesium,0.005066666666666666
river,2021-04-17,magnesium,0.00505
river,2021-04-18,magnesium,0.005033333333333333
river,2021-04-19,magnesium,0.005016666666666667
river,2021-04-20,magnesium,0.005
river,2021-04-21,magnesium,0.0050999999999999995
river,2021-04-22,magnesium,0.005200000000000001
river,2021-04-23,magnesium,0.0053
river,2021-04-24,magnesium,0.0054
river,2021-04-25,magnesium,0.0055
river,2021-04-26,magnesium,0.0056
river,2021-04-27,magnesium,0.0057
river,2021-04-28,magnesium,0.0057374999999999995
river,2021-04-29,magnesium,0.005775000000000001
river,2021-04-30,magnesium,0.0058125
river,2021-05-01,magnesium,0.00585
river,2021-05-02,magnesium,0.0058875
river,2021-05-03,magnesium,0.005925
river,2021-05-04,magnesium,0.005962500000000001
river,2021-05-05,magnesium,0.006
river,2021-05-06,magnesium,0.005966666666666667
river,2021-05-07,magnesium,0.005933333333333334
river,2021-05-08,magnesium,0.005900000000000001
river,2021-05-09,magnesium,0.005866666666666667
river,2021-05-10,magnesium,0.005833333333333333
river,2021-05-11,magnesium,0.0058
river,2021-05-12,magnesium,0.0057
river,2021-05-13,magnesium,0.0056
river,2021-05-14,magnesium,0.0055
river,2021-05-15,magnesium,0.005399999999999999
river,2021-05-16,magnesium,0.0053
river,2021-05-17,magnesium,0.0052
river,2021-05-18,magnesium,0.0050999999999999995
river,2021-05-19,magnesium,0.005075
river,2021-05-20,magnesium,0.00505
river,2021-05-21,magnesium,0.005025000000000001
river,2021-05-22,magnesium,0.005
river,2021-05-23,magnesium,0.004974999999999999
river,2021-05-24,magnesium,0.00495
river,2021-05-25,magnesium,0.0049250000000000006
river,2021-05-26,magnesium,0.004900000000000001
river,2021-05-27,magnesium,0.00495
river,2021-05-28,magnesium,0.005
river,2021-05-29,magnesium,0.005050000000000001
river,2021-05-30,magnesium,0.0051
river,2021-05-31,magnesium,0.00515
river,2021-06-01,magnesium,0.005200000000000001
river,2021-06-02,magnesium,0.005200000000000001
river,2021-06-03,magnesium,0.005200000000000001
river,2021-06-04,magnesium,0.005200000000000001
river,2021-06-05,magnesium,0.005200000000000001
river,2021-06-06,magnesium,0.005200000000000001
river,2021-06-07,magnesium,0.005200000000000001
river,2021-06-08,magnesium,0.005200000000000001
river,2021-06-09,magnesium,0.0051571428571428575
river,2021-06-10,magnesium,0.0051142857142857144
river,2021-06-11,magnesium,0.005071428571428572
river,2021-06-12,magnesium,0.005028571428571428
river,2021-06-13,magnesium,0.004985714285714286
river,2021-06-14,magnesium,0.004942857142857143
river,2021-06-15,magnesium,0.004900000000000001
river,2021-06-16,magnesium,0.004942857142857143
river,2021-06-17,magnesium,0.004985714285714286
river,2021-06-18,magnesium,0.005028571428571428
river,2021-06-19,magnesium,0.005071428571428572
river,2021-06-20,magnesium,0.0051142857142857144
river,2021-06-21,magnesium,0.0051571428571428575
river,2021-06-22,magnesium,0.005200000000000001
river,2021-06-23,magnesium,0.005214285714285715
river,2021-06-24,magnesium,0.005228571428571429
river,2021-06-25,magnesium,0.005242857142857143
river,2021-06-26,magnesium,0.005257142857142857
river,2021-06-27,magnesium,0.005271428571428572
river,2021-06-28,magnesium,0.005285714285714286
river,2021-06-29,magnesium,0.0053
river,2021-06-30,magnesium,0.005228571428571429
river,2021-07-01,magnesium,0.005157142857142857
river,2021-07-02,magnesium,0.005085714285714285
river,2021-07-03,magnesium,0.005014285714285714
river,2021-07-04,magnesium,0.004942857142857143
river,2021-07-05,magnesium,0.004871428571428571
river,2021-07-06,magnesium,0.0048
river,2021-07-07,magnesium,0.004885714285714286
river,2021-07-08,magnesium,0.004971428571428572
river,2021-07-09,magnesium,0.005057142857142857
river,2021-07-10,magnesium,0.0051428571428571435
river,2021-07-11,magnesium,0.005228571428571429
river,2021-07-12,magnesium,0.005314285714285715
river,2021-07-13,magnesium,0.0054
river,2021-07-14,magnesium,0.005385714285714286
river,2021-07-15,magnesium,0.005371428571428572
river,2021-07-16,magnesium,0.005357142857142858
river,2021-07-17,magnesium,0.005342857142857142
river,2021-07-18,magnesium,0.005328571428571428
river,2021-07-19,magnesium,0.005314285714285714
river,2021-07-20,magnesium,0.0053
river,2021-07-21,magnesium,0.005271428571428572
river,2021-07-22,magnesium,0.005242857142857143
river,2021-07-23,magnesium,0.005214285714285715
river,2021-07-24,magnesium,0.005185714285714285
river,2021-07-25,magnesium,0.005157142857142857
river,2021-07-26,magnesium,0.0051285714285714285
river,2021-07-27,magnesium,0.0050999999999999995
river,2021-07-28,magnesium,0.005087499999999999
river,2021-07-29,magnesium,0.005075
river,2021-07-30,magnesium,0.0050625
river,2021-07-31,magnesium,0.00505
river,2021-08-01,magnesium,0.0050374999999999994
river,2021-08-02,magnesium,0.005025000000000001
river,2021-08-03,magnesium,0.0050125000000000005
river,2021-08-04,magnesium,0.005
river,2021-08-05,magnesium,0.004866666666666668
river,2021-08-06,magnesium,0.004733333333333333
river,2021-08-07,magnesium,0.0046
river,2021-08-08,magnesium,0.0044666666666666665
river,2021-08-09,magnesium,0.004333333333333334
river,2021-08-10,magnesium,0.004200000000000001
river,2021-08-11,magnesium,0.004357142857142858
river,2021-08-12,magnesium,0.004514285714285715
river,2021-08-13,magnesium,0.004671428571428572
river,2021-08-14,magnesium,0.004828571428571429
river,2021-08-15,magnesium,0.004985714285714286
river,2021-08-16,magnesium,0.005142857142857143
river,2021-08-17,magnesium,0.0053
river,2021-08-18,magnesium,0.005228571428571429
river,2021-08-19,magnesium,0.005157142857142857
river,2021-08-20,magnesium,0.005085714285714285
river,2021-08-21,magnesium,0.005014285714285714
river,2021-08-22,magnesium,0.004942857142857143
river,2021-08-23,magnesium,0.004871428571428571
river,2021-08-24,magnesium,0.0048
river,2021-08-25,magnesium,0.004844444444444445
river,2021-08-26,magnesium,0.004888888888888889
river,2021-08-27,magnesium,0.004933333333333334
river,2021-08-28,magnesium,0.004977777777777778
river,2021-08-29,magnesium,0.005022222222222222
river,2021-08-30,magnesium,0.005066666666666666
river,2021-08-31,magnesium,0.0051111111111111105
river,2021-09-01,magnesium,0.005155555555555556
river,2021-09-02,magnesium,0.005200000000000001
river,2021-09-03,magnesium,0.005200000000000001
river,2021-09-04,magnesium,0.005200000000000001
river,2021-09-05,magnesium,0.005200000000000001
river,2021-09-06,magnesium,0.005200000000000001
river,2021-09-07,magnesium,0.005200000000000001
river,2021-09-08,magnesium,0.0052125
river,2021-09-09,magnesium,0.005225
river,2021-09-10,magnesium,0.0052375
river,2021-09-11,magnesium,0.00525
river,2021-09-12,magnesium,0.005262500000000001
river,2021-09-13,magnesium,0.005275
river,2021-09-14,magnesium,0.0052875
river,2021-09-15,magnesium,0.0053
river,2021-09-16,magnesium,0.005271428571428572
river,2021-09-17,magnesium,0.005242857142857143
river,2021-09-18,magnesium,0.005214285714285715
river,2021-09-19,magnesium,0.005185714285714285
river,2021-09-20,magnesium,0.005157142857142857
river,2021-09-21,magnesium,0.0051285714285714285
river,2021-09-22,magnesium,0.0050999999999999995
river,2021-09-23,magnesium,0.005157142857142857
river,2021-09-24,magnesium,0.005214285714285715
river,2021-09-25,magnesium,0.005271428571428572
river,2021-09-26,magnesium,0.005328571428571428
river,2021-09-27,magnesium,0.005385714285714285
river,2021-09-28,magnesium,0.005442857142857143
river,2021-09-29,magnesium,0.0055
river,2021-09-30,magnesium,0.005533333333333334
river,2021-10-01,magnesium,0.005566666666666667
river,2021-10-02,magnesium,0.0056
river,2021-10-03,magnesium,0.005633333333333334
river,2021-10-04,magnesium,0.005666666666666667
river,2021-10-05,magnesium,0.0057
river,2021-10-06,magnesium,0.005725000000000001
river,2021-10-07,magnesium,0.00575
river,2021-10-08,magnesium,0.005775000000000001
river,2021-10-09,magnesium,0.0058000000000000005
river,2021-10-10,magnesium,0.005825
river,2021-10-11,magnesium,0.005850000000000001
river,2021-10-12,magnesium,0.005875
river,2021-10-13,magnesium,0.005900000000000001
river,2021-10-14,magnesium,0.005928571428571429
river,2021-10-15,magnesium,0.005957142857142857
river,2021-10-16,magnesium,0.005985714285714286
river,2021-10-17,magnesium,0.006014285714285714
river,2021-10-18,magnesium,0.006042857142857143
river,2021-10-19,magnesium,0.006071428571428571
river,2021-10-20,magnesium,0.0060999999999999995
river,2021-10-21,magnesium,0.006157142857142857
river,2021-10-22,magnesium,0.006214285714285715
river,2021-10-23,magnesium,0.006271428571428572
river,2021-10-24,magnesium,0.006328571428571428
river,2021-10-25,magnesium,0.006385714285714285
river,2021-10-26,magnesium,0.006442857142857143
river,2021-10-27,magnesium,0.006500000000000001
river,2021-10-28,magnesium,0.006428571428571429
river,2021-10-29,magnesium,0.006357142857142857
river,2021-10-30,magnesium,0.006285714285714286
river,2021-10-31,magnesium,0.006214285714285715
river,2021-11-01,magnesium,0.0061428571428571435
river,2021-11-02,magnesium,0.006071428571428571
river,2021-11-03,magnesium,0.006
river,2021-11-04,magnesium,0.005928571428571429
river,2021-11-05,magnesium,0.005857142857142857
river,2021-11-06,magnesium,0.0057857142857142855
river,2021-11-07,magnesium,0.005714285714285714
river,2021-11-08,magnesium,0.005642857142857143
river,2021-11-09,magnesium,0.005571428571428571
river,2021-11-10,magnesium,0.0055
river,2021-11-11,magnesium,0.005485714285714286
river,2021-11-12,magnesium,0.0054714285714285715
river,2021-11-13,magnesium,0.0054571428571428575
river,2021-11-14,magnesium,0.005442857142857143
river,2021-11-15,magnesium,0.005428571428571429
river,2021-11-16,magnesium,0.005414285714285714
river,2021-11-17,magnesium,0.0054
river,2021-11-18,magnesium,0.005328571428571429
river,2021-11-19,magnesium,0.005257142857142857
river,2021-11-20,magnesium,0.005185714285714286
river,2021-11-21,magnesium,0.0051142857142857144
river,2021-11-22,magnesium,0.005042857142857144
river,2021-11-23,magnesium,0.004971428571428572
river,2021-11-24,magnesium,0.004900000000000001
river,2021-11-25,magnesium,0.004900000000000001
river,2021-11-26,magnesium,0.004900000000000001
river,2021-11-27,magnesium,0.004900000000000001
river,2021-11-28,magnesium,0.004900000000000001
river,2021-11-29,magnesium,0.004900000000000001
river,2021-11-30,magnesium,0.004900000000000001
river,2021-12-01,magnesium,0.004900000000000001
river,2021-12-02,magnesium,0.0048285714285714295
river,2021-12-03,magnesium,0.004757142857142857
river,2021-12-04,magnesium,0.004685714285714286
river,2021-12-05,magnesium,0.004614285714285715
river,2021-12-06,magnesium,0.004542857142857144
river,2021-12-07,magnesium,0.0044714285714285715
river,2021-12-08,magnesium,0.0044
river,2021-12-09,magnesium,0.00445
river,2021-12-10,magnesium,0.0045000000000000005
river,2021-12-11,magnesium,0.00455
river,2021-12-12,magnesium,0.0046
river,2021-12-13,magnesium,0.0046500000000000005
river,2021-12-14,magnesium,0.0047
river,2021-12-15,magnesium,0.00475
river,2021-12-16,magnesium,0.0048
river,2021-12-17,magnesium,0.004805
river,2021-12-18,magnesium,0.00481
river,2021-12-19,magnesium,0.004815
river,2021-12-20,magnesium,0.0048200000000000005
river,2021-12-21,magnesium,0.004825
river,2021-12-22,magnesium,0.00483
river,2021-12-23,magnesium,0.004835
river,2021-12-24,magnesium,0.00484
river,2021-12-25,magnesium,0.0048449999999999995
river,2021-12-26,magnesium,0.00485
river,2021-12-27,magnesium,0.004855000000000001
river,2021-12-28,magnesium,0.004860000000000001
river,2021-12-29,magnesium,0.004865
river,2021-12-30,magnesium,0.00487
river,2021-12-31,magnesium,0.004875
river,2022-01-01,magnesium,0.00488
river,2022-01-02,magnesium,0.0048850000000000005
river,2022-01-03,magnesium,0.00489
river,2022-01-04,magnesium,0.004895000000000001
river,2022-01-05,magnesium,0.004900000000000001
river,2022-01-06,magnesium,0.004900000000000001
river,2022-01-07,magnesium,0.004900000000000001
river,2022-01-08,magnesium,0.004900000000000001
river,2022-01-09,magnesium,0.004900000000000001
river,2022-01-10,magnesium,0.004900000000000001
river,2022-01-11,magnesium,0.004900000000000001
river,2022-01-12,magnesium,0.004900000000000001
river,2022-01-13,magnesium,0.0048000000000000004
river,2022-01-14,magnesium,0.0047
river,2022-01-15,magnesium,0.004600000000000001
river,2022-01-16,magnesium,0.0045000000000000005
river,2022-01-17,magnesium,0.0044
river,2022-01-18,magnesium,0.004300000000000001
river,2022-01-19,magnesium,0.004200000000000001
river,2022-01-20,magnesium,0.004214285714285715
river,2022-01-21,magnesium,0.004228571428571429
river,2022-01-22,magnesium,0.004242857142857143
river,2022-01-23,magnesium,0.004257142857142857
river,2022-01-24,magnesium,0.004271428571428572
river,2022-01-25,magnesium,0.004285714285714286
river,2022-01-26,magnesium,0.0043
river,2022-01-27,magnesium,0.004328571428571428
river,2022-01-28,magnesium,0.004357142857142857
river,2022-01-29,magnesium,0.004385714285714285
river,2022-01-30,magnesium,0.004414285714285714
river,2022-01-31,magnesium,0.004442857142857143
river,2022-02-01,magnesium,0.0044714285714285715
river,2022-02-02,magnesium,0.0045000000000000005
river,2022-02-03,magnesium,0.004528571428571429
river,2022-02-04,magnesium,0.004557142857142857
river,2022-02-05,magnesium,0.004585714285714286
river,2022-02-06,magnesium,0.004614285714285715
river,2022-02-07,magnesium,0.004642857142857143
river,2022-02-08,magnesium,0.004671428571428572
river,2022-02-09,magnesium,0.0047
river,2022-02-10,magnesium,0.0047
river,2022-02-11,magnesium,0.0047
river,2022-02-12,magnesium,0.0047
river,2022-02-13,magnesium,0.0047
river,2022-02-14,magnesium,0.0047
river,2022-02-15,magnesium,0.0047
river,2022-02-16,magnesium,0.0047
river,2022-02-17,magnesium,0.004714285714285714
river,2022-02-18,magnesium,0.004728571428571428
river,2022-02-19,magnesium,0.004742857142857143
river,2022-02-20,magnesium,0.004757142857142857
river,2022-02-21,magnesium,0.004771428571428571
river,2022-02-22,magnesium,0.0047857142857142855
river,2022-02-23,magnesium,0.0048
river,2022-02-24,magnesium,0.004771428571428571
river,2022-02-25,magnesium,0.004742857142857143
river,2022-02-26,magnesium,0.004714285714285714
river,2022-02-27,magnesium,0.004685714285714285
river,2022-02-28,magnesium,0.004657142857142857
river,2022-03-01,magnesium,0.004628571428571428
river,2022-03-02,magnesium,0.0046
river,2022-03-03,magnesium,0.004614285714285714
river,2022-03-04,magnesium,0.004628571428571428
river,2022-03-05,magnesium,0.004642857142857142
river,2022-03-06,magnesium,0.004657142857142858
river,2022-03-07,magnesium,0.004671428571428572
river,2022-03-08,magnesium,0.004685714285714286
river,2022-03-09,magnesium,0.0047
river,2022-03-10,magnesium,0.004671428571428572
river,2022-03-11,magnesium,0.004642857142857143
river,2022-03-12,magnesium,0.004614285714285715
river,2022-03-13,magnesium,0.004585714285714286
river,2022-03-14,magnesium,0.004557142857142857
river,2022-03-15,magnesium,0.004528571428571429
river,2022-03-16,magnesium,0.0045000000000000005
river,2022-03-17,magnesium,0.0044714285714285715
river,2022-03-18,magnesium,0.004442857142857143
river,2022-03-19,magnesium,0.004414285714285714
river,2022-03-20,magnesium,0.004385714285714285
river,2022-03-21,magnesium,0.004357142857142857
river,2022-03-22,magnesium,0.004328571428571428
river,2022-03-23,magnesium,0.0043
river,2022-03-24,magnesium,0.00425
river,2022-03-25,magnesium,0.004200000000000001
river,2022-03-26,magnesium,0.004149999999999999
river,2022-03-27,magnesium,0.0040999999999999995
river,2022-03-28,magnesium,0.00405
river,2022-03-29,magnesium,0.004
river,2022-03-30,magnesium,0.00395
river,2022-03-31,magnesium,0.0039
river,2022-04-01,magnesium,0.00385
river,2022-04-02,magnesium,0.0038
river,2022-04-03,magnesium,0.00375
river,2022-04-04,magnesium,0.0037
river,2022-04-05,magnesium,0.00365
river,2022-04-06,magnesium,0.0036000000000000003
river,2022-04-07,magnesium,0.0037
river,2022-04-08,magnesium,0.0038
river,2022-04-09,magnesium,0.0039
river,2022-04-10,magnesium,0.004
river,2022-04-11,magnesium,0.0040999999999999995
river,2022-04-12,magnesium,0.004200000000000001
river,2022-04-13,magnesium,0.0043
river,2022-04-14,magnesium,0.004325
river,2022-04-15,magnesium,0.00435
river,2022-04-16,magnesium,0.004375
river,2022-04-17,magnesium,0.0044
river,2022-04-18,magnesium,0.004425
river,2022-04-19,magnesium,0.00445
river,2022-04-20,magnesium,0.004475
river,2022-04-21,magnesium,0.0045000000000000005
river,2022-04-22,magnesium,0.00455
river,2022-04-23,magnesium,0.0046
river,2022-04-24,magnesium,0.0046500000000000005
river,2022-04-25,magnesium,0.0047
river,2022-04-26,magnesium,0.00475
river,2022-04-27,magnesium,0.0048
river,2022-04-28,magnesium,0.004742857142857143
river,2022-04-29,magnesium,0.004685714285714286
river,2022-04-30,magnesium,0.004628571428571429
river,2022-05-01,magnesium,0.004571428571428571
river,2022-05-02,magnesium,0.004514285714285715
river,2022-05-03,magnesium,0.0044571428571428574
river,2022-05-04,magnesium,0.0044
river,2022-05-05,magnesium,0.004442857142857143
river,2022-05-06,magnesium,0.004485714285714286
river,2022-05-07,magnesium,0.004528571428571429
river,2022-05-08,magnesium,0.004571428571428572
river,2022-05-09,magnesium,0.004614285714285715
river,2022-05-10,magnesium,0.004657142857142858
river,2022-05-11,magnesium,0.0047
river,2022-05-12,magnesium,0.004714285714285714
river,2022-05-13,magnesium,0.004728571428571428
river,2022-05-14,magnesium,0.004742857142857143
river,2022-05-15,magnesium,0.004757142857142857
river,2022-05-16,magnesium,0.004771428571428571
river,2022-05-17,magnesium,0.0047857142857142855
river,2022-05-18,magnesium,0.0048
river,2022-05-19,magnesium,0.0047875
river,2022-05-20,magnesium,0.004775000000000001
river,2022-05-21,magnesium,0.0047625
river,2022-05-22,magnesium,0.00475
river,2022-05-23,magnesium,0.0047374999999999995
river,2022-05-24,magnesium,0.004725
river,2022-05-25,magnesium,0.0047125000000000005
river,2022-05-26,magnesium,0.0047
river,2022-05-27,magnesium,0.004728571428571428
river,2022-05-28,magnesium,0.004757142857142857
river,2022-05-29,magnesium,0.0047857142857142855
river,2022-05-30,magnesium,0.004814285714285715
river,2022-05-31,magnesium,0.0048428571428571435
river,2022-06-01,magnesium,0.004871428571428572
river,2022-06-02,magnesium,0.004900000000000001
river,2022-06-03,magnesium,0.004783333333333333
river,2022-06-04,magnesium,0.004666666666666667
river,2022-06-05,magnesium,0.004550000000000001
river,2022-06-06,magnesium,0.004433333333333333
river,2022-06-07,magnesium,0.004316666666666667
river,2022-06-08,magnesium,0.004200000000000001
river,2022-06-09,magnesium,0.004228571428571429
river,2022-06-10,magnesium,0.004257142857142857
river,2022-06-11,magnesium,0.004285714285714286
river,2022-06-12,magnesium,0.004314285714285715
river,2022-06-13,magnesium,0.004342857142857143
river,2022-06-14,magnesium,0.004371428571428572
river,2022-06-15,magnesium,0.0044
river,2022-06-16,magnesium,0.0044571428571428574
river,2022-06-17,magnesium,0.004514285714285715
river,2022-06-18,magnesium,0.004571428571428571
river,2022-06-19,magnesium,0.004628571428571429
river,2022-06-20,magnesium,0.004685714285714286
river,2022-06-21,magnesium,0.004742857142857143
river,2022-06-22,magnesium,0.0048
river,2022-06-23,magnesium,0.004842857142857143
river,2022-06-24,magnesium,0.004885714285714286
river,2022-06-25,magnesium,0.004928571428571428
river,2022-06-26,magnesium,0.004971428571428572
river,2022-06-27,magnesium,0.005014285714285714
river,2022-06-28,magnesium,0.005057142857142857
river,2022-06-29,magnesium,0.0050999999999999995
river,2022-06-30,magnesium,0.005157142857142857
river,2022-07-01,magnesium,0.005214285714285715
river,2022-07-02,magnesium,0.005271428571428572
river,2022-07-03,magnesium,0.005328571428571428
river,2022-07-04,magnesium,0.005385714285714285
river,2022-07-05,magnesium,0.005442857142857143
river,2022-07-06,magnesium,0.0055
river,2022-07-07,magnesium,0.0054571428571428575
river,2022-07-08,magnesium,0.005414285714285714
river,2022-07-09,magnesium,0.005371428571428572
river,2022-07-10,magnesium,0.005328571428571428
river,2022-07-11,magnesium,0.005285714285714286
river,2022-07-12,magnesium,0.005242857142857143
river,2022-07-13,magnesium,0.005200000000000001
river,2022-07-14,magnesium,0.005183333333333334
river,2022-07-15,magnesium,0.0051666666666666675
river,2022-07-16,magnesium,0.00515
river,2022-07-17,magnesium,0.005133333333333333
river,2022-07-18,magnesium,0.005116666666666666
river,2022-07-19,magnesium,0.0050999999999999995
river,2022-07-20,magnesium,0.0051375
river,2022-07-21,magnesium,0.005175
river,2022-07-22,magnesium,0.0052125
river,2022-07-23,magnesium,0.00525
river,2022-07-24,magnesium,0.0052875
river,2022-07-25,magnesium,0.005325
river,2022-07-26,magnesium,0.005362500000000001
river,2022-07-27,magnesium,0.0054
river,2022-07-28,magnesium,0.005385714285714286
river,2022-07-29,magnesium,0.005371428571428572
river,2022-07-30,magnesium,0.005357142857142858
river,2022-07-31,magnesium,0.005342857142857142
river,2022-08-01,magnesium,0.005328571428571428
river,2022-08-02,magnesium,0.005314285714285714
river,2022-08-03,magnesium,0.0053
river,2022-08-04,magnesium,0.005357142857142857
river,2022-08-05,magnesium,0.005414285714285714
river,2022-08-06,magnesium,0.0054714285714285715
river,2022-08-07,magnesium,0.005528571428571429
river,2022-08-08,magnesium,0.005585714285714286
river,2022-08-09,magnesium,0.005642857142857143
river,2022-08-10,magnesium,0.0057
river,2022-08-11,magnesium,0.005671428571428572
river,2022-08-12,magnesium,0.005642857142857143
river,2022-08-13,magnesium,0.005614285714285715
river,2022-08-14,magnesium,0.005585714285714286
river,2022-08-15,magnesium,0.005557142857142857
river,2022-08-16,magnesium,0.005528571428571429
river,2022-08-17,magnesium,0.0055
river,2022-08-18,magnesium,0.0054
river,2022-08-19,magnesium,0.0053
river,2022-08-20,magnesium,0.005200000000000001
river,2022-08-21,magnesium,0.0050999999999999995
river,2022-08-22,magnesium,0.005
river,2022-08-23,magnesium,0.004900000000000001
river,2022-08-24,magnesium,0.0048
river,2022-08-25,magnesium,0.0047
river,2022-08-26,magnesium,0.0046
river,2022-08-27,magnesium,0.0045000000000000005
river,2022-08-28,magnesium,0.004399999999999999
river,2022-08-29,magnesium,0.0043
river,2022-08-30,magnesium,0.0042
river,2022-08-31,magnesium,0.0040999999999999995
river,2022-09-01,magnesium,0.004266666666666667
river,2022-09-02,magnesium,0.0044333333333333325
river,2022-09-03,magnesium,0.0046
river,2022-09-04,magnesium,0.0047666666666666664
river,2022-09-05,magnesium,0.004933333333333333
river,2022-09-06,magnesium,0.0050999999999999995
river,2022-09-07,magnesium,0.0051125
river,2022-09-08,magnesium,0.005125
river,2022-09-09,magnesium,0.005137500000000001
river,2022-09-10,magnesium,0.00515
river,2022-09-11,magnesium,0.0051624999999999996
river,2022-09-12,magnesium,0.005175
river,2022-09-13,magnesium,0.0051875
river,2022-09-14,magnesium,0.005200000000000001
river,2022-09-15,magnesium,0.005214285714285715
river,2022-09-16,magnesium,0.005228571428571429
river,2022-09-17,magnesium,0.005242857142857143
river,2022-09-18,magnesium,0.005257142857142857
river,2022-09-19,magnesium,0.005271428571428572
river,2022-09-20,magnesium,0.005285714285714286
river,2022-09-21,magnesium,0.0053
river,2022-09-22,magnesium,0.0053
river,2022-09-23,magnesium,0.0053
river,2022-09-24,magnesium,0.0053
river,2022-09-25,magnesium,0.0053
river,2022-09-26,magnesium,0.0053
river,2022-09-27,magnesium,0.0053
river,2022-09-28,magnesium,0.0053
river,2022-09-29,magnesium,0.005214285714285715
river,2022-09-30,magnesium,0.0051285714285714285
river,2022-10-01,magnesium,0.005042857142857143
river,2022-10-02,magnesium,0.004957142857142857
river,2022-10-03,magnesium,0.004871428571428572
river,2022-10-04,magnesium,0.0047857142857142855
river,2022-10-05,magnesium,0.0047
river,2022-10-06,magnesium,0.004742857142857143
river,2022-10-07,magnesium,0.0047857142857142855
river,2022-10-08,magnesium,0.004828571428571429
river,2022-10-09,magnesium,0.004871428571428572
river,2022-10-10,magnesium,0.004914285714285715
river,2022-10-11,magnesium,0.004957142857142857
river,2022-10-12,magnesium,0.005
river,2022-10-13,magnesium,0.005
river,2022-10-14,magnesium,0.005
river,2022-10-15,magnesium,0.005
river,2022-10-16,magnesium,0.005
river,2022-10-17,magnesium,0.005
river,2022-10-18,magnesium,0.005
river,2022-10-19,magnesium,0.005
river,2022-10-20,magnesium,0.004985714285714286
river,2022-10-21,magnesium,0.004971428571428572
river,2022-10-22,magnesium,0.004957142857142857
river,2022-10-23,magnesium,0.004942857142857143
river,2022-10-24,magnesium,0.004928571428571429
river,2022-10-25,magnesium,0.004914285714285715
river,2022-10-26,magnesium,0.004900000000000001
river,2022-10-27,magnesium,0.004900000000000001
river,2022-10-28,magnesium,0.004900000000000001
river,2022-10-29,magnesium,0.004900000000000001
river,2022-10-30,magnesium,0.004900000000000001
river,2022-10-31,magnesium,0.004900000000000001
river,2022-11-01,magnesium,0.004900000000000001
river,2022-11-02,magnesium,0.004900000000000001
river,2022-11-03,magnesium,0.004942857142857143
river,2022-11-04,magnesium,0.004985714285714286
river,2022-11-05,magnesium,0.005028571428571428
river,2022-11-06,magnesium,0.005071428571428572
river,2022-11-07,magnesium,0.0051142857142857144
river,2022-11-08,magnesium,0.0051571428571428575
river,2022-11-09,magnesium,0.005200000000000001
river,2022-11-10,magnesium,0.0051571428571428575
river,2022-11-11,magnesium,0.0051142857142857144
river,2022-11-12,magnesium,0.005071428571428572
river,2022-11-13,magnesium,0.005028571428571428
river,2022-11-14,magnesium,0.004985714285714286
river,2022-11-15,magnesium,0.004942857142857143
river,2022-11-16,magnesium,0.004900000000000001
river,2022-11-17,magnesium,0.004900000000000001
river,2022-11-18,magnesium,0.004900000000000001
river,2022-11-19,magnesium,0.004900000000000001
river,2022-11-20,magnesium,0.004900000000000001
river,2022-11-21,magnesium,0.004900000000000001
river,2022-11-22,magnesium,0.004900000000000001
river,2022-11-23,magnesium,0.004900000000000001
river,2022-11-24,magnesium,0.004885714285714287
river,2022-11-25,magnesium,0.004871428571428572
river,2022-11-26,magnesium,0.004857142857142858
river,2022-11-27,magnesium,0.004842857142857143
river,2022-11-28,magnesium,0.004828571428571429
river,2022-11-29,magnesium,0.0048142857142857145
river,2022-11-30,magnesium,0.0048
river,2022-12-01,magnesium,0.004842857142857143
river,2022-12-02,magnesium,0.004885714285714286
river,2022-12-03,magnesium,0.004928571428571428
river,2022-12-04,magnesium,0.004971428571428572
river,2022-12-05,magnesium,0.005014285714285714
river,2022-12-06,magnesium,0.005057142857142857
river,2022-12-07,magnesium,0.0050999999999999995
river,2022-12-08,magnesium,0.0050999999999999995
river,2022-12-09,magnesium,0.0050999999999999995
river,2022-12-10,magnesium,0.0050999999999999995
river,2022-12-11,magnesium,0.0050999999999999995
river,2022-12-12,magnesium,0.0050999999999999995
river,2022-12-13,magnesium,0.0050999999999999995
river,2022-12-14,magnesium,0.0050999999999999995
river,2022-12-15,magnesium,0.005114285714285714
river,2022-12-16,magnesium,0.0051285714285714285
river,2022-12-17,magnesium,0.005142857142857143
river,2022-12-18,magnesium,0.0051571428571428575
river,2022-12-19,magnesium,0.005171428571428572
river,2022-12-20,magnesium,0.005185714285714286
river,2022-12-21,magnesium,0.005200000000000001
river,2022-12-22,magnesium,0.005185714285714286
river,2022-12-23,magnesium,0.005171428571428572
river,2022-12-24,magnesium,0.0051571428571428575
river,2022-12-25,magnesium,0.0051428571428571435
river,2022-12-26,magnesium,0.005128571428571429
river,2022-12-27,magnesium,0.0051142857142857144
river,2022-12-28,magnesium,0.0050999999999999995
river,2022-12-29,magnesium,0.005085714285714285
river,2022-12-30,magnesium,0.005071428571428571
river,2022-12-31,magnesium,0.005057142857142857
river,2023-01-01,magnesium,0.005042857142857143
river,2023-01-02,magnesium,0.005028571428571428
river,2023-01-03,magnesium,0.005014285714285714
river,2023-01-04,magnesium,0.005
river,2023-01-05,magnesium,0.005
river,2023-01-06,magnesium,0.005
river,2023-01-07,magnesium,0.005
river,2023-01-08,magnesium,0.005
river,2023-01-09,magnesium,0.005
river,2023-01-10,magnesium,0.005
river,2023-01-11,magnesium,0.005
river,2023-01-12,magnesium,0.004914285714285715
river,2023-01-13,magnesium,0.004828571428571429
river,2023-01-14,magnesium,0.004742857142857143
river,2023-01-15,magnesium,0.004657142857142858
river,2023-01-16,magnesium,0.004571428571428572
river,2023-01-17,magnesium,0.004485714285714286
river,2023-01-18,magnesium,0.0044
river,2023-01-19,magnesium,0.0044
river,2023-01-20,magnesium,0.0044
river,2023-01-21,magnesium,0.0044
river,2023-01-22,magnesium,0.0044
river,2023-01-23,magnesium,0.0044
river,2023-01-24,magnesium,0.0044
river,2023-01-25,magnesium,0.0044
river,2023-01-26,magnesium,0.004442857142857143
river,2023-01-27,magnesium,0.004485714285714286
river,2023-01-28,magnesium,0.004528571428571429
river,2023-01-29,magnesium,0.004571428571428572
river,2023-01-30,magnesium,0.004614285714285715
river,2023-01-31,magnesium,0.004657142857142858
river,2023-02-01,magnesium,0.0047
river,2023-02-02,magnesium,0.004728571428571428
river,2023-02-03,magnesium,0.004757142857142857
river,2023-02-04,magnesium,0.0047857142857142855
river,2023-02-05,magnesium,0.004814285714285715
river,2023-02-06,magnesium,0.0048428571428571435
river,2023-02-07,magnesium,0.004871428571428572
river,2023-02-08,magnesium,0.004900000000000001
river,2023-02-09,magnesium,0.004933333333333334
river,2023-02-10,magnesium,0.004966666666666667
river,2023-02-11,magnesium,0.005
river,2023-02-12,magnesium,0.005033333333333333
river,2023-02-13,magnesium,0.005066666666666666
river,2023-02-14,magnesium,0.0050999999999999995
river,2023-02-15,magnesium,0.0050999999999999995
river,2023-02-16,magnesium,0.0050999999999999995
river,2023-02-17,magnesium,0.0050999999999999995
river,2023-02-18,magnesium,0.0050999999999999995
river,2023-02-19,magnesium,0.0050999999999999995
river,2023-02-20,magnesium,0.0050999999999999995
river,2023-02-21,magnesium,0.0050999999999999995
river,2023-02-22,magnesium,0.0050999999999999995
river,2023-02-23,magnesium,0.005085714285714285
river,2023-02-24,magnesium,0.005071428571428571
river,2023-02-25,magnesium,0.005057142857142857
river,2023-02-26,magnesium,0.005042857142857143
river,2023-02-27,magnesium,0.005028571428571428
river,2023-02-28,magnesium,0.005014285714285714
river,2023-03-01,magnesium,0.005
river,2023-03-02,magnesium,0.004971428571428572
river,2023-03-03,magnesium,0.004942857142857143
river,2023-03-04,magnesium,0.004914285714285715
river,2023-03-05,magnesium,0.004885714285714286
river,2023-03-06,magnesium,0.004857142857142857
river,2023-03-07,magnesium,0.004828571428571429
river,2023-03-08,magnesium,0.0048
river,2023-03-09,magnesium,0.0048142857142857145
river,2023-03-10,magnesium,0.004828571428571429
river,2023-03-11,magnesium,0.004842857142857143
river,2023-03-12,magnesium,0.004857142857142858
river,2023-03-13,magnesium,0.004871428571428572
river,2023-03-14,magnesium,0.004885714285714287
river,2023-03-15,magnesium,0.004900000000000001
river,2023-03-16,magnesium,0.004900000000000001
river,2023-03-17,magnesium,0.004900000000000001
river,2023-03-18,magnesium,0.004900000000000001
river,2023-03-19,magnesium,0.004900000000000001
river,2023-03-20,magnesium,0.004900000000000001
river,2023-03-21,magnesium,0.004900000000000001
river,2023-03-22,magnesium,0.004900000000000001
river,2023-03-23,magnesium,0.004914285714285715
river,2023-03-24,magnesium,0.004928571428571429
river,2023-03-25,magnesium,0.004942857142857143
river,2023-03-26,magnesium,0.004957142857142857
river,2023-03-27,magnesium,0.004971428571428572
river,2023-03-28,magnesium,0.004985714285714286
river,2023-03-29,magnesium,0.005
river,2023-03-30,magnesium,0.005
river,2023-03-31,magnesium,0.005
river,2023-04-01,magnesium,0.005
river,2023-04-02,magnesium,0.005
river,2023-04-03,magnesium,0.005
river,2023-04-04,magnesium,0.005
river,2023-04-05,magnesium,0.005
river,2023-04-06,magnesium,0.005016666666666667
river,2023-04-07,magnesium,0.005033333333333333
river,2023-04-08,magnesium,0.00505
river,2023-04-09,magnesium,0.005066666666666666
river,2023-04-10,magnesium,0.005083333333333333
river,2023-04-11,magnesium,0.0050999999999999995
river,2023-04-12,magnesium,0.0050999999999999995
river,2023-04-13,magnesium,0.0050999999999999995
river,2023-04-14,magnesium,0.0050999999999999995
river,2023-04-15,magnesium,0.0050999999999999995
river,2023-04-16,magnesium,0.0050999999999999995
river,2023-04-17,magnesium,0.0050999999999999995
river,2023-04-18,magnesium,0.0050999999999999995
river,2023-04-19,magnesium,0.0050999999999999995
river,2023-04-20,magnesium,0.005114285714285714
river,2023-04-21,magnesium,0.0051285714285714285
river,2023-04-22,magnesium,0.005142857142857143
river,2023-04-23,magnesium,0.0051571428571428575
river,2023-04-24,magnesium,0.005171428571428572
river,2023-04-25,magnesium,0.005185714285714286
river,2023-04-26,magnesium,0.005200000000000001
river,2023-04-27,magnesium,0.005214285714285715
river,2023-04-28,magnesium,0.005228571428571429
river,2023-04-29,magnesium,0.005242857142857143
river,2023-04-30,magnesium,0.005257142857142857
river,2023-05-01,magnesium,0.005271428571428572
river,2023-05-02,magnesium,0.005285714285714286
river,2023-05-03,magnesium,0.0053
river,2023-05-04,magnesium,0.0053
river,2023-05-05,magnesium,0.0053
river,2023-05-06,magnesium,0.0053
river,2023-05-07,magnesium,0.0053
river,2023-05-08,magnesium,0.0053
river,2023-05-09,magnesium,0.0053
river,2023-05-10,magnesium,0.005257142857142857
river,2023-05-11,magnesium,0.005214285714285715
river,2023-05-12,magnesium,0.005171428571428572
river,2023-05-13,magnesium,0.0051285714285714285
river,2023-05-14,magnesium,0.005085714285714285
river,2023-05-15,magnesium,0.005042857142857143
river,2023-05-16,magnesium,0.005
river,2023-05-17,magnesium,0.0050374999999999994
river,2023-05-18,magnesium,0.0050750000000000005
river,2023-05-19,magnesium,0.0051125
river,2023-05-20,magnesium,0.00515
river,2023-05-21,magnesium,0.0051875
river,2023-05-22,magnesium,0.005225
river,2023-05-23,magnesium,0.005262500000000001
river,2023-05-24,magnesium,0.0053
river,2023-05-25,magnesium,0.005314285714285714
river,2023-05-26,magnesium,0.005328571428571428
river,2023-05-27,magnesium,0.005342857142857142
river,2023-05-28,magnesium,0.005357142857142858
river,2023-05-29,magnesium,0.005371428571428572
river,2023-05-30,magnesium,0.005385714285714286
river,2023-05-31,magnesium,0.0054
river,2023-06-01,magnesium,0.0054
river,2023-06-02,magnesium,0.0054
river,2023-06-03,magnesium,0.0054
river,2023-06-04,magnesium,0.0054
river,2023-06-05,magnesium,0.0054
river,2023-06-06,magnesium,0.0054
river,2023-06-07,magnesium,0.0054
river,2023-06-08,magnesium,0.005428571428571429
river,2023-06-09,magnesium,0.0054571428571428575
river,2023-06-10,magnesium,0.005485714285714286
river,2023-06-11,magnesium,0.005514285714285715
river,2023-06-12,magnesium,0.005542857142857143
river,2023-06-13,magnesium,0.005571428571428571
river,2023-06-14,magnesium,0.0056
river,2023-06-15,magnesium,0.0054285714285714284
river,2023-06-16,magnesium,0.005257142857142857
river,2023-06-17,magnesium,0.005085714285714285
river,2023-06-18,magnesium,0.004914285714285715
river,2023-06-19,magnesium,0.004742857142857143
river,2023-06-20,magnesium,0.004571428571428571
river,2023-06-21,magnesium,0.0044
river,2023-06-22,magnesium,0.004557142857142858
river,2023-06-23,magnesium,0.004714285714285714
river,2023-06-24,magnesium,0.004871428571428572
river,2023-06-25,magnesium,0.005028571428571428
river,2023-06-26,magnesium,0.005185714285714286
river,2023-06-27,magnesium,0.005342857142857142
river,2023-06-28,magnesium,0.0055
river,2023-06-29,magnesium,0.005485714285714286
river,2023-06-30,magnesium,0.0054714285714285715
river,2023-07-01,magnesium,0.0054571428571428575
river,2023-07-02,magnesium,0.005442857142857143
river,2023-07-03,magnesium,0.005428571428571429
river,2023-07-04,magnesium,0.005414285714285714
river,2023-07-05,magnesium,0.0054
river,2023-07-06,magnesium,0.005428571428571429
river,2023-07-07,magnesium,0.0054571428571428575
river,2023-07-08,magnesium,0.005485714285714286
river,2023-07-09,magnesium,0.005514285714285715
river,2023-07-10,magnesium,0.005542857142857143
river,2023-07-11,magnesium,0.005571428571428571
river,2023-07-12,magnesium,0.0056
river,2023-07-13,magnesium,0.005528571428571429
river,2023-07-14,magnesium,0.005457142857142857
river,2023-07-15,magnesium,0.005385714285714285
river,2023-07-16,magnesium,0.005314285714285714
river,2023-07-17,magnesium,0.005242857142857143
river,2023-07-18,magnesium,0.005171428571428571
river,2023-07-19,magnesium,0.0050999999999999995
river,2023-07-20,magnesium,0.005171428571428571
river,2023-07-21,magnesium,0.005242857142857143
river,2023-07-22,magnesium,0.005314285714285714
river,2023-07-23,magnesium,0.005385714285714285
river,2023-07-24,magnesium,0.005457142857142857
river,2023-07-25,magnesium,0.005528571428571429
river,2023-07-26,magnesium,0.0056
river,2023-07-27,magnesium,0.005557142857142857
river,2023-07-28,magnesium,0.005514285714285715
river,2023-07-29,magnesium,0.0054714285714285715
river,2023-07-30,magnesium,0.0054285714285714284
river,2023-07-31,magnesium,0.005385714285714285
river,2023-08-01,magnesium,0.005342857142857142
river,2023-08-02,magnesium,0.0053
river,2023-08-03,magnesium,0.005342857142857142
river,2023-08-04,magnesium,0.005385714285714285
river,2023-08-05,magnesium,0.0054285714285714284
river,2023-08-06,magnesium,0.0054714285714285715
river,2023-08-07,magnesium,0.005514285714285715
river,2023-08-08,magnesium,0.005557142857142857
river,2023-08-09,magnesium,0.0056
river,2023-08-10,magnesium,0.005657142857142857
river,2023-08-11,magnesium,0.005714285714285714
river,2023-08-12,magnesium,0.0057714285714285714
river,2023-08-13,magnesium,0.005828571428571429
river,2023-08-14,magnesium,0.005885714285714286
river,2023-08-15,magnesium,0.005942857142857143
river,2023-08-16,magnesium,0.006
river,2023-08-17,magnesium,0.005914285714285715
river,2023-08-18,magnesium,0.005828571428571429
river,2023-08-19,magnesium,0.005742857142857143
river,2023-08-20,magnesium,0.005657142857142858
river,2023-08-21,magnesium,0.005571428571428572
river,2023-08-22,magnesium,0.005485714285714286
river,2023-08-23,magnesium,0.0054
river,2023-08-24,magnesium,0.0054
river,2023-08-25,magnesium,0.0054
river,2023-08-26,magnesium,0.0054
river,2023-08-27,magnesium,0.0054
river,2023-08-28,magnesium,0.0054
river,2023-08-29,magnesium,0.0054
river,2023-08-30,magnesium,0.0054
river,2023-08-31,magnesium,0.005442857142857143
river,2023-09-01,magnesium,0.005485714285714286
river,2023-09-02,magnesium,0.005528571428571429
river,2023-09-03,magnesium,0.005571428571428572
river,2023-09-04,magnesium,0.005614285714285715
river,2023-09-05,magnesium,0.005657142857142858
river,2023-09-06,magnesium,0.0057
river,2023-09-07,magnesium,0.005657142857142858
river,2023-09-08,magnesium,0.005614285714285715
river,2023-09-09,magnesium,0.005571428571428572
river,2023-09-10,magnesium,0.005528571428571429
river,2023-09-11,magnesium,0.005485714285714286
river,2023-09-12,magnesium,0.005442857142857143
river,2023-09-13,magnesium,0.0054
river,2023-09-14,magnesium,0.0054571428571428575
river,2023-09-15,magnesium,0.005514285714285715
river,2023-09-16,magnesium,0.005571428571428571
river,2023-09-17,magnesium,0.005628571428571429
river,2023-09-18,magnesium,0.005685714285714286
river,2023-09-19,magnesium,0.005742857142857143
river,2023-09-20,magnesium,0.0058
river,2023-09-21,magnesium,0.005816666666666666
river,2023-09-22,magnesium,0.005833333333333333
river,2023-09-23,magnesium,0.00585
river,2023-09-24,magnesium,0.005866666666666668
river,2023-09-25,magnesium,0.005883333333333334
river,2023-09-26,magnesium,0.005900000000000001
river,2023-09-27,magnesium,0.0058875
river,2023-09-28,magnesium,0.005875
river,2023-09-29,magnesium,0.0058625
river,2023-09-30,magnesium,0.00585
river,2023-10-01,magnesium,0.005837500000000001
river,2023-10-02,magnesium,0.005825
river,2023-10-03,magnesium,0.0058125
river,2023-10-04,magnesium,0.0058
river,2023-10-05,magnesium,0.0058142857142857145
river,2023-10-06,magnesium,0.005828571428571429
river,2023-10-07,magnesium,0.005842857142857143
river,2023-10-08,magnesium,0.005857142857142858
river,2023-10-09,magnesium,0.005871428571428572
river,2023-10-10,magnesium,0.005885714285714287
river,2023-10-11,magnesium,0.005900000000000001
river,2023-10-12,magnesium,0.005914285714285715
river,2023-10-13,magnesium,0.005928571428571429
river,2023-10-14,magnesium,0.005942857142857143
river,2023-10-15,magnesium,0.005957142857142857
river,2023-10-16,magnesium,0.005971428571428572
river,2023-10-17,magnesium,0.005985714285714286
river,2023-10-18,magnesium,0.006
river,2023-10-19,magnesium,0.005957142857142857
river,2023-10-20,magnesium,0.005914285714285715
river,2023-10-21,magnesium,0.005871428571428572
river,2023-10-22,magnesium,0.005828571428571429
river,2023-10-23,magnesium,0.0057857142857142855
river,2023-10-24,magnesium,0.005742857142857143
river,2023-10-25,magnesium,0.0057
river,2023-10-26,magnesium,0.005728571428571428
river,2023-10-27,magnesium,0.005757142857142857
river,2023-10-28,magnesium,0.0057857142857142855
river,2023-10-29,magnesium,0.005814285714285715
river,2023-10-30,magnesium,0.0058428571428571436
river,2023-10-31,magnesium,0.005871428571428572
river,2023-11-01,magnesium,0.005900000000000001
river,2023-11-02,magnesium,0.0057857142857142855
river,2023-11-03,magnesium,0.005671428571428572
river,2023-11-04,magnesium,0.005557142857142857
river,2023-11-05,magnesium,0.005442857142857143
river,2023-11-06,magnesium,0.005328571428571428
river,2023-11-07,magnesium,0.005214285714285714
river,2023-11-08,magnesium,0.0050999999999999995
river,2023-11-09,magnesium,0.005142857142857143
river,2023-11-10,magnesium,0.005185714285714286
river,2023-11-11,magnesium,0.005228571428571429
river,2023-11-12,magnesium,0.005271428571428572
river,2023-11-13,magnesium,0.005314285714285714
river,2023-11-14,magnesium,0.005357142857142858
river,2023-11-15,magnesium,0.0054
river,2023-11-16,magnesium,0.005428571428571429
river,2023-11-17,magnesium,0.0054571428571428575
river,2023-11-18,magnesium,0.005485714285714286
river,2023-11-19,magnesium,0.005514285714285715
river,2023-11-20,magnesium,0.005542857142857143
river,2023-11-21,magnesium,0.005571428571428571
river,2023-11-22,magnesium,0.0056
river,2023-11-23,magnesium,0.005642857142857142
river,2023-11-24,magnesium,0.005685714285714286
river,2023-11-25,magnesium,0.005728571428571428
river,2023-11-26,magnesium,0.0057714285714285714
river,2023-11-27,magnesium,0.0058142857142857145
river,2023-11-28,magnesium,0.005857142857142858
river,2023-11-29,magnesium,0.005900000000000001
river,2023-11-30,magnesium,0.005914285714285715
river,2023-12-01,magnesium,0.005928571428571429
river,2023-12-02,magnesium,0.005942857142857143
river,2023-12-03,magnesium,0.005957142857142857
river,2023-12-04,magnesium,0.005971428571428572
river,2023-12-05,magnesium,0.005985714285714286
river,2023-12-06,magnesium,0.006
river,2023-12-07,magnesium,0.005942857142857143
river,2023-12-08,magnesium,0.005885714285714286
river,2023-12-09,magnesium,0.005828571428571429
river,2023-12-10,magnesium,0.0057714285714285714
river,2023-12-11,magnesium,0.005714285714285714
river,2023-12-12,magnesium,0.005657142857142857
river,2023-12-13,magnesium,0.0056
river,2023-12-14,magnesium,0.0056
river,2023-12-15,magnesium,0.0056
river,2023-12-16,magnesium,0.0056
river,2023-12-17,magnesium,0.0056
river,2023-12-18,magnesium,0.0056
river,2023-12-19,magnesium,0.0056
river,2023-12-20,magnesium,0.005553333333333333
river,2023-12-21,magnesium,0.005506666666666667
river,2023-12-22,magnesium,0.0054600000000000004
river,2023-12-23,magnesium,0.005413333333333333
river,2023-12-24,magnesium,0.005366666666666666
river,2023-12-25,magnesium,0.00532
river,2023-12-26,magnesium,0.005273333333333334
river,2023-12-27,magnesium,0.005226666666666667
river,2023-12-28,magnesium,0.00518
river,2023-12-29,magnesium,0.0051333333333333335
river,2023-12-30,magnesium,0.005086666666666667
river,2023-12-31,magnesium,0.00504
river,2024-01-01,magnesium,0.004993333333333334
river,2024-01-02,magnesium,0.004946666666666667
river,2024-01-03,magnesium,0.004900000000000001
river,2024-01-04,magnesium,0.004885714285714287
river,2024-01-05,magnesium,0.004871428571428572
river,2024-01-06,magnesium,0.004857142857142858
river,2024-01-07,magnesium,0.004842857142857143
river,2024-01-08,magnesium,0.004828571428571429
river,2024-01-09,magnesium,0.0048142857142857145
river,2024-01-10,magnesium,0.0048
river,2024-01-11,magnesium,0.004783333333333333
river,2024-01-12,magnesium,0.0047666666666666664
river,2024-01-13,magnesium,0.00475
river,2024-01-14,magnesium,0.004733333333333333
river,2024-01-15,magnesium,0.004716666666666667
river,2024-01-16,magnesium,0.0047
river,2024-01-17,magnesium,0.004725000000000001
river,2024-01-18,magnesium,0.00475
river,2024-01-19,magnesium,0.004775000000000001
river,2024-01-20,magnesium,0.0048000000000000004
river,2024-01-21,magnesium,0.004825
river,2024-01-22,magnesium,0.004850000000000001
river,2024-01-23,magnesium,0.004875
river,2024-01-24,magnesium,0.004900000000000001
river,2024-01-25,magnesium,0.004885714285714287
river,2024-01-26,magnesium,0.004871428571428572
river,2024-01-27,magnesium,0.004857142857142858
river,2024-01-28,magnesium,0.004842857142857143
river,2024-01-29,magnesium,0.004828571428571429
river,2024-01-30,magnesium,0.0048142857142857145
river,2024-01-31,magnesium,0.0048
river,2024-02-01,magnesium,0.004842857142857143
river,2024-02-02,magnesium,0.004885714285714286
river,2024-02-03,magnesium,0.004928571428571428
river,2024-02-04,magnesium,0.004971428571428572
river,2024-02-05,magnesium,0.005014285714285714
river,2024-02-06,magnesium,0.005057142857142857
river,2024-02-07,magnesium,0.0050999999999999995
river,2024-02-08,magnesium,0.005114285714285714
river,2024-02-09,magnesium,0.0051285714285714285
river,2024-02-10,magnesium,0.005142857142857143
river,2024-02-11,magnesium,0.0051571428571428575
river,2024-02-12,magnesium,0.005171428571428572
river,2024-02-13,magnesium,0.005185714285714286
river,2024-02-14,magnesium,0.005200000000000001
river,2024-02-15,magnesium,0.005185714285714286
river,2024-02-16,magnesium,0.005171428571428572
river,2024-02-17,magnesium,0.0051571428571428575
river,2024-02-18,magnesium,0.005142857142857143
river,2024-02-19,magnesium,0.0051285714285714285
river,2024-02-20,magnesium,0.005114285714285714
river,2024-02-21,magnesium,0.0050999999999999995
river,2024-02-22,magnesium,0.0050999999999999995
river,2024-02-23,magnesium,0.0050999999999999995
river,2024-02-24,magnesium,0.0050999999999999995
river,2024-02-25,magnesium,0.0050999999999999995
river,2024-02-26,magnesium,0.0050999999999999995
river,2024-02-27,magnesium,0.0050999999999999995
river,2024-02-28,magnesium,0.005087499999999999
river,2024-02-29,magnesium,0.005075
river,2024-03-01,magnesium,0.0050625
river,2024-03-02,magnesium,0.00505
river,2024-03-03,magnesium,0.0050374999999999994
river,2024-03-04,magnesium,0.005025000000000001
river,2024-03-05,magnesium,0.0050125000000000005
river,2024-03-06,magnesium,0.005
river,2024-03-07,magnesium,0.005042857142857143
river,2024-03-08,magnesium,0.005085714285714285
river,2024-03-09,magnesium,0.0051285714285714285
river,2024-03-10,magnesium,0.005171428571428572
river,2024-03-11,magnesium,0.005214285714285715
river,2024-03-12,magnesium,0.005257142857142857
river,2024-03-13,magnesium,0.0053
river,2024-03-14,magnesium,0.0053
river,2024-03-15,magnesium,0.0053
river,2024-03-16,magnesium,0.0053
river,2024-03-17,magnesium,0.0053
river,2024-03-18,magnesium,0.0053
river,2024-03-19,magnesium,0.0053
river,2024-03-20,magnesium,0.0053
river,2024-03-21,magnesium,0.005285714285714286
river,2024-03-22,magnesium,0.005271428571428572
river,2024-03-23,magnesium,0.005257142857142857
river,2024-03-24,magnesium,0.005242857142857143
river,2024-03-25,magnesium,0.005228571428571429
river,2024-03-26,magnesium,0.005214285714285715
river,2024-03-27,magnesium,0.005200000000000001
river,2024-03-28,magnesium,0.005200000000000001
river,2024-03-29,magnesium,0.005200000000000001
river,2024-03-30,magnesium,0.005200000000000001
river,2024-03-31,magnesium,0.005200000000000001
river,2024-04-01,magnesium,0.005200000000000001
river,2024-04-02,magnesium,0.005200000000000001
river,2024-04-03,magnesium,0.005200000000000001
river,2024-04-04,magnesium,0.005185714285714286
river,2024-04-05,magnesium,0.005171428571428572
river,2024-04-06,magnesium,0.0051571428571428575
river,2024-04-07,magnesium,0.005142857142857143
river,2024-04-08,magnesium,0.0051285714285714285
river,2024-04-09,magnesium,0.005114285714285714
river,2024-04-10,magnesium,0.0050999999999999995
river,2024-04-11,magnesium,0.005114285714285714
river,2024-04-12,magnesium,0.0051285714285714285
river,2024-04-13,magnesium,0.005142857142857143
river,2024-04-14,magnesium,0.0051571428571428575
river,2024-04-15,magnesium,0.005171428571428572
river,2024-04-16,magnesium,0.005185714285714286
river,2024-04-17,magnesium,0.005200000000000001
river,2024-04-18,magnesium,0.005200000000000001
river,2024-04-19,magnesium,0.005200000000000001
river,2024-04-20,magnesium,0.005200000000000001
river,2024-04-21,magnesium,0.005200000000000001
river,2024-04-22,magnesium,0.005200000000000001
river,2024-04-23,magnesium,0.005200000000000001
river,2024-04-24,magnesium,0.005200000000000001
river,2024-04-25,magnesium,0.005014285714285714
river,2024-04-26,magnesium,0.004828571428571429
river,2024-04-27,magnesium,0.004642857142857143
river,2024-04-28,magnesium,0.0044571428571428574
river,2024-04-29,magnesium,0.004271428571428572
river,2024-04-30,magnesium,0.004085714285714285
river,2024-05-01,magnesium,0.0039
river,2024-05-02,magnesium,0.003957142857142857
river,2024-05-03,magnesium,0.004014285714285714
river,2024-05-04,magnesium,0.004071428571428571
river,2024-05-05,magnesium,0.0041285714285714285
river,2024-05-06,magnesium,0.004185714285714286
river,2024-05-07,magnesium,0.004242857142857143
river,2024-05-08,magnesium,0.0043
river,2024-05-09,magnesium,0.004333333333333333
river,2024-05-10,magnesium,0.004366666666666666
river,2024-05-11,magnesium,0.0044
river,2024-05-12,magnesium,0.004433333333333333
river,2024-05-13,magnesium,0.0044666666666666665
river,2024-05-14,magnesium,0.0045000000000000005
river,2024-05-15,magnesium,0.004475
river,2024-05-16,magnesium,0.00445
river,2024-05-17,magnesium,0.004425
river,2024-05-18,magnesium,0.0044
river,2024-05-19,magnesium,0.004375
river,2024-05-20,magnesium,0.00435
river,2024-05-21,magnesium,0.004325
river,2024-05-22,magnesium,0.0043
river,2024-05-23,magnesium,0.004342857142857142
river,2024-05-24,magnesium,0.004385714285714285
river,2024-05-25,magnesium,0.004428571428571428
river,2024-05-26,magnesium,0.0044714285714285715
river,2024-05-27,magnesium,0.004514285714285715
river,2024-05-28,magnesium,0.004557142857142857
river,2024-05-29,magnesium,0.0046
river,2024-05-30,magnesium,0.0045625
river,2024-05-31,magnesium,0.0045249999999999995
river,2024-06-01,magnesium,0.0044875
river,2024-06-02,magnesium,0.004449999999999999
river,2024-06-03,magnesium,0.0044125
river,2024-06-04,magnesium,0.004375
river,2024-06-05,magnesium,0.004337499999999999
river,2024-06-06,magnesium,0.0043
river,2024-06-07,magnesium,0.00435
river,2024-06-08,magnesium,0.004399999999999999
river,2024-06-09,magnesium,0.004449999999999999
river,2024-06-10,magnesium,0.0045000000000000005
river,2024-06-11,magnesium,0.00455
river,2024-06-12,magnesium,0.0046
river,2024-06-13,magnesium,0.0046
river,2024-06-14,magnesium,0.0046
river,2024-06-15,magnesium,0.0046
river,2024-06-16,magnesium,0.0046
river,2024-06-17,magnesium,0.0046
river,2024-06-18,magnesium,0.0046
river,2024-06-19,magnesium,0.0046
river,2024-06-20,magnesium,0.0046
river,2024-06-21,magnesium,0.0046
river,2024-06-22,magnesium,0.0046
river,2024-06-23,magnesium,0.0046
river,2024-06-24,magnesium,0.0046
river,2024-06-25,magnesium,0.0046
river,2024-06-26,magnesium,0.0045874999999999996
river,2024-06-27,magnesium,0.004574999999999999
river,2024-06-28,magnesium,0.0045625
river,2024-06-29,magnesium,0.00455
river,2024-06-30,magnesium,0.0045375
river,2024-07-01,magnesium,0.004525
river,2024-07-02,magnesium,0.0045125
river,2024-07-03,magnesium,0.0045000000000000005
river,2024-07-04,magnesium,0.004542857142857143
river,2024-07-05,magnesium,0.004585714285714286
river,2024-07-06,magnesium,0.004628571428571428
river,2024-07-07,magnesium,0.004671428571428572
river,2024-07-08,magnesium,0.004714285714285714
river,2024-07-09,magnesium,0.004757142857142857
river,2024-07-10,magnesium,0.0048
river,2024-07-11,magnesium,0.004783333333333333
river,2024-07-12,magnesium,0.0047666666666666664
river,2024-07-13,magnesium,0.00475
river,2024-07-14,magnesium,0.004733333333333333
river,2024-07-15,magnesium,0.004716666666666667
river,2024-07-16,magnesium,0.0047
river,2024-07-17,magnesium,0.0046875
river,2024-07-18,magnesium,0.004675
river,2024-07-19,magnesium,0.0046625
river,2024-07-20,magnesium,0.0046500000000000005
river,2024-07-21,magnesium,0.0046375
river,2024-07-22,magnesium,0.004625
river,2024-07-23,magnesium,0.0046125
river,2024-07-24,magnesium,0.0046
river,2024-07-25,magnesium,0.0046
river,2024-07-26,magnesium,0.0046
river,2024-07-27,magnesium,0.0046
river,2024-07-28,magnesium,0.0046
river,2024-07-29,magnesium,0.0046
river,2024-07-30,magnesium,0.0046
river,2024-07-31,magnesium,0.0046
river,2024-08-01,magnesium,0.0046
river,2024-08-02,magnesium,0.0046
river,2024-08-03,magnesium,0.0046
river,2024-08-04,magnesium,0.0046
river,2024-08-05,magnesium,0.0046
river,2024-08-06,magnesium,0.0046
river,2024-08-07,magnesium,0.0046
river,2024-08-08,magnesium,0.004628571428571428
river,2024-08-09,magnesium,0.004657142857142857
river,2024-08-10,magnesium,0.004685714285714285
river,2024-08-11,magnesium,0.004714285714285714
river,2024-08-12,magnesium,0.004742857142857143
river,2024-08-13,magnesium,0.004771428571428571
river,2024-08-14,magnesium,0.0048
river,2024-08-15,magnesium,0.004771428571428571
river,2024-08-16,magnesium,0.004742857142857143
river,2024-08-17,magnesium,0.004714285714285714
river,2024-08-18,magnesium,0.004685714285714285
river,2024-08-19,magnesium,0.004657142857142857
river,2024-08-20,magnesium,0.004628571428571428
river,2024-08-21,magnesium,0.0046
river,2024-08-22,magnesium,0.0046
river,2024-08-23,magnesium,0.0046
river,2024-08-24,magnesium,0.0046
river,2024-08-25,magnesium,0.0046
river,2024-08-26,magnesium,0.0046
river,2024-08-27,magnesium,0.0046
river,2024-08-28,magnesium,0.0046
river,2024-08-29,magnesium,0.004628571428571428
river,2024-08-30,magnesium,0.004657142857142857
river,2024-08-31,magnesium,0.004685714285714285
river,2024-09-01,magnesium,0.004714285714285714
river,2024-09-02,magnesium,0.004742857142857143
river,2024-09-03,magnesium,0.004771428571428571
river,2024-09-04,magnesium,0.0048
river,2024-09-05,magnesium,0.0047
river,2024-09-06,magnesium,0.0046
river,2024-09-07,magnesium,0.0045000000000000005
river,2024-09-08,magnesium,0.004399999999999999
river,2024-09-09,magnesium,0.0043
river,2024-09-10,magnesium,0.0042
river,2024-09-11,magnesium,0.0040999999999999995
river,2024-09-12,magnesium,0.004214285714285715
river,2024-09-13,magnesium,0.004328571428571428
river,2024-09-14,magnesium,0.004442857142857143
river,2024-09-15,magnesium,0.004557142857142857
river,2024-09-16,magnesium,0.004671428571428572
river,2024-09-17,magnesium,0.004785714285714286
river,2024-09-18,magnesium,0.004900000000000001
river,2024-09-19,magnesium,0.004883333333333334
river,2024-09-20,magnesium,0.004866666666666668
river,2024-09-21,magnesium,0.00485
river,2024-09-22,magnesium,0.004833333333333333
river,2024-09-23,magnesium,0.004816666666666666
river,2024-09-24,magnesium,0.0048
river,2024-09-25,magnesium,0.0048
river,2024-09-26,magnesium,0.0048
river,2024-09-27,magnesium,0.0048
river,2024-09-28,magnesium,0.0048
river,2024-09-29,magnesium,0.0048
river,2024-09-30,magnesium,0.0048
river,2024-10-01,magnesium,0.0048
river,2024-10-02,magnesium,0.004757142857142857
river,2024-10-03,magnesium,0.004714285714285714
river,2024-10-04,magnesium,0.004671428571428572
river,2024-10-05,magnesium,0.004628571428571428
river,2024-10-06,magnesium,0.004585714285714286
river,2024-10-07,magnesium,0.004542857142857143
river,2024-10-08,magnesium,0.0045000000000000005
river,2024-10-09,magnesium,0.0045375
river,2024-10-10,magnesium,0.004575
river,2024-10-11,magnesium,0.0046125
river,2024-10-12,magnesium,0.0046500000000000005
river,2024-10-13,magnesium,0.0046875
river,2024-10-14,magnesium,0.004725
river,2024-10-15,magnesium,0.0047625
river,2024-10-16,magnesium,0.0048
river,2024-10-17,magnesium,0.0047857142857142855
river,2024-10-18,magnesium,0.004771428571428571
river,2024-10-19,magnesium,0.004757142857142857
river,2024-10-20,magnesium,0.004742857142857143
river,2024-10-21,magnesium,0.004728571428571428
river,2024-10-22,magnesium,0.004714285714285714
river,2024-10-23,magnesium,0.0047
river,2024-10-24,magnesium,0.004733333333333333
river,2024-10-25,magnesium,0.0047666666666666664
river,2024-10-26,magnesium,0.0048000000000000004
river,2024-10-27,magnesium,0.0048333333333333344
river,2024-10-28,magnesium,0.004866666666666668
river,2024-10-29,magnesium,0.004900000000000001
river,2024-10-30,magnesium,0.0047625
river,2024-10-31,magnesium,0.004625
river,2024-11-01,magnesium,0.0044875
river,2024-11-02,magnesium,0.00435
river,2024-11-03,magnesium,0.0042125
river,2024-11-04,magnesium,0.0040750000000000005
river,2024-11-05,magnesium,0.0039375
river,2024-11-06,magnesium,0.0038
river,2024-11-07,magnesium,0.003933333333333333
river,2024-11-08,magnesium,0.004066666666666666
river,2024-11-09,magnesium,0.0042
river,2024-11-10,magnesium,0.004333333333333333
river,2024-11-11,magnesium,0.0044666666666666665
river,2024-11-12,magnesium,0.0046
river,2024-11-13,magnesium,0.004642857142857142
river,2024-11-14,magnesium,0.004685714285714286
river,2024-11-15,magnesium,0.004728571428571428
river,2024-11-16,magnesium,0.004771428571428571
river,2024-11-17,magnesium,0.0048142857142857145
river,2024-11-18,magnesium,0.004857142857142858
river,2024-11-19,magnesium,0.004900000000000001
river,2024-11-20,magnesium,0.004714285714285714
river,2024-11-21,magnesium,0.004528571428571429
river,2024-11-22,magnesium,0.004342857142857143
river,2024-11-23,magnesium,0.0041571428571428575
river,2024-11-24,magnesium,0.003971428571428572
river,2024-11-25,magnesium,0.0037857142857142855
river,2024-11-26,magnesium,0.0036000000000000003
river,2024-11-27,magnesium,0.0036625
river,2024-11-28,magnesium,0.003725
river,2024-11-29,magnesium,0.0037875
river,2024-11-30,magnesium,0.0038499999999999997
river,2024-12-01,magnesium,0.003912499999999999
river,2024-12-02,magnesium,0.003974999999999999
river,2024-12-03,magnesium,0.004037499999999999
river,2024-12-04,magnesium,0.0040999999999999995
river,2024-12-05,magnesium,0.004157142857142857
river,2024-12-06,magnesium,0.004214285714285715
river,2024-12-07,magnesium,0.004271428571428572
river,2024-12-08,magnesium,0.004328571428571428
river,2024-12-09,magnesium,0.004385714285714285
river,2024-12-10,magnesium,0.004442857142857143
river,2024-12-11,magnesium,0.0045000000000000005
river,2024-12-12,magnesium,0.00445
river,2024-12-13,magnesium,0.0044
river,2024-12-14,magnesium,0.00435
river,2024-12-15,magnesium,0.0043
river,2024-12-16,magnesium,0.00425
river,2024-12-17,magnesium,0.004200000000000001
river,2024-12-18,magnesium,0.004195238095238096
river,2024-12-19,magnesium,0.004190476190476191
river,2024-12-20,magnesium,0.004185714285714286
river,2024-12-21,magnesium,0.0041809523809523816
river,2024-12-22,magnesium,0.004176190476190477
river,2024-12-23,magnesium,0.004171428571428572
river,2024-12-24,magnesium,0.0041666666666666675
river,2024-12-25,magnesium,0.0041619047619047625
river,2024-12-26,magnesium,0.0041571428571428575
river,2024-12-27,magnesium,0.0041523809523809525
river,2024-12-28,magnesium,0.0041476190476190476
river,2024-12-29,magnesium,0.004142857142857143
river,2024-12-30,magnesium,0.004138095238095238
river,2024-12-31,magnesium,0.004133333333333333
river,2025-01-01,magnesium,0.0041285714285714285
river,2025-01-02,magnesium,0.0041238095238095235
river,2025-01-03,magnesium,0.0041190476190476185
river,2025-01-04,magnesium,0.0041142857142857136
river,2025-01-05,magnesium,0.0041095238095238094
river,2025-01-06,magnesium,0.0041047619047619045
river,2025-01-07,magnesium,0.0040999999999999995
river,2025-01-08,magnesium,0.004142857142857143
river,2025-01-09,magnesium,0.004185714285714286
river,2025-01-10,magnesium,0.004228571428571429
river,2025-01-11,magnesium,0.004271428571428572
river,2025-01-12,magnesium,0.004314285714285714
river,2025-01-13,magnesium,0.004357142857142858
river,2025-01-14,magnesium,0.0044
river,2025-01-15,magnesium,0.004442857142857143
river,2025-01-16,magnesium,0.004485714285714286
river,2025-01-17,magnesium,0.004528571428571429
river,2025-01-18,magnesium,0.004571428571428572
river,2025-01-19,magnesium,0.004614285714285715
river,2025-01-20,magnesium,0.004657142857142858
river,2025-01-21,magnesium,0.0047
river,2025-01-22,magnesium,0.004557142857142857
river,2025-01-23,magnesium,0.004414285714285714
river,2025-01-24,magnesium,0.004271428571428572
river,2025-01-25,magnesium,0.004128571428571429
river,2025-01-26,magnesium,0.003985714285714286
river,2025-01-27,magnesium,0.003842857142857143
river,2025-01-28,magnesium,0.0037
river,2025-01-29,magnesium,0.003771428571428572
river,2025-01-30,magnesium,0.003842857142857143
river,2025-01-31,magnesium,0.003914285714285715
river,2025-02-01,magnesium,0.003985714285714286
river,2025-02-02,magnesium,0.004057142857142857
river,2025-02-03,magnesium,0.004128571428571429
river,2025-02-04,magnesium,0.004200000000000001
river,2025-02-05,magnesium,0.0041571428571428575
river,2025-02-06,magnesium,0.004114285714285714
river,2025-02-07,magnesium,0.004071428571428571
river,2025-02-08,magnesium,0.004028571428571428
river,2025-02-09,magnesium,0.003985714285714286
river,2025-02-10,magnesium,0.003942857142857143
river,2025-02-11,magnesium,0.0039
river,2025-02-12,magnesium,0.003957142857142857
river,2025-02-13,magnesium,0.004014285714285714
river,2025-02-14,magnesium,0.004071428571428571
river,2025-02-15,magnesium,0.0041285714285714285
river,2025-02-16,magnesium,0.004185714285714286
river,2025-02-17,magnesium,0.004242857142857143
river,2025-02-18,magnesium,0.0043
river,2025-02-19,magnesium,0.0043
river,2025-02-20,magnesium,0.0043
river,2025-02-21,magnesium,0.0043
river,2025-02-22,magnesium,0.0043
river,2025-02-23,magnesium,0.0043
river,2025-02-24,magnesium,0.0043
river,2025-02-25,magnesium,0.0043
river,2021-03-03,boron,3.6e-05
river,2021-03-04,boron,3.6666666666666666e-05
river,2021-03-05,boron,3.733333333333334e-05
river,2021-03-06,boron,3.7999999999999995e-05
river,2021-03-07,boron,3.866666666666666e-05
river,2021-03-08,boron,3.933333333333333e-05
river,2021-03-09,boron,3.9999999999999996e-05
river,2021-03-10,boron,3.957142857142857e-05
river,2021-03-11,boron,3.9142857142857145e-05
river,2021-03-12,boron,3.8714285714285715e-05
river,2021-03-13,boron,3.8285714285714286e-05
river,2021-03-14,boron,3.785714285714285e-05
river,2021-03-15,boron,3.742857142857143e-05
river,2021-03-16,boron,3.7e-05
river,2021-03-17,boron,3.675e-05
river,2021-03-18,boron,3.65e-05
river,2021-03-19,boron,3.625e-05
river,2021-03-20,boron,3.6e-05
river,2021-03-21,boron,3.575e-05
river,2021-03-22,boron,3.5499999999999996e-05
river,2021-03-23,boron,3.5249999999999996e-05
river,2021-03-24,boron,3.5e-05
river,2021-03-25,boron,3.4625e-05
river,2021-03-26,boron,3.425e-05
river,2021-03-27,boron,3.3875e-05
river,2021-03-28,boron,3.35e-05
river,2021-03-29,boron,3.3125e-05
river,2021-03-30,boron,3.2749999999999996e-05
river,2021-03-31,boron,3.2375e-05
river,2021-04-01,boron,3.2e-05
river,2021-04-02,boron,3.26e-05
river,2021-04-03,boron,3.32e-05
river,2021-04-04,boron,3.3799999999999995e-05
river,2021-04-05,boron,3.4399999999999996e-05
river,2021-04-06,boron,3.5e-05
river,2021-04-07,boron,3.475e-05
river,2021-04-08,boron,3.45e-05
river,2021-04-09,boron,3.425e-05
river,2021-04-10,boron,3.4e-05
river,2021-04-11,boron,3.375e-05
river,2021-04-12,boron,3.35e-05
river,2021-04-13,boron,3.325e-05
river,2021-04-14,boron,3.2999999999999996e-05
river,2021-04-15,boron,3.6e-05
river,2021-04-16,boron,3.9e-05
river,2021-04-17,boron,4.2e-05
river,2021-04-18,boron,4.4999999999999996e-05
river,2021-04-19,boron,4.8e-05
river,2021-04-20,boron,5.1e-05
river,2021-04-21,boron,5.228571428571428e-05
river,2021-04-22,boron,5.357142857142857e-05
river,2021-04-23,boron,5.4857142857142857e-05
river,2021-04-24,boron,5.6142857142857145e-05
river,2021-04-25,boron,5.7428571428571426e-05
river,2021-04-26,boron,5.8714285714285714e-05
river,2021-04-27,boron,5.9999999999999995e-05
river,2021-04-28,boron,5.9625e-05
river,2021-04-29,boron,5.925e-05
river,2021-04-30,boron,5.8874999999999995e-05
river,2021-05-01,boron,5.85e-05
river,2021-05-02,boron,5.8124999999999997e-05
river,2021-05-03,boron,5.7749999999999994e-05
river,2021-05-04,boron,5.7375e-05
river,2021-05-05,boron,5.6999999999999996e-05
river,2021-05-06,boron,5.65e-05
river,2021-05-07,boron,5.6e-05
river,2021-05-08,boron,5.55e-05
river,2021-05-09,boron,5.4999999999999995e-05
river,2021-05-10,boron,5.4499999999999997e-05
river,2021-05-11,boron,5.4e-05
river,2021-05-12,boron,5.385714285714285e-05
river,2021-05-13,boron,5.3714285714285714e-05
river,2021-05-14,boron,5.357142857142857e-05
river,2021-05-15,boron,5.342857142857143e-05
river,2021-05-16,boron,5.3285714285714285e-05
river,2021-05-17,boron,5.3142857142857146e-05
river,2021-05-18,boron,5.3e-05
river,2021-05-19,boron,5.3374999999999996e-05
river,2021-05-20,boron,5.375e-05
river,2021-05-21,boron,5.4124999999999994e-05
river,2021-05-22,boron,5.4499999999999997e-05
river,2021-05-23,boron,5.4875e-05
river,2021-05-24,boron,5.5249999999999994e-05
river,2021-05-25,boron,5.5625e-05
river,2021-05-26,boron,5.6e-05
river,2021-05-27,boron,5.266666666666666e-05
river,2021-05-28,boron,4.933333333333333e-05
river,2021-05-29,boron,4.6e-05
river,2021-05-30,boron,4.266666666666666e-05
river,2021-05-31,boron,3.9333333333333325e-05
river,2021-06-01,boron,3.6e-05
river,2021-06-02,boron,3.8714285714285715e-05
river,2021-06-03,boron,4.142857142857143e-05
river,2021-06-04,boron,4.414285714285714e-05
river,2021-06-05,boron,4.685714285714286e-05
river,2021-06-06,boron,4.9571428571428566e-05
river,2021-06-07,boron,5.228571428571428e-05
river,2021-06-08,boron,5.4999999999999995e-05
river,2021-06-09,boron,5.485714285714285e-05
river,2021-06-10,boron,5.471428571428571e-05
river,2021-06-11,boron,5.4571428571428566e-05
river,2021-06-12,boron,5.442857142857143e-05
river,2021-06-13,boron,5.428571428571428e-05
river,2021-06-14,boron,5.414285714285714e-05
river,2021-06-15,boron,5.4e-05
river,2021-06-16,boron,5.4571428571428566e-05
river,2021-06-17,boron,5.514285714285714e-05
river,2021-06-18,boron,5.5714285714285715e-05
river,2021-06-19,boron,5.628571428571428e-05
river,2021-06-20,boron,5.685714285714285e-05
river,2021-06-21,boron,5.7428571428571426e-05
river,2021-06-22,boron,5.8e-05
river,2021-06-23,boron,5.857142857142857e-05
river,2021-06-24,boron,5.914285714285714e-05
river,2021-06-25,boron,5.971428571428571e-05
river,2021-06-26,boron,6.028571428571428e-05
river,2021-06-27,boron,6.085714285714285e-05
river,2021-06-28,boron,6.142857142857142e-05
river,2021-06-29,boron,6.2e-05
river,2021-06-30,boron,6.185714285714285e-05
river,2021-07-01,boron,6.171428571428571e-05
river,2021-07-02,boron,6.157142857142856e-05
river,2021-07-03,boron,6.142857142857142e-05
river,2021-07-04,boron,6.128571428571428e-05
river,2021-07-05,boron,6.114285714285714e-05
river,2021-07-06,boron,6.1e-05
river,2021-07-07,boron,6.0714285714285715e-05
river,2021-07-08,boron,6.042857142857143e-05
river,2021-07-09,boron,6.014285714285714e-05
river,2021-07-10,boron,5.985714285714285e-05
river,2021-07-11,boron,5.9571428571428565e-05
river,2021-07-12,boron,5.928571428571428e-05
river,2021-07-13,boron,5.9e-05
river,2021-07-14,boron,5.9571428571428565e-05
river,2021-07-15,boron,6.014285714285714e-05
river,2021-07-16,boron,6.0714285714285715e-05
river,2021-07-17,boron,6.128571428571428e-05
river,2021-07-18,boron,6.185714285714285e-05
river,2021-07-19,boron,6.242857142857143e-05
river,2021-07-20,boron,6.3e-05
river,2021-07-21,boron,6.314285714285714e-05
river,2021-07-22,boron,6.328571428571428e-05
river,2021-07-23,boron,6.342857142857143e-05
river,2021-07-24,boron,6.357142857142857e-05
river,2021-07-25,boron,6.37142857142857e-05
river,2021-07-26,boron,6.385714285714284e-05
river,2021-07-27,boron,6.4e-05
river,2021-07-28,boron,6.4e-05
river,2021-07-29,boron,6.4e-05
river,2021-07-30,boron,6.4e-05
river,2021-07-31,boron,6.4e-05
river,2021-08-01,boron,6.4e-05
river,2021-08-02,boron,6.4e-05
river,2021-08-03,boron,6.4e-05
river,2021-08-04,boron,6.4e-05
river,2021-08-05,boron,6.516666666666667e-05
river,2021-08-06,boron,6.633333333333332e-05
river,2021-08-07,boron,6.75e-05
river,2021-08-08,boron,6.866666666666666e-05
river,2021-08-09,boron,6.983333333333333e-05
river,2021-08-10,boron,7.099999999999999e-05
river,2021-08-11,boron,7.028571428571428e-05
river,2021-08-12,boron,6.957142857142856e-05
river,2021-08-13,boron,6.885714285714286e-05
river,2021-08-14,boron,6.814285714285714e-05
river,2021-08-15,boron,6.742857142857143e-05
river,2021-08-16,boron,6.671428571428571e-05
river,2021-08-17,boron,6.599999999999999e-05
river,2021-08-18,boron,6.514285714285713e-05
river,2021-08-19,boron,6.428571428571429e-05
river,2021-08-20,boron,6.342857142857143e-05
river,2021-08-21,boron,6.257142857142857e-05
river,2021-08-22,boron,6.171428571428571e-05
river,2021-08-23,boron,6.085714285714286e-05
river,2021-08-24,boron,5.9999999999999995e-05
river,2021-08-25,boron,5.9888888888888886e-05
river,2021-08-26,boron,5.977777777777778e-05
river,2021-08-27,boron,5.966666666666666e-05
river,2021-08-28,boron,5.9555555555555554e-05
river,2021-08-29,boron,5.944444444444444e-05
river,2021-08-30,boron,5.933333333333333e-05
river,2021-08-31,boron,5.922222222222222e-05
river,2021-09-01,boron,5.911111111111111e-05
river,2021-09-02,boron,5.9e-05
river,2021-09-03,boron,5.879999999999999e-05
river,2021-09-04,boron,5.86e-05
river,2021-09-05,boron,5.8399999999999997e-05
river,2021-09-06,boron,5.82e-05
river,2021-09-07,boron,5.8e-05
river,2021-09-08,boron,5.8e-05
river,2021-09-09,boron,5.8e-05
river,2021-09-10,boron,5.8e-05
river,2021-09-11,boron,5.8e-05
river,2021-09-12,boron,5.8e-05
river,2021-09-13,boron,5.8e-05
river,2021-09-14,boron,5.8e-05
river,2021-09-15,boron,5.8e-05
river,2021-09-16,boron,5.7571428571428564e-05
river,2021-09-17,boron,5.714285714285714e-05
river,2021-09-18,boron,5.671428571428571e-05
river,2021-09-19,boron,5.628571428571428e-05
river,2021-09-20,boron,5.5857142857142854e-05
river,2021-09-21,boron,5.542857142857143e-05
river,2021-09-22,boron,5.4999999999999995e-05
river,2021-09-23,boron,5.557142857142857e-05
river,2021-09-24,boron,5.6142857142857145e-05
river,2021-09-25,boron,5.671428571428571e-05
river,2021-09-26,boron,5.728571428571428e-05
river,2021-09-27,boron,5.785714285714285e-05
river,2021-09-28,boron,5.842857142857143e-05
river,2021-09-29,boron,5.9e-05
river,2021-09-30,boron,5.9499999999999996e-05
river,2021-10-01,boron,5.9999999999999995e-05
river,2021-10-02,boron,6.05e-05
river,2021-10-03,boron,6.1e-05
river,2021-10-04,boron,6.149999999999999e-05
river,2021-10-05,boron,6.2e-05
river,2021-10-06,boron,6.225e-05
river,2021-10-07,boron,6.25e-05
river,2021-10-08,boron,6.275e-05
river,2021-10-09,boron,6.3e-05
river,2021-10-10,boron,6.324999999999999e-05
river,2021-10-11,boron,6.35e-05
river,2021-10-12,boron,6.374999999999999e-05
river,2021-10-13,boron,6.4e-05
river,2021-10-14,boron,6.414285714285714e-05
river,2021-10-15,boron,6.428571428571429e-05
river,2021-10-16,boron,6.442857142857143e-05
river,2021-10-17,boron,6.457142857142856e-05
river,2021-10-18,boron,6.47142857142857e-05
river,2021-10-19,boron,6.485714285714286e-05
river,2021-10-20,boron,6.5e-05
river,2021-10-21,boron,6.557142857142856e-05
river,2021-10-22,boron,6.614285714285713e-05
river,2021-10-23,boron,6.671428571428571e-05
river,2021-10-24,boron,6.728571428571429e-05
river,2021-10-25,boron,6.785714285714286e-05
river,2021-10-26,boron,6.842857142857143e-05
river,2021-10-27,boron,6.9e-05
river,2021-10-28,boron,6.9e-05
river,2021-10-29,boron,6.9e-05
river,2021-10-30,boron,6.9e-05
river,2021-10-31,boron,6.9e-05
river,2021-11-01,boron,6.9e-05
river,2021-11-02,boron,6.9e-05
river,2021-11-03,boron,6.9e-05
river,2021-11-04,boron,6.8e-05
river,2021-11-05,boron,6.7e-05
river,2021-11-06,boron,6.599999999999999e-05
river,2021-11-07,boron,6.5e-05
river,2021-11-08,boron,6.4e-05
river,2021-11-09,boron,6.3e-05
river,2021-11-10,boron,6.2e-05
river,2021-11-11,boron,6.171428571428571e-05
river,2021-11-12,boron,6.142857142857142e-05
river,2021-11-13,boron,6.114285714285714e-05
river,2021-11-14,boron,6.085714285714285e-05
river,2021-11-15,boron,6.057142857142857e-05
river,2021-11-16,boron,6.028571428571428e-05
river,2021-11-17,boron,5.9999999999999995e-05
river,2021-11-18,boron,5.8714285714285714e-05
river,2021-11-19,boron,5.7428571428571426e-05
river,2021-11-20,boron,5.614285714285714e-05
river,2021-11-21,boron,5.485714285714285e-05
river,2021-11-22,boron,5.357142857142857e-05
river,2021-11-23,boron,5.228571428571428e-05
river,2021-11-24,boron,5.1e-05
river,2021-11-25,boron,5.014285714285714e-05
river,2021-11-26,boron,4.928571428571428e-05
river,2021-11-27,boron,4.842857142857143e-05
river,2021-11-28,boron,4.7571428571428565e-05
river,2021-11-29,boron,4.671428571428571e-05
river,2021-11-30,boron,4.585714285714286e-05
river,2021-12-01,boron,4.4999999999999996e-05
river,2021-12-02,boron,4.457142857142857e-05
river,2021-12-03,boron,4.4142857142857144e-05
river,2021-12-04,boron,4.3714285714285715e-05
river,2021-12-05,boron,4.3285714285714286e-05
river,2021-12-06,boron,4.285714285714285e-05
river,2021-12-07,boron,4.242857142857143e-05
river,2021-12-08,boron,4.2e-05
river,2021-12-09,boron,4.15e-05
river,2021-12-10,boron,4.1e-05
river,2021-12-11,boron,4.0499999999999995e-05
river,2021-12-12,boron,3.9999999999999996e-05
river,2021-12-13,boron,3.95e-05
river,2021-12-14,boron,3.9e-05
river,2021-12-15,boron,3.85e-05
river,2021-12-16,boron,3.7999999999999995e-05
river,2021-12-17,boron,3.7999999999999995e-05
river,2021-12-18,boron,3.7999999999999995e-05
river,2021-12-19,boron,3.7999999999999995e-05
river,2021-12-20,boron,3.7999999999999995e-05
river,2021-12-21,boron,3.7999999999999995e-05
river,2021-12-22,boron,3.7999999999999995e-05
river,2021-12-23,boron,3.7999999999999995e-05
river,2021-12-24,boron,3.7999999999999995e-05
river,2021-12-25,boron,3.7999999999999995e-05
river,2021-12-26,boron,3.7999999999999995e-05
river,2021-12-27,boron,3.7999999999999995e-05
river,2021-12-28,boron,3.7999999999999995e-05
river,2021-12-29,boron,3.7999999999999995e-05
river,2021-12-30,boron,3.7999999999999995e-05
river,2021-12-31,boron,3.7999999999999995e-05
river,2022-01-01,boron,3.7999999999999995e-05
river,2022-01-02,boron,3.7999999999999995e-05
river,2022-01-03,boron,3.7999999999999995e-05
river,2022-01-04,boron,3.7999999999999995e-05
river,2022-01-05,boron,3.7999999999999995e-05
river,2022-01-06,boron,3.785714285714285e-05
river,2022-01-07,boron,3.771428571428571e-05
river,2022-01-08,boron,3.7571428571428566e-05
river,2022-01-09,boron,3.742857142857143e-05
river,2022-01-10,boron,3.728571428571428e-05
river,2022-01-11,boron,3.7142857142857143e-05
river,2022-01-12,boron,3.7e-05
river,2022-01-13,boron,3.7e-05
river,2022-01-14,boron,3.7e-05
river,2022-01-15,boron,3.7e-05
river,2022-01-16,boron,3.7e-05
river,2022-01-17,boron,3.7e-05
river,2022-01-18,boron,3.7e-05
river,2022-01-19,boron,3.7e-05
river,2022-01-20,boron,3.657142857142857e-05
river,2022-01-21,boron,3.6142857142857146e-05
river,2022-01-22,boron,3.571428571428572e-05
river,2022-01-23,boron,3.528571428571428e-05
river,2022-01-24,boron,3.485714285714285e-05
river,2022-01-25,boron,3.442857142857143e-05
river,2022-01-26,boron,3.4e-05
river,2022-01-27,boron,3.4e-05
river,2022-01-28,boron,3.4e-05
river,2022-01-29,boron,3.4e-05
river,2022-01-30,boron,3.4e-05
river,2022-01-31,boron,3.4e-05
river,2022-02-01,boron,3.4e-05
river,2022-02-02,boron,3.4e-05
river,2022-02-03,boron,3.4285714285714284e-05
river,2022-02-04,boron,3.457142857142857e-05
river,2022-02-05,boron,3.485714285714285e-05
river,2022-02-06,boron,3.514285714285714e-05
river,2022-02-07,boron,3.5428571428571426e-05
river,2022-02-08,boron,3.571428571428572e-05
river,2022-02-09,boron,3.6e-05
river,2022-02-10,boron,3.6e-05
river,2022-02-11,boron,3.6e-05
river,2022-02-12,boron,3.6e-05
river,2022-02-13,boron,3.6e-05
river,2022-02-14,boron,3.6e-05
river,2022-02-15,boron,3.6e-05
river,2022-02-16,boron,3.6e-05
river,2022-02-17,boron,3.6714285714285714e-05
river,2022-02-18,boron,3.742857142857143e-05
river,2022-02-19,boron,3.814285714285715e-05
river,2022-02-20,boron,3.8857142857142854e-05
river,2022-02-21,boron,3.957142857142857e-05
river,2022-02-22,boron,4.028571428571428e-05
river,2022-02-23,boron,4.1e-05
river,2022-02-24,boron,4.1285714285714284e-05
river,2022-02-25,boron,4.157142857142857e-05
river,2022-02-26,boron,4.185714285714285e-05
river,2022-02-27,boron,4.214285714285714e-05
river,2022-02-28,boron,4.242857142857143e-05
river,2022-03-01,boron,4.271428571428571e-05
river,2022-03-02,boron,4.2999999999999995e-05
river,2022-03-03,boron,4.214285714285714e-05
river,2022-03-04,boron,4.1285714285714284e-05
river,2022-03-05,boron,4.0428571428571426e-05
river,2022-03-06,boron,3.957142857142857e-05
river,2022-03-07,boron,3.8714285714285715e-05
river,2022-03-08,boron,3.785714285714286e-05
river,2022-03-09,boron,3.7e-05
river,2022-03-10,boron,3.685714285714285e-05
river,2022-03-11,boron,3.6714285714285714e-05
river,2022-03-12,boron,3.657142857142857e-05
river,2022-03-13,boron,3.642857142857143e-05
river,2022-03-14,boron,3.6285714285714285e-05
river,2022-03-15,boron,3.6142857142857146e-05
river,2022-03-16,boron,3.6e-05
river,2022-03-17,boron,3.6142857142857146e-05
river,2022-03-18,boron,3.6285714285714285e-05
river,2022-03-19,boron,3.642857142857143e-05
river,2022-03-20,boron,3.657142857142857e-05
river,2022-03-21,boron,3.6714285714285714e-05
river,2022-03-22,boron,3.685714285714285e-05
river,2022-03-23,boron,3.7e-05
river,2022-03-24,boron,3.6642857142857145e-05
river,2022-03-25,boron,3.6285714285714285e-05
river,2022-03-26,boron,3.592857142857143e-05
river,2022-03-27,boron,3.5571428571428565e-05
river,2022-03-28,boron,3.521428571428571e-05
river,2022-03-29,boron,3.485714285714285e-05
river,2022-03-30,boron,3.45e-05
river,2022-03-31,boron,3.4142857142857145e-05
river,2022-04-01,boron,3.3785714285714285e-05
river,2022-04-02,boron,3.342857142857143e-05
river,2022-04-03,boron,3.3071428571428565e-05
river,2022-04-04,boron,3.271428571428571e-05
river,2022-04-05,boron,3.235714285714285e-05
river,2022-04-06,boron,3.2e-05
river,2022-04-07,boron,3.228571428571428e-05
river,2022-04-08,boron,3.2571428571428566e-05
river,2022-04-09,boron,3.285714285714285e-05
river,2022-04-10,boron,3.314285714285714e-05
river,2022-04-11,boron,3.342857142857143e-05
river,2022-04-12,boron,3.3714285714285716e-05
river,2022-04-13,boron,3.4e-05
river,2022-04-14,boron,3.4124999999999996e-05
river,2022-04-15,boron,3.425e-05
river,2022-04-16,boron,3.4374999999999995e-05
river,2022-04-17,boron,3.45e-05
river,2022-04-18,boron,3.4625e-05
river,2022-04-19,boron,3.475e-05
river,2022-04-20,boron,3.4875e-05
river,2022-04-21,boron,3.5e-05
river,2022-04-22,boron,3.566666666666666e-05
river,2022-04-23,boron,3.633333333333333e-05
river,2022-04-24,boron,3.7e-05
river,2022-04-25,boron,3.766666666666666e-05
river,2022-04-26,boron,3.8333333333333334e-05
river,2022-04-27,boron,3.9e-05
river,2022-04-28,boron,3.957142857142857e-05
river,2022-04-29,boron,4.014285714285714e-05
river,2022-04-30,boron,4.0714285714285717e-05
river,2022-05-01,boron,4.1285714285714284e-05
river,2022-05-02,boron,4.185714285714285e-05
river,2022-05-03,boron,4.242857142857143e-05
river,2022-05-04,boron,4.2999999999999995e-05
river,2022-05-05,boron,4.2571428571428566e-05
river,2022-05-06,boron,4.214285714285714e-05
river,2022-05-07,boron,4.1714285714285714e-05
river,2022-05-08,boron,4.1285714285714284e-05
river,2022-05-09,boron,4.0857142857142855e-05
river,2022-05-10,boron,4.0428571428571426e-05
river,2022-05-11,boron,3.9999999999999996e-05
river,2022-05-12,boron,3.985714285714285e-05
river,2022-05-13,boron,3.971428571428571e-05
river,2022-05-14,boron,3.957142857142857e-05
river,2022-05-15,boron,3.942857142857143e-05
river,2022-05-16,boron,3.928571428571428e-05
river,2022-05-17,boron,3.9142857142857145e-05
river,2022-05-18,boron,3.9e-05
river,2022-05-19,boron,3.925e-05
river,2022-05-20,boron,3.95e-05
river,2022-05-21,boron,3.975e-05
river,2022-05-22,boron,3.9999999999999996e-05
river,2022-05-23,boron,4.0249999999999996e-05
river,2022-05-24,boron,4.0499999999999995e-05
river,2022-05-25,boron,4.075e-05
river,2022-05-26,boron,4.1e-05
river,2022-05-27,boron,4.157142857142857e-05
river,2022-05-28,boron,4.214285714285714e-05
river,2022-05-29,boron,4.271428571428571e-05
river,2022-05-30,boron,4.3285714285714286e-05
river,2022-05-31,boron,4.3857142857142853e-05
river,2022-06-01,boron,4.442857142857143e-05
river,2022-06-02,boron,4.4999999999999996e-05
river,2022-06-03,boron,4.383333333333333e-05
river,2022-06-04,boron,4.266666666666666e-05
river,2022-06-05,boron,4.15e-05
river,2022-06-06,boron,4.0333333333333336e-05
river,2022-06-07,boron,3.9166666666666665e-05
river,2022-06-08,boron,3.7999999999999995e-05
river,2022-06-09,boron,3.9e-05
river,2022-06-10,boron,3.9999999999999996e-05
river,2022-06-11,boron,4.1e-05
river,2022-06-12,boron,4.2e-05
river,2022-06-13,boron,4.2999999999999995e-05
river,2022-06-14,boron,4.4e-05
river,2022-06-15,boron,4.4999999999999996e-05
river,2022-06-16,boron,4.4999999999999996e-05
river,2022-06-17,boron,4.4999999999999996e-05
river,2022-06-18,boron,4.4999999999999996e-05
river,2022-06-19,boron,4.4999999999999996e-05
river,2022-06-20,boron,4.4999999999999996e-05
river,2022-06-21,boron,4.4999999999999996e-05
river,2022-06-22,boron,4.4999999999999996e-05
river,2022-06-23,boron,4.471428571428571e-05
river,2022-06-24,boron,4.442857142857143e-05
river,2022-06-25,boron,4.4142857142857144e-05
river,2022-06-26,boron,4.3857142857142853e-05
river,2022-06-27,boron,4.357142857142857e-05
river,2022-06-28,boron,4.3285714285714286e-05
river,2022-06-29,boron,4.2999999999999995e-05
river,2022-06-30,boron,4.428571428571428e-05
river,2022-07-01,boron,4.5571428571428564e-05
river,2022-07-02,boron,4.685714285714286e-05
river,2022-07-03,boron,4.8142857142857147e-05
river,2022-07-04,boron,4.942857142857143e-05
river,2022-07-05,boron,5.0714285714285716e-05
river,2022-07-06,boron,5.2e-05
river,2022-07-07,boron,5.157142857142857e-05
river,2022-07-08,boron,5.1142857142857145e-05
river,2022-07-09,boron,5.0714285714285716e-05
river,2022-07-10,boron,5.028571428571428e-05
river,2022-07-11,boron,4.985714285714285e-05
river,2022-07-12,boron,4.942857142857143e-05
river,2022-07-13,boron,4.9e-05
river,2022-07-14,boron,4.883333333333333e-05
river,2022-07-15,boron,4.866666666666666e-05
river,2022-07-16,boron,4.85e-05
river,2022-07-17,boron,4.8333333333333334e-05
river,2022-07-18,boron,4.816666666666666e-05
river,2022-07-19,boron,4.8e-05
river,2022-07-20,boron,4.85e-05
river,2022-07-21,boron,4.9e-05
river,2022-07-22,boron,4.95e-05
river,2022-07-23,boron,4.9999999999999996e-05
river,2022-07-24,boron,5.05e-05
river,2022-07-25,boron,5.1e-05
river,2022-07-26,boron,5.15e-05
river,2022-07-27,boron,5.2e-05
river,2022-07-28,boron,5.142857142857143e-05
river,2022-07-29,boron,5.0857142857142854e-05
river,2022-07-30,boron,5.028571428571428e-05
river,2022-07-31,boron,4.971428571428571e-05
river,2022-08-01,boron,4.9142857142857144e-05
river,2022-08-02,boron,4.857142857142857e-05
river,2022-08-03,boron,4.8e-05
river,2022-08-04,boron,4.9e-05
river,2022-08-05,boron,4.9999999999999996e-05
river,2022-08-06,boron,5.1e-05
river,2022-08-07,boron,5.2e-05
river,2022-08-08,boron,5.3e-05
river,2022-08-09,boron,5.4e-05
river,2022-08-10,boron,5.4999999999999995e-05
river,2022-08-11,boron,5.4999999999999995e-05
river,2022-08-12,boron,5.4999999999999995e-05
river,2022-08-13,boron,5.4999999999999995e-05
river,2022-08-14,boron,5.4999999999999995e-05
river,2022-08-15,boron,5.4999999999999995e-05
river,2022-08-16,boron,5.4999999999999995e-05
river,2022-08-17,boron,5.4999999999999995e-05
river,2022-08-18,boron,5.485714285714285e-05
river,2022-08-19,boron,5.471428571428571e-05
river,2022-08-20,boron,5.4571428571428566e-05
river,2022-08-21,boron,5.442857142857143e-05
river,2022-08-22,boron,5.428571428571428e-05
river,2022-08-23,boron,5.414285714285714e-05
river,2022-08-24,boron,5.4e-05
river,2022-08-25,boron,5.442857142857143e-05
river,2022-08-26,boron,5.485714285714285e-05
river,2022-08-27,boron,5.528571428571428e-05
river,2022-08-28,boron,5.5714285714285715e-05
river,2022-08-29,boron,5.6142857142857145e-05
river,2022-08-30,boron,5.657142857142857e-05
river,2022-08-31,boron,5.6999999999999996e-05
river,2022-09-01,boron,5.683333333333333e-05
river,2022-09-02,boron,5.6666666666666664e-05
river,2022-09-03,boron,5.65e-05
river,2022-09-04,boron,5.633333333333333e-05
river,2022-09-05,boron,5.616666666666666e-05
river,2022-09-06,boron,5.6e-05
river,2022-09-07,boron,5.5874999999999996e-05
river,2022-09-08,boron,5.575e-05
river,2022-09-09,boron,5.5625e-05
river,2022-09-10,boron,5.55e-05
river,2022-09-11,boron,5.5375e-05
river,2022-09-12,boron,5.5249999999999994e-05
river,2022-09-13,boron,5.5125e-05
river,2022-09-14,boron,5.4999999999999995e-05
river,2022-09-15,boron,5.542857142857143e-05
river,2022-09-16,boron,5.5857142857142854e-05
river,2022-09-17,boron,5.628571428571428e-05
river,2022-09-18,boron,5.671428571428571e-05
river,2022-09-19,boron,5.714285714285714e-05
river,2022-09-20,boron,5.7571428571428564e-05
river,2022-09-21,boron,5.8e-05
river,2022-09-22,boron,5.7428571428571426e-05
river,2022-09-23,boron,5.685714285714285e-05
river,2022-09-24,boron,5.628571428571428e-05
river,2022-09-25,boron,5.5714285714285715e-05
river,2022-09-26,boron,5.514285714285714e-05
river,2022-09-27,boron,5.4571428571428566e-05
river,2022-09-28,boron,5.4e-05
river,2022-09-29,boron,5.485714285714285e-05
river,2022-09-30,boron,5.5714285714285715e-05
river,2022-10-01,boron,5.657142857142857e-05
river,2022-10-02,boron,5.7428571428571426e-05
river,2022-10-03,boron,5.8285714285714284e-05
river,2022-10-04,boron,5.9142857142857136e-05
river,2022-10-05,boron,5.9999999999999995e-05
river,2022-10-06,boron,5.9571428571428565e-05
river,2022-10-07,boron,5.914285714285714e-05
river,2022-10-08,boron,5.8714285714285714e-05
river,2022-10-09,boron,5.8285714285714284e-05
river,2022-10-10,boron,5.785714285714285e-05
river,2022-10-11,boron,5.7428571428571426e-05
river,2022-10-12,boron,5.6999999999999996e-05
river,2022-10-13,boron,5.6142857142857145e-05
river,2022-10-14,boron,5.528571428571428e-05
river,2022-10-15,boron,5.442857142857143e-05
river,2022-10-16,boron,5.357142857142857e-05
river,2022-10-17,boron,5.271428571428571e-05
river,2022-10-18,boron,5.185714285714286e-05
river,2022-10-19,boron,5.1e-05
river,2022-10-20,boron,5.0857142857142854e-05
river,2022-10-21,boron,5.0714285714285716e-05
river,2022-10-22,boron,5.057142857142857e-05
river,2022-10-23,boron,5.042857142857143e-05
river,2022-10-24,boron,5.028571428571428e-05
river,2022-10-25,boron,5.014285714285714e-05
river,2022-10-26,boron,4.9999999999999996e-05
river,2022-10-27,boron,5.028571428571428e-05
river,2022-10-28,boron,5.057142857142857e-05
river,2022-10-29,boron,5.0857142857142854e-05
river,2022-10-30,boron,5.1142857142857145e-05
river,2022-10-31,boron,5.142857142857143e-05
river,2022-11-01,boron,5.171428571428571e-05
river,2022-11-02,boron,5.2e-05
river,2022-11-03,boron,5.3e-05
river,2022-11-04,boron,5.4e-05
river,2022-11-05,boron,5.4999999999999995e-05
river,2022-11-06,boron,5.6e-05
river,2022-11-07,boron,5.6999999999999996e-05
river,2022-11-08,boron,5.8e-05
river,2022-11-09,boron,5.9e-05
river,2022-11-10,boron,5.8285714285714284e-05
river,2022-11-11,boron,5.7571428571428564e-05
river,2022-11-12,boron,5.685714285714285e-05
river,2022-11-13,boron,5.6142857142857145e-05
river,2022-11-14,boron,5.542857142857143e-05
river,2022-11-15,boron,5.471428571428571e-05
river,2022-11-16,boron,5.4e-05
river,2022-11-17,boron,5.3142857142857146e-05
river,2022-11-18,boron,5.228571428571428e-05
river,2022-11-19,boron,5.142857142857143e-05
river,2022-11-20,boron,5.057142857142857e-05
river,2022-11-21,boron,4.971428571428571e-05
river,2022-11-22,boron,4.885714285714286e-05
river,2022-11-23,boron,4.8e-05
river,2022-11-24,boron,4.714285714285714e-05
river,2022-11-25,boron,4.6285714285714284e-05
river,2022-11-26,boron,4.5428571428571425e-05
river,2022-11-27,boron,4.457142857142857e-05
river,2022-11-28,boron,4.3714285714285715e-05
river,2022-11-29,boron,4.2857142857142856e-05
river,2022-11-30,boron,4.2e-05
river,2022-12-01,boron,4.2e-05
river,2022-12-02,boron,4.2e-05
river,2022-12-03,boron,4.2e-05
river,2022-12-04,boron,4.2e-05
river,2022-12-05,boron,4.2e-05
river,2022-12-06,boron,4.2e-05
river,2022-12-07,boron,4.2e-05
river,2022-12-08,boron,4.228571428571428e-05
river,2022-12-09,boron,4.2571428571428566e-05
river,2022-12-10,boron,4.285714285714285e-05
river,2022-12-11,boron,4.314285714285715e-05
river,2022-12-12,boron,4.342857142857143e-05
river,2022-12-13,boron,4.3714285714285715e-05
river,2022-12-14,boron,4.4e-05
river,2022-12-15,boron,4.457142857142857e-05
river,2022-12-16,boron,4.514285714285714e-05
river,2022-12-17,boron,4.5714285714285716e-05
river,2022-12-18,boron,4.6285714285714284e-05
river,2022-12-19,boron,4.685714285714285e-05
river,2022-12-20,boron,4.7428571428571427e-05
river,2022-12-21,boron,4.8e-05
river,2022-12-22,boron,4.7571428571428565e-05
river,2022-12-23,boron,4.714285714285714e-05
river,2022-12-24,boron,4.671428571428571e-05
river,2022-12-25,boron,4.6285714285714284e-05
river,2022-12-26,boron,4.5857142857142855e-05
river,2022-12-27,boron,4.5428571428571425e-05
river,2022-12-28,boron,4.4999999999999996e-05
river,2022-12-29,boron,4.457142857142857e-05
river,2022-12-30,boron,4.4142857142857144e-05
river,2022-12-31,boron,4.3714285714285715e-05
river,2023-01-01,boron,4.3285714285714286e-05
river,2023-01-02,boron,4.2857142857142856e-05
river,2023-01-03,boron,4.242857142857143e-05
river,2023-01-04,boron,4.2e-05
river,2023-01-05,boron,4.2e-05
river,2023-01-06,boron,4.2e-05
river,2023-01-07,boron,4.2e-05
river,2023-01-08,boron,4.2e-05
river,2023-01-09,boron,4.2e-05
river,2023-01-10,boron,4.2e-05
river,2023-01-11,boron,4.2e-05
river,2023-01-12,boron,4.185714285714285e-05
river,2023-01-13,boron,4.1714285714285714e-05
river,2023-01-14,boron,4.157142857142857e-05
river,2023-01-15,boron,4.142857142857143e-05
river,2023-01-16,boron,4.1285714285714284e-05
river,2023-01-17,boron,4.1142857142857146e-05
river,2023-01-18,boron,4.1e-05
river,2023-01-19,boron,4.0428571428571426e-05
river,2023-01-20,boron,3.985714285714285e-05
river,2023-01-21,boron,3.928571428571428e-05
river,2023-01-22,boron,3.8714285714285715e-05
river,2023-01-23,boron,3.814285714285715e-05
river,2023-01-24,boron,3.7571428571428566e-05
river,2023-01-25,boron,3.7e-05
river,2023-01-26,boron,3.685714285714285e-05
river,2023-01-27,boron,3.6714285714285714e-05
river,2023-01-28,boron,3.657142857142857e-05
river,2023-01-29,boron,3.642857142857143e-05
river,2023-01-30,boron,3.6285714285714285e-05
river,2023-01-31,boron,3.6142857142857146e-05
river,2023-02-01,boron,3.6e-05
river,2023-02-02,boron,3.685714285714285e-05
river,2023-02-03,boron,3.771428571428571e-05
river,2023-02-04,boron,3.857142857142857e-05
river,2023-02-05,boron,3.942857142857143e-05
river,2023-02-06,boron,4.028571428571428e-05
river,2023-02-07,boron,4.114285714285714e-05
river,2023-02-08,boron,4.2e-05
river,2023-02-09,boron,4.2166666666666664e-05
river,2023-02-10,boron,4.233333333333334e-05
river,2023-02-11,boron,4.2499999999999996e-05
river,2023-02-12,boron,4.266666666666666e-05
river,2023-02-13,boron,4.2833333333333335e-05
river,2023-02-14,boron,4.2999999999999995e-05
river,2023-02-15,boron,4.3312499999999996e-05
river,2023-02-16,boron,4.3624999999999997e-05
river,2023-02-17,boron,4.39375e-05
river,2023-02-18,boron,4.425e-05
river,2023-02-19,boron,4.45625e-05
river,2023-02-20,boron,4.4875e-05
river,2023-02-21,boron,4.51875e-05
river,2023-02-22,boron,4.5499999999999995e-05
river,2023-02-23,boron,4.535714285714285e-05
river,2023-02-24,boron,4.521428571428571e-05
river,2023-02-25,boron,4.5071428571428565e-05
river,2023-02-26,boron,4.492857142857143e-05
river,2023-02-27,boron,4.478571428571428e-05
river,2023-02-28,boron,4.464285714285714e-05
river,2023-03-01,boron,4.45e-05
river,2023-03-02,boron,4.3485714285714284e-05
river,2023-03-03,boron,4.247142857142856e-05
river,2023-03-04,boron,4.1457142857142856e-05
river,2023-03-05,boron,4.044285714285714e-05
river,2023-03-06,boron,3.942857142857143e-05
river,2023-03-07,boron,3.841428571428571e-05
river,2023-03-08,boron,3.7399999999999994e-05
river,2023-03-09,boron,3.758571428571428e-05
river,2023-03-10,boron,3.777142857142857e-05
river,2023-03-11,boron,3.795714285714285e-05
river,2023-03-12,boron,3.814285714285715e-05
river,2023-03-13,boron,3.832857142857143e-05
river,2023-03-14,boron,3.851428571428572e-05
river,2023-03-15,boron,3.87e-05
river,2023-03-16,boron,3.8900000000000004e-05
river,2023-03-17,boron,3.91e-05
river,2023-03-18,boron,3.93e-05
river,2023-03-19,boron,3.95e-05
river,2023-03-20,boron,3.97e-05
river,2023-03-21,boron,3.9899999999999994e-05
river,2023-03-22,boron,4.01e-05
river,2023-03-23,boron,4.01e-05
river,2023-03-24,boron,4.01e-05
river,2023-03-25,boron,4.01e-05
river,2023-03-26,boron,4.01e-05
river,2023-03-27,boron,4.01e-05
river,2023-03-28,boron,4.01e-05
river,2023-03-29,boron,4.01e-05
river,2023-03-30,boron,4.017142857142857e-05
river,2023-03-31,boron,4.0242857142857144e-05
river,2023-04-01,boron,4.0314285714285714e-05
river,2023-04-02,boron,4.038571428571428e-05
river,2023-04-03,boron,4.045714285714285e-05
river,2023-04-04,boron,4.052857142857143e-05
river,2023-04-05,boron,4.06e-05
river,2023-04-06,boron,4.1183333333333336e-05
river,2023-04-07,boron,4.176666666666666e-05
river,2023-04-08,boron,4.235e-05
river,2023-04-09,boron,4.293333333333334e-05
river,2023-04-10,boron,4.351666666666666e-05
river,2023-04-11,boron,4.41e-05
river,2023-04-12,boron,4.38625e-05
river,2023-04-13,boron,4.3624999999999997e-05
river,2023-04-14,boron,4.33875e-05
river,2023-04-15,boron,4.3150000000000005e-05
river,2023-04-16,boron,4.29125e-05
river,2023-04-17,boron,4.2675e-05
river,2023-04-18,boron,4.2437499999999995e-05
river,2023-04-19,boron,4.22e-05
river,2023-04-20,boron,4.2557142857142856e-05
river,2023-04-21,boron,4.2914285714285716e-05
river,2023-04-22,boron,4.327142857142857e-05
river,2023-04-23,boron,4.362857142857143e-05
river,2023-04-24,boron,4.398571428571428e-05
river,2023-04-25,boron,4.434285714285715e-05
river,2023-04-26,boron,4.47e-05
river,2023-04-27,boron,4.4571428571428574e-05
river,2023-04-28,boron,4.444285714285714e-05
river,2023-04-29,boron,4.4314285714285716e-05
river,2023-04-30,boron,4.418571428571428e-05
river,2023-05-01,boron,4.405714285714285e-05
river,2023-05-02,boron,4.392857142857142e-05
river,2023-05-03,boron,4.3799999999999994e-05
river,2023-05-04,boron,4.4349999999999994e-05
river,2023-05-05,boron,4.4899999999999994e-05
river,2023-05-06,boron,4.545e-05
river,2023-05-07,boron,4.6e-05
river,2023-05-08,boron,4.654999999999999e-05
river,2023-05-09,boron,4.71e-05
river,2023-05-10,boron,4.694285714285714e-05
river,2023-05-11,boron,4.678571428571428e-05
river,2023-05-12,boron,4.662857142857143e-05
river,2023-05-13,boron,4.647142857142857e-05
river,2023-05-14,boron,4.631428571428572e-05
river,2023-05-15,boron,4.6157142857142855e-05
river,2023-05-16,boron,4.6e-05
river,2023-05-17,boron,4.59125e-05
river,2023-05-18,boron,4.5825e-05
river,2023-05-19,boron,4.5737499999999994e-05
river,2023-05-20,boron,4.565e-05
river,2023-05-21,boron,4.5562499999999996e-05
river,2023-05-22,boron,4.5474999999999994e-05
river,2023-05-23,boron,4.538749999999999e-05
river,2023-05-24,boron,4.5299999999999997e-05
river,2023-05-25,boron,4.527142857142857e-05
river,2023-05-26,boron,4.524285714285714e-05
river,2023-05-27,boron,4.521428571428571e-05
river,2023-05-28,boron,4.5185714285714284e-05
river,2023-05-29,boron,4.515714285714286e-05
river,2023-05-30,boron,4.5128571428571425e-05
river,2023-05-31,boron,4.51e-05
river,2023-06-01,boron,4.537142857142857e-05
river,2023-06-02,boron,4.564285714285715e-05
river,2023-06-03,boron,4.5914285714285714e-05
river,2023-06-04,boron,4.618571428571428e-05
river,2023-06-05,boron,4.6457142857142856e-05
river,2023-06-06,boron,4.672857142857142e-05
river,2023-06-07,boron,4.7e-05
river,2023-06-08,boron,4.76e-05
river,2023-06-09,boron,4.82e-05
river,2023-06-10,boron,4.88e-05
river,2023-06-11,boron,4.9399999999999995e-05
river,2023-06-12,boron,4.9999999999999996e-05
river,2023-06-13,boron,5.06e-05
river,2023-06-14,boron,5.12e-05
river,2023-06-15,boron,5.0842857142857144e-05
river,2023-06-16,boron,5.0485714285714284e-05
river,2023-06-17,boron,5.012857142857143e-05
river,2023-06-18,boron,4.977142857142857e-05
river,2023-06-19,boron,4.941428571428572e-05
river,2023-06-20,boron,4.905714285714286e-05
river,2023-06-21,boron,4.87e-05
river,2023-06-22,boron,4.945714285714286e-05
river,2023-06-23,boron,5.021428571428571e-05
river,2023-06-24,boron,5.097142857142857e-05
river,2023-06-25,boron,5.172857142857142e-05
river,2023-06-26,boron,5.2485714285714286e-05
river,2023-06-27,boron,5.324285714285714e-05
river,2023-06-28,boron,5.4e-05
river,2023-06-29,boron,5.3642857142857145e-05
river,2023-06-30,boron,5.3285714285714285e-05
river,2023-07-01,boron,5.292857142857143e-05
river,2023-07-02,boron,5.2571428571428565e-05
river,2023-07-03,boron,5.221428571428571e-05
river,2023-07-04,boron,5.185714285714285e-05
river,2023-07-05,boron,5.15e-05
river,2023-07-06,boron,5.192857142857143e-05
river,2023-07-07,boron,5.235714285714285e-05
river,2023-07-08,boron,5.278571428571428e-05
river,2023-07-09,boron,5.3214285714285715e-05
river,2023-07-10,boron,5.3642857142857145e-05
river,2023-07-11,boron,5.407142857142857e-05
river,2023-07-12,boron,5.4499999999999997e-05
river,2023-07-13,boron,5.4385714285714284e-05
river,2023-07-14,boron,5.427142857142857e-05
river,2023-07-15,boron,5.415714285714285e-05
river,2023-07-16,boron,5.404285714285714e-05
river,2023-07-17,boron,5.392857142857143e-05
river,2023-07-18,boron,5.3814285714285716e-05
river,2023-07-19,boron,5.37e-05
river,2023-07-20,boron,5.347142857142857e-05
river,2023-07-21,boron,5.324285714285714e-05
river,2023-07-22,boron,5.301428571428572e-05
river,2023-07-23,boron,5.278571428571428e-05
river,2023-07-24,boron,5.2557142857142855e-05
river,2023-07-25,boron,5.2328571428571424e-05
river,2023-07-26,boron,5.21e-05
river,2023-07-27,boron,5.217142857142857e-05
river,2023-07-28,boron,5.2242857142857145e-05
river,2023-07-29,boron,5.2314285714285714e-05
river,2023-07-30,boron,5.238571428571428e-05
river,2023-07-31,boron,5.245714285714285e-05
river,2023-08-01,boron,5.252857142857143e-05
river,2023-08-02,boron,5.26e-05
river,2023-08-03,boron,5.3042857142857144e-05
river,2023-08-04,boron,5.348571428571428e-05
river,2023-08-05,boron,5.392857142857143e-05
river,2023-08-06,boron,5.4371428571428575e-05
river,2023-08-07,boron,5.4814285714285714e-05
river,2023-08-08,boron,5.525714285714286e-05
river,2023-08-09,boron,5.57e-05
river,2023-08-10,boron,5.575714285714286e-05
river,2023-08-11,boron,5.581428571428571e-05
river,2023-08-12,boron,5.587142857142857e-05
river,2023-08-13,boron,5.592857142857143e-05
river,2023-08-14,boron,5.598571428571428e-05
river,2023-08-15,boron,5.604285714285714e-05
river,2023-08-16,boron,5.61e-05
river,2023-08-17,boron,5.587142857142857e-05
river,2023-08-18,boron,5.5642857142857146e-05
river,2023-08-19,boron,5.5414285714285715e-05
river,2023-08-20,boron,5.5185714285714283e-05
river,2023-08-21,boron,5.495714285714285e-05
river,2023-08-22,boron,5.472857142857143e-05
river,2023-08-23,boron,5.4499999999999997e-05
river,2023-08-24,boron,5.5299999999999996e-05
river,2023-08-25,boron,5.61e-05
river,2023-08-26,boron,5.6899999999999994e-05
river,2023-08-27,boron,5.77e-05
river,2023-08-28,boron,5.85e-05
river,2023-08-29,boron,5.929999999999999e-05
river,2023-08-30,boron,6.01e-05
river,2023-08-31,boron,5.9742857142857144e-05
river,2023-09-01,boron,5.9385714285714284e-05
river,2023-09-02,boron,5.902857142857143e-05
river,2023-09-03,boron,5.867142857142857e-05
river,2023-09-04,boron,5.831428571428572e-05
river,2023-09-05,boron,5.795714285714285e-05
river,2023-09-06,boron,5.76e-05
river,2023-09-07,boron,5.685714285714286e-05
river,2023-09-08,boron,5.611428571428571e-05
river,2023-09-09,boron,5.537142857142857e-05
river,2023-09-10,boron,5.4628571428571425e-05
river,2023-09-11,boron,5.3885714285714286e-05
river,2023-09-12,boron,5.314285714285714e-05
river,2023-09-13,boron,5.239999999999999e-05
river,2023-09-14,boron,5.351428571428571e-05
river,2023-09-15,boron,5.4628571428571425e-05
river,2023-09-16,boron,5.574285714285714e-05
river,2023-09-17,boron,5.685714285714286e-05
river,2023-09-18,boron,5.7971428571428574e-05
river,2023-09-19,boron,5.9085714285714283e-05
river,2023-09-20,boron,6.02e-05
river,2023-09-21,boron,6.0333333333333334e-05
river,2023-09-22,boron,6.046666666666667e-05
river,2023-09-23,boron,6.0599999999999996e-05
river,2023-09-24,boron,6.073333333333333e-05
river,2023-09-25,boron,6.0866666666666664e-05
river,2023-09-26,boron,6.1e-05
river,2023-09-27,boron,6.098749999999999e-05
river,2023-09-28,boron,6.0975e-05
river,2023-09-29,boron,6.09625e-05
river,2023-09-30,boron,6.095e-05
river,2023-10-01,boron,6.09375e-05
river,2023-10-02,boron,6.0925e-05
river,2023-10-03,boron,6.0912499999999997e-05
river,2023-10-04,boron,6.0899999999999996e-05
river,2023-10-05,boron,6.094285714285714e-05
river,2023-10-06,boron,6.098571428571428e-05
river,2023-10-07,boron,6.102857142857143e-05
river,2023-10-08,boron,6.107142857142856e-05
river,2023-10-09,boron,6.111428571428571e-05
river,2023-10-10,boron,6.115714285714286e-05
river,2023-10-11,boron,6.12e-05
river,2023-10-12,boron,6.094285714285714e-05
river,2023-10-13,boron,6.068571428571429e-05
river,2023-10-14,boron,6.042857142857143e-05
river,2023-10-15,boron,6.0171428571428566e-05
river,2023-10-16,boron,5.991428571428571e-05
river,2023-10-17,boron,5.965714285714286e-05
river,2023-10-18,boron,5.9399999999999994e-05
river,2023-10-19,boron,5.898571428571429e-05
river,2023-10-20,boron,5.857142857142857e-05
river,2023-10-21,boron,5.8157142857142855e-05
river,2023-10-22,boron,5.7742857142857136e-05
river,2023-10-23,boron,5.732857142857142e-05
river,2023-10-24,boron,5.691428571428571e-05
river,2023-10-25,boron,5.65e-05
river,2023-10-26,boron,5.704285714285714e-05
river,2023-10-27,boron,5.758571428571428e-05
river,2023-10-28,boron,5.812857142857142e-05
river,2023-10-29,boron,5.867142857142857e-05
river,2023-10-30,boron,5.921428571428571e-05
river,2023-10-31,boron,5.975714285714285e-05
river,2023-11-01,boron,6.0299999999999995e-05
river,2023-11-02,boron,6.0542857142857136e-05
river,2023-11-03,boron,6.0785714285714284e-05
river,2023-11-04,boron,6.1028571428571425e-05
river,2023-11-05,boron,6.127142857142857e-05
river,2023-11-06,boron,6.151428571428571e-05
river,2023-11-07,boron,6.175714285714286e-05
river,2023-11-08,boron,6.2e-05
river,2023-11-09,boron,6.155714285714286e-05
river,2023-11-10,boron,6.111428571428571e-05
river,2023-11-11,boron,6.0671428571428565e-05
river,2023-11-12,boron,6.0228571428571426e-05
river,2023-11-13,boron,5.978571428571428e-05
river,2023-11-14,boron,5.934285714285714e-05
river,2023-11-15,boron,5.8899999999999995e-05
river,2023-11-16,boron,5.874285714285714e-05
river,2023-11-17,boron,5.858571428571428e-05
river,2023-11-18,boron,5.842857142857142e-05
river,2023-11-19,boron,5.827142857142857e-05
river,2023-11-20,boron,5.811428571428571e-05
river,2023-11-21,boron,5.795714285714285e-05
river,2023-11-22,boron,5.7799999999999995e-05
river,2023-11-23,boron,5.782857142857143e-05
river,2023-11-24,boron,5.785714285714285e-05
river,2023-11-25,boron,5.788571428571428e-05
river,2023-11-26,boron,5.791428571428571e-05
river,2023-11-27,boron,5.794285714285714e-05
river,2023-11-28,boron,5.797142857142857e-05
river,2023-11-29,boron,5.8e-05
river,2023-11-30,boron,5.825714285714286e-05
river,2023-12-01,boron,5.851428571428571e-05
river,2023-12-02,boron,5.8771428571428566e-05
river,2023-12-03,boron,5.9028571428571424e-05
river,2023-12-04,boron,5.928571428571428e-05
river,2023-12-05,boron,5.954285714285713e-05
river,2023-12-06,boron,5.98e-05
river,2023-12-07,boron,5.934285714285714e-05
river,2023-12-08,boron,5.8885714285714285e-05
river,2023-12-09,boron,5.842857142857143e-05
river,2023-12-10,boron,5.797142857142857e-05
river,2023-12-11,boron,5.751428571428571e-05
river,2023-12-12,boron,5.7057142857142856e-05
river,2023-12-13,boron,5.66e-05
river,2023-12-14,boron,5.753333333333333e-05
river,2023-12-15,boron,5.846666666666667e-05
river,2023-12-16,boron,5.94e-05
river,2023-12-17,boron,6.0333333333333334e-05
river,2023-12-18,boron,6.126666666666666e-05
river,2023-12-19,boron,6.22e-05
river,2023-12-20,boron,6.19e-05
river,2023-12-21,boron,6.159999999999999e-05
river,2023-12-22,boron,6.13e-05
river,2023-12-23,boron,6.1e-05
river,2023-12-24,boron,6.07e-05
river,2023-12-25,boron,6.0400000000000004e-05
river,2023-12-26,boron,6.01e-05
river,2023-12-27,boron,5.9800000000000003e-05
river,2023-12-28,boron,5.9499999999999996e-05
river,2023-12-29,boron,5.92e-05
river,2023-12-30,boron,5.89e-05
river,2023-12-31,boron,5.86e-05
river,2024-01-01,boron,5.83e-05
river,2024-01-02,boron,5.8e-05
river,2024-01-03,boron,5.77e-05
river,2024-01-04,boron,5.562857142857143e-05
river,2024-01-05,boron,5.355714285714285e-05
river,2024-01-06,boron,5.148571428571429e-05
river,2024-01-07,boron,4.941428571428572e-05
river,2024-01-08,boron,4.734285714285714e-05
river,2024-01-09,boron,4.527142857142857e-05
river,2024-01-10,boron,4.32e-05
river,2024-01-11,boron,4.441666666666667e-05
river,2024-01-12,boron,4.563333333333333e-05
river,2024-01-13,boron,4.685e-05
river,2024-01-14,boron,4.8066666666666665e-05
river,2024-01-15,boron,4.928333333333333e-05
river,2024-01-16,boron,5.05e-05
river,2024-01-17,boron,4.96625e-05
river,2024-01-18,boron,4.8825e-05
river,2024-01-19,boron,4.7987499999999994e-05
river,2024-01-20,boron,4.7149999999999994e-05
river,2024-01-21,boron,4.63125e-05
river,2024-01-22,boron,4.5474999999999994e-05
river,2024-01-23,boron,4.4637499999999994e-05
river,2024-01-24,boron,4.3799999999999994e-05
river,2024-01-25,boron,4.401428571428571e-05
river,2024-01-26,boron,4.422857142857142e-05
river,2024-01-27,boron,4.444285714285714e-05
river,2024-01-28,boron,4.465714285714285e-05
river,2024-01-29,boron,4.487142857142857e-05
river,2024-01-30,boron,4.508571428571428e-05
river,2024-01-31,boron,4.5299999999999997e-05
river,2024-02-01,boron,4.498571428571428e-05
river,2024-02-02,boron,4.467142857142857e-05
river,2024-02-03,boron,4.435714285714285e-05
river,2024-02-04,boron,4.404285714285714e-05
river,2024-02-05,boron,4.3728571428571425e-05
river,2024-02-06,boron,4.3414285714285714e-05
river,2024-02-07,boron,4.31e-05
river,2024-02-08,boron,4.3114285714285714e-05
river,2024-02-09,boron,4.312857142857143e-05
river,2024-02-10,boron,4.314285714285715e-05
river,2024-02-11,boron,4.315714285714286e-05
river,2024-02-12,boron,4.3171428571428567e-05
river,2024-02-13,boron,4.318571428571429e-05
river,2024-02-14,boron,4.32e-05
river,2024-02-15,boron,4.3171428571428567e-05
river,2024-02-16,boron,4.314285714285715e-05
river,2024-02-17,boron,4.3114285714285714e-05
river,2024-02-18,boron,4.308571428571429e-05
river,2024-02-19,boron,4.3057142857142854e-05
river,2024-02-20,boron,4.302857142857143e-05
river,2024-02-21,boron,4.2999999999999995e-05
river,2024-02-22,boron,4.288333333333333e-05
river,2024-02-23,boron,4.2766666666666665e-05
river,2024-02-24,boron,4.265e-05
river,2024-02-25,boron,4.253333333333333e-05
river,2024-02-26,boron,4.241666666666666e-05
river,2024-02-27,boron,4.23e-05
river,2024-02-28,boron,4.2749999999999996e-05
river,2024-02-29,boron,4.319999999999999e-05
river,2024-03-01,boron,4.365e-05
river,2024-03-02,boron,4.4099999999999995e-05
river,2024-03-03,boron,4.454999999999999e-05
river,2024-03-04,boron,4.4999999999999996e-05
river,2024-03-05,boron,4.5449999999999993e-05
river,2024-03-06,boron,4.59e-05
river,2024-03-07,boron,4.5857142857142855e-05
river,2024-03-08,boron,4.581428571428571e-05
river,2024-03-09,boron,4.577142857142857e-05
river,2024-03-10,boron,4.5728571428571426e-05
river,2024-03-11,boron,4.568571428571428e-05
river,2024-03-12,boron,4.564285714285715e-05
river,2024-03-13,boron,4.56e-05
river,2024-03-14,boron,4.5414285714285716e-05
river,2024-03-15,boron,4.522857142857143e-05
river,2024-03-16,boron,4.5042857142857146e-05
river,2024-03-17,boron,4.485714285714285e-05
river,2024-03-18,boron,4.467142857142857e-05
river,2024-03-19,boron,4.448571428571428e-05
river,2024-03-20,boron,4.429999999999999e-05
river,2024-03-21,boron,4.45e-05
river,2024-03-22,boron,4.4699999999999996e-05
river,2024-03-23,boron,4.4899999999999994e-05
river,2024-03-24,boron,4.51e-05
river,2024-03-25,boron,4.53e-05
river,2024-03-26,boron,4.5499999999999995e-05
river,2024-03-27,boron,4.57e-05
river,2024-03-28,boron,4.5671428571428566e-05
river,2024-03-29,boron,4.564285714285715e-05
river,2024-03-30,boron,4.5614285714285714e-05
river,2024-03-31,boron,4.558571428571429e-05
river,2024-04-01,boron,4.5557142857142854e-05
river,2024-04-02,boron,4.552857142857143e-05
river,2024-04-03,boron,4.5499999999999995e-05
river,2024-04-04,boron,4.5657142857142857e-05
river,2024-04-05,boron,4.581428571428571e-05
river,2024-04-06,boron,4.5971428571428574e-05
river,2024-04-07,boron,4.612857142857142e-05
river,2024-04-08,boron,4.6285714285714284e-05
river,2024-04-09,boron,4.644285714285714e-05
river,2024-04-10,boron,4.66e-05
river,2024-04-11,boron,4.651428571428571e-05
river,2024-04-12,boron,4.642857142857143e-05
river,2024-04-13,boron,4.634285714285714e-05
river,2024-04-14,boron,4.625714285714286e-05
river,2024-04-15,boron,4.617142857142857e-05
river,2024-04-16,boron,4.6085714285714286e-05
river,2024-04-17,boron,4.6e-05
river,2024-04-18,boron,4.701428571428571e-05
river,2024-04-19,boron,4.802857142857143e-05
river,2024-04-20,boron,4.904285714285714e-05
river,2024-04-21,boron,5.0057142857142855e-05
river,2024-04-22,boron,5.107142857142857e-05
river,2024-04-23,boron,5.208571428571429e-05
river,2024-04-24,boron,5.3099999999999996e-05
river,2024-04-25,boron,5.2057142857142856e-05
river,2024-04-26,boron,5.101428571428571e-05
river,2024-04-27,boron,4.9971428571428576e-05
river,2024-04-28,boron,4.892857142857143e-05
river,2024-04-29,boron,4.788571428571428e-05
river,2024-04-30,boron,4.684285714285714e-05
river,2024-05-01,boron,4.5799999999999995e-05
river,2024-05-02,boron,4.502857142857142e-05
river,2024-05-03,boron,4.425714285714285e-05
river,2024-05-04,boron,4.348571428571428e-05
river,2024-05-05,boron,4.271428571428571e-05
river,2024-05-06,boron,4.194285714285714e-05
river,2024-05-07,boron,4.117142857142857e-05
river,2024-05-08,boron,4.04e-05
river,2024-05-09,boron,4.0516666666666664e-05
river,2024-05-10,boron,4.063333333333333e-05
river,2024-05-11,boron,4.075e-05
river,2024-05-12,boron,4.0866666666666666e-05
river,2024-05-13,boron,4.098333333333333e-05
river,2024-05-14,boron,4.11e-05
river,2024-05-15,boron,4.0524999999999996e-05
river,2024-05-16,boron,3.995e-05
river,2024-05-17,boron,3.9374999999999995e-05
river,2024-05-18,boron,3.8799999999999994e-05
river,2024-05-19,boron,3.8225e-05
river,2024-05-20,boron,3.7649999999999994e-05
river,2024-05-21,boron,3.7075e-05
river,2024-05-22,boron,3.65e-05
river,2024-05-23,boron,3.654285714285714e-05
river,2024-05-24,boron,3.658571428571428e-05
river,2024-05-25,boron,3.662857142857142e-05
river,2024-05-26,boron,3.667142857142857e-05
river,2024-05-27,boron,3.6714285714285714e-05
river,2024-05-28,boron,3.675714285714285e-05
river,2024-05-29,boron,3.679999999999999e-05
river,2024-05-30,boron,3.7749999999999996e-05
river,2024-05-31,boron,3.869999999999999e-05
river,2024-06-01,boron,3.9649999999999995e-05
river,2024-06-02,boron,4.059999999999999e-05
river,2024-06-03,boron,4.1549999999999994e-05
river,2024-06-04,boron,4.2499999999999996e-05
river,2024-06-05,boron,4.344999999999999e-05
river,2024-06-06,boron,4.4399999999999995e-05
river,2024-06-07,boron,4.523333333333333e-05
river,2024-06-08,boron,4.6066666666666664e-05
river,2024-06-09,boron,4.6899999999999995e-05
river,2024-06-10,boron,4.773333333333333e-05
river,2024-06-11,boron,4.8566666666666664e-05
river,2024-06-12,boron,4.9399999999999995e-05
river,2024-06-13,boron,4.922857142857142e-05
river,2024-06-14,boron,4.905714285714286e-05
river,2024-06-15,boron,4.8885714285714286e-05
river,2024-06-16,boron,4.8714285714285714e-05
river,2024-06-17,boron,4.854285714285714e-05
river,2024-06-18,boron,4.837142857142857e-05
river,2024-06-19,boron,4.82e-05
river,2024-06-20,boron,4.9216666666666666e-05
river,2024-06-21,boron,5.023333333333333e-05
river,2024-06-22,boron,5.125e-05
river,2024-06-23,boron,5.2266666666666665e-05
river,2024-06-24,boron,5.328333333333333e-05
river,2024-06-25,boron,5.429999999999999e-05
river,2024-06-26,boron,5.3074999999999996e-05
river,2024-06-27,boron,5.184999999999999e-05
river,2024-06-28,boron,5.0625e-05
river,2024-06-29,boron,4.9399999999999995e-05
river,2024-06-30,boron,4.817499999999999e-05
river,2024-07-01,boron,4.695e-05
river,2024-07-02,boron,4.5725e-05
river,2024-07-03,boron,4.45e-05
river,2024-07-04,boron,4.592857142857143e-05
river,2024-07-05,boron,4.735714285714285e-05
river,2024-07-06,boron,4.8785714285714284e-05
river,2024-07-07,boron,5.021428571428571e-05
river,2024-07-08,boron,5.1642857142857144e-05
river,2024-07-09,boron,5.307142857142857e-05
river,2024-07-10,boron,5.4499999999999997e-05
river,2024-07-11,boron,5.3966666666666666e-05
river,2024-07-12,boron,5.343333333333333e-05
river,2024-07-13,boron,5.29e-05
river,2024-07-14,boron,5.236666666666667e-05
river,2024-07-15,boron,5.1833333333333324e-05
river,2024-07-16,boron,5.129999999999999e-05
river,2024-07-17,boron,4.988749999999999e-05
river,2024-07-18,boron,4.847499999999999e-05
river,2024-07-19,boron,4.70625e-05
river,2024-07-20,boron,4.565e-05
river,2024-07-21,boron,4.42375e-05
river,2024-07-22,boron,4.2825000000000004e-05
river,2024-07-23,boron,4.14125e-05
river,2024-07-24,boron,3.9999999999999996e-05
river,2024-07-25,boron,3.9457142857142855e-05
river,2024-07-26,boron,3.8914285714285713e-05
river,2024-07-27,boron,3.837142857142857e-05
river,2024-07-28,boron,3.782857142857143e-05
river,2024-07-29,boron,3.728571428571428e-05
river,2024-07-30,boron,3.674285714285715e-05
river,2024-07-31,boron,3.62e-05
river,2024-08-01,boron,3.752857142857143e-05
river,2024-08-02,boron,3.885714285714286e-05
river,2024-08-03,boron,4.0185714285714285e-05
river,2024-08-04,boron,4.151428571428571e-05
river,2024-08-05,boron,4.284285714285714e-05
river,2024-08-06,boron,4.417142857142857e-05
river,2024-08-07,boron,4.5499999999999995e-05
river,2024-08-08,boron,4.5128571428571425e-05
river,2024-08-09,boron,4.4757142857142855e-05
river,2024-08-10,boron,4.4385714285714285e-05
river,2024-08-11,boron,4.401428571428571e-05
river,2024-08-12,boron,4.364285714285714e-05
river,2024-08-13,boron,4.327142857142857e-05
river,2024-08-14,boron,4.29e-05
river,2024-08-15,boron,4.341428571428571e-05
river,2024-08-16,boron,4.392857142857143e-05
river,2024-08-17,boron,4.444285714285714e-05
river,2024-08-18,boron,4.495714285714285e-05
river,2024-08-19,boron,4.547142857142857e-05
river,2024-08-20,boron,4.5985714285714283e-05
river,2024-08-21,boron,4.65e-05
river,2024-08-22,boron,4.595714285714285e-05
river,2024-08-23,boron,4.5414285714285716e-05
river,2024-08-24,boron,4.4871428571428574e-05
river,2024-08-25,boron,4.4328571428571426e-05
river,2024-08-26,boron,4.3785714285714284e-05
river,2024-08-27,boron,4.324285714285714e-05
river,2024-08-28,boron,4.27e-05
river,2024-08-29,boron,4.3657142857142855e-05
river,2024-08-30,boron,4.461428571428571e-05
river,2024-08-31,boron,4.5571428571428564e-05
river,2024-09-01,boron,4.652857142857143e-05
river,2024-09-02,boron,4.7485714285714286e-05
river,2024-09-03,boron,4.844285714285714e-05
river,2024-09-04,boron,4.9399999999999995e-05
river,2024-09-05,boron,4.7928571428571425e-05
river,2024-09-06,boron,4.6457142857142856e-05
river,2024-09-07,boron,4.4985714285714286e-05
river,2024-09-08,boron,4.351428571428571e-05
river,2024-09-09,boron,4.204285714285714e-05
river,2024-09-10,boron,4.0571428571428564e-05
river,2024-09-11,boron,3.91e-05
river,2024-09-12,boron,3.892857142857143e-05
river,2024-09-13,boron,3.875714285714286e-05
river,2024-09-14,boron,3.8585714285714287e-05
river,2024-09-15,boron,3.841428571428571e-05
river,2024-09-16,boron,3.8242857142857136e-05
river,2024-09-17,boron,3.8071428571428565e-05
river,2024-09-18,boron,3.79e-05
river,2024-09-19,boron,3.7716666666666664e-05
river,2024-09-20,boron,3.753333333333333e-05
river,2024-09-21,boron,3.734999999999999e-05
river,2024-09-22,boron,3.7166666666666664e-05
river,2024-09-23,boron,3.6983333333333336e-05
river,2024-09-24,boron,3.679999999999999e-05
river,2024-09-25,boron,3.804285714285714e-05
river,2024-09-26,boron,3.928571428571428e-05
river,2024-09-27,boron,4.052857142857142e-05
river,2024-09-28,boron,4.177142857142857e-05
river,2024-09-29,boron,4.301428571428571e-05
river,2024-09-30,boron,4.4257142857142856e-05
river,2024-10-01,boron,4.5499999999999995e-05
river,2024-10-02,boron,4.601428571428571e-05
river,2024-10-03,boron,4.652857142857143e-05
river,2024-10-04,boron,4.704285714285714e-05
river,2024-10-05,boron,4.7557142857142855e-05
river,2024-10-06,boron,4.807142857142857e-05
river,2024-10-07,boron,4.8585714285714286e-05
river,2024-10-08,boron,4.91e-05
river,2024-10-09,boron,4.8062499999999996e-05
river,2024-10-10,boron,4.7025e-05
river,2024-10-11,boron,4.598749999999999e-05
river,2024-10-12,boron,4.495e-05
river,2024-10-13,boron,4.39125e-05
river,2024-10-14,boron,4.2875e-05
river,2024-10-15,boron,4.1837499999999994e-05
river,2024-10-16,boron,4.0799999999999996e-05
river,2024-10-17,boron,4.101428571428571e-05
river,2024-10-18,boron,4.1228571428571425e-05
river,2024-10-19,boron,4.144285714285714e-05
river,2024-10-20,boron,4.165714285714285e-05
river,2024-10-21,boron,4.187142857142856e-05
river,2024-10-22,boron,4.208571428571428e-05
river,2024-10-23,boron,4.23e-05
river,2024-10-24,boron,4.171666666666666e-05
river,2024-10-25,boron,4.113333333333333e-05
river,2024-10-26,boron,4.0549999999999996e-05
river,2024-10-27,boron,3.996666666666666e-05
river,2024-10-28,boron,3.938333333333333e-05
river,2024-10-29,boron,3.8799999999999994e-05
river,2024-10-30,boron,3.8549999999999995e-05
river,2024-10-31,boron,3.8299999999999996e-05
river,2024-11-01,boron,3.8049999999999997e-05
river,2024-11-02,boron,3.78e-05
river,2024-11-03,boron,3.755e-05
river,2024-11-04,boron,3.73e-05
river,2024-11-05,boron,3.704999999999999e-05
river,2024-11-06,boron,3.679999999999999e-05
river,2024-11-07,boron,3.688333333333333e-05
river,2024-11-08,boron,3.696666666666666e-05
river,2024-11-09,boron,3.704999999999999e-05
river,2024-11-10,boron,3.713333333333333e-05
river,2024-11-11,boron,3.721666666666666e-05
river,2024-11-12,boron,3.73e-05
river,2024-11-13,boron,3.707142857142857e-05
river,2024-11-14,boron,3.684285714285714e-05
river,2024-11-15,boron,3.661428571428571e-05
river,2024-11-16,boron,3.638571428571429e-05
river,2024-11-17,boron,3.6157142857142856e-05
river,2024-11-18,boron,3.592857142857143e-05
river,2024-11-19,boron,3.57e-05
river,2024-11-20,boron,3.534285714285715e-05
river,2024-11-21,boron,3.498571428571429e-05
river,2024-11-22,boron,3.4628571428571434e-05
river,2024-11-23,boron,3.4271428571428574e-05
river,2024-11-24,boron,3.3914285714285714e-05
river,2024-11-25,boron,3.3557142857142854e-05
river,2024-11-26,boron,3.32e-05
river,2024-11-27,boron,3.2925e-05
river,2024-11-28,boron,3.265000000000001e-05
river,2024-11-29,boron,3.2375e-05
river,2024-11-30,boron,3.21e-05
river,2024-12-01,boron,3.1825e-05
river,2024-12-02,boron,3.155e-05
river,2024-12-03,boron,3.1274999999999994e-05
river,2024-12-04,boron,3.1e-05
river,2024-12-05,boron,3.1228571428571426e-05
river,2024-12-06,boron,3.145714285714286e-05
river,2024-12-07,boron,3.168571428571429e-05
river,2024-12-08,boron,3.191428571428571e-05
river,2024-12-09,boron,3.2142857142857144e-05
river,2024-12-10,boron,3.2371428571428575e-05
river,2024-12-11,boron,3.26e-05
river,2024-12-12,boron,3.256666666666667e-05
river,2024-12-13,boron,3.253333333333333e-05
river,2024-12-14,boron,3.25e-05
river,2024-12-15,boron,3.2466666666666665e-05
river,2024-12-16,boron,3.2433333333333327e-05
river,2024-12-17,boron,3.2399999999999995e-05
river,2024-12-18,boron,3.2238095238095234e-05
river,2024-12-19,boron,3.207619047619047e-05
river,2024-12-20,boron,3.191428571428571e-05
river,2024-12-21,boron,3.1752380952380945e-05
river,2024-12-22,boron,3.1590476190476185e-05
river,2024-12-23,boron,3.1428571428571424e-05
river,2024-12-24,boron,3.126666666666666e-05
river,2024-12-25,boron,3.11047619047619e-05
river,2024-12-26,boron,3.094285714285714e-05
river,2024-12-27,boron,3.078095238095238e-05
river,2024-12-28,boron,3.0619047619047614e-05
river,2024-12-29,boron,3.0457142857142853e-05
river,2024-12-30,boron,3.0295238095238092e-05
river,2024-12-31,boron,3.013333333333333e-05
river,2025-01-01,boron,2.997142857142857e-05
river,2025-01-02,boron,2.980952380952381e-05
river,2025-01-03,boron,2.9647619047619046e-05
river,2025-01-04,boron,2.9485714285714286e-05
river,2025-01-05,boron,2.932380952380952e-05
river,2025-01-06,boron,2.916190476190476e-05
river,2025-01-07,boron,2.9e-05
river,2025-01-08,boron,2.9142857142857142e-05
river,2025-01-09,boron,2.9285714285714284e-05
river,2025-01-10,boron,2.9428571428571426e-05
river,2025-01-11,boron,2.957142857142857e-05
river,2025-01-12,boron,2.9714285714285713e-05
river,2025-01-13,boron,2.9857142857142855e-05
river,2025-01-14,boron,2.9999999999999997e-05
river,2025-01-15,boron,3.007142857142857e-05
river,2025-01-16,boron,3.014285714285714e-05
river,2025-01-17,boron,3.0214285714285715e-05
river,2025-01-18,boron,3.0285714285714285e-05
river,2025-01-19,boron,3.0357142857142857e-05
river,2025-01-20,boron,3.0428571428571427e-05
river,2025-01-21,boron,3.05e-05
river,2025-01-22,boron,3.031428571428571e-05
river,2025-01-23,boron,3.012857142857143e-05
river,2025-01-24,boron,2.994285714285714e-05
river,2025-01-25,boron,2.9757142857142856e-05
river,2025-01-26,boron,2.9571428571428568e-05
river,2025-01-27,boron,2.9385714285714283e-05
river,2025-01-28,boron,2.9199999999999998e-05
river,2025-01-29,boron,2.9157142857142852e-05
river,2025-01-30,boron,2.9114285714285712e-05
river,2025-01-31,boron,2.907142857142857e-05
river,2025-02-01,boron,2.9028571428571427e-05
river,2025-02-02,boron,2.8985714285714284e-05
river,2025-02-03,boron,2.894285714285714e-05
river,2025-02-04,boron,2.8899999999999998e-05
river,2025-02-05,boron,2.8899999999999998e-05
river,2025-02-06,boron,2.8899999999999998e-05
river,2025-02-07,boron,2.8899999999999998e-05
river,2025-02-08,boron,2.8899999999999998e-05
river,2025-02-09,boron,2.8899999999999998e-05
river,2025-02-10,boron,2.8899999999999998e-05
river,2025-02-11,boron,2.8899999999999998e-05
river,2025-02-12,boron,2.8857142857142855e-05
river,2025-02-13,boron,2.8814285714285712e-05
river,2025-02-14,boron,2.8771428571428572e-05
river,2025-02-15,boron,2.8728571428571426e-05
river,2025-02-16,boron,2.8685714285714286e-05
river,2025-02-17,boron,2.864285714285714e-05
river,2025-02-18,boron,2.86e-05
river,2025-02-19,boron,2.8314285714285717e-05
river,2025-02-20,boron,2.8028571428571426e-05
river,2025-02-21,boron,2.7742857142857142e-05
river,2025-02-22,boron,2.7457142857142858e-05
river,2025-02-23,boron,2.7171428571428574e-05
river,2025-02-24,boron,2.6885714285714283e-05
river,2025-02-25,boron,2.66e-05
river,2021-03-03,flow,23.7
river,2021-03-04,flow,33.8
river,2021-03-05,flow,30.3
river,2021-03-06,flow,24.4
river,2021-03-07,flow,22.1
river,2021-03-08,flow,19.0
river,2021-03-09,flow,19.7
river,2021-03-10,flow,18.1
river,2021-03-11,flow,16.5
river,2021-03-12,flow,16.0
river,2021-03-13,flow,14.8
river,2021-03-14,flow,14.7
river,2021-03-15,flow,14.1
river,2021-03-16,flow,13.9
river,2021-03-17,flow,13.6
river,2021-03-18,flow,13.2
river,2021-03-19,flow,12.2
river,2021-03-20,flow,12.2
river,2021-03-21,flow,11.9
river,2021-03-22,flow,11.2
river,2021-03-23,flow,12.4
river,2021-03-24,flow,12.4
river,2021-03-25,flow,12.2
river,2021-03-26,flow,11.8
river,2021-03-27,flow,11.2
river,2021-03-28,flow,11.1
river,2021-03-29,flow,10.9
river,2021-03-30,flow,10.3
river,2021-03-31,flow,10.1
river,2021-04-01,flow,9.91
river,2021-04-02,flow,9.22
river,2021-04-03,flow,9.56
river,2021-04-04,flow,9.37
river,2021-04-05,flow,9.28
river,2021-04-06,flow,9.17
river,2021-04-07,flow,9.12
river,2021-04-08,flow,10.8
river,2021-04-09,flow,11.2
river,2021-04-10,flow,9.24
river,2021-04-11,flow,9.5
river,2021-04-12,flow,8.85
river,2021-04-13,flow,8.68
river,2021-04-14,flow,8.54
river,2021-04-15,flow,8.31
river,2021-04-16,flow,10.5
river,2021-04-17,flow,10.8
river,2021-04-18,flow,11.7
river,2021-04-19,flow,9.97
river,2021-04-20,flow,7.63
river,2021-04-21,flow,7.61
river,2021-04-22,flow,7.04
river,2021-04-23,flow,7.51
river,2021-04-24,flow,7.15
river,2021-04-25,flow,6.93
river,2021-04-26,flow,6.89
river,2021-04-27,flow,6.75
river,2021-04-28,flow,8.6
river,2021-04-29,flow,7.24
river,2021-04-30,flow,7.98
river,2021-05-01,flow,6.14
river,2021-05-02,flow,5.2
river,2021-05-03,flow,5.05
river,2021-05-04,flow,3.52
river,2021-05-05,flow,3.77
river,2021-05-06,flow,3.68
river,2021-05-07,flow,3.55
river,2021-05-08,flow,3.44
river,2021-05-09,flow,3.44
river,2021-05-10,flow,3.05
river,2021-05-11,flow,4.77
river,2021-05-12,flow,4.87
river,2021-05-13,flow,3.46
river,2021-05-14,flow,3.52
river,2021-05-15,flow,9.72
river,2021-05-16,flow,6.53
river,2021-05-17,flow,5.72
river,2021-05-18,flow,6.77
river,2021-05-19,flow,8.44
river,2021-05-20,flow,7.7
river,2021-05-21,flow,7.19
river,2021-05-22,flow,5.13
river,2021-05-23,flow,4.87
river,2021-05-24,flow,4.83
river,2021-05-25,flow,4.76
river,2021-05-26,flow,4.74
river,2021-05-27,flow,4.38
river,2021-05-28,flow,4.38
river,2021-05-29,flow,5.26
river,2021-05-30,flow,4.95
river,2021-05-31,flow,5.39
river,2021-06-01,flow,3.51
river,2021-06-02,flow,2.23
river,2021-06-03,flow,2.3
river,2021-06-04,flow,2.65
river,2021-06-05,flow,2.89
river,2021-06-06,flow,2.85
river,2021-06-07,flow,6.48
river,2021-06-08,flow,8.14
river,2021-06-09,flow,6.46
river,2021-06-10,flow,4.63
river,2021-06-11,flow,5.37
river,2021-06-12,flow,3.74
river,2021-06-13,flow,2.74
river,2021-06-14,flow,2.74
river,2021-06-15,flow,3.6
river,2021-06-16,flow,4.33
river,2021-06-17,flow,4.35
river,2021-06-18,flow,4.47
river,2021-06-19,flow,3.76
river,2021-06-20,flow,2.53
river,2021-06-21,flow,2.01
river,2021-06-22,flow,2.16
river,2021-06-23,flow,2.15
river,2021-06-24,flow,2.1
river,2021-06-25,flow,1.92
river,2021-06-26,flow,2.32
river,2021-06-27,flow,6.03
river,2021-06-28,flow,2.15
river,2021-06-29,flow,2.04
river,2021-06-30,flow,3.92
river,2021-07-01,flow,2.89
river,2021-07-02,flow,1.56
river,2021-07-03,flow,0.866
river,2021-07-04,flow,0.757
river,2021-07-05,flow,0.876
river,2021-07-06,flow,1.19
river,2021-07-07,flow,1.37
river,2021-07-08,flow,3.94
river,2021-07-09,flow,2.81
river,2021-07-10,flow,1.27
river,2021-07-11,flow,1.15
river,2021-07-12,flow,1.82
river,2021-07-13,flow,2.82
river,2021-07-14,flow,3.94
river,2021-07-15,flow,3.56
river,2021-07-16,flow,3.41
river,2021-07-17,flow,4.56
river,2021-07-18,flow,5.73
river,2021-07-19,flow,5.32
river,2021-07-20,flow,4.1
river,2021-07-21,flow,4.68
river,2021-07-22,flow,5.52
river,2021-07-23,flow,5.37
river,2021-07-24,flow,3.52
river,2021-07-25,flow,3.09
river,2021-07-26,flow,2.13
river,2021-07-27,flow,2.42
river,2021-07-28,flow,2.91
river,2021-07-29,flow,4.64
river,2021-07-30,flow,4.88
river,2021-07-31,flow,6.21
river,2021-08-01,flow,4.95
river,2021-08-02,flow,2.78
river,2021-08-03,flow,2.92
river,2021-08-04,flow,3.38
river,2021-08-05,flow,8.2
river,2021-08-06,flow,14.1
river,2021-08-07,flow,18.7
river,2021-08-08,flow,17.0
river,2021-08-09,flow,9.52
river,2021-08-10,flow,7.34
river,2021-08-11,flow,6.42
river,2021-08-12,flow,5.26
river,2021-08-13,flow,6.3
river,2021-08-14,flow,7.04
river,2021-08-15,flow,5.44
river,2021-08-16,flow,4.57
river,2021-08-17,flow,3.34
river,2021-08-18,flow,3.47
river,2021-08-19,flow,3.55
river,2021-08-20,flow,3.28
river,2021-08-21,flow,3.34
river,2021-08-22,flow,3.48
river,2021-08-23,flow,3.82
river,2021-08-24,flow,3.48
river,2021-08-25,flow,2.83
river,2021-08-26,flow,2.6
river,2021-08-27,flow,2.94
river,2021-08-28,flow,2.69
river,2021-08-29,flow,2.56
river,2021-08-30,flow,2.47
river,2021-08-31,flow,2.46
river,2021-09-01,flow,2.38
river,2021-09-02,flow,3.57
river,2021-09-03,flow,5.11
river,2021-09-04,flow,6.08
river,2021-09-05,flow,5.39
river,2021-09-06,flow,5.02
river,2021-09-07,flow,4.6
river,2021-09-08,flow,4.18
river,2021-09-09,flow,4.05
river,2021-09-10,flow,3.7
river,2021-09-11,flow,3.54
river,2021-09-12,flow,3.69
river,2021-09-13,flow,3.58
river,2021-09-14,flow,3.59
river,2021-09-15,flow,3.47
river,2021-09-16,flow,3.34
river,2021-09-17,flow,3.39
river,2021-09-18,flow,2.13
river,2021-09-19,flow,1.68
river,2021-09-20,flow,2.04
river,2021-09-21,flow,2.34
river,2021-09-22,flow,2.25
river,2021-09-23,flow,1.9
river,2021-09-24,flow,1.79
river,2021-09-25,flow,1.7
river,2021-09-26,flow,1.61
river,2021-09-27,flow,1.57
river,2021-09-28,flow,1.58
river,2021-09-29,flow,1.68
river,2021-09-30,flow,1.59
river,2021-10-01,flow,1.47
river,2021-10-02,flow,1.51
river,2021-10-03,flow,1.55
river,2021-10-04,flow,1.46
river,2021-10-05,flow,1.44
river,2021-10-06,flow,1.65
river,2021-10-07,flow,1.69
river,2021-10-08,flow,1.9
river,2021-10-09,flow,1.68
river,2021-10-10,flow,1.17
river,2021-10-11,flow,1.29
river,2021-10-12,flow,2.03
river,2021-10-13,flow,1.88
river,2021-10-14,flow,1.57
river,2021-10-15,flow,1.55
river,2021-10-16,flow,1.53
river,2021-10-17,flow,1.56
river,2021-10-18,flow,2.62
river,2021-10-19,flow,3.15
river,2021-10-20,flow,3.27
river,2021-10-21,flow,3.45
river,2021-10-22,flow,2.55
river,2021-10-23,flow,1.89
river,2021-10-24,flow,2.17
river,2021-10-25,flow,2.49
river,2021-10-26,flow,1.85
river,2021-10-27,flow,1.74
river,2021-10-28,flow,1.68
river,2021-10-29,flow,1.61
river,2021-10-30,flow,1.55
river,2021-10-31,flow,1.73
river,2021-11-01,flow,3.08
river,2021-11-02,flow,3.57
river,2021-11-03,flow,3.56
river,2021-11-04,flow,4.05
river,2021-11-05,flow,3.48
river,2021-11-06,flow,3.03
river,2021-11-07,flow,2.28
river,2021-11-08,flow,1.53
river,2021-11-09,flow,1.75
river,2021-11-10,flow,2.09
river,2021-11-11,flow,2.47
river,2021-11-12,flow,6.2
river,2021-11-13,flow,12.7
river,2021-11-14,flow,21.6
river,2021-11-15,flow,21.4
river,2021-11-16,flow,14.4
river,2021-11-17,flow,14.4
river,2021-11-18,flow,12.8
river,2021-11-19,flow,11.6
river,2021-11-20,flow,11.4
river,2021-11-21,flow,12.4
river,2021-11-22,flow,20.5
river,2021-11-23,flow,27.2
river,2021-11-24,flow,31.9
river,2021-11-25,flow,35.4
river,2021-11-26,flow,38.4
river,2021-11-27,flow,37.7
river,2021-11-28,flow,37.1
river,2021-11-29,flow,39.3
river,2021-11-30,flow,41.7
river,2021-12-01,flow,45.2
river,2021-12-02,flow,46.3
river,2021-12-03,flow,44.8
river,2021-12-04,flow,41.2
river,2021-12-05,flow,38.6
river,2021-12-06,flow,42.2
river,2021-12-07,flow,46.5
river,2021-12-08,flow,50.7
river,2021-12-09,flow,53.0
river,2021-12-10,flow,52.9
river,2021-12-11,flow,48.1
river,2021-12-12,flow,44.3
river,2021-12-13,flow,37.8
river,2021-12-14,flow,34.1
river,2021-12-15,flow,31.9
river,2021-12-16,flow,31.0
river,2021-12-17,flow,30.6
river,2021-12-18,flow,29.1
river,2021-12-19,flow,26.5
river,2021-12-20,flow,25.6
river,2021-12-21,flow,24.0
river,2021-12-22,flow,22.9
river,2021-12-23,flow,21.8
river,2021-12-24,flow,25.1
river,2021-12-25,flow,24.3
river,2021-12-26,flow,24.4
river,2021-12-27,flow,26.1
river,2021-12-28,flow,24.9
river,2021-12-29,flow,27.1
river,2021-12-30,flow,45.5
river,2021-12-31,flow,48.5
river,2022-01-01,flow,48.8
river,2022-01-02,flow,42.1
river,2022-01-03,flow,32.1
river,2022-01-04,flow,26.0
river,2022-01-05,flow,23.6
river,2022-01-06,flow,22.1
river,2022-01-07,flow,20.2
river,2022-01-08,flow,20.4
river,2022-01-09,flow,19.8
river,2022-01-10,flow,19.2
river,2022-01-11,flow,19.1
river,2022-01-12,flow,20.6
river,2022-01-13,flow,22.6
river,2022-01-14,flow,22.3
river,2022-01-15,flow,26.4
river,2022-01-16,flow,46.4
river,2022-01-17,flow,47.9
river,2022-01-18,flow,50.6
river,2022-01-19,flow,47.2
river,2022-01-20,flow,42.4
river,2022-01-21,flow,44.1
river,2022-01-22,flow,47.9
river,2022-01-23,flow,53.5
river,2022-01-24,flow,56.6
river,2022-01-25,flow,58.6
river,2022-01-26,flow,55.2
river,2022-01-27,flow,48.4
river,2022-01-28,flow,42.8
river,2022-01-29,flow,42.1
river,2022-01-30,flow,43.1
river,2022-01-31,flow,41.2
river,2022-02-01,flow,36.3
river,2022-02-02,flow,32.2
river,2022-02-03,flow,30.3
river,2022-02-04,flow,31.6
river,2022-02-05,flow,32.1
river,2022-02-06,flow,30.7
river,2022-02-07,flow,28.7
river,2022-02-08,flow,25.7
river,2022-02-09,flow,23.5
river,2022-02-10,flow,21.5
river,2022-02-11,flow,20.1
river,2022-02-12,flow,19.7
river,2022-02-13,flow,18.6
river,2022-02-14,flow,18.5
river,2022-02-15,flow,17.4
river,2022-02-16,flow,18.0
river,2022-02-17,flow,19.5
river,2022-02-18,flow,20.1
river,2022-02-19,flow,30.9
river,2022-02-20,flow,28.1
river,2022-02-21,flow,23.5
river,2022-02-22,flow,24.2
river,2022-02-23,flow,28.8
river,2022-02-24,flow,27.0
river,2022-02-25,flow,25.2
river,2022-02-26,flow,28.3
river,2022-02-27,flow,34.2
river,2022-02-28,flow,43.6
river,2022-03-01,flow,44.3
river,2022-03-02,flow,37.2
river,2022-03-03,flow,29.0
river,2022-03-04,flow,27.9
river,2022-03-05,flow,25.5
river,2022-03-06,flow,24.6
river,2022-03-07,flow,22.9
river,2022-03-08,flow,21.4
river,2022-03-09,flow,19.7
river,2022-03-10,flow,17.6
river,2022-03-11,flow,16.9
river,2022-03-12,flow,16.6
river,2022-03-13,flow,16.0
river,2022-03-14,flow,15.3
river,2022-03-15,flow,14.9
river,2022-03-16,flow,14.4
river,2022-03-17,flow,14.1
river,2022-03-18,flow,13.8
river,2022-03-19,flow,14.2
river,2022-03-20,flow,17.2
river,2022-03-21,flow,17.4
river,2022-03-22,flow,15.5
river,2022-03-23,flow,15.2
river,2022-03-24,flow,15.9
river,2022-03-25,flow,34.5
river,2022-03-26,flow,44.2
river,2022-03-27,flow,31.9
river,2022-03-28,flow,25.4
river,2022-03-29,flow,23.8
river,2022-03-30,flow,24.6
river,2022-03-31,flow,28.5
river,2022-04-01,flow,27.4
river,2022-04-02,flow,25.5
river,2022-04-03,flow,27.6
river,2022-04-04,flow,30.5
river,2022-04-05,flow,28.7
river,2022-04-06,flow,25.1
river,2022-04-07,flow,22.0
river,2022-04-08,flow,20.1
river,2022-04-09,flow,18.3
river,2022-04-10,flow,20.4
river,2022-04-11,flow,21.3
river,2022-04-12,flow,20.7
river,2022-04-13,flow,18.8
river,2022-04-14,flow,16.4
river,2022-04-15,flow,15.7
river,2022-04-16,flow,14.5
river,2022-04-17,flow,14.0
river,2022-04-18,flow,13.8
river,2022-04-19,flow,14.3
river,2022-04-20,flow,13.4
river,2022-04-21,flow,14.6
river,2022-04-22,flow,14.9
river,2022-04-23,flow,13.1
river,2022-04-24,flow,12.5
river,2022-04-25,flow,12.4
river,2022-04-26,flow,12.2
river,2022-04-27,flow,11.2
river,2022-04-28,flow,11.1
river,2022-04-29,flow,11.3
river,2022-04-30,flow,11.7
river,2022-05-01,flow,11.5
river,2022-05-02,flow,10.6
river,2022-05-03,flow,14.2
river,2022-05-04,flow,14.4
river,2022-05-05,flow,10.7
river,2022-05-06,flow,11.7
river,2022-05-07,flow,10.1
river,2022-05-08,flow,9.58
river,2022-05-09,flow,9.83
river,2022-05-10,flow,10.3
river,2022-05-11,flow,9.21
river,2022-05-12,flow,9.32
river,2022-05-13,flow,8.06
river,2022-05-14,flow,8.01
river,2022-05-15,flow,7.76
river,2022-05-16,flow,7.58
river,2022-05-17,flow,7.57
river,2022-05-18,flow,7.36
river,2022-05-19,flow,6.24
river,2022-05-20,flow,6.5
river,2022-05-21,flow,6.37
river,2022-05-22,flow,6.12
river,2022-05-23,flow,5.94
river,2022-05-24,flow,6.03
river,2022-05-25,flow,5.71
river,2022-05-26,flow,6.41
river,2022-05-27,flow,7.29
river,2022-05-28,flow,8.12
river,2022-05-29,flow,6.95
river,2022-05-30,flow,7.38
river,2022-05-31,flow,7.2
river,2022-06-01,flow,5.91
river,2022-06-02,flow,4.45
river,2022-06-03,flow,4.46
river,2022-06-04,flow,3.88
river,2022-06-05,flow,4.15
river,2022-06-06,flow,4.76
river,2022-06-07,flow,4.48
river,2022-06-08,flow,7.52
river,2022-06-09,flow,10.1
river,2022-06-10,flow,6.41
river,2022-06-11,flow,5.33
river,2022-06-12,flow,4.31
river,2022-06-13,flow,4.1
river,2022-06-14,flow,3.75
river,2022-06-15,flow,4.06
river,2022-06-16,flow,3.52
river,2022-06-17,flow,2.95
river,2022-06-18,flow,3.31
river,2022-06-19,flow,3.19
river,2022-06-20,flow,2.87
river,2022-06-21,flow,2.98
river,2022-06-22,flow,2.97
river,2022-06-23,flow,2.79
river,2022-06-24,flow,2.7
river,2022-06-25,flow,2.72
river,2022-06-26,flow,2.68
river,2022-06-27,flow,2.56
river,2022-06-28,flow,2.45
river,2022-06-29,flow,2.32
river,2022-06-30,flow,2.34
river,2022-07-01,flow,2.26
river,2022-07-02,flow,2.16
river,2022-07-03,flow,2.1
river,2022-07-04,flow,1.74
river,2022-07-05,flow,2.01
river,2022-07-06,flow,2.17
river,2022-07-07,flow,2.18
river,2022-07-08,flow,1.88
river,2022-07-09,flow,1.39
river,2022-07-10,flow,1.06
river,2022-07-11,flow,0.621
river,2022-07-12,flow,0.959
river,2022-07-13,flow,1.13
river,2022-07-14,flow,1.3
river,2022-07-15,flow,1.22
river,2022-07-16,flow,1.28
river,2022-07-17,flow,1.59
river,2022-07-18,flow,1.51
river,2022-07-19,flow,1.44
river,2022-07-20,flow,1.78
river,2022-07-21,flow,2.01
river,2022-07-22,flow,1.62
river,2022-07-23,flow,1.41
river,2022-07-24,flow,1.52
river,2022-07-25,flow,1.6
river,2022-07-26,flow,1.49
river,2022-07-27,flow,1.35
river,2022-07-28,flow,1.23
river,2022-07-29,flow,1.12
river,2022-07-30,flow,0.963
river,2022-07-31,flow,0.974
river,2022-08-01,flow,1.04
river,2022-08-02,flow,0.947
river,2022-08-03,flow,0.919
river,2022-08-04,flow,1.32
river,2022-08-05,flow,1.38
river,2022-08-06,flow,2.06
river,2022-08-07,flow,1.45
river,2022-08-08,flow,0.993
river,2022-08-09,flow,0.973
river,2022-08-10,flow,1.32
river,2022-08-11,flow,1.95
river,2022-08-12,flow,3.44
river,2022-08-13,flow,2.46
river,2022-08-14,flow,2.81
river,2022-08-15,flow,3.07
river,2022-08-16,flow,4.1
river,2022-08-17,flow,2.48
river,2022-08-18,flow,1.27
river,2022-08-19,flow,1.01
river,2022-08-20,flow,1.46
river,2022-08-21,flow,2.54
river,2022-08-22,flow,3.28
river,2022-08-23,flow,7.75
river,2022-08-24,flow,9.02
river,2022-08-25,flow,4.91
river,2022-08-26,flow,9.41
river,2022-08-27,flow,10.3
river,2022-08-28,flow,5.67
river,2022-08-29,flow,5.66
river,2022-08-30,flow,2.29
river,2022-08-31,flow,3.1
river,2022-09-01,flow,3.07
river,2022-09-02,flow,3.02
river,2022-09-03,flow,2.64
river,2022-09-04,flow,2.57
river,2022-09-05,flow,2.57
river,2022-09-06,flow,3.84
river,2022-09-07,flow,4.54
river,2022-09-08,flow,4.71
river,2022-09-09,flow,3.7
river,2022-09-10,flow,3.35
river,2022-09-11,flow,2.95
river,2022-09-12,flow,2.67
river,2022-09-13,flow,2.18
river,2022-09-14,flow,2.19
river,2022-09-15,flow,2.21
river,2022-09-16,flow,2.12
river,2022-09-17,flow,1.94
river,2022-09-18,flow,1.6
river,2022-09-19,flow,1.38
river,2022-09-20,flow,1.45
river,2022-09-21,flow,1.51
river,2022-09-22,flow,1.41
river,2022-09-23,flow,1.96
river,2022-09-24,flow,2.72
river,2022-09-25,flow,2.75
river,2022-09-26,flow,2.36
river,2022-09-27,flow,2.65
river,2022-09-28,flow,2.99
river,2022-09-29,flow,2.97
river,2022-09-30,flow,2.78
river,2022-10-01,flow,2.82
river,2022-10-02,flow,7.13
river,2022-10-03,flow,7.19
river,2022-10-04,flow,6.18
river,2022-10-05,flow,5.71
river,2022-10-06,flow,3.85
river,2022-10-07,flow,4.27
river,2022-10-08,flow,4.22
river,2022-10-09,flow,3.71
river,2022-10-10,flow,3.65
river,2022-10-11,flow,3.86
river,2022-10-12,flow,4.12
river,2022-10-13,flow,3.95
river,2022-10-14,flow,3.88
river,2022-10-15,flow,3.9
river,2022-10-16,flow,3.55
river,2022-10-17,flow,3.59
river,2022-10-18,flow,3.79
river,2022-10-19,flow,3.86
river,2022-10-20,flow,3.77
river,2022-10-21,flow,3.84
river,2022-10-22,flow,3.91
river,2022-10-23,flow,4.02
river,2022-10-24,flow,4.39
river,2022-10-25,flow,4.11
river,2022-10-26,flow,4.28
river,2022-10-27,flow,4.62
river,2022-10-28,flow,4.87
river,2022-10-29,flow,4.46
river,2022-10-30,flow,4.27
river,2022-10-31,flow,4.16
river,2022-11-01,flow,3.96
river,2022-11-02,flow,3.95
river,2022-11-03,flow,3.85
river,2022-11-04,flow,3.73
river,2022-11-05,flow,3.86
river,2022-11-06,flow,7.58
river,2022-11-07,flow,8.15
river,2022-11-08,flow,10.2
river,2022-11-09,flow,14.2
river,2022-11-10,flow,11.6
river,2022-11-11,flow,8.71
river,2022-11-12,flow,10.2
river,2022-11-13,flow,10.3
river,2022-11-14,flow,10.1
river,2022-11-15,flow,9.29
river,2022-11-16,flow,6.61
river,2022-11-17,flow,6.41
river,2022-11-18,flow,7.84
river,2022-11-19,flow,8.76
river,2022-11-20,flow,8.57
river,2022-11-21,flow,8.72
river,2022-11-22,flow,9.08
river,2022-11-23,flow,8.67
river,2022-11-24,flow,7.83
river,2022-11-25,flow,7.78
river,2022-11-26,flow,7.82
river,2022-11-27,flow,7.8
river,2022-11-28,flow,7.6
river,2022-11-29,flow,7.55
river,2022-11-30,flow,7.38
river,2022-12-01,flow,6.5
river,2022-12-02,flow,5.53
river,2022-12-03,flow,4.7
river,2022-12-04,flow,5.04
river,2022-12-05,flow,6.3
river,2022-12-06,flow,6.3
river,2022-12-07,flow,5.87
river,2022-12-08,flow,5.29
river,2022-12-09,flow,4.83
river,2022-12-10,flow,4.37
river,2022-12-11,flow,4.53
river,2022-12-12,flow,4.58
river,2022-12-13,flow,4.49
river,2022-12-14,flow,4.4
river,2022-12-15,flow,4.4
river,2022-12-16,flow,4.53
river,2022-12-17,flow,5.35
river,2022-12-18,flow,5.72
river,2022-12-19,flow,4.92
river,2022-12-20,flow,4.64
river,2022-12-21,flow,5.03
river,2022-12-22,flow,4.55
river,2022-12-23,flow,4.76
river,2022-12-24,flow,4.9
river,2022-12-25,flow,4.49
river,2022-12-26,flow,5.6
river,2022-12-27,flow,6.83
river,2022-12-28,flow,10.7
river,2022-12-29,flow,14.8
river,2022-12-30,flow,16.4
river,2022-12-31,flow,15.6
river,2023-01-01,flow,14.2
river,2023-01-02,flow,10.8
river,2023-01-03,flow,10.5
river,2023-01-04,flow,10.5
river,2023-01-05,flow,10.6
river,2023-01-06,flow,10.5
river,2023-01-07,flow,16.6
river,2023-01-08,flow,31.5
river,2023-01-09,flow,25.3
river,2023-01-10,flow,18.7
river,2023-01-11,flow,20.1
river,2023-01-12,flow,28.5
river,2023-01-13,flow,39.7
river,2023-01-14,flow,41.7
river,2023-01-15,flow,41.5
river,2023-01-16,flow,34.0
river,2023-01-17,flow,35.6
river,2023-01-18,flow,44.2
river,2023-01-19,flow,43.8
river,2023-01-20,flow,34.1
river,2023-01-21,flow,30.3
river,2023-01-22,flow,28.4
river,2023-01-23,flow,26.8
river,2023-01-24,flow,25.2
river,2023-01-25,flow,22.8
river,2023-01-26,flow,21.3
river,2023-01-27,flow,19.3
river,2023-01-28,flow,18.3
river,2023-01-29,flow,17.1
river,2023-01-30,flow,15.7
river,2023-01-31,flow,15.8
river,2023-02-01,flow,14.8
river,2023-02-02,flow,17.0
river,2023-02-03,flow,17.1
river,2023-02-04,flow,16.7
river,2023-02-05,flow,14.6
river,2023-02-06,flow,13.6
river,2023-02-07,flow,12.5
river,2023-02-08,flow,12.6
river,2023-02-09,flow,12.1
river,2023-02-10,flow,13.4
river,2023-02-11,flow,13.3
river,2023-02-12,flow,13.4
river,2023-02-13,flow,13.0
river,2023-02-14,flow,22.5
river,2023-02-15,flow,23.4
river,2023-02-16,flow,22.7
river,2023-02-17,flow,20.6
river,2023-02-18,flow,15.8
river,2023-02-19,flow,15.7
river,2023-02-20,flow,20.7
river,2023-02-21,flow,21.7
river,2023-02-22,flow,22.6
river,2023-02-23,flow,21.6
river,2023-02-24,flow,19.2
river,2023-02-25,flow,17.2
river,2023-02-26,flow,27.2
river,2023-02-27,flow,35.5
river,2023-02-28,flow,32.1
river,2023-03-01,flow,28.1
river,2023-03-02,flow,25.4
river,2023-03-03,flow,21.6
river,2023-03-04,flow,18.7
river,2023-03-05,flow,18.1
river,2023-03-06,flow,17.0
river,2023-03-07,flow,16.0
river,2023-03-08,flow,15.6
river,2023-03-09,flow,15.4
river,2023-03-10,flow,14.8
river,2023-03-11,flow,14.1
river,2023-03-12,flow,13.7
river,2023-03-13,flow,13.7
river,2023-03-14,flow,14.3
river,2023-03-15,flow,13.9
river,2023-03-16,flow,13.4
river,2023-03-17,flow,12.7
river,2023-03-18,flow,11.7
river,2023-03-19,flow,12.5
river,2023-03-20,flow,12.0
river,2023-03-21,flow,11.6
river,2023-03-22,flow,11.1
river,2023-03-23,flow,10.2
river,2023-03-24,flow,10.4
river,2023-03-25,flow,10.2
river,2023-03-26,flow,10.1
river,2023-03-27,flow,9.78
river,2023-03-28,flow,8.75
river,2023-03-29,flow,8.83
river,2023-03-30,flow,8.86
river,2023-03-31,flow,9.0
river,2023-04-01,flow,8.9
river,2023-04-02,flow,7.99
river,2023-04-03,flow,7.88
river,2023-04-04,flow,7.69
river,2023-04-05,flow,8.02
river,2023-04-06,flow,7.44
river,2023-04-07,flow,6.98
river,2023-04-08,flow,7.18
river,2023-04-09,flow,6.79
river,2023-04-10,flow,6.7
river,2023-04-11,flow,6.62
river,2023-04-12,flow,6.79
river,2023-04-13,flow,6.4
river,2023-04-14,flow,6.33
river,2023-04-15,flow,5.49
river,2023-04-16,flow,5.7
river,2023-04-17,flow,5.61
river,2023-04-18,flow,5.59
river,2023-04-19,flow,5.42
river,2023-04-20,flow,5.14
river,2023-04-21,flow,5.1
river,2023-04-22,flow,4.62
river,2023-04-23,flow,4.68
river,2023-04-24,flow,4.51
river,2023-04-25,flow,4.42
river,2023-04-26,flow,3.75
river,2023-04-27,flow,4.13
river,2023-04-28,flow,4.19
river,2023-04-29,flow,4.08
river,2023-04-30,flow,4.12
river,2023-05-01,flow,4.02
river,2023-05-02,flow,3.87
river,2023-05-03,flow,4.8
river,2023-05-04,flow,5.09
river,2023-05-05,flow,3.8
river,2023-05-06,flow,3.09
river,2023-05-07,flow,3.88
river,2023-05-08,flow,7.85
river,2023-05-09,flow,6.39
river,2023-05-10,flow,4.83
river,2023-05-11,flow,3.33
river,2023-05-12,flow,3.0
river,2023-05-13,flow,2.87
river,2023-05-14,flow,2.78
river,2023-05-15,flow,2.88
river,2023-05-16,flow,3.03
river,2023-05-17,flow,2.89
river,2023-05-18,flow,2.68
river,2023-05-19,flow,2.7
river,2023-05-20,flow,2.93
river,2023-05-21,flow,2.99
river,2023-05-22,flow,2.88
river,2023-05-23,flow,3.02
river,2023-05-24,flow,2.85
river,2023-05-25,flow,3.24
river,2023-05-26,flow,2.7
river,2023-05-27,flow,2.54
river,2023-05-28,flow,2.75
river,2023-05-29,flow,2.95
river,2023-05-30,flow,3.07
river,2023-05-31,flow,3.14
river,2023-06-01,flow,3.48
river,2023-06-02,flow,3.25
river,2023-06-03,flow,1.65
river,2023-06-04,flow,1.63
river,2023-06-05,flow,1.6
river,2023-06-06,flow,1.47
river,2023-06-07,flow,1.6
river,2023-06-08,flow,1.63
river,2023-06-09,flow,1.75
river,2023-06-10,flow,1.82
river,2023-06-11,flow,1.86
river,2023-06-12,flow,3.66
river,2023-06-13,flow,5.37
river,2023-06-14,flow,5.15
river,2023-06-15,flow,3.54
river,2023-06-16,flow,3.08
river,2023-06-17,flow,1.96
river,2023-06-18,flow,1.95
river,2023-06-19,flow,2.23
river,2023-06-20,flow,2.51
river,2023-06-21,flow,2.35
river,2023-06-22,flow,2.14
river,2023-06-23,flow,2.09
river,2023-06-24,flow,1.81
river,2023-06-25,flow,1.99
river,2023-06-26,flow,2.35
river,2023-06-27,flow,2.14
river,2023-06-28,flow,1.82
river,2023-06-29,flow,1.6
river,2023-06-30,flow,1.38
river,2023-07-01,flow,1.11
river,2023-07-02,flow,1.21
river,2023-07-03,flow,1.3
river,2023-07-04,flow,1.21
river,2023-07-05,flow,1.09
river,2023-07-06,flow,1.06
river,2023-07-07,flow,1.13
river,2023-07-08,flow,1.91
river,2023-07-09,flow,2.66
river,2023-07-10,flow,2.91
river,2023-07-11,flow,1.85
river,2023-07-12,flow,1.5
river,2023-07-13,flow,1.27
river,2023-07-14,flow,1.25
river,2023-07-15,flow,1.11
river,2023-07-16,flow,1.2
river,2023-07-17,flow,1.78
river,2023-07-18,flow,2.57
river,2023-07-19,flow,2.21
river,2023-07-20,flow,1.61
river,2023-07-21,flow,1.42
river,2023-07-22,flow,1.23
river,2023-07-23,flow,1.16
river,2023-07-24,flow,1.12
river,2023-07-25,flow,1.04
river,2023-07-26,flow,0.905
river,2023-07-27,flow,0.913
river,2023-07-28,flow,0.906
river,2023-07-29,flow,0.899
river,2023-07-30,flow,0.908
river,2023-07-31,flow,0.916
river,2023-08-01,flow,1.32
river,2023-08-02,flow,1.22
river,2023-08-03,flow,1.04
river,2023-08-04,flow,1.07
river,2023-08-05,flow,1.13
river,2023-08-06,flow,1.49
river,2023-08-07,flow,1.14
river,2023-08-08,flow,0.989
river,2023-08-09,flow,1.7
river,2023-08-10,flow,1.26
river,2023-08-11,flow,0.911
river,2023-08-12,flow,0.818
river,2023-08-13,flow,0.711
river,2023-08-14,flow,1.05
river,2023-08-15,flow,1.08
river,2023-08-16,flow,0.958
river,2023-08-17,flow,0.838
river,2023-08-18,flow,1.09
river,2023-08-19,flow,1.4
river,2023-08-20,flow,1.87
river,2023-08-21,flow,0.899
river,2023-08-22,flow,0.613
river,2023-08-23,flow,0.779
river,2023-08-24,flow,0.979
river,2023-08-25,flow,1.23
river,2023-08-26,flow,1.54
river,2023-08-27,flow,1.72
river,2023-08-28,flow,2.69
river,2023-08-29,flow,1.63
river,2023-08-30,flow,0.877
river,2023-08-31,flow,0.784
river,2023-09-01,flow,0.723
river,2023-09-02,flow,0.627
river,2023-09-03,flow,0.742
river,2023-09-04,flow,0.743
river,2023-09-05,flow,0.814
river,2023-09-06,flow,1.26
river,2023-09-07,flow,1.01
river,2023-09-08,flow,1.13
river,2023-09-09,flow,0.955
river,2023-09-10,flow,0.825
river,2023-09-11,flow,0.773
river,2023-09-12,flow,0.743
river,2023-09-13,flow,0.67
river,2023-09-14,flow,0.807
river,2023-09-15,flow,0.842
river,2023-09-16,flow,0.805
river,2023-09-17,flow,0.793
river,2023-09-18,flow,0.826
river,2023-09-19,flow,0.875
river,2023-09-20,flow,1.6
river,2023-09-21,flow,2.28
river,2023-09-22,flow,2.9
river,2023-09-23,flow,1.95
river,2023-09-24,flow,1.09
river,2023-09-25,flow,1.03
river,2023-09-26,flow,1.11
river,2023-09-27,flow,1.12
river,2023-09-28,flow,1.06
river,2023-09-29,flow,0.915
river,2023-09-30,flow,0.787
river,2023-10-01,flow,0.784
river,2023-10-02,flow,0.674
river,2023-10-03,flow,0.71
river,2023-10-04,flow,0.779
river,2023-10-05,flow,0.778
river,2023-10-06,flow,0.95
river,2023-10-07,flow,1.41
river,2023-10-08,flow,1.02
river,2023-10-09,flow,0.76
river,2023-10-10,flow,0.943
river,2023-10-11,flow,0.794
river,2023-10-12,flow,0.695
river,2023-10-13,flow,0.799
river,2023-10-14,flow,0.781
river,2023-10-15,flow,0.869
river,2023-10-16,flow,1.06
river,2023-10-17,flow,1.1
river,2023-10-18,flow,1.59
river,2023-10-19,flow,1.26
river,2023-10-20,flow,1.48
river,2023-10-21,flow,0.876
river,2023-10-22,flow,0.782
river,2023-10-23,flow,0.946
river,2023-10-24,flow,1.06
river,2023-10-25,flow,1.76
river,2023-10-26,flow,2.0
river,2023-10-27,flow,2.38
river,2023-10-28,flow,1.58
river,2023-10-29,flow,0.858
river,2023-10-30,flow,0.626
river,2023-10-31,flow,0.674
river,2023-11-01,flow,0.764
river,2023-11-02,flow,0.694
river,2023-11-03,flow,1.56
river,2023-11-04,flow,1.98
river,2023-11-05,flow,1.65
river,2023-11-06,flow,1.13
river,2023-11-07,flow,0.518
river,2023-11-08,flow,0.471
river,2023-11-09,flow,0.78
river,2023-11-10,flow,2.17
river,2023-11-11,flow,1.45
river,2023-11-12,flow,1.43
river,2023-11-13,flow,1.52
river,2023-11-14,flow,1.13
river,2023-11-15,flow,0.879
river,2023-11-16,flow,0.858
river,2023-11-17,flow,0.891
river,2023-11-18,flow,0.975
river,2023-11-19,flow,1.06
river,2023-11-20,flow,0.951
river,2023-11-21,flow,1.02
river,2023-11-22,flow,1.09
river,2023-11-23,flow,1.11
river,2023-11-24,flow,1.4
river,2023-11-25,flow,1.02
river,2023-11-26,flow,1.02
river,2023-11-27,flow,1.03
river,2023-11-28,flow,1.09
river,2023-11-29,flow,1.07
river,2023-11-30,flow,1.19
river,2023-12-01,flow,2.16
river,2023-12-02,flow,2.22
river,2023-12-03,flow,1.41
river,2023-12-04,flow,1.1
river,2023-12-05,flow,1.04
river,2023-12-06,flow,1.06
river,2023-12-07,flow,0.992
river,2023-12-08,flow,0.987
river,2023-12-09,flow,1.34
river,2023-12-10,flow,1.46
river,2023-12-11,flow,0.898
river,2023-12-12,flow,1.38
river,2023-12-13,flow,6.34
river,2023-12-14,flow,9.9
river,2023-12-15,flow,9.82
river,2023-12-16,flow,10.0
river,2023-12-17,flow,10.7
river,2023-12-18,flow,7.49
river,2023-12-19,flow,5.73
river,2023-12-20,flow,6.22
river,2023-12-21,flow,5.03
river,2023-12-22,flow,4.91
river,2023-12-23,flow,4.37
river,2023-12-24,flow,4.99
river,2023-12-25,flow,5.1
river,2023-12-26,flow,4.33
river,2023-12-27,flow,3.16
river,2023-12-28,flow,3.04
river,2023-12-29,flow,2.62
river,2023-12-30,flow,3.25
river,2023-12-31,flow,6.8
river,2024-01-01,flow,6.56
river,2024-01-02,flow,7.77
river,2024-01-03,flow,14.4
river,2024-01-04,flow,25.8
river,2024-01-05,flow,19.9
river,2024-01-06,flow,18.6
river,2024-01-07,flow,14.8
river,2024-01-08,flow,14.5
river,2024-01-09,flow,13.6
river,2024-01-10,flow,11.0
river,2024-01-11,flow,9.14
river,2024-01-12,flow,9.01
river,2024-01-13,flow,9.26
river,2024-01-14,flow,8.19
river,2024-01-15,flow,7.67
river,2024-01-16,flow,8.91
river,2024-01-17,flow,9.21
river,2024-01-18,flow,8.92
river,2024-01-19,flow,9.76
river,2024-01-20,flow,9.69
river,2024-01-21,flow,9.41
river,2024-01-22,flow,8.89
river,2024-01-23,flow,8.89
river,2024-01-24,flow,10.0
river,2024-01-25,flow,13.2
river,2024-01-26,flow,13.2
river,2024-01-27,flow,14.6
river,2024-01-28,flow,13.8
river,2024-01-29,flow,11.4
river,2024-01-30,flow,11.4
river,2024-01-31,flow,10.6
river,2024-02-01,flow,9.98
river,2024-02-02,flow,11.6
river,2024-02-03,flow,8.74
river,2024-02-04,flow,8.37
river,2024-02-05,flow,8.13
river,2024-02-06,flow,12.1
river,2024-02-07,flow,12.2
river,2024-02-08,flow,12.5
river,2024-02-09,flow,12.5
river,2024-02-10,flow,10.4
river,2024-02-11,flow,10.0
river,2024-02-12,flow,9.29
river,2024-02-13,flow,10.3
river,2024-02-14,flow,10.3
river,2024-02-15,flow,10.3
river,2024-02-16,flow,9.18
river,2024-02-17,flow,9.8
river,2024-02-18,flow,9.85
river,2024-02-19,flow,9.76
river,2024-02-20,flow,9.08
river,2024-02-21,flow,9.33
river,2024-02-22,flow,9.07
river,2024-02-23,flow,8.85
river,2024-02-24,flow,8.96
river,2024-02-25,flow,8.68
river,2024-02-26,flow,8.22
river,2024-02-27,flow,8.1
river,2024-02-28,flow,8.34
river,2024-02-29,flow,6.82
river,2024-03-01,flow,7.59
river,2024-03-02,flow,7.63
river,2024-03-03,flow,7.38
river,2024-03-04,flow,11.1
river,2024-03-05,flow,16.6
river,2024-03-06,flow,11.5
river,2024-03-07,flow,11.4
river,2024-03-08,flow,9.99
river,2024-03-09,flow,8.37
river,2024-03-10,flow,9.43
river,2024-03-11,flow,8.86
river,2024-03-12,flow,7.82
river,2024-03-13,flow,6.22
river,2024-03-14,flow,5.69
river,2024-03-15,flow,5.04
river,2024-03-16,flow,5.26
river,2024-03-17,flow,5.14
river,2024-03-18,flow,6.4
river,2024-03-19,flow,6.54
river,2024-03-20,flow,6.25
river,2024-03-21,flow,6.0
river,2024-03-22,flow,5.87
river,2024-03-23,flow,4.72
river,2024-03-24,flow,5.43
river,2024-03-25,flow,5.26
river,2024-03-26,flow,5.17
river,2024-03-27,flow,4.51
river,2024-03-28,flow,4.73
river,2024-03-29,flow,4.68
river,2024-03-30,flow,4.24
river,2024-03-31,flow,4.45
river,2024-04-01,flow,4.43
river,2024-04-02,flow,4.25
river,2024-04-03,flow,4.38
river,2024-04-04,flow,4.2
river,2024-04-05,flow,5.15
river,2024-04-06,flow,5.54
river,2024-04-07,flow,3.84
river,2024-04-08,flow,3.67
river,2024-04-09,flow,3.85
river,2024-04-10,flow,7.05
river,2024-04-11,flow,6.26
river,2024-04-12,flow,4.48
river,2024-04-13,flow,4.63
river,2024-04-14,flow,4.56
river,2024-04-15,flow,5.7
river,2024-04-16,flow,4.95
river,2024-04-17,flow,4.58
river,2024-04-18,flow,6.58
river,2024-04-19,flow,9.92
river,2024-04-20,flow,8.31
river,2024-04-21,flow,7.61
river,2024-04-22,flow,7.59
river,2024-04-23,flow,7.12
river,2024-04-24,flow,7.35
river,2024-04-25,flow,10.6
river,2024-04-26,flow,19.8
river,2024-04-27,flow,17.9
river,2024-04-28,flow,24.3
river,2024-04-29,flow,37.1
river,2024-04-30,flow,44.9
river,2024-05-01,flow,54.6
river,2024-05-02,flow,62.6
river,2024-05-03,flow,61.1
river,2024-05-04,flow,56.8
river,2024-05-05,flow,47.8
river,2024-05-06,flow,36.9
river,2024-05-07,flow,32.1
river,2024-05-08,flow,39.7
river,2024-05-09,flow,44.3
river,2024-05-10,flow,46.6
river,2024-05-11,flow,47.8
river,2024-05-12,flow,41.7
river,2024-05-13,flow,34.0
river,2024-05-14,flow,29.2
river,2024-05-15,flow,27.8
river,2024-05-16,flow,25.1
river,2024-05-17,flow,23.4
river,2024-05-18,flow,20.7
river,2024-05-19,flow,21.1
river,2024-05-20,flow,19.2
river,2024-05-21,flow,18.6
river,2024-05-22,flow,16.7
river,2024-05-23,flow,15.9
river,2024-05-24,flow,15.2
river,2024-05-25,flow,14.3
river,2024-05-26,flow,12.8
river,2024-05-27,flow,12.5
river,2024-05-28,flow,12.2
river,2024-05-29,flow,12.6
river,2024-05-30,flow,12.2
river,2024-05-31,flow,12.0
river,2024-06-01,flow,11.6
river,2024-06-02,flow,11.3
river,2024-06-03,flow,15.8
river,2024-06-04,flow,20.9
river,2024-06-05,flow,16.0
river,2024-06-06,flow,16.4
river,2024-06-07,flow,16.2
river,2024-06-08,flow,18.1
river,2024-06-09,flow,20.5
river,2024-06-10,flow,16.1
river,2024-06-11,flow,20.6
river,2024-06-12,flow,31.5
river,2024-06-13,flow,31.6
river,2024-06-14,flow,23.0
river,2024-06-15,flow,26.6
river,2024-06-16,flow,25.5
river,2024-06-17,flow,18.8
river,2024-06-18,flow,16.2
river,2024-06-19,flow,15.8
river,2024-06-20,flow,14.2
river,2024-06-21,flow,16.3
river,2024-06-22,flow,21.2
river,2024-06-23,flow,20.6
river,2024-06-24,flow,28.3
river,2024-06-25,flow,31.3
river,2024-06-26,flow,26.3
river,2024-06-27,flow,21.6
river,2024-06-28,flow,18.6
river,2024-06-29,flow,17.0
river,2024-06-30,flow,16.4
river,2024-07-01,flow,16.8
river,2024-07-02,flow,16.7
river,2024-07-03,flow,16.3
river,2024-07-04,flow,18.4
river,2024-07-05,flow,21.5
river,2024-07-06,flow,21.2
river,2024-07-07,flow,25.8
river,2024-07-08,flow,30.8
river,2024-07-09,flow,27.7
river,2024-07-10,flow,24.6
river,2024-07-11,flow,23.3
river,2024-07-12,flow,25.0
river,2024-07-13,flow,33.9
river,2024-07-14,flow,36.4
river,2024-07-15,flow,33.7
river,2024-07-16,flow,30.5
river,2024-07-17,flow,27.5
river,2024-07-18,flow,24.9
river,2024-07-19,flow,24.1
river,2024-07-20,flow,22.1
river,2024-07-21,flow,21.6
river,2024-07-22,flow,20.0
river,2024-07-23,flow,21.4
river,2024-07-24,flow,20.7
river,2024-07-25,flow,19.9
river,2024-07-26,flow,18.7
river,2024-07-27,flow,16.5
river,2024-07-28,flow,14.5
river,2024-07-29,flow,13.6
river,2024-07-30,flow,16.3
river,2024-07-31,flow,17.1
river,2024-08-01,flow,17.1
river,2024-08-02,flow,16.2
river,2024-08-03,flow,17.0
river,2024-08-04,flow,16.6
river,2024-08-05,flow,19.3
river,2024-08-06,flow,18.4
river,2024-08-07,flow,18.4
river,2024-08-08,flow,16.3
river,2024-08-09,flow,15.1
river,2024-08-10,flow,14.3
river,2024-08-11,flow,12.3
river,2024-08-12,flow,12.4
river,2024-08-13,flow,12.4
river,2024-08-14,flow,12.2
river,2024-08-15,flow,12.3
river,2024-08-16,flow,17.4
river,2024-08-17,flow,15.1
river,2024-08-18,flow,13.0
river,2024-08-19,flow,11.8
river,2024-08-20,flow,11.8
river,2024-08-21,flow,12.5
river,2024-08-22,flow,12.0
river,2024-08-23,flow,11.6
river,2024-08-24,flow,11.4
river,2024-08-25,flow,10.2
river,2024-08-26,flow,9.93
river,2024-08-27,flow,10.8
river,2024-08-28,flow,13.2
river,2024-08-29,flow,15.5
river,2024-08-30,flow,22.1
river,2024-08-31,flow,21.8
river,2024-09-01,flow,15.2
river,2024-09-02,flow,12.3
river,2024-09-03,flow,11.4
river,2024-09-04,flow,10.7
river,2024-09-05,flow,10.4
river,2024-09-06,flow,10.8
river,2024-09-07,flow,12.4
river,2024-09-08,flow,11.1
river,2024-09-09,flow,10.3
river,2024-09-10,flow,9.97
river,2024-09-11,flow,10.0
river,2024-09-12,flow,9.97
river,2024-09-13,flow,9.53
river,2024-09-14,flow,9.34
river,2024-09-15,flow,8.36
river,2024-09-16,flow,8.45
river,2024-09-17,flow,7.81
river,2024-09-18,flow,8.15
river,2024-09-19,flow,7.98
river,2024-09-20,flow,8.03
river,2024-09-21,flow,7.46
river,2024-09-22,flow,6.93
river,2024-09-23,flow,7.84
river,2024-09-24,flow,18.9
river,2024-09-25,flow,28.6
river,2024-09-26,flow,22.8
river,2024-09-27,flow,24.1
river,2024-09-28,flow,22.4
river,2024-09-29,flow,18.4
river,2024-09-30,flow,17.2
river,2024-10-01,flow,15.3
river,2024-10-02,flow,13.6
river,2024-10-03,flow,13.4
river,2024-10-04,flow,15.4
river,2024-10-05,flow,25.9
river,2024-10-06,flow,37.7
river,2024-10-07,flow,39.3
river,2024-10-08,flow,36.5
river,2024-10-09,flow,31.6
river,2024-10-10,flow,29.2
river,2024-10-11,flow,25.5
river,2024-10-12,flow,29.7
river,2024-10-13,flow,30.9
river,2024-10-14,flow,29.0
river,2024-10-15,flow,26.6
river,2024-10-16,flow,23.6
river,2024-10-17,flow,24.8
river,2024-10-18,flow,32.9
river,2024-10-19,flow,33.4
river,2024-10-20,flow,30.1
river,2024-10-21,flow,27.2
river,2024-10-22,flow,26.6
river,2024-10-23,flow,26.1
river,2024-10-24,flow,25.5
river,2024-10-25,flow,24.8
river,2024-10-26,flow,21.1
river,2024-10-27,flow,19.1
river,2024-10-28,flow,17.1
river,2024-10-29,flow,17.3
river,2024-10-30,flow,17.5
river,2024-10-31,flow,18.8
river,2024-11-01,flow,30.4
river,2024-11-02,flow,33.4
river,2024-11-03,flow,28.6
river,2024-11-04,flow,34.9
river,2024-11-05,flow,41.8
river,2024-11-06,flow,45.5
river,2024-11-07,flow,44.5
river,2024-11-08,flow,39.4
river,2024-11-09,flow,34.9
river,2024-11-10,flow,30.4
river,2024-11-11,flow,28.4
river,2024-11-12,flow,25.2
river,2024-11-13,flow,24.9
river,2024-11-14,flow,24.1
river,2024-11-15,flow,22.7
river,2024-11-16,flow,21.6
river,2024-11-17,flow,20.3
river,2024-11-18,flow,18.7
river,2024-11-19,flow,18.2
river,2024-11-20,flow,18.1
river,2024-11-21,flow,42.1
river,2024-11-22,flow,54.3
river,2024-11-23,flow,70.6
river,2024-11-24,flow,73.7
river,2024-11-25,flow,80.7
river,2024-11-26,flow,84.6
river,2024-11-27,flow,84.8
river,2024-11-28,flow,85.4
river,2024-11-29,flow,84.6
river,2024-11-30,flow,82.0
river,2024-12-01,flow,77.6
river,2024-12-02,flow,71.0
river,2024-12-03,flow,63.1
river,2024-12-04,flow,59.3
river,2024-12-05,flow,55.0
river,2024-12-06,flow,49.5
river,2024-12-07,flow,46.0
river,2024-12-08,flow,44.1
river,2024-12-09,flow,41.5
river,2024-12-10,flow,37.6
river,2024-12-11,flow,33.4
river,2024-12-12,flow,34.1
river,2024-12-13,flow,31.0
river,2024-12-14,flow,32.5
river,2024-12-15,flow,47.7
river,2024-12-16,flow,30.9
river,2024-12-17,flow,47.8
river,2024-12-18,flow,45.2
river,2024-12-19,flow,39.6
river,2024-12-20,flow,50.9
river,2024-12-21,flow,57.1
river,2024-12-22,flow,73.4
river,2024-12-23,flow,76.3
river,2024-12-24,flow,81.3
river,2024-12-25,flow,83.2
river,2024-12-26,flow,85.2
river,2024-12-27,flow,86.1
river,2024-12-28,flow,85.0
river,2024-12-29,flow,84.0
river,2024-12-30,flow,83.4
river,2024-12-31,flow,83.8
river,2025-01-01,flow,83.85
river,2025-01-02,flow,83.03
river,2025-01-03,flow,81.34
river,2025-01-04,flow,78.69
river,2025-01-05,flow,74.63
river,2025-01-06,flow,68.3
river,2025-01-07,flow,62.41
river,2025-01-08,flow,55.66
river,2025-01-09,flow,50.55
river,2025-01-10,flow,45.73
river,2025-01-11,flow,42.0
river,2025-01-12,flow,41.02
river,2025-01-13,flow,39.28
river,2025-01-14,flow,37.57
river,2025-01-15,flow,39.33
river,2025-01-16,flow,35.06
river,2025-01-17,flow,31.56
river,2025-01-18,flow,30.74
river,2025-01-19,flow,30.43
river,2025-01-20,flow,29.38
river,2025-01-21,flow,28.35
river,2025-01-22,flow,27.91
river,2025-01-23,flow,28.34
river,2025-01-24,flow,29.13
river,2025-01-25,flow,30.03
river,2025-01-26,flow,44.58
river,2025-01-27,flow,54.31
river,2025-01-28,flow,66.84
river,2025-01-29,flow,71.62
river,2025-01-30,flow,73.14
river,2025-01-31,flow,74.43
river,2025-02-01,flow,73.85
river,2025-02-02,flow,71.65
river,2025-02-03,flow,67.46
river,2025-02-04,flow,59.82
river,2025-02-05,flow,51.01
river,2025-02-06,flow,45.07
river,2025-02-07,flow,41.36
river,2025-02-08,flow,36.82
river,2025-02-09,flow,35.23
river,2025-02-10,flow,46.73
river,2025-02-11,flow,56.06
river,2025-02-12,flow,61.51
river,2025-02-13,flow,61.41
river,2025-02-14,flow,57.83
river,2025-02-15,flow,56.84
river,2025-02-16,flow,53.87
river,2025-02-17,flow,46.46
river,2025-02-18,flow,42.92
river,2025-02-19,flow,36.11
river,2025-02-20,flow,34.13
river,2025-02-21,flow,31.9
river,2025-02-22,flow,29.95
river,2025-02-23,flow,28.99
river,2025-02-24,flow,27.26
river,2025-02-25,flow,27.59
land,2021-03-03,precipitation,15.0
land,2021-03-04,precipitation,0.1
land,2021-03-05,precipitation,0.0
land,2021-03-06,precipitation,0.0
land,2021-03-07,precipitation,1.7
land,2021-03-08,precipitation,3.7
land,2021-03-09,precipitation,1.3
land,2021-03-10,precipitation,0.1
land,2021-03-11,precipitation,0.1
land,2021-03-12,precipitation,0.1
land,2021-03-13,precipitation,0.0
land,2021-03-14,precipitation,0.0
land,2021-03-15,precipitation,0.0
land,2021-03-16,precipitation,0.0
land,2021-03-17,precipitation,0.0
land,2021-03-18,precipitation,0.0
land,2021-03-19,precipitation,0.0
land,2021-03-20,precipitation,0.0
land,2021-03-21,precipitation,0.0
land,2021-03-22,precipitation,0.0
land,2021-03-23,precipitation,0.5
land,2021-03-24,precipitation,0.5
land,2021-03-25,precipitation,0.9
land,2021-03-26,precipitation,0.9
land,2021-03-27,precipitation,0.4
land,2021-03-28,precipitation,1.6
land,2021-03-29,precipitation,0.0
land,2021-03-30,precipitation,0.0
land,2021-03-31,precipitation,0.0
land,2021-04-01,precipitation,0.0
land,2021-04-02,precipitation,0.0
land,2021-04-03,precipitation,0.2
land,2021-04-04,precipitation,0.0
land,2021-04-05,precipitation,0.0
land,2021-04-06,precipitation,0.9
land,2021-04-07,precipitation,5.0
land,2021-04-08,precipitation,1.4
land,2021-04-09,precipitation,1.7
land,2021-04-10,precipitation,1.9
land,2021-04-11,precipitation,0.0
land,2021-04-12,precipitation,0.0
land,2021-04-13,precipitation,0.1
land,2021-04-14,precipitation,5.1
land,2021-04-15,precipitation,1.1
land,2021-04-16,precipitation,8.2
land,2021-04-17,precipitation,0.9
land,2021-04-18,precipitation,0.0
land,2021-04-19,precipitation,0.0
land,2021-04-20,precipitation,0.0
land,2021-04-21,precipitation,0.0
land,2021-04-22,precipitation,0.0
land,2021-04-23,precipitation,0.0
land,2021-04-24,precipitation,1.5
land,2021-04-25,precipitation,0.0
land,2021-04-26,precipitation,5.6
land,2021-04-27,precipitation,5.4
land,2021-04-28,precipitation,0.7
land,2021-04-29,precipitation,0.5
land,2021-04-30,precipitation,1.9
land,2021-05-01,precipitation,0.2
land,2021-05-02,precipitation,0.0
land,2021-05-03,precipitation,0.0
land,2021-05-04,precipitation,0.1
land,2021-05-05,precipitation,0.0
land,2021-05-06,precipitation,0.0
land,2021-05-07,precipitation,1.3
land,2021-05-08,precipitation,0.7
land,2021-05-09,precipitation,0.0
land,2021-05-10,precipitation,0.0
land,2021-05-11,precipitation,0.0
land,2021-05-12,precipitation,0.8
land,2021-05-13,precipitation,1.2
land,2021-05-14,precipitation,13.7
land,2021-05-15,precipitation,1.4
land,2021-05-16,precipitation,3.4
land,2021-05-17,precipitation,6.6
land,2021-05-18,precipitation,6.5
land,2021-05-19,precipitation,3.5
land,2021-05-20,precipitation,0.1
land,2021-05-21,precipitation,0.3
land,2021-05-22,precipitation,0.0
land,2021-05-23,precipitation,0.0
land,2021-05-24,precipitation,0.0
land,2021-05-25,precipitation,2.4
land,2021-05-26,precipitation,0.8
land,2021-05-27,precipitation,1.3
land,2021-05-28,precipitation,0.0
land,2021-05-29,precipitation,0.0
land,2021-05-30,precipitation,0.0
land,2021-05-31,precipitation,0.0
land,2021-06-01,precipitation,0.0
land,2021-06-02,precipitation,0.0
land,2021-06-03,precipitation,0.0
land,2021-06-04,precipitation,0.0
land,2021-06-05,precipitation,8.4
land,2021-06-06,precipitation,15.4
land,2021-06-07,precipitation,4.9
land,2021-06-08,precipitation,0.2
land,2021-06-09,precipitation,0.0
land,2021-06-10,precipitation,9.5
land,2021-06-11,precipitation,0.0
land,2021-06-12,precipitation,0.0
land,2021-06-13,precipitation,0.0
land,2021-06-14,precipitation,0.0
land,2021-06-15,precipitation,1.5
land,2021-06-16,precipitation,0.0
land,2021-06-17,precipitation,1.2
land,2021-06-18,precipitation,0.0
land,2021-06-19,precipitation,2.3
land,2021-06-20,precipitation,0.2
land,2021-06-21,precipitation,0.1
land,2021-06-22,precipitation,1.3
land,2021-06-23,precipitation,0.0
land,2021-06-24,precipitation,0.0
land,2021-06-25,precipitation,3.7
land,2021-06-26,precipitation,5.0
land,2021-06-27,precipitation,0.4
land,2021-06-28,precipitation,0.1
land,2021-06-29,precipitation,0.3
land,2021-06-30,precipitation,0.1
land,2021-07-01,precipitation,0.0
land,2021-07-02,precipitation,0.6
land,2021-07-03,precipitation,0.1
land,2021-07-04,precipitation,0.0
land,2021-07-05,precipitation,0.3
land,2021-07-06,precipitation,2.5
land,2021-07-07,precipitation,11.0
land,2021-07-08,precipitation,1.3
land,2021-07-09,precipitation,0.0
land,2021-07-10,precipitation,0.8
land,2021-07-11,precipitation,8.8
land,2021-07-12,precipitation,1.3
land,2021-07-13,precipitation,0.9
land,2021-07-14,precipitation,2.5
land,2021-07-15,precipitation,0.1
land,2021-07-16,precipitation,8.2
land,2021-07-17,precipitation,3.4
land,2021-07-18,precipitation,1.5
land,2021-07-19,precipitation,6.6
land,2021-07-20,precipitation,8.8
land,2021-07-21,precipitation,5.4
land,2021-07-22,precipitation,0.3
land,2021-07-23,precipitation,1.1
land,2021-07-24,precipitation,2.1
land,2021-07-25,precipitation,0.1
land,2021-07-26,precipitation,7.3
land,2021-07-27,precipitation,0.3
land,2021-07-28,precipitation,0.4
land,2021-07-29,precipitation,17.2
land,2021-07-30,precipitation,1.7
land,2021-07-31,precipitation,2.3
land,2021-08-01,precipitation,4.1
land,2021-08-02,precipitation,0.0
land,2021-08-03,precipitation,1.6
land,2021-08-04,precipitation,21.7
land,2021-08-05,precipitation,0.6
land,2021-08-06,precipitation,18.5
land,2021-08-07,precipitation,0.0
land,2021-08-08,precipitation,0.0
land,2021-08-09,precipitation,0.0
land,2021-08-10,precipitation,0.4
land,2021-08-11,precipitation,0.0
land,2021-08-12,precipitation,2.0
land,2021-08-13,precipitation,0.0
land,2021-08-14,precipitation,0.0
land,2021-08-15,precipitation,0.0
land,2021-08-16,precipitation,0.0
land,2021-08-17,precipitation,0.0
land,2021-08-18,precipitation,0.0
land,2021-08-19,precipitation,0.1
land,2021-08-20,precipitation,0.3
land,2021-08-21,precipitation,4.7
land,2021-08-22,precipitation,0.0
land,2021-08-23,precipitation,0.0
land,2021-08-24,precipitation,0.3
land,2021-08-25,precipitation,2.3
land,2021-08-26,precipitation,2.8
land,2021-08-27,precipitation,0.3
land,2021-08-28,precipitation,2.2
land,2021-08-29,precipitation,0.0
land,2021-08-30,precipitation,0.2
land,2021-08-31,precipitation,0.1
land,2021-09-01,precipitation,7.1
land,2021-09-02,precipitation,8.7
land,2021-09-03,precipitation,0.8
land,2021-09-04,precipitation,0.0
land,2021-09-05,precipitation,0.0
land,2021-09-06,precipitation,0.0
land,2021-09-07,precipitation,0.1
land,2021-09-08,precipitation,0.3
land,2021-09-09,precipitation,0.0
land,2021-09-10,precipitation,0.0
land,2021-09-11,precipitation,0.0
land,2021-09-12,precipitation,0.0
land,2021-09-13,precipitation,0.0
land,2021-09-14,precipitation,0.0
land,2021-09-15,precipitation,0.0
land,2021-09-16,precipitation,0.0
land,2021-09-17,precipitation,0.0
land,2021-09-18,precipitation,0.0
land,2021-09-19,precipitation,0.0
land,2021-09-20,precipitation,0.0
land,2021-09-21,precipitation,0.0
land,2021-09-22,precipitation,0.1
land,2021-09-23,precipitation,0.0
land,2021-09-24,precipitation,0.0
land,2021-09-25,precipitation,0.0
land,2021-09-26,precipitation,0.0
land,2021-09-27,precipitation,0.0
land,2021-09-28,precipitation,0.0
land,2021-09-29,precipitation,0.0
land,2021-09-30,precipitation,0.1
land,2021-10-01,precipitation,0.0
land,2021-10-02,precipitation,0.2
land,2021-10-03,precipitation,0.7
land,2021-10-04,precipitation,0.0
land,2021-10-05,precipitation,4.3
land,2021-10-06,precipitation,5.9
land,2021-10-07,precipitation,6.0
land,2021-10-08,precipitation,0.0
land,2021-10-09,precipitation,0.9
land,2021-10-10,precipitation,0.0
land,2021-10-11,precipitation,4.0
land,2021-10-12,precipitation,0.0
land,2021-10-13,precipitation,0.0
land,2021-10-14,precipitation,0.0
land,2021-10-15,precipitation,1.6
land,2021-10-16,precipitation,0.0
land,2021-10-17,precipitation,0.0
land,2021-10-18,precipitation,0.0
land,2021-10-19,precipitation,0.4
land,2021-10-20,precipitation,5.3
land,2021-10-21,precipitation,0.3
land,2021-10-22,precipitation,3.4
land,2021-10-23,precipitation,3.9
land,2021-10-24,precipitation,2.7
land,2021-10-25,precipitation,0.9
land,2021-10-26,precipitation,3.3
land,2021-10-27,precipitation,0.0
land,2021-10-28,precipitation,0.0
land,2021-10-29,precipitation,0.0
land,2021-10-30,precipitation,7.3
land,2021-10-31,precipitation,6.1
land,2021-11-01,precipitation,5.4
land,2021-11-02,precipitation,5.4
land,2021-11-03,precipitation,5.6
land,2021-11-04,precipitation,2.2
land,2021-11-05,precipitation,1.1
land,2021-11-06,precipitation,2.1
land,2021-11-07,precipitation,0.5
land,2021-11-08,precipitation,0.8
land,2021-11-09,precipitation,2.7
land,2021-11-10,precipitation,1.5
land,2021-11-11,precipitation,3.9
land,2021-11-12,precipitation,11.3
land,2021-11-13,precipitation,14.7
land,2021-11-14,precipitation,4.6
land,2021-11-15,precipitation,4.1
land,2021-11-16,precipitation,0.6
land,2021-11-17,precipitation,0.2
land,2021-11-18,precipitation,0.3
land,2021-11-19,precipitation,4.6
land,2021-11-20,precipitation,0.8
land,2021-11-21,precipitation,11.2
land,2021-11-22,precipitation,12.8
land,2021-11-23,precipitation,3.7
land,2021-11-24,precipitation,10.3
land,2021-11-25,precipitation,5.4
land,2021-11-26,precipitation,5.7
land,2021-11-27,precipitation,3.9
land,2021-11-28,precipitation,5.3
land,2021-11-29,precipitation,13.0
land,2021-11-30,precipitation,0.0
land,2021-12-01,precipitation,1.8
land,2021-12-02,precipitation,3.9
land,2021-12-03,precipitation,0.2
land,2021-12-04,precipitation,4.4
land,2021-12-05,precipitation,15.2
land,2021-12-06,precipitation,1.3
land,2021-12-07,precipitation,6.0
land,2021-12-08,precipitation,3.0
land,2021-12-09,precipitation,1.2
land,2021-12-10,precipitation,0.1
land,2021-12-11,precipitation,0.1
land,2021-12-12,precipitation,0.1
land,2021-12-13,precipitation,0.2
land,2021-12-14,precipitation,2.9
land,2021-12-15,precipitation,1.5
land,2021-12-16,precipitation,2.8
land,2021-12-17,precipitation,0.0
land,2021-12-18,precipitation,0.0
land,2021-12-19,precipitation,0.7
land,2021-12-20,precipitation,0.1
land,2021-12-21,precipitation,1.1
land,2021-12-22,precipitation,0.4
land,2021-12-23,precipitation,4.5
land,2021-12-24,precipitation,1.0
land,2021-12-25,precipitation,1.0
land,2021-12-26,precipitation,1.8
land,2021-12-27,precipitation,0.0
land,2021-12-28,precipitation,1.3
land,2021-12-29,precipitation,16.9
land,2021-12-30,precipitation,4.8
land,2021-12-31,precipitation,0.0
land,2022-01-01,precipitation,0.0
land,2022-01-02,precipitation,0.1
land,2022-01-03,precipitation,0.0
land,2022-01-04,precipitation,0.1
land,2022-01-05,precipitation,8.7
land,2022-01-06,precipitation,1.7
land,2022-01-07,precipitation,0.1
land,2022-01-08,precipitation,0.0
land,2022-01-09,precipitation,0.0
land,2022-01-10,precipitation,3.1
land,2022-01-11,precipitation,0.3
land,2022-01-12,precipitation,4.2
land,2022-01-13,precipitation,1.6
land,2022-01-14,precipitation,3.1
land,2022-01-15,precipitation,7.8
land,2022-01-16,precipitation,3.1
land,2022-01-17,precipitation,0.1
land,2022-01-18,precipitation,0.1
land,2022-01-19,precipitation,5.5
land,2022-01-20,precipitation,5.1
land,2022-01-21,precipitation,8.4
land,2022-01-22,precipitation,10.8
land,2022-01-23,precipitation,0.0
land,2022-01-24,precipitation,0.2
land,2022-01-25,precipitation,0.0
land,2022-01-26,precipitation,0.0
land,2022-01-27,precipitation,0.3
land,2022-01-28,precipitation,8.1
land,2022-01-29,precipitation,0.4
land,2022-01-30,precipitation,0.0
land,2022-01-31,precipitation,0.0
land,2022-02-01,precipitation,0.7
land,2022-02-02,precipitation,2.3
land,2022-02-03,precipitation,1.6
land,2022-02-04,precipitation,1.6
land,2022-02-05,precipitation,0.3
land,2022-02-06,precipitation,0.1
land,2022-02-07,precipitation,0.5
land,2022-02-08,precipitation,0.4
land,2022-02-09,precipitation,0.1
land,2022-02-10,precipitation,0.2
land,2022-02-11,precipitation,0.0
land,2022-02-12,precipitation,0.3
land,2022-02-13,precipitation,0.4
land,2022-02-14,precipitation,0.0
land,2022-02-15,precipitation,1.5
land,2022-02-16,precipitation,2.5
land,2022-02-17,precipitation,2.2
land,2022-02-18,precipitation,7.5
land,2022-02-19,precipitation,0.6
land,2022-02-20,precipitation,0.8
land,2022-02-21,precipitation,3.7
land,2022-02-22,precipitation,1.8
land,2022-02-23,precipitation,2.7
land,2022-02-24,precipitation,1.8
land,2022-02-25,precipitation,5.1
land,2022-02-26,precipitation,6.1
land,2022-02-27,precipitation,10.0
land,2022-02-28,precipitation,0.5
land,2022-03-01,precipitation,0.0
land,2022-03-02,precipitation,0.0
land,2022-03-03,precipitation,0.0
land,2022-03-04,precipitation,0.0
land,2022-03-05,precipitation,0.0
land,2022-03-06,precipitation,0.0
land,2022-03-07,precipitation,0.0
land,2022-03-08,precipitation,0.0
land,2022-03-09,precipitation,0.0
land,2022-03-10,precipitation,0.0
land,2022-03-11,precipitation,0.1
land,2022-03-12,precipitation,1.1
land,2022-03-13,precipitation,0.0
land,2022-03-14,precipitation,0.0
land,2022-03-15,precipitation,0.0
land,2022-03-16,precipitation,0.0
land,2022-03-17,precipitation,0.0
land,2022-03-18,precipitation,2.1
land,2022-03-19,precipitation,9.9
land,2022-03-20,precipitation,3.3
land,2022-03-21,precipitation,0.0
land,2022-03-22,precipitation,2.6
land,2022-03-23,precipitation,3.5
land,2022-03-24,precipitation,11.0
land,2022-03-25,precipitation,6.0
land,2022-03-26,precipitation,2.5
land,2022-03-27,precipitation,0.3
land,2022-03-28,precipitation,2.8
land,2022-03-29,precipitation,2.3
land,2022-03-30,precipitation,5.8
land,2022-03-31,precipitation,0.7
land,2022-04-01,precipitation,4.2
land,2022-04-02,precipitation,3.9
land,2022-04-03,precipitation,7.4
land,2022-04-04,precipitation,0.2
land,2022-04-05,precipitation,0.0
land,2022-04-06,precipitation,0.4
land,2022-04-07,precipitation,0.1
land,2022-04-08,precipitation,0.0
land,2022-04-09,precipitation,0.0
land,2022-04-10,precipitation,0.0
land,2022-04-11,precipitation,0.0
land,2022-04-12,precipitation,0.0
land,2022-04-13,precipitation,0.0
land,2022-04-14,precipitation,0.0
land,2022-04-15,precipitation,0.0
land,2022-04-16,precipitation,0.0
land,2022-04-17,precipitation,0.0
land,2022-04-18,precipitation,0.0
land,2022-04-19,precipitation,0.0
land,2022-04-20,precipitation,0.0
land,2022-04-21,precipitation,0.0
land,2022-04-22,precipitation,0.0
land,2022-04-23,precipitation,0.0
land,2022-04-24,precipitation,1.6
land,2022-04-25,precipitation,0.6
land,2022-04-26,precipitation,0.0
land,2022-04-27,precipitation,0.0
land,2022-04-28,precipitation,0.0
land,2022-04-29,precipitation,4.1
land,2022-04-30,precipitation,1.3
land,2022-05-01,precipitation,19.9
land,2022-05-02,precipitation,0.3
land,2022-05-03,precipitation,0.3
land,2022-05-04,precipitation,0.0
land,2022-05-05,precipitation,0.4
land,2022-05-06,precipitation,0.0
land,2022-05-07,precipitation,1.0
land,2022-05-08,precipitation,0.7
land,2022-05-09,precipitation,0.0
land,2022-05-10,precipitation,0.0
land,2022-05-11,precipitation,0.0
land,2022-05-12,precipitation,0.8
land,2022-05-13,precipitation,0.1
land,2022-05-14,precipitation,0.0
land,2022-05-15,precipitation,0.2
land,2022-05-16,precipitation,3.2
land,2022-05-17,precipitation,0.0
land,2022-05-18,precipitation,0.0
land,2022-05-19,precipitation,0.0
land,2022-05-20,precipitation,0.0
land,2022-05-21,precipitation,0.0
land,2022-05-22,precipitation,0.0
land,2022-05-23,precipitation,0.0
land,2022-05-24,precipitation,0.0
land,2022-05-25,precipitation,0.0
land,2022-05-26,precipitation,4.9
land,2022-05-27,precipitation,0.0
land,2022-05-28,precipitation,0.5
land,2022-05-29,precipitation,6.5
land,2022-05-30,precipitation,0.0
land,2022-05-31,precipitation,1.7
land,2022-06-01,precipitation,2.7
land,2022-06-02,precipitation,0.0
land,2022-06-03,precipitation,0.0
land,2022-06-04,precipitation,0.0
land,2022-06-05,precipitation,0.0
land,2022-06-06,precipitation,2.3
land,2022-06-07,precipitation,12.9
land,2022-06-08,precipitation,7.9
land,2022-06-09,precipitation,1.2
land,2022-06-10,precipitation,0.0
land,2022-06-11,precipitation,0.0
land,2022-06-12,precipitation,0.2
land,2022-06-13,precipitation,5.1
land,2022-06-14,precipitation,0.1
land,2022-06-15,precipitation,0.2
land,2022-06-16,precipitation,0.0
land,2022-06-17,precipitation,0.0
land,2022-06-18,precipitation,0.7
land,2022-06-19,precipitation,0.0
land,2022-06-20,precipitation,0.0
land,2022-06-21,precipitation,0.0
land,2022-06-22,precipitation,0.0
land,2022-06-23,precipitation,0.0
land,2022-06-24,precipitation,0.0
land,2022-06-25,precipitation,0.0
land,2022-06-26,precipitation,0.0
land,2022-06-27,precipitation,0.0
land,2022-06-28,precipitation,0.3
land,2022-06-29,precipitation,0.1
land,2022-06-30,precipitation,0.0
land,2022-07-01,precipitation,0.5
land,2022-07-02,precipitation,0.1
land,2022-07-03,precipitation,0.0
land,2022-07-04,precipitation,0.0
land,2022-07-05,precipitation,0.0
land,2022-07-06,precipitation,0.0
land,2022-07-07,precipitation,0.0
land,2022-07-08,precipitation,0.0
land,2022-07-09,precipitation,0.0
land,2022-07-10,precipitation,0.2
land,2022-07-11,precipitation,0.2
land,2022-07-12,precipitation,0.6
land,2022-07-13,precipitation,2.6
land,2022-07-14,precipitation,3.8
land,2022-07-15,precipitation,6.7
land,2022-07-16,precipitation,3.5
land,2022-07-17,precipitation,0.0
land,2022-07-18,precipitation,0.0
land,2022-07-19,precipitation,0.3
land,2022-07-20,precipitation,0.6
land,2022-07-21,precipitation,0.1
land,2022-07-22,precipitation,6.1
land,2022-07-23,precipitation,0.0
land,2022-07-24,precipitation,0.0
land,2022-07-25,precipitation,1.1
land,2022-07-26,precipitation,0.2
land,2022-07-27,precipitation,0.7
land,2022-07-28,precipitation,0.0
land,2022-07-29,precipitation,0.0
land,2022-07-30,precipitation,1.1
land,2022-07-31,precipitation,0.0
land,2022-08-01,precipitation,0.0
land,2022-08-02,precipitation,0.0
land,2022-08-03,precipitation,0.4
land,2022-08-04,precipitation,3.6
land,2022-08-05,precipitation,0.0
land,2022-08-06,precipitation,0.9
land,2022-08-07,precipitation,1.5
land,2022-08-08,precipitation,0.0
land,2022-08-09,precipitation,4.2
land,2022-08-10,precipitation,8.9
land,2022-08-11,precipitation,0.0
land,2022-08-12,precipitation,1.3
land,2022-08-13,precipitation,5.8
land,2022-08-14,precipitation,3.8
land,2022-08-15,precipitation,0.0
land,2022-08-16,precipitation,0.7
land,2022-08-17,precipitation,0.2
land,2022-08-18,precipitation,0.8
land,2022-08-19,precipitation,4.1
land,2022-08-20,precipitation,2.4
land,2022-08-21,precipitation,4.4
land,2022-08-22,precipitation,29.9
land,2022-08-23,precipitation,6.5
land,2022-08-24,precipitation,0.1
land,2022-08-25,precipitation,34.9
land,2022-08-26,precipitation,5.7
land,2022-08-27,precipitation,0.1
land,2022-08-28,precipitation,0.0
land,2022-08-29,precipitation,1.1
land,2022-08-30,precipitation,0.0
land,2022-08-31,precipitation,0.0
land,2022-09-01,precipitation,0.0
land,2022-09-02,precipitation,0.0
land,2022-09-03,precipitation,0.0
land,2022-09-04,precipitation,0.2
land,2022-09-05,precipitation,1.9
land,2022-09-06,precipitation,10.6
land,2022-09-07,precipitation,0.5
land,2022-09-08,precipitation,0.0
land,2022-09-09,precipitation,0.4
land,2022-09-10,precipitation,1.0
land,2022-09-11,precipitation,0.1
land,2022-09-12,precipitation,0.0
land,2022-09-13,precipitation,0.6
land,2022-09-14,precipitation,2.0
land,2022-09-15,precipitation,0.2
land,2022-09-16,precipitation,0.2
land,2022-09-17,precipitation,0.0
land,2022-09-18,precipitation,0.1
land,2022-09-19,precipitation,0.1
land,2022-09-20,precipitation,0.0
land,2022-09-21,precipitation,0.0
land,2022-09-22,precipitation,5.3
land,2022-09-23,precipitation,3.2
land,2022-09-24,precipitation,0.1
land,2022-09-25,precipitation,0.0
land,2022-09-26,precipitation,0.3
land,2022-09-27,precipitation,0.4
land,2022-09-28,precipitation,3.8
land,2022-09-29,precipitation,4.3
land,2022-09-30,precipitation,7.9
land,2022-10-01,precipitation,12.3
land,2022-10-02,precipitation,11.7
land,2022-10-03,precipitation,1.2
land,2022-10-04,precipitation,1.3
land,2022-10-05,precipitation,4.8
land,2022-10-06,precipitation,0.1
land,2022-10-07,precipitation,0.5
land,2022-10-08,precipitation,0.0
land,2022-10-09,precipitation,0.0
land,2022-10-10,precipitation,0.0
land,2022-10-11,precipitation,0.0
land,2022-10-12,precipitation,0.0
land,2022-10-13,precipitation,0.0
land,2022-10-14,precipitation,0.0
land,2022-10-15,precipitation,0.7
land,2022-10-16,precipitation,0.1
land,2022-10-17,precipitation,0.0
land,2022-10-18,precipitation,1.0
land,2022-10-19,precipitation,3.1
land,2022-10-20,precipitation,0.0
land,2022-10-21,precipitation,0.0
land,2022-10-22,precipitation,5.2
land,2022-10-23,precipitation,1.8
land,2022-10-24,precipitation,0.1
land,2022-10-25,precipitation,0.7
land,2022-10-26,precipitation,5.4
land,2022-10-27,precipitation,0.7
land,2022-10-28,precipitation,0.2
land,2022-10-29,precipitation,0.2
land,2022-10-30,precipitation,0.6
land,2022-10-31,precipitation,0.2
land,2022-11-01,precipitation,0.3
land,2022-11-02,precipitation,0.4
land,2022-11-03,precipitation,0.4
land,2022-11-04,precipitation,0.3
land,2022-11-05,precipitation,11.5
land,2022-11-06,precipitation,5.0
land,2022-11-07,precipitation,12.2
land,2022-11-08,precipitation,4.6
land,2022-11-09,precipitation,0.2
land,2022-11-10,precipitation,4.3
land,2022-11-11,precipitation,3.1
land,2022-11-12,precipitation,2.9
land,2022-11-13,precipitation,1.0
land,2022-11-14,precipitation,0.4
land,2022-11-15,precipitation,0.2
land,2022-11-16,precipitation,1.2
land,2022-11-17,precipitation,4.4
land,2022-11-18,precipitation,0.5
land,2022-11-19,precipitation,0.9
land,2022-11-20,precipitation,0.3
land,2022-11-21,precipitation,0.1
land,2022-11-22,precipitation,0.0
land,2022-11-23,precipitation,0.0
land,2022-11-24,precipitation,0.0
land,2022-11-25,precipitation,0.0
land,2022-11-26,precipitation,0.0
land,2022-11-27,precipitation,0.1
land,2022-11-28,precipitation,0.0
land,2022-11-29,precipitation,0.9
land,2022-11-30,precipitation,0.8
land,2022-12-01,precipitation,0.2
land,2022-12-02,precipitation,0.0
land,2022-12-03,precipitation,2.2
land,2022-12-04,precipitation,2.2
land,2022-12-05,precipitation,0.1
land,2022-12-06,precipitation,0.0
land,2022-12-07,precipitation,0.0
land,2022-12-08,precipitation,0.1
land,2022-12-09,precipitation,0.1
land,2022-12-10,precipitation,0.0
land,2022-12-11,precipitation,0.0
land,2022-12-12,precipitation,0.0
land,2022-12-13,precipitation,0.0
land,2022-12-14,precipitation,0.9
land,2022-12-15,precipitation,0.1
land,2022-12-16,precipitation,3.6
land,2022-12-17,precipitation,3.8
land,2022-12-18,precipitation,4.9
land,2022-12-19,precipitation,0.0
land,2022-12-20,precipitation,0.9
land,2022-12-21,precipitation,0.5
land,2022-12-22,precipitation,0.1
land,2022-12-23,precipitation,0.0
land,2022-12-24,precipitation,0.0
land,2022-12-25,precipitation,0.0
land,2022-12-26,precipitation,0.1
land,2022-12-27,precipitation,6.2
land,2022-12-28,precipitation,1.9
land,2022-12-29,precipitation,0.9
land,2022-12-30,precipitation,0.1
land,2022-12-31,precipitation,0.0
land,2023-01-01,precipitation,0.9
land,2023-01-02,precipitation,0.0
land,2023-01-03,precipitation,0.2
land,2023-01-04,precipitation,0.5
land,2023-01-05,precipitation,1.8
land,2023-01-06,precipitation,10.6
land,2023-01-07,precipitation,5.0
land,2023-01-08,precipitation,0.0
land,2023-01-09,precipitation,0.1
land,2023-01-10,precipitation,7.6
land,2023-01-11,precipitation,6.9
land,2023-01-12,precipitation,9.8
land,2023-01-13,precipitation,5.7
land,2023-01-14,precipitation,1.2
land,2023-01-15,precipitation,0.4
land,2023-01-16,precipitation,6.2
land,2023-01-17,precipitation,6.6
land,2023-01-18,precipitation,0.0
land,2023-01-19,precipitation,0.1
land,2023-01-20,precipitation,0.0
land,2023-01-21,precipitation,0.0
land,2023-01-22,precipitation,0.1
land,2023-01-23,precipitation,0.0
land,2023-01-24,precipitation,0.0
land,2023-01-25,precipitation,1.7
land,2023-01-26,precipitation,0.3
land,2023-01-27,precipitation,0.0
land,2023-01-28,precipitation,0.0
land,2023-01-29,precipitation,0.0
land,2023-01-30,precipitation,0.0
land,2023-01-31,precipitation,0.0
land,2023-02-01,precipitation,0.1
land,2023-02-02,precipitation,1.0
land,2023-02-03,precipitation,0.3
land,2023-02-04,precipitation,0.5
land,2023-02-05,precipitation,0.2
land,2023-02-06,precipitation,0.0
land,2023-02-07,precipitation,0.2
land,2023-02-08,precipitation,0.1
land,2023-02-09,precipitation,0.3
land,2023-02-10,precipitation,5.0
land,2023-02-11,precipitation,0.8
land,2023-02-12,precipitation,1.4
land,2023-02-13,precipitation,10.9
land,2023-02-14,precipitation,1.1
land,2023-02-15,precipitation,4.6
land,2023-02-16,precipitation,0.1
land,2023-02-17,precipitation,0.0
land,2023-02-18,precipitation,7.9
land,2023-02-19,precipitation,0.5
land,2023-02-20,precipitation,2.1
land,2023-02-21,precipitation,2.0
land,2023-02-22,precipitation,2.6
land,2023-02-23,precipitation,0.6
land,2023-02-24,precipitation,0.0
land,2023-02-25,precipitation,11.2
land,2023-02-26,precipitation,1.6
land,2023-02-27,precipitation,4.0
land,2023-02-28,precipitation,0.1
land,2023-03-01,precipitation,0.0
land,2023-03-02,precipitation,0.0
land,2023-03-03,precipitation,0.0
land,2023-03-04,precipitation,0.0
land,2023-03-05,precipitation,0.2
land,2023-03-06,precipitation,0.0
land,2023-03-07,precipitation,0.0
land,2023-03-08,precipitation,0.8
land,2023-03-09,precipitation,0.5
land,2023-03-10,precipitation,0.0
land,2023-03-11,precipitation,0.0
land,2023-03-12,precipitation,1.3
land,2023-03-13,precipitation,0.0
land,2023-03-14,precipitation,0.0
land,2023-03-15,precipitation,0.0
land,2023-03-16,precipitation,0.0
land,2023-03-17,precipitation,0.4
land,2023-03-18,precipitation,2.0
land,2023-03-19,precipitation,0.0
land,2023-03-20,precipitation,0.0
land,2023-03-21,precipitation,0.0
land,2023-03-22,precipitation,0.0
land,2023-03-23,precipitation,0.0
land,2023-03-24,precipitation,0.0
land,2023-03-25,precipitation,0.0
land,2023-03-26,precipitation,0.0
land,2023-03-27,precipitation,0.0
land,2023-03-28,precipitation,0.0
land,2023-03-29,precipitation,0.2
land,2023-03-30,precipitation,5.2
land,2023-03-31,precipitation,0.0
land,2023-04-01,precipitation,0.1
land,2023-04-02,precipitation,0.0
land,2023-04-03,precipitation,1.3
land,2023-04-04,precipitation,0.6
land,2023-04-05,precipitation,0.0
land,2023-04-06,precipitation,0.0
land,2023-04-07,precipitation,0.0
land,2023-04-08,precipitation,0.0
land,2023-04-09,precipitation,0.0
land,2023-04-10,precipitation,0.0
land,2023-04-11,precipitation,0.2
land,2023-04-12,precipitation,0.0
land,2023-04-13,precipitation,0.7
land,2023-04-14,precipitation,0.0
land,2023-04-15,precipitation,0.0
land,2023-04-16,precipitation,0.0
land,2023-04-17,precipitation,0.0
land,2023-04-18,precipitation,0.0
land,2023-04-19,precipitation,0.0
land,2023-04-20,precipitation,0.0
land,2023-04-21,precipitation,0.0
land,2023-04-22,precipitation,0.0
land,2023-04-23,precipitation,0.1
land,2023-04-24,precipitation,0.0
land,2023-04-25,precipitation,0.0
land,2023-04-26,precipitation,0.1
land,2023-04-27,precipitation,0.0
land,2023-04-28,precipitation,0.1
land,2023-04-29,precipitation,0.7
land,2023-04-30,precipitation,0.1
land,2023-05-01,precipitation,0.0
land,2023-05-02,precipitation,0.0
land,2023-05-03,precipitation,0.0
land,2023-05-04,precipitation,0.0
land,2023-05-05,precipitation,0.0
land,2023-05-06,precipitation,9.1
land,2023-05-07,precipitation,16.9
land,2023-05-08,precipitation,0.5
land,2023-05-09,precipitation,0.6
land,2023-05-10,precipitation,0.1
land,2023-05-11,precipitation,0.1
land,2023-05-12,precipitation,0.4
land,2023-05-13,precipitation,0.0
land,2023-05-14,precipitation,0.2
land,2023-05-15,precipitation,0.0
land,2023-05-16,precipitation,0.0
land,2023-05-17,precipitation,0.3
land,2023-05-18,precipitation,0.2
land,2023-05-19,precipitation,0.0
land,2023-05-20,precipitation,0.0
land,2023-05-21,precipitation,1.6
land,2023-05-22,precipitation,0.4
land,2023-05-23,precipitation,0.5
land,2023-05-24,precipitation,0.0
land,2023-05-25,precipitation,1.1
land,2023-05-26,precipitation,2.9
land,2023-05-27,precipitation,0.1
land,2023-05-28,precipitation,0.3
land,2023-05-29,precipitation,1.1
land,2023-05-30,precipitation,5.0
land,2023-05-31,precipitation,0.0
land,2023-06-01,precipitation,0.0
land,2023-06-02,precipitation,0.0
land,2023-06-03,precipitation,0.0
land,2023-06-04,precipitation,0.6
land,2023-06-05,precipitation,1.4
land,2023-06-06,precipitation,0.3
land,2023-06-07,precipitation,2.1
land,2023-06-08,precipitation,0.6
land,2023-06-09,precipitation,0.1
land,2023-06-10,precipitation,3.7
land,2023-06-11,precipitation,3.9
land,2023-06-12,precipitation,17.3
land,2023-06-13,precipitation,0.0
land,2023-06-14,precipitation,0.0
land,2023-06-15,precipitation,1.6
land,2023-06-16,precipitation,0.9
land,2023-06-17,precipitation,3.9
land,2023-06-18,precipitation,3.3
land,2023-06-19,precipitation,0.0
land,2023-06-20,precipitation,5.0
land,2023-06-21,precipitation,1.0
land,2023-06-22,precipitation,0.4
land,2023-06-23,precipitation,0.8
land,2023-06-24,precipitation,6.8
land,2023-06-25,precipitation,0.0
land,2023-06-26,precipitation,0.0
land,2023-06-27,precipitation,0.1
land,2023-06-28,precipitation,0.0
land,2023-06-29,precipitation,0.0
land,2023-06-30,precipitation,0.0
land,2023-07-01,precipitation,0.0
land,2023-07-02,precipitation,0.0
land,2023-07-03,precipitation,0.0
land,2023-07-04,precipitation,0.0
land,2023-07-05,precipitation,2.6
land,2023-07-06,precipitation,4.1
land,2023-07-07,precipitation,3.4
land,2023-07-08,precipitation,11.6
land,2023-07-09,precipitation,0.8
land,2023-07-10,precipitation,0.0
land,2023-07-11,precipitation,0.0
land,2023-07-12,precipitation,0.0
land,2023-07-13,precipitation,0.0
land,2023-07-14,precipitation,0.0
land,2023-07-15,precipitation,5.3
land,2023-07-16,precipitation,8.7
land,2023-07-17,precipitation,3.1
land,2023-07-18,precipitation,1.1
land,2023-07-19,precipitation,0.2
land,2023-07-20,precipitation,0.6
land,2023-07-21,precipitation,0.8
land,2023-07-22,precipitation,0.1
land,2023-07-23,precipitation,0.0
land,2023-07-24,precipitation,0.0
land,2023-07-25,precipitation,0.0
land,2023-07-26,precipitation,0.0
land,2023-07-27,precipitation,0.0
land,2023-07-28,precipitation,0.2
land,2023-07-29,precipitation,0.0
land,2023-07-30,precipitation,0.0
land,2023-07-31,precipitation,0.2
land,2023-08-01,precipitation,0.0
land,2023-08-02,precipitation,1.0
land,2023-08-03,precipitation,4.3
land,2023-08-04,precipitation,5.1
land,2023-08-05,precipitation,0.0
land,2023-08-06,precipitation,0.4
land,2023-08-07,precipitation,3.4
land,2023-08-08,precipitation,0.0
land,2023-08-09,precipitation,0.0
land,2023-08-10,precipitation,0.3
land,2023-08-11,precipitation,0.3
land,2023-08-12,precipitation,2.0
land,2023-08-13,precipitation,0.0
land,2023-08-14,precipitation,0.0
land,2023-08-15,precipitation,0.7
land,2023-08-16,precipitation,0.3
land,2023-08-17,precipitation,1.0
land,2023-08-18,precipitation,9.2
land,2023-08-19,precipitation,0.0
land,2023-08-20,precipitation,0.4
land,2023-08-21,precipitation,0.0
land,2023-08-22,precipitation,3.8
land,2023-08-23,precipitation,0.1
land,2023-08-24,precipitation,9.5
land,2023-08-25,precipitation,2.3
land,2023-08-26,precipitation,10.2
land,2023-08-27,precipitation,0.7
land,2023-08-28,precipitation,0.4
land,2023-08-29,precipitation,0.0
land,2023-08-30,precipitation,0.0
land,2023-08-31,precipitation,0.0
land,2023-09-01,precipitation,0.0
land,2023-09-02,precipitation,0.0
land,2023-09-03,precipitation,1.8
land,2023-09-04,precipitation,2.9
land,2023-09-05,precipitation,3.5
land,2023-09-06,precipitation,2.2
land,2023-09-07,precipitation,1.0
land,2023-09-08,precipitation,2.6
land,2023-09-09,precipitation,0.1
land,2023-09-10,precipitation,0.3
land,2023-09-11,precipitation,2.5
land,2023-09-12,precipitation,0.1
land,2023-09-13,precipitation,2.0
land,2023-09-14,precipitation,0.0
land,2023-09-15,precipitation,0.0
land,2023-09-16,precipitation,0.8
land,2023-09-17,precipitation,2.0
land,2023-09-18,precipitation,0.8
land,2023-09-19,precipitation,0.1
land,2023-09-20,precipitation,9.5
land,2023-09-21,precipitation,0.8
land,2023-09-22,precipitation,0.0
land,2023-09-23,precipitation,0.0
land,2023-09-24,precipitation,0.2
land,2023-09-25,precipitation,5.5
land,2023-09-26,precipitation,0.0
land,2023-09-27,precipitation,0.1
land,2023-09-28,precipitation,0.0
land,2023-09-29,precipitation,0.0
land,2023-09-30,precipitation,0.0
land,2023-10-01,precipitation,0.0
land,2023-10-02,precipitation,0.0
land,2023-10-03,precipitation,0.2
land,2023-10-04,precipitation,0.5
land,2023-10-05,precipitation,4.2
land,2023-10-06,precipitation,0.3
land,2023-10-07,precipitation,1.2
land,2023-10-08,precipitation,0.1
land,2023-10-09,precipitation,0.0
land,2023-10-10,precipitation,0.0
land,2023-10-11,precipitation,0.0
land,2023-10-12,precipitation,0.0
land,2023-10-13,precipitation,0.0
land,2023-10-14,precipitation,0.0
land,2023-10-15,precipitation,0.0
land,2023-10-16,precipitation,0.0
land,2023-10-17,precipitation,5.3
land,2023-10-18,precipitation,0.0
land,2023-10-19,precipitation,0.9
land,2023-10-20,precipitation,0.0
land,2023-10-21,precipitation,0.0
land,2023-10-22,precipitation,0.0
land,2023-10-23,precipitation,0.0
land,2023-10-24,precipitation,2.3
land,2023-10-25,precipitation,4.7
land,2023-10-26,precipitation,8.5
land,2023-10-27,precipitation,5.6
land,2023-10-28,precipitation,0.0
land,2023-10-29,precipitation,0.5
land,2023-10-30,precipitation,0.2
land,2023-10-31,precipitation,1.7
land,2023-11-01,precipitation,0.1
land,2023-11-02,precipitation,6.5
land,2023-11-03,precipitation,4.0
land,2023-11-04,precipitation,4.1
land,2023-11-05,precipitation,0.0
land,2023-11-06,precipitation,0.0
land,2023-11-07,precipitation,0.7
land,2023-11-08,precipitation,0.9
land,2023-11-09,precipitation,0.8
land,2023-11-10,precipitation,0.2
land,2023-11-11,precipitation,5.7
land,2023-11-12,precipitation,0.0
land,2023-11-13,precipitation,0.0
land,2023-11-14,precipitation,0.1
land,2023-11-15,precipitation,0.0
land,2023-11-16,precipitation,0.7
land,2023-11-17,precipitation,0.0
land,2023-11-18,precipitation,0.0
land,2023-11-19,precipitation,0.1
land,2023-11-20,precipitation,0.0
land,2023-11-21,precipitation,3.7
land,2023-11-22,precipitation,0.1
land,2023-11-23,precipitation,0.1
land,2023-11-24,precipitation,0.6
land,2023-11-25,precipitation,0.1
land,2023-11-26,precipitation,0.4
land,2023-11-27,precipitation,0.0
land,2023-11-28,precipitation,1.9
land,2023-11-29,precipitation,3.8
land,2023-11-30,precipitation,2.2
land,2023-12-01,precipitation,0.0
land,2023-12-02,precipitation,1.2
land,2023-12-03,precipitation,0.0
land,2023-12-04,precipitation,0.3
land,2023-12-05,precipitation,0.0
land,2023-12-06,precipitation,1.2
land,2023-12-07,precipitation,0.0
land,2023-12-08,precipitation,5.5
land,2023-12-09,precipitation,0.0
land,2023-12-10,precipitation,0.2
land,2023-12-11,precipitation,6.6
land,2023-12-12,precipitation,18.8
land,2023-12-13,precipitation,10.7
land,2023-12-14,precipitation,9.1
land,2023-12-15,precipitation,7.2
land,2023-12-16,precipitation,2.6
land,2023-12-17,precipitation,0.5
land,2023-12-18,precipitation,0.5
land,2023-12-19,precipitation,4.2
land,2023-12-20,precipitation,4.5
land,2023-12-21,precipitation,0.1
land,2023-12-22,precipitation,0.0
land,2023-12-23,precipitation,7.2
land,2023-12-24,precipitation,0.3
land,2023-12-25,precipitation,0.7
land,2023-12-26,precipitation,0.2
land,2023-12-27,precipitation,0.2
land,2023-12-28,precipitation,0.1
land,2023-12-29,precipitation,2.9
land,2023-12-30,precipitation,6.3
land,2023-12-31,precipitation,0.7
land,2024-01-01,precipitation,3.6
land,2024-01-02,precipitation,8.5
land,2024-01-03,precipitation,7.8
land,2024-01-04,precipitation,5.3
land,2024-01-05,precipitation,0.3
land,2024-01-06,precipitation,0.5
land,2024-01-07,precipitation,0.0
land,2024-01-08,precipitation,0.0
land,2024-01-09,precipitation,0.3
land,2024-01-10,precipitation,0.0
land,2024-01-11,precipitation,0.0
land,2024-01-12,precipitation,0.0
land,2024-01-13,precipitation,0.1
land,2024-01-14,precipitation,0.0
land,2024-01-15,precipitation,0.0
land,2024-01-16,precipitation,0.0
land,2024-01-17,precipitation,0.4
land,2024-01-18,precipitation,4.2
land,2024-01-19,precipitation,0.4
land,2024-01-20,precipitation,0.1
land,2024-01-21,precipitation,0.2
land,2024-01-22,precipitation,0.0
land,2024-01-23,precipitation,8.7
land,2024-01-24,precipitation,1.7
land,2024-01-25,precipitation,4.0
land,2024-01-26,precipitation,3.5
land,2024-01-27,precipitation,1.4
land,2024-01-28,precipitation,0.0
land,2024-01-29,precipitation,0.2
land,2024-01-30,precipitation,0.0
land,2024-01-31,precipitation,0.0
land,2024-02-01,precipitation,0.0
land,2024-02-02,precipitation,0.0
land,2024-02-03,precipitation,0.0
land,2024-02-04,precipitation,10.1
land,2024-02-05,precipitation,1.3
land,2024-02-06,precipitation,0.8
land,2024-02-07,precipitation,0.0
land,2024-02-08,precipitation,0.0
land,2024-02-09,precipitation,4.4
land,2024-02-10,precipitation,0.1
land,2024-02-11,precipitation,0.1
land,2024-02-12,precipitation,0.2
land,2024-02-13,precipitation,0.7
land,2024-02-14,precipitation,0.0
land,2024-02-15,precipitation,0.0
land,2024-02-16,precipitation,0.0
land,2024-02-17,precipitation,0.1
land,2024-02-18,precipitation,2.7
land,2024-02-19,precipitation,0.0
land,2024-02-20,precipitation,0.0
land,2024-02-21,precipitation,0.2
land,2024-02-22,precipitation,0.9
land,2024-02-23,precipitation,0.0
land,2024-02-24,precipitation,0.2
land,2024-02-25,precipitation,0.0
land,2024-02-26,precipitation,0.1
land,2024-02-27,precipitation,0.9
land,2024-02-28,precipitation,0.0
land,2024-02-29,precipitation,0.0
land,2024-03-01,precipitation,0.0
land,2024-03-02,precipitation,0.4
land,2024-03-03,precipitation,6.2
land,2024-03-04,precipitation,7.9
land,2024-03-05,precipitation,0.0
land,2024-03-06,precipitation,1.2
land,2024-03-07,precipitation,1.7
land,2024-03-08,precipitation,0.0
land,2024-03-09,precipitation,0.0
land,2024-03-10,precipitation,0.0
land,2024-03-11,precipitation,0.0
land,2024-03-12,precipitation,0.2
land,2024-03-13,precipitation,0.0
land,2024-03-14,precipitation,0.1
land,2024-03-15,precipitation,0.0
land,2024-03-16,precipitation,2.0
land,2024-03-17,precipitation,3.6
land,2024-03-18,precipitation,1.0
land,2024-03-19,precipitation,0.0
land,2024-03-20,precipitation,0.0
land,2024-03-21,precipitation,0.0
land,2024-03-22,precipitation,0.0
land,2024-03-23,precipitation,0.0
land,2024-03-24,precipitation,0.0
land,2024-03-25,precipitation,0.0
land,2024-03-26,precipitation,0.0
land,2024-03-27,precipitation,0.0
land,2024-03-28,precipitation,0.0
land,2024-03-29,precipitation,0.0
land,2024-03-30,precipitation,0.0
land,2024-03-31,precipitation,0.0
land,2024-04-01,precipitation,0.0
land,2024-04-02,precipitation,0.0
land,2024-04-03,precipitation,2.2
land,2024-04-04,precipitation,2.8
land,2024-04-05,precipitation,0.0
land,2024-04-06,precipitation,0.3
land,2024-04-07,precipitation,0.6
land,2024-04-08,precipitation,2.1
land,2024-04-09,precipitation,9.6
land,2024-04-10,precipitation,1.4
land,2024-04-11,precipitation,0.9
land,2024-04-12,precipitation,1.3
land,2024-04-13,precipitation,2.0
land,2024-04-14,precipitation,0.3
land,2024-04-15,precipitation,0.0
land,2024-04-16,precipitation,4.7
land,2024-04-17,precipitation,3.8
land,2024-04-18,precipitation,9.8
land,2024-04-19,precipitation,2.9
land,2024-04-20,precipitation,1.8
land,2024-04-21,precipitation,2.1
land,2024-04-22,precipitation,2.8
land,2024-04-23,precipitation,4.4
land,2024-04-24,precipitation,7.4
land,2024-04-25,precipitation,9.9
land,2024-04-26,precipitation,6.4
land,2024-04-27,precipitation,9.1
land,2024-04-28,precipitation,17.7
land,2024-04-29,precipitation,11.0
land,2024-04-30,precipitation,15.0
land,2024-05-01,precipitation,1.4
land,2024-05-02,precipitation,7.3
land,2024-05-03,precipitation,0.8
land,2024-05-04,precipitation,0.6
land,2024-05-05,precipitation,0.0
land,2024-05-06,precipitation,1.3
land,2024-05-07,precipitation,14.4
land,2024-05-08,precipitation,3.5
land,2024-05-09,precipitation,9.5
land,2024-05-10,precipitation,2.0
land,2024-05-11,precipitation,0.0
land,2024-05-12,precipitation,0.0
land,2024-05-13,precipitation,1.1
land,2024-05-14,precipitation,2.6
land,2024-05-15,precipitation,1.7
land,2024-05-16,precipitation,0.0
land,2024-05-17,precipitation,0.0
land,2024-05-18,precipitation,2.1
land,2024-05-19,precipitation,0.0
land,2024-05-20,precipitation,0.0
land,2024-05-21,precipitation,0.0
land,2024-05-22,precipitation,0.0
land,2024-05-23,precipitation,0.0
land,2024-05-24,precipitation,0.0
land,2024-05-25,precipitation,0.0
land,2024-05-26,precipitation,0.0
land,2024-05-27,precipitation,0.0
land,2024-05-28,precipitation,0.0
land,2024-05-29,precipitation,0.0
land,2024-05-30,precipitation,0.2
land,2024-05-31,precipitation,0.2
land,2024-06-01,precipitation,0.2
land,2024-06-02,precipitation,11.1
land,2024-06-03,precipitation,19.3
land,2024-06-04,precipitation,0.0
land,2024-06-05,precipitation,5.2
land,2024-06-06,precipitation,3.7
land,2024-06-07,precipitation,16.8
land,2024-06-08,precipitation,2.1
land,2024-06-09,precipitation,0.0
land,2024-06-10,precipitation,7.3
land,2024-06-11,precipitation,17.4
land,2024-06-12,precipitation,0.0
land,2024-06-13,precipitation,0.1
land,2024-06-14,precipitation,16.0
land,2024-06-15,precipitation,1.2
land,2024-06-16,precipitation,2.2
land,2024-06-17,precipitation,3.6
land,2024-06-18,precipitation,0.0
land,2024-06-19,precipitation,0.0
land,2024-06-20,precipitation,9.7
land,2024-06-21,precipitation,8.2
land,2024-06-22,precipitation,1.3
land,2024-06-23,precipitation,14.7
land,2024-06-24,precipitation,0.3
land,2024-06-25,precipitation,0.0
land,2024-06-26,precipitation,1.8
land,2024-06-27,precipitation,0.8
land,2024-06-28,precipitation,1.8
land,2024-06-29,precipitation,3.4
land,2024-06-30,precipitation,5.0
land,2024-07-01,precipitation,2.3
land,2024-07-02,precipitation,5.0
land,2024-07-03,precipitation,8.2
land,2024-07-04,precipitation,2.9
land,2024-07-05,precipitation,1.2
land,2024-07-06,precipitation,13.3
land,2024-07-07,precipitation,6.3
land,2024-07-08,precipitation,1.7
land,2024-07-09,precipitation,0.6
land,2024-07-10,precipitation,2.4
land,2024-07-11,precipitation,6.4
land,2024-07-12,precipitation,17.0
land,2024-07-13,precipitation,5.8
land,2024-07-14,precipitation,3.4
land,2024-07-15,precipitation,2.1
land,2024-07-16,precipitation,2.0
land,2024-07-17,precipitation,1.6
land,2024-07-18,precipitation,3.2
land,2024-07-19,precipitation,0.0
land,2024-07-20,precipitation,0.2
land,2024-07-21,precipitation,0.0
land,2024-07-22,precipitation,0.0
land,2024-07-23,precipitation,0.0
land,2024-07-24,precipitation,0.0
land,2024-07-25,precipitation,0.0
land,2024-07-26,precipitation,0.0
land,2024-07-27,precipitation,0.0
land,2024-07-28,precipitation,0.1
land,2024-07-29,precipitation,2.3
land,2024-07-30,precipitation,5.5
land,2024-07-31,precipitation,1.4
land,2024-08-01,precipitation,1.2
land,2024-08-02,precipitation,10.8
land,2024-08-03,precipitation,1.1
land,2024-08-04,precipitation,5.0
land,2024-08-05,precipitation,7.7
land,2024-08-06,precipitation,3.0
land,2024-08-07,precipitation,2.5
land,2024-08-08,precipitation,0.0
land,2024-08-09,precipitation,0.0
land,2024-08-10,precipitation,0.0
land,2024-08-11,precipitation,0.1
land,2024-08-12,precipitation,2.4
land,2024-08-13,precipitation,2.8
land,2024-08-14,precipitation,0.1
land,2024-08-15,precipitation,15.8
land,2024-08-16,precipitation,2.9
land,2024-08-17,precipitation,2.7
land,2024-08-18,precipitation,0.0
land,2024-08-19,precipitation,0.4
land,2024-08-20,precipitation,0.0
land,2024-08-21,precipitation,1.9
land,2024-08-22,precipitation,0.2
land,2024-08-23,precipitation,0.0
land,2024-08-24,precipitation,4.7
land,2024-08-25,precipitation,8.7
land,2024-08-26,precipitation,0.0
land,2024-08-27,precipitation,11.0
land,2024-08-28,precipitation,3.2
land,2024-08-29,precipitation,14.0
land,2024-08-30,precipitation,1.6
land,2024-08-31,precipitation,0.0
land,2024-09-01,precipitation,0.1
land,2024-09-02,precipitation,0.1
land,2024-09-03,precipitation,0.0
land,2024-09-04,precipitation,0.0
land,2024-09-05,precipitation,0.0
land,2024-09-06,precipitation,0.0
land,2024-09-07,precipitation,0.0
land,2024-09-08,precipitation,0.0
land,2024-09-09,precipitation,1.0
land,2024-09-10,precipitation,1.7
land,2024-09-11,precipitation,0.0
land,2024-09-12,precipitation,2.0
land,2024-09-13,precipitation,0.0
land,2024-09-14,precipitation,0.0
land,2024-09-15,precipitation,0.2
land,2024-09-16,precipitation,0.2
land,2024-09-17,precipitation,0.1
land,2024-09-18,precipitation,0.0
land,2024-09-19,precipitation,0.0
land,2024-09-20,precipitation,0.0
land,2024-09-21,precipitation,1.2
land,2024-09-22,precipitation,0.0
land,2024-09-23,precipitation,35.6
land,2024-09-24,precipitation,7.5
land,2024-09-25,precipitation,2.8
land,2024-09-26,precipitation,11.4
land,2024-09-27,precipitation,0.6
land,2024-09-28,precipitation,0.1
land,2024-09-29,precipitation,0.0
land,2024-09-30,precipitation,1.6
land,2024-10-01,precipitation,0.8
land,2024-10-02,precipitation,5.0
land,2024-10-03,precipitation,3.4
land,2024-10-04,precipitation,13.8
land,2024-10-05,precipitation,15.2
land,2024-10-06,precipitation,0.0
land,2024-10-07,precipitation,1.0
land,2024-10-08,precipitation,1.3
land,2024-10-09,precipitation,0.0
land,2024-10-10,precipitation,0.2
land,2024-10-11,precipitation,9.1
land,2024-10-12,precipitation,0.4
land,2024-10-13,precipitation,1.2
land,2024-10-14,precipitation,0.3
land,2024-10-15,precipitation,3.8
land,2024-10-16,precipitation,9.1
land,2024-10-17,precipitation,9.2
land,2024-10-18,precipitation,0.3
land,2024-10-19,precipitation,1.0
land,2024-10-20,precipitation,0.1
land,2024-10-21,precipitation,2.2
land,2024-10-22,precipitation,0.6
land,2024-10-23,precipitation,0.1
land,2024-10-24,precipitation,0.2
land,2024-10-25,precipitation,0.2
land,2024-10-26,precipitation,0.0
land,2024-10-27,precipitation,0.6
land,2024-10-28,precipitation,3.1
land,2024-10-29,precipitation,2.1
land,2024-10-30,precipitation,0.0
land,2024-10-31,precipitation,14.0
land,2024-11-01,precipitation,3.1
land,2024-11-02,precipitation,1.1
land,2024-11-03,precipitation,13.2
land,2024-11-04,precipitation,11.0
land,2024-11-05,precipitation,0.0
land,2024-11-06,precipitation,0.3
land,2024-11-07,precipitation,0.1
land,2024-11-08,precipitation,0.0
land,2024-11-09,precipitation,2.1
land,2024-11-10,precipitation,0.1
land,2024-11-11,precipitation,0.3
land,2024-11-12,precipitation,3.4
land,2024-11-13,precipitation,0.1
land,2024-11-14,precipitation,0.1
land,2024-11-15,precipitation,0.0
land,2024-11-16,precipitation,1.7
land,2024-11-17,precipitation,0.0
land,2024-11-18,precipitation,0.0
land,2024-11-19,precipitation,4.8
land,2024-11-20,precipitation,20.4
land,2024-11-21,precipitation,17.5
land,2024-11-22,precipitation,17.4
land,2024-11-23,precipitation,0.2
land,2024-11-24,precipitation,27.9
land,2024-11-25,precipitation,4.4
land,2024-11-26,precipitation,2.3
land,2024-11-27,precipitation,0.3
land,2024-11-28,precipitation,0.0
land,2024-11-29,precipitation,0.0
land,2024-11-30,precipitation,0.0
land,2024-12-01,precipitation,0.0
land,2024-12-02,precipitation,8.4
land,2024-12-03,precipitation,0.4
land,2024-12-04,precipitation,0.7
land,2024-12-05,precipitation,0.0
land,2024-12-06,precipitation,5.8
land,2024-12-07,precipitation,0.1
land,2024-12-08,precipitation,0.0
land,2024-12-09,precipitation,0.1
land,2024-12-10,precipitation,0.0
land,2024-12-11,precipitation,0.1
land,2024-12-12,precipitation,0.0
land,2024-12-13,precipitation,0.7
land,2024-12-14,precipitation,16.0
land,2024-12-15,precipitation,1.9
land,2024-12-16,precipitation,5.5
land,2024-12-17,precipitation,0.3
land,2024-12-18,precipitation,0.1
land,2024-12-19,precipitation,21.0
land,2024-12-20,precipitation,4.1
land,2024-12-21,precipitation,11.0
land,2024-12-22,precipitation,12.4
land,2024-12-23,precipitation,9.9
land,2024-12-24,precipitation,6.0
land,2024-12-25,precipitation,0.8
land,2024-12-26,precipitation,6.1
land,2024-12-27,precipitation,6.5
land,2024-12-28,precipitation,1.7
land,2024-12-29,precipitation,14.0
land,2024-12-30,precipitation,1.2
land,2024-12-31,precipitation,5.4
land,2025-01-01,precipitation,0.1
land,2025-01-02,precipitation,0.1
land,2025-01-03,precipitation,0.0
land,2025-01-04,precipitation,0.0
land,2025-01-05,precipitation,0.0
land,2025-01-06,precipitation,0.2
land,2025-01-07,precipitation,0.0
land,2025-01-08,precipitation,2.8
land,2025-01-09,precipitation,0.2
land,2025-01-10,precipitation,0.6
land,2025-01-11,precipitation,3.8
land,2025-01-12,precipitation,0.1
land,2025-01-13,precipitation,0.7
land,2025-01-14,precipitation,5.3
land,2025-01-15,precipitation,0.0
land,2025-01-16,precipitation,0.0
land,2025-01-17,precipitation,3.3
land,2025-01-18,precipitation,6.0
land,2025-01-19,precipitation,0.1
land,2025-01-20,precipitation,1.3
land,2025-01-21,precipitation,1.0
land,2025-01-22,precipitation,3.8
land,2025-01-23,precipitation,1.2
land,2025-01-24,precipitation,0.0
land,2025-01-25,precipitation,8.7
land,2025-01-26,precipitation,14.1
land,2025-01-27,precipitation,3.6
land,2025-01-28,precipitation,3.4
land,2025-01-29,precipitation,9.8
land,2025-01-30,precipitation,2.6
land,2025-01-31,precipitation,4.8
land,2025-02-01,precipitation,0.3
land,2025-02-02,precipitation,0.0
land,2025-02-03,precipitation,0.0
land,2025-02-04,precipitation,1.8
land,2025-02-05,precipitation,2.2
land,2025-02-06,precipitation,0.0
land,2025-02-07,precipitation,0.8
land,2025-02-08,precipitation,2.8
land,2025-02-09,precipitation,7.0
land,2025-02-10,precipitation,16.2
land,2025-02-11,precipitation,0.3
land,2025-02-12,precipitation,0.0
land,2025-02-13,precipitation,9.1
land,2025-02-14,precipitation,0.1
land,2025-02-15,precipitation,0.0
land,2025-02-16,precipitation,0.1
land,2025-02-17,precipitation,0.0
land,2025-02-18,precipitation,0.0
land,2025-02-19,precipitation,0.0
land,2025-02-20,precipitation,0.0
land,2025-02-21,precipitation,0.0
land,2025-02-22,precipitation,0.0
land,2025-02-23,precipitation,0.0
land,2025-02-24,precipitation,0.0
land,2025-02-25,precipitation,0.1
land,2021-03-03,et0,0.002
land,2021-03-04,et0,0.002
land,2021-03-05,et0,0.002
land,2021-03-06,et0,0.002
land,2021-03-07,et0,0.002
land,2021-03-08,et0,0.002
land,2021-03-09,et0,0.002
land,2021-03-10,et0,0.002
land,2021-03-11,et0,0.002
land,2021-03-12,et0,0.002
land,2021-03-13,et0,0.002
land,2021-03-14,et0,0.002
land,2021-03-15,et0,0.002
land,2021-03-16,et0,0.002
land,2021-03-17,et0,0.002
land,2021-03-18,et0,0.002
land,2021-03-19,et0,0.002
land,2021-03-20,et0,0.002
land,2021-03-21,et0,0.002
land,2021-03-22,et0,0.002
land,2021-03-23,et0,0.002
land,2021-03-24,et0,0.002
land,2021-03-25,et0,0.002
land,2021-03-26,et0,0.002
land,2021-03-27,et0,0.002
land,2021-03-28,et0,0.002
land,2021-03-29,et0,0.002
land,2021-03-30,et0,0.002
land,2021-03-31,et0,0.002
land,2021-04-01,et0,0.002
land,2021-04-02,et0,0.002
land,2021-04-03,et0,0.002
land,2021-04-04,et0,0.002
land,2021-04-05,et0,0.002
land,2021-04-06,et0,0.002
land,2021-04-07,et0,0.002
land,2021-04-08,et0,0.002
land,2021-04-09,et0,0.002
land,2021-04-10,et0,0.002
land,2021-04-11,et0,0.002
land,2021-04-12,et0,0.002
land,2021-04-13,et0,0.002
land,2021-04-14,et0,0.002
land,2021-04-15,et0,0.002
land,2021-04-16,et0,0.002
land,2021-04-17,et0,0.002
land,2021-04-18,et0,0.002
land,2021-04-19,et0,0.002
land,2021-04-20,et0,0.002
land,2021-04-21,et0,0.002
land,2021-04-22,et0,0.002
land,2021-04-23,et0,0.002
land,2021-04-24,et0,0.002
land,2021-04-25,et0,0.002
land,2021-04-26,et0,0.002
land,2021-04-27,et0,0.002
land,2021-04-28,et0,0.002
land,2021-04-29,et0,0.002
land,2021-04-30,et0,0.002
land,2021-05-01,et0,0.002
land,2021-05-02,et0,0.002
land,2021-05-03,et0,0.002
land,2021-05-04,et0,0.002
land,2021-05-05,et0,0.002
land,2021-05-06,et0,0.002
land,2021-05-07,et0,0.002
land,2021-05-08,et0,0.002
land,2021-05-09,et0,0.002
land,2021-05-10,et0,0.002
land,2021-05-11,et0,0.002
land,2021-05-12,et0,0.002
land,2021-05-13,et0,0.002
land,2021-05-14,et0,0.002
land,2021-05-15,et0,0.002
land,2021-05-16,et0,0.002
land,2021-05-17,et0,0.002
land,2021-05-18,et0,0.002
land,2021-05-19,et0,0.002
land,2021-05-20,et0,0.002
land,2021-05-21,et0,0.002
land,2021-05-22,et0,0.002
land,2021-05-23,et0,0.002
land,2021-05-24,et0,0.002
land,2021-05-25,et0,0.002
land,2021-05-26,et0,0.002
land,2021-05-27,et0,0.002
land,2021-05-28,et0,0.002
land,2021-05-29,et0,0.002
land,2021-05-30,et0,0.002
land,2021-05-31,et0,0.002
land,2021-06-01,et0,0.002
land,2021-06-02,et0,0.002
land,2021-06-03,et0,0.002
land,2021-06-04,et0,0.002
land,2021-06-05,et0,0.002
land,2021-06-06,et0,0.002
land,2021-06-07,et0,0.002
land,2021-06-08,et0,0.002
land,2021-06-09,et0,0.002
land,2021-06-10,et0,0.002
land,2021-06-11,et0,0.002
land,2021-06-12,et0,0.002
land,2021-06-13,et0,0.002
land,2021-06-14,et0,0.002
land,2021-06-15,et0,0.002
land,2021-06-16,et0,0.002
land,2021-06-17,et0,0.002
land,2021-06-18,et0,0.002
land,2021-06-19,et0,0.002
land,2021-06-20,et0,0.002
land,2021-06-21,et0,0.002
land,2021-06-22,et0,0.002
land,2021-06-23,et0,0.002
land,2021-06-24,et0,0.002
land,2021-06-25,et0,0.002
land,2021-06-26,et0,0.002
land,2021-06-27,et0,0.002
land,2021-06-28,et0,0.002
land,2021-06-29,et0,0.002
land,2021-06-30,et0,0.002
land,2021-07-01,et0,0.002
land,2021-07-02,et0,0.002
land,2021-07-03,et0,0.002
land,2021-07-04,et0,0.002
land,2021-07-05,et0,0.002
land,2021-07-06,et0,0.002
land,2021-07-07,et0,0.002
land,2021-07-08,et0,0.002
land,2021-07-09,et0,0.002
land,2021-07-10,et0,0.002
land,2021-07-11,et0,0.002
land,2021-07-12,et0,0.002
land,2021-07-13,et0,0.002
land,2021-07-14,et0,0.002
land,2021-07-15,et0,0.002
land,2021-07-16,et0,0.002
land,2021-07-17,et0,0.002
land,2021-07-18,et0,0.002
land,2021-07-19,et0,0.002
land,2021-07-20,et0,0.002
land,2021-07-21,et0,0.002
land,2021-07-22,et0,0.002
land,2021-07-23,et0,0.002
land,2021-07-24,et0,0.002
land,2021-07-25,et0,0.002
land,2021-07-26,et0,0.002
land,2021-07-27,et0,0.002
land,2021-07-28,et0,0.002
land,2021-07-29,et0,0.002
land,2021-07-30,et0,0.002
land,2021-07-31,et0,0.002
land,2021-08-01,et0,0.002
land,2021-08-02,et0,0.002
land,2021-08-03,et0,0.002
land,2021-08-04,et0,0.002
land,2021-08-05,et0,0.002
land,2021-08-06,et0,0.002
land,2021-08-07,et0,0.002
land,2021-08-08,et0,0.002
land,2021-08-09,et0,0.002
land,2021-08-10,et0,0.002
land,2021-08-11,et0,0.002
land,2021-08-12,et0,0.002
land,2021-08-13,et0,0.002
land,2021-08-14,et0,0.002
land,2021-08-15,et0,0.002
land,2021-08-16,et0,0.002
land,2021-08-17,et0,0.002
land,2021-08-18,et0,0.002
land,2021-08-19,et0,0.002
land,2021-08-20,et0,0.002
land,2021-08-21,et0,0.002
land,2021-08-22,et0,0.002
land,2021-08-23,et0,0.002
land,2021-08-24,et0,0.002
land,2021-08-25,et0,0.002
land,2021-08-26,et0,0.002
land,2021-08-27,et0,0.002
land,2021-08-28,et0,0.002
land,2021-08-29,et0,0.002
land,2021-08-30,et0,0.002
land,2021-08-31,et0,0.002
land,2021-09-01,et0,0.002
land,2021-09-02,et0,0.002
land,2021-09-03,et0,0.002
land,2021-09-04,et0,0.002
land,2021-09-05,et0,0.002
land,2021-09-06,et0,0.002
land,2021-09-07,et0,0.002
land,2021-09-08,et0,0.002
land,2021-09-09,et0,0.002
land,2021-09-10,et0,0.002
land,2021-09-11,et0,0.002
land,2021-09-12,et0,0.002
land,2021-09-13,et0,0.002
land,2021-09-14,et0,0.002
land,2021-09-15,et0,0.002
land,2021-09-16,et0,0.002
land,2021-09-17,et0,0.002
land,2021-09-18,et0,0.002
land,2021-09-19,et0,0.002
land,2021-09-20,et0,0.002
land,2021-09-21,et0,0.002
land,2021-09-22,et0,0.002
land,2021-09-23,et0,0.002
land,2021-09-24,et0,0.002
land,2021-09-25,et0,0.002
land,2021-09-26,et0,0.002
land,2021-09-27,et0,0.002
land,2021-09-28,et0,0.002
land,2021-09-29,et0,0.002
land,2021-09-30,et0,0.002
land,2021-10-01,et0,0.002
land,2021-10-02,et0,0.002
land,2021-10-03,et0,0.002
land,2021-10-04,et0,0.002
land,2021-10-05,et0,0.002
land,2021-10-06,et0,0.002
land,2021-10-07,et0,0.002
land,2021-10-08,et0,0.002
land,2021-10-09,et0,0.002
land,2021-10-10,et0,0.002
land,2021-10-11,et0,0.002
land,2021-10-12,et0,0.002
land,2021-10-13,et0,0.002
land,2021-10-14,et0,0.002
land,2021-10-15,et0,0.002
land,2021-10-16,et0,0.002
land,2021-10-17,et0,0.002
land,2021-10-18,et0,0.002
land,2021-10-19,et0,0.002
land,2021-10-20,et0,0.002
land,2021-10-21,et0,0.002
land,2021-10-22,et0,0.002
land,2021-10-23,et0,0.002
land,2021-10-24,et0,0.002
land,2021-10-25,et0,0.002
land,2021-10-26,et0,0.002
land,2021-10-27,et0,0.002
land,2021-10-28,et0,0.002
land,2021-10-29,et0,0.002
land,2021-10-30,et0,0.002
land,2021-10-31,et0,0.002
land,2021-11-01,et0,0.002
land,2021-11-02,et0,0.002
land,2021-11-03,et0,0.002
land,2021-11-04,et0,0.002
land,2021-11-05,et0,0.002
land,2021-11-06,et0,0.002
land,2021-11-07,et0,0.002
land,2021-11-08,et0,0.002
land,2021-11-09,et0,0.002
land,2021-11-10,et0,0.002
land,2021-11-11,et0,0.002
land,2021-11-12,et0,0.002
land,2021-11-13,et0,0.002
land,2021-11-14,et0,0.002
land,2021-11-15,et0,0.002
land,2021-11-16,et0,0.002
land,2021-11-17,et0,0.002
land,2021-11-18,et0,0.002
land,2021-11-19,et0,0.002
land,2021-11-20,et0,0.002
land,2021-11-21,et0,0.002
land,2021-11-22,et0,0.002
land,2021-11-23,et0,0.002
land,2021-11-24,et0,0.002
land,2021-11-25,et0,0.002
land,2021-11-26,et0,0.002
land,2021-11-27,et0,0.002
land,2021-11-28,et0,0.002
land,2021-11-29,et0,0.002
land,2021-11-30,et0,0.002
land,2021-12-01,et0,0.002
land,2021-12-02,et0,0.002
land,2021-12-03,et0,0.002
land,2021-12-04,et0,0.002
land,2021-12-05,et0,0.002
land,2021-12-06,et0,0.002
land,2021-12-07,et0,0.002
land,2021-12-08,et0,0.002
land,2021-12-09,et0,0.002
land,2021-12-10,et0,0.002
land,2021-12-11,et0,0.002
land,2021-12-12,et0,0.002
land,2021-12-13,et0,0.002
land,2021-12-14,et0,0.002
land,2021-12-15,et0,0.002
land,2021-12-16,et0,0.002
land,2021-12-17,et0,0.002
land,2021-12-18,et0,0.002
land,2021-12-19,et0,0.002
land,2021-12-20,et0,0.002
land,2021-12-21,et0,0.002
land,2021-12-22,et0,0.002
land,2021-12-23,et0,0.002
land,2021-12-24,et0,0.002
land,2021-12-25,et0,0.002
land,2021-12-26,et0,0.002
land,2021-12-27,et0,0.002
land,2021-12-28,et0,0.002
land,2021-12-29,et0,0.002
land,2021-12-30,et0,0.002
land,2021-12-31,et0,0.002
land,2022-01-01,et0,0.002
land,2022-01-02,et0,0.002
land,2022-01-03,et0,0.002
land,2022-01-04,et0,0.002
land,2022-01-05,et0,0.002
land,2022-01-06,et0,0.002
land,2022-01-07,et0,0.002
land,2022-01-08,et0,0.002
land,2022-01-09,et0,0.002
land,2022-01-10,et0,0.002
land,2022-01-11,et0,0.002
land,2022-01-12,et0,0.002
land,2022-01-13,et0,0.002
land,2022-01-14,et0,0.002
land,2022-01-15,et0,0.002
land,2022-01-16,et0,0.002
land,2022-01-17,et0,0.002
land,2022-01-18,et0,0.002
land,2022-01-19,et0,0.002
land,2022-01-20,et0,0.002
land,2022-01-21,et0,0.002
land,2022-01-22,et0,0.002
land,2022-01-23,et0,0.002
land,2022-01-24,et0,0.002
land,2022-01-25,et0,0.002
land,2022-01-26,et0,0.002
land,2022-01-27,et0,0.002
land,2022-01-28,et0,0.002
land,2022-01-29,et0,0.002
land,2022-01-30,et0,0.002
land,2022-01-31,et0,0.002
land,2022-02-01,et0,0.002
land,2022-02-02,et0,0.002
land,2022-02-03,et0,0.002
land,2022-02-04,et0,0.002
land,2022-02-05,et0,0.002
land,2022-02-06,et0,0.002
land,2022-02-07,et0,0.002
land,2022-02-08,et0,0.002
land,2022-02-09,et0,0.002
land,2022-02-10,et0,0.002
land,2022-02-11,et0,0.002
land,2022-02-12,et0,0.002
land,2022-02-13,et0,0.002
land,2022-02-14,et0,0.002
land,2022-02-15,et0,0.002
land,2022-02-16,et0,0.002
land,2022-02-17,et0,0.002
land,2022-02-18,et0,0.002
land,2022-02-19,et0,0.002
land,2022-02-20,et0,0.002
land,2022-02-21,et0,0.002
land,2022-02-22,et0,0.002
land,2022-02-23,et0,0.002
land,2022-02-24,et0,0.002
land,2022-02-25,et0,0.002
land,2022-02-26,et0,0.002
land,2022-02-27,et0,0.002
land,2022-02-28,et0,0.002
land,2022-03-01,et0,0.002
land,2022-03-02,et0,0.002
land,2022-03-03,et0,0.002
land,2022-03-04,et0,0.002
land,2022-03-05,et0,0.002
land,2022-03-06,et0,0.002
land,2022-03-07,et0,0.002
land,2022-03-08,et0,0.002
land,2022-03-09,et0,0.002
land,2022-03-10,et0,0.002
land,2022-03-11,et0,0.002
land,2022-03-12,et0,0.002
land,2022-03-13,et0,0.002
land,2022-03-14,et0,0.002
land,2022-03-15,et0,0.002
land,2022-03-16,et0,0.002
land,2022-03-17,et0,0.002
land,2022-03-18,et0,0.002
land,2022-03-19,et0,0.002
land,2022-03-20,et0,0.002
land,2022-03-21,et0,0.002
land,2022-03-22,et0,0.002
land,2022-03-23,et0,0.002
land,2022-03-24,et0,0.002
land,2022-03-25,et0,0.002
land,2022-03-26,et0,0.002
land,2022-03-27,et0,0.002
land,2022-03-28,et0,0.002
land,2022-03-29,et0,0.002
land,2022-03-30,et0,0.002
land,2022-03-31,et0,0.002
land,2022-04-01,et0,0.002
land,2022-04-02,et0,0.002
land,2022-04-03,et0,0.002
land,2022-04-04,et0,0.002
land,2022-04-05,et0,0.002
land,2022-04-06,et0,0.002
land,2022-04-07,et0,0.002
land,2022-04-08,et0,0.002
land,2022-04-09,et0,0.002
land,2022-04-10,et0,0.002
land,2022-04-11,et0,0.002
land,2022-04-12,et0,0.002
land,2022-04-13,et0,0.002
land,2022-04-14,et0,0.002
land,2022-04-15,et0,0.002
land,2022-04-16,et0,0.002
land,2022-04-17,et0,0.002
land,2022-04-18,et0,0.002
land,2022-04-19,et0,0.002
land,2022-04-20,et0,0.002
land,2022-04-21,et0,0.002
land,2022-04-22,et0,0.002
land,2022-04-23,et0,0.002
land,2022-04-24,et0,0.002
land,2022-04-25,et0,0.002
land,2022-04-26,et0,0.002
land,2022-04-27,et0,0.002
land,2022-04-28,et0,0.002
land,2022-04-29,et0,0.002
land,2022-04-30,et0,0.002
land,2022-05-01,et0,0.002
land,2022-05-02,et0,0.002
land,2022-05-03,et0,0.002
land,2022-05-04,et0,0.002
land,2022-05-05,et0,0.002
land,2022-05-06,et0,0.002
land,2022-05-07,et0,0.002
land,2022-05-08,et0,0.002
land,2022-05-09,et0,0.002
land,2022-05-10,et0,0.002
land,2022-05-11,et0,0.002
land,2022-05-12,et0,0.002
land,2022-05-13,et0,0.002
land,2022-05-14,et0,0.002
land,2022-05-15,et0,0.002
land,2022-05-16,et0,0.002
land,2022-05-17,et0,0.002
land,2022-05-18,et0,0.002
land,2022-05-19,et0,0.002
land,2022-05-20,et0,0.002
land,2022-05-21,et0,0.002
land,2022-05-22,et0,0.002
land,2022-05-23,et0,0.002
land,2022-05-24,et0,0.002
land,2022-05-25,et0,0.002
land,2022-05-26,et0,0.002
land,2022-05-27,et0,0.002
land,2022-05-28,et0,0.002
land,2022-05-29,et0,0.002
land,2022-05-30,et0,0.002
land,2022-05-31,et0,0.002
land,2022-06-01,et0,0.002
land,2022-06-02,et0,0.002
land,2022-06-03,et0,0.002
land,2022-06-04,et0,0.002
land,2022-06-05,et0,0.002
land,2022-06-06,et0,0.002
land,2022-06-07,et0,0.002
land,2022-06-08,et0,0.002
land,2022-06-09,et0,0.002
land,2022-06-10,et0,0.002
land,2022-06-11,et0,0.002
land,2022-06-12,et0,0.002
land,2022-06-13,et0,0.002
land,2022-06-14,et0,0.002
land,2022-06-15,et0,0.002
land,2022-06-16,et0,0.002
land,2022-06-17,et0,0.002
land,2022-06-18,et0,0.002
land,2022-06-19,et0,0.002
land,2022-06-20,et0,0.002
land,2022-06-21,et0,0.002
land,2022-06-22,et0,0.002
land,2022-06-23,et0,0.002
land,2022-06-24,et0,0.002
land,2022-06-25,et0,0.002
land,2022-06-26,et0,0.002
land,2022-06-27,et0,0.002
land,2022-06-28,et0,0.002
land,2022-06-29,et0,0.002
land,2022-06-30,et0,0.002
land,2022-07-01,et0,0.002
land,2022-07-02,et0,0.002
land,2022-07-03,et0,0.002
land,2022-07-04,et0,0.002
land,2022-07-05,et0,0.002
land,2022-07-06,et0,0.002
land,2022-07-07,et0,0.002
land,2022-07-08,et0,0.002
land,2022-07-09,et0,0.002
land,2022-07-10,et0,0.002
land,2022-07-11,et0,0.002
land,2022-07-12,et0,0.002
land,2022-07-13,et0,0.002
land,2022-07-14,et0,0.002
land,2022-07-15,et0,0.002
land,2022-07-16,et0,0.002
land,2022-07-17,et0,0.002
land,2022-07-18,et0,0.002
land,2022-07-19,et0,0.002
land,2022-07-20,et0,0.002
land,2022-07-21,et0,0.002
land,2022-07-22,et0,0.002
land,2022-07-23,et0,0.002
land,2022-07-24,et0,0.002
land,2022-07-25,et0,0.002
land,2022-07-26,et0,0.002
land,2022-07-27,et0,0.002
land,2022-07-28,et0,0.002
land,2022-07-29,et0,0.002
land,2022-07-30,et0,0.002
land,2022-07-31,et0,0.002
land,2022-08-01,et0,0.002
land,2022-08-02,et0,0.002
land,2022-08-03,et0,0.002
land,2022-08-04,et0,0.002
land,2022-08-05,et0,0.002
land,2022-08-06,et0,0.002
land,2022-08-07,et0,0.002
land,2022-08-08,et0,0.002
land,2022-08-09,et0,0.002
land,2022-08-10,et0,0.002
land,2022-08-11,et0,0.002
land,2022-08-12,et0,0.002
land,2022-08-13,et0,0.002
land,2022-08-14,et0,0.002
land,2022-08-15,et0,0.002
land,2022-08-16,et0,0.002
land,2022-08-17,et0,0.002
land,2022-08-18,et0,0.002
land,2022-08-19,et0,0.002
land,2022-08-20,et0,0.002
land,2022-08-21,et0,0.002
land,2022-08-22,et0,0.002
land,2022-08-23,et0,0.002
land,2022-08-24,et0,0.002
land,2022-08-25,et0,0.002
land,2022-08-26,et0,0.002
land,2022-08-27,et0,0.002
land,2022-08-28,et0,0.002
land,2022-08-29,et0,0.002
land,2022-08-30,et0,0.002
land,2022-08-31,et0,0.002
land,2022-09-01,et0,0.002
land,2022-09-02,et0,0.002
land,2022-09-03,et0,0.002
land,2022-09-04,et0,0.002
land,2022-09-05,et0,0.002
land,2022-09-06,et0,0.002
land,2022-09-07,et0,0.002
land,2022-09-08,et0,0.002
land,2022-09-09,et0,0.002
land,2022-09-10,et0,0.002
land,2022-09-11,et0,0.002
land,2022-09-12,et0,0.002
land,2022-09-13,et0,0.002
land,2022-09-14,et0,0.002
land,2022-09-15,et0,0.002
land,2022-09-16,et0,0.002
land,2022-09-17,et0,0.002
land,2022-09-18,et0,0.002
land,2022-09-19,et0,0.002
land,2022-09-20,et0,0.002
land,2022-09-21,et0,0.002
land,2022-09-22,et0,0.002
land,2022-09-23,et0,0.002
land,2022-09-24,et0,0.002
land,2022-09-25,et0,0.002
land,2022-09-26,et0,0.002
land,2022-09-27,et0,0.002
land,2022-09-28,et0,0.002
land,2022-09-29,et0,0.002
land,2022-09-30,et0,0.002
land,2022-10-01,et0,0.002
land,2022-10-02,et0,0.002
land,2022-10-03,et0,0.002
land,2022-10-04,et0,0.002
land,2022-10-05,et0,0.002
land,2022-10-06,et0,0.002
land,2022-10-07,et0,0.002
land,2022-10-08,et0,0.002
land,2022-10-09,et0,0.002
land,2022-10-10,et0,0.002
land,2022-10-11,et0,0.002
land,2022-10-12,et0,0.002
land,2022-10-13,et0,0.002
land,2022-10-14,et0,0.002
land,2022-10-15,et0,0.002
land,2022-10-16,et0,0.002
land,2022-10-17,et0,0.002
land,2022-10-18,et0,0.002
land,2022-10-19,et0,0.002
land,2022-10-20,et0,0.002
land,2022-10-21,et0,0.002
land,2022-10-22,et0,0.002
land,2022-10-23,et0,0.002
land,2022-10-24,et0,0.002
land,2022-10-25,et0,0.002
land,2022-10-26,et0,0.002
land,2022-10-27,et0,0.002
land,2022-10-28,et0,0.002
land,2022-10-29,et0,0.002
land,2022-10-30,et0,0.002
land,2022-10-31,et0,0.002
land,2022-11-01,et0,0.002
land,2022-11-02,et0,0.002
land,2022-11-03,et0,0.002
land,2022-11-04,et0,0.002
land,2022-11-05,et0,0.002
land,2022-11-06,et0,0.002
land,2022-11-07,et0,0.002
land,2022-11-08,et0,0.002
land,2022-11-09,et0,0.002
land,2022-11-10,et0,0.002
land,2022-11-11,et0,0.002
land,2022-11-12,et0,0.002
land,2022-11-13,et0,0.002
land,2022-11-14,et0,0.002
land,2022-11-15,et0,0.002
land,2022-11-16,et0,0.002
land,2022-11-17,et0,0.002
land,2022-11-18,et0,0.002
land,2022-11-19,et0,0.002
land,2022-11-20,et0,0.002
land,2022-11-21,et0,0.002
land,2022-11-22,et0,0.002
land,2022-11-23,et0,0.002
land,2022-11-24,et0,0.002
land,2022-11-25,et0,0.002
land,2022-11-26,et0,0.002
land,2022-11-27,et0,0.002
land,2022-11-28,et0,0.002
land,2022-11-29,et0,0.002
land,2022-11-30,et0,0.002
land,2022-12-01,et0,0.002
land,2022-12-02,et0,0.002
land,2022-12-03,et0,0.002
land,2022-12-04,et0,0.002
land,2022-12-05,et0,0.002
land,2022-12-06,et0,0.002
land,2022-12-07,et0,0.002
land,2022-12-08,et0,0.002
land,2022-12-09,et0,0.002
land,2022-12-10,et0,0.002
land,2022-12-11,et0,0.002
land,2022-12-12,et0,0.002
land,2022-12-13,et0,0.002
land,2022-12-14,et0,0.002
land,2022-12-15,et0,0.002
land,2022-12-16,et0,0.002
land,2022-12-17,et0,0.002
land,2022-12-18,et0,0.002
land,2022-12-19,et0,0.002
land,2022-12-20,et0,0.002
land,2022-12-21,et0,0.002
land,2022-12-22,et0,0.002
land,2022-12-23,et0,0.002
land,2022-12-24,et0,0.002
land,2022-12-25,et0,0.002
land,2022-12-26,et0,0.002
land,2022-12-27,et0,0.002
land,2022-12-28,et0,0.002
land,2022-12-29,et0,0.002
land,2022-12-30,et0,0.002
land,2022-12-31,et0,0.002
land,2023-01-01,et0,0.002
land,2023-01-02,et0,0.002
land,2023-01-03,et0,0.002
land,2023-01-04,et0,0.002
land,2023-01-05,et0,0.002
land,2023-01-06,et0,0.002
land,2023-01-07,et0,0.002
land,2023-01-08,et0,0.002
land,2023-01-09,et0,0.002
land,2023-01-10,et0,0.002
land,2023-01-11,et0,0.002
land,2023-01-12,et0,0.002
land,2023-01-13,et0,0.002
land,2023-01-14,et0,0.002
land,2023-01-15,et0,0.002
land,2023-01-16,et0,0.002
land,2023-01-17,et0,0.002
land,2023-01-18,et0,0.002
land,2023-01-19,et0,0.002
land,2023-01-20,et0,0.002
land,2023-01-21,et0,0.002
land,2023-01-22,et0,0.002
land,2023-01-23,et0,0.002
land,2023-01-24,et0,0.002
land,2023-01-25,et0,0.002
land,2023-01-26,et0,0.002
land,2023-01-27,et0,0.002
land,2023-01-28,et0,0.002
land,2023-01-29,et0,0.002
land,2023-01-30,et0,0.002
land,2023-01-31,et0,0.002
land,2023-02-01,et0,0.002
land,2023-02-02,et0,0.002
land,2023-02-03,et0,0.002
land,2023-02-04,et0,0.002
land,2023-02-05,et0,0.002
land,2023-02-06,et0,0.002
land,2023-02-07,et0,0.002
land,2023-02-08,et0,0.002
land,2023-02-09,et0,0.002
land,2023-02-10,et0,0.002
land,2023-02-11,et0,0.002
land,2023-02-12,et0,0.002
land,2023-02-13,et0,0.002
land,2023-02-14,et0,0.002
land,2023-02-15,et0,0.002
land,2023-02-16,et0,0.002
land,2023-02-17,et0,0.002
land,2023-02-18,et0,0.002
land,2023-02-19,et0,0.002
land,2023-02-20,et0,0.002
land,2023-02-21,et0,0.002
land,2023-02-22,et0,0.002
land,2023-02-23,et0,0.002
land,2023-02-24,et0,0.002
land,2023-02-25,et0,0.002
land,2023-02-26,et0,0.002
land,2023-02-27,et0,0.002
land,2023-02-28,et0,0.002
land,2023-03-01,et0,0.002
land,2023-03-02,et0,0.002
land,2023-03-03,et0,0.002
land,2023-03-04,et0,0.002
land,2023-03-05,et0,0.002
land,2023-03-06,et0,0.002
land,2023-03-07,et0,0.002
land,2023-03-08,et0,0.002
land,2023-03-09,et0,0.002
land,2023-03-10,et0,0.002
land,2023-03-11,et0,0.002
land,2023-03-12,et0,0.002
land,2023-03-13,et0,0.002
land,2023-03-14,et0,0.002
land,2023-03-15,et0,0.002
land,2023-03-16,et0,0.002
land,2023-03-17,et0,0.002
land,2023-03-18,et0,0.002
land,2023-03-19,et0,0.002
land,2023-03-20,et0,0.002
land,2023-03-21,et0,0.002
land,2023-03-22,et0,0.002
land,2023-03-23,et0,0.002
land,2023-03-24,et0,0.002
land,2023-03-25,et0,0.002
land,2023-03-26,et0,0.002
land,2023-03-27,et0,0.002
land,2023-03-28,et0,0.002
land,2023-03-29,et0,0.002
land,2023-03-30,et0,0.002
land,2023-03-31,et0,0.002
land,2023-04-01,et0,0.002
land,2023-04-02,et0,0.002
land,2023-04-03,et0,0.002
land,2023-04-04,et0,0.002
land,2023-04-05,et0,0.002
land,2023-04-06,et0,0.002
land,2023-04-07,et0,0.002
land,2023-04-08,et0,0.002
land,2023-04-09,et0,0.002
land,2023-04-10,et0,0.002
land,2023-04-11,et0,0.002
land,2023-04-12,et0,0.002
land,2023-04-13,et0,0.002
land,2023-04-14,et0,0.002
land,2023-04-15,et0,0.002
land,2023-04-16,et0,0.002
land,2023-04-17,et0,0.002
land,2023-04-18,et0,0.002
land,2023-04-19,et0,0.002
land,2023-04-20,et0,0.002
land,2023-04-21,et0,0.002
land,2023-04-22,et0,0.002
land,2023-04-23,et0,0.002
land,2023-04-24,et0,0.002
land,2023-04-25,et0,0.002
land,2023-04-26,et0,0.002
land,2023-04-27,et0,0.002
land,2023-04-28,et0,0.002
land,2023-04-29,et0,0.002
land,2023-04-30,et0,0.002
land,2023-05-01,et0,0.002
land,2023-05-02,et0,0.002
land,2023-05-03,et0,0.002
land,2023-05-04,et0,0.002
land,2023-05-05,et0,0.002
land,2023-05-06,et0,0.002
land,2023-05-07,et0,0.002
land,2023-05-08,et0,0.002
land,2023-05-09,et0,0.002
land,2023-05-10,et0,0.002
land,2023-05-11,et0,0.002
land,2023-05-12,et0,0.002
land,2023-05-13,et0,0.002
land,2023-05-14,et0,0.002
land,2023-05-15,et0,0.002
land,2023-05-16,et0,0.002
land,2023-05-17,et0,0.002
land,2023-05-18,et0,0.002
land,2023-05-19,et0,0.002
land,2023-05-20,et0,0.002
land,2023-05-21,et0,0.002
land,2023-05-22,et0,0.002
land,2023-05-23,et0,0.002
land,2023-05-24,et0,0.002
land,2023-05-25,et0,0.002
land,2023-05-26,et0,0.002
land,2023-05-27,et0,0.002
land,2023-05-28,et0,0.002
land,2023-05-29,et0,0.002
land,2023-05-30,et0,0.002
land,2023-05-31,et0,0.002
land,2023-06-01,et0,0.002
land,2023-06-02,et0,0.002
land,2023-06-03,et0,0.002
land,2023-06-04,et0,0.002
land,2023-06-05,et0,0.002
land,2023-06-06,et0,0.002
land,2023-06-07,et0,0.002
land,2023-06-08,et0,0.002
land,2023-06-09,et0,0.002
land,2023-06-10,et0,0.002
land,2023-06-11,et0,0.002
land,2023-06-12,et0,0.002
land,2023-06-13,et0,0.002
land,2023-06-14,et0,0.002
land,2023-06-15,et0,0.002
land,2023-06-16,et0,0.002
land,2023-06-17,et0,0.002
land,2023-06-18,et0,0.002
land,2023-06-19,et0,0.002
land,2023-06-20,et0,0.002
land,2023-06-21,et0,0.002
land,2023-06-22,et0,0.002
land,2023-06-23,et0,0.002
land,2023-06-24,et0,0.002
land,2023-06-25,et0,0.002
land,2023-06-26,et0,0.002
land,2023-06-27,et0,0.002
land,2023-06-28,et0,0.002
land,2023-06-29,et0,0.002
land,2023-06-30,et0,0.002
land,2023-07-01,et0,0.002
land,2023-07-02,et0,0.002
land,2023-07-03,et0,0.002
land,2023-07-04,et0,0.002
land,2023-07-05,et0,0.002
land,2023-07-06,et0,0.002
land,2023-07-07,et0,0.002
land,2023-07-08,et0,0.002
land,2023-07-09,et0,0.002
land,2023-07-10,et0,0.002
land,2023-07-11,et0,0.002
land,2023-07-12,et0,0.002
land,2023-07-13,et0,0.002
land,2023-07-14,et0,0.002
land,2023-07-15,et0,0.002
land,2023-07-16,et0,0.002
land,2023-07-17,et0,0.002
land,2023-07-18,et0,0.002
land,2023-07-19,et0,0.002
land,2023-07-20,et0,0.002
land,2023-07-21,et0,0.002
land,2023-07-22,et0,0.002
land,2023-07-23,et0,0.002
land,2023-07-24,et0,0.002
land,2023-07-25,et0,0.002
land,2023-07-26,et0,0.002
land,2023-07-27,et0,0.002
land,2023-07-28,et0,0.002
land,2023-07-29,et0,0.002
land,2023-07-30,et0,0.002
land,2023-07-31,et0,0.002
land,2023-08-01,et0,0.002
land,2023-08-02,et0,0.002
land,2023-08-03,et0,0.002
land,2023-08-04,et0,0.002
land,2023-08-05,et0,0.002
land,2023-08-06,et0,0.002
land,2023-08-07,et0,0.002
land,2023-08-08,et0,0.002
land,2023-08-09,et0,0.002
land,2023-08-10,et0,0.002
land,2023-08-11,et0,0.002
land,2023-08-12,et0,0.002
land,2023-08-13,et0,0.002
land,2023-08-14,et0,0.002
land,2023-08-15,et0,0.002
land,2023-08-16,et0,0.002
land,2023-08-17,et0,0.002
land,2023-08-18,et0,0.002
land,2023-08-19,et0,0.002
land,2023-08-20,et0,0.002
land,2023-08-21,et0,0.002
land,2023-08-22,et0,0.002
land,2023-08-23,et0,0.002
land,2023-08-24,et0,0.002
land,2023-08-25,et0,0.002
land,2023-08-26,et0,0.002
land,2023-08-27,et0,0.002
land,2023-08-28,et0,0.002
land,2023-08-29,et0,0.002
land,2023-08-30,et0,0.002
land,2023-08-31,et0,0.002
land,2023-09-01,et0,0.002
land,2023-09-02,et0,0.002
land,2023-09-03,et0,0.002
land,2023-09-04,et0,0.002
land,2023-09-05,et0,0.002
land,2023-09-06,et0,0.002
land,2023-09-07,et0,0.002
land,2023-09-08,et0,0.002
land,2023-09-09,et0,0.002
land,2023-09-10,et0,0.002
land,2023-09-11,et0,0.002
land,2023-09-12,et0,0.002
land,2023-09-13,et0,0.002
land,2023-09-14,et0,0.002
land,2023-09-15,et0,0.002
land,2023-09-16,et0,0.002
land,2023-09-17,et0,0.002
land,2023-09-18,et0,0.002
land,2023-09-19,et0,0.002
land,2023-09-20,et0,0.002
land,2023-09-21,et0,0.002
land,2023-09-22,et0,0.002
land,2023-09-23,et0,0.002
land,2023-09-24,et0,0.002
land,2023-09-25,et0,0.002
land,2023-09-26,et0,0.002
land,2023-09-27,et0,0.002
land,2023-09-28,et0,0.002
land,2023-09-29,et0,0.002
land,2023-09-30,et0,0.002
land,2023-10-01,et0,0.002
land,2023-10-02,et0,0.002
land,2023-10-03,et0,0.002
land,2023-10-04,et0,0.002
land,2023-10-05,et0,0.002
land,2023-10-06,et0,0.002
land,2023-10-07,et0,0.002
land,2023-10-08,et0,0.002
land,2023-10-09,et0,0.002
land,2023-10-10,et0,0.002
land,2023-10-11,et0,0.002
land,2023-10-12,et0,0.002
land,2023-10-13,et0,0.002
land,2023-10-14,et0,0.002
land,2023-10-15,et0,0.002
land,2023-10-16,et0,0.002
land,2023-10-17,et0,0.002
land,2023-10-18,et0,0.002
land,2023-10-19,et0,0.002
land,2023-10-20,et0,0.002
land,2023-10-21,et0,0.002
land,2023-10-22,et0,0.002
land,2023-10-23,et0,0.002
land,2023-10-24,et0,0.002
land,2023-10-25,et0,0.002
land,2023-10-26,et0,0.002
land,2023-10-27,et0,0.002
land,2023-10-28,et0,0.002
land,2023-10-29,et0,0.002
land,2023-10-30,et0,0.002
land,2023-10-31,et0,0.002
land,2023-11-01,et0,0.002
land,2023-11-02,et0,0.002
land,2023-11-03,et0,0.002
land,2023-11-04,et0,0.002
land,2023-11-05,et0,0.002
land,2023-11-06,et0,0.002
land,2023-11-07,et0,0.002
land,2023-11-08,et0,0.002
land,2023-11-09,et0,0.002
land,2023-11-10,et0,0.002
land,2023-11-11,et0,0.002
land,2023-11-12,et0,0.002
land,2023-11-13,et0,0.002
land,2023-11-14,et0,0.002
land,2023-11-15,et0,0.002
land,2023-11-16,et0,0.002
land,2023-11-17,et0,0.002
land,2023-11-18,et0,0.002
land,2023-11-19,et0,0.002
land,2023-11-20,et0,0.002
land,2023-11-21,et0,0.002
land,2023-11-22,et0,0.002
land,2023-11-23,et0,0.002
land,2023-11-24,et0,0.002
land,2023-11-25,et0,0.002
land,2023-11-26,et0,0.002
land,2023-11-27,et0,0.002
land,2023-11-28,et0,0.002
land,2023-11-29,et0,0.002
land,2023-11-30,et0,0.002
land,2023-12-01,et0,0.002
land,2023-12-02,et0,0.002
land,2023-12-03,et0,0.002
land,2023-12-04,et0,0.002
land,2023-12-05,et0,0.002
land,2023-12-06,et0,0.002
land,2023-12-07,et0,0.002
land,2023-12-08,et0,0.002
land,2023-12-09,et0,0.002
land,2023-12-10,et0,0.002
land,2023-12-11,et0,0.002
land,2023-12-12,et0,0.002
land,2023-12-13,et0,0.002
land,2023-12-14,et0,0.002
land,2023-12-15,et0,0.002
land,2023-12-16,et0,0.002
land,2023-12-17,et0,0.002
land,2023-12-18,et0,0.002
land,2023-12-19,et0,0.002
land,2023-12-20,et0,0.002
land,2023-12-21,et0,0.002
land,2023-12-22,et0,0.002
land,2023-12-23,et0,0.002
land,2023-12-24,et0,0.002
land,2023-12-25,et0,0.002
land,2023-12-26,et0,0.002
land,2023-12-27,et0,0.002
land,2023-12-28,et0,0.002
land,2023-12-29,et0,0.002
land,2023-12-30,et0,0.002
land,2023-12-31,et0,0.002
land,2024-01-01,et0,0.002
land,2024-01-02,et0,0.002
land,2024-01-03,et0,0.002
land,2024-01-04,et0,0.002
land,2024-01-05,et0,0.002
land,2024-01-06,et0,0.002
land,2024-01-07,et0,0.002
land,2024-01-08,et0,0.002
land,2024-01-09,et0,0.002
land,2024-01-10,et0,0.002
land,2024-01-11,et0,0.002
land,2024-01-12,et0,0.002
land,2024-01-13,et0,0.002
land,2024-01-14,et0,0.002
land,2024-01-15,et0,0.002
land,2024-01-16,et0,0.002
land,2024-01-17,et0,0.002
land,2024-01-18,et0,0.002
land,2024-01-19,et0,0.002
land,2024-01-20,et0,0.002
land,2024-01-21,et0,0.002
land,2024-01-22,et0,0.002
land,2024-01-23,et0,0.002
land,2024-01-24,et0,0.002
land,2024-01-25,et0,0.002
land,2024-01-26,et0,0.002
land,2024-01-27,et0,0.002
land,2024-01-28,et0,0.002
land,2024-01-29,et0,0.002
land,2024-01-30,et0,0.002
land,2024-01-31,et0,0.002
land,2024-02-01,et0,0.002
land,2024-02-02,et0,0.002
land,2024-02-03,et0,0.002
land,2024-02-04,et0,0.002
land,2024-02-05,et0,0.002
land,2024-02-06,et0,0.002
land,2024-02-07,et0,0.002
land,2024-02-08,et0,0.002
land,2024-02-09,et0,0.002
land,2024-02-10,et0,0.002
land,2024-02-11,et0,0.002
land,2024-02-12,et0,0.002
land,2024-02-13,et0,0.002
land,2024-02-14,et0,0.002
land,2024-02-15,et0,0.002
land,2024-02-16,et0,0.002
land,2024-02-17,et0,0.002
land,2024-02-18,et0,0.002
land,2024-02-19,et0,0.002
land,2024-02-20,et0,0.002
land,2024-02-21,et0,0.002
land,2024-02-22,et0,0.002
land,2024-02-23,et0,0.002
land,2024-02-24,et0,0.002
land,2024-02-25,et0,0.002
land,2024-02-26,et0,0.002
land,2024-02-27,et0,0.002
land,2024-02-28,et0,0.002
land,2024-02-29,et0,0.002
land,2024-03-01,et0,0.002
land,2024-03-02,et0,0.002
land,2024-03-03,et0,0.002
land,2024-03-04,et0,0.002
land,2024-03-05,et0,0.002
land,2024-03-06,et0,0.002
land,2024-03-07,et0,0.002
land,2024-03-08,et0,0.002
land,2024-03-09,et0,0.002
land,2024-03-10,et0,0.002
land,2024-03-11,et0,0.002
land,2024-03-12,et0,0.002
land,2024-03-13,et0,0.002
land,2024-03-14,et0,0.002
land,2024-03-15,et0,0.002
land,2024-03-16,et0,0.002
land,2024-03-17,et0,0.002
land,2024-03-18,et0,0.002
land,2024-03-19,et0,0.002
land,2024-03-20,et0,0.002
land,2024-03-21,et0,0.002
land,2024-03-22,et0,0.002
land,2024-03-23,et0,0.002
land,2024-03-24,et0,0.002
land,2024-03-25,et0,0.002
land,2024-03-26,et0,0.002
land,2024-03-27,et0,0.002
land,2024-03-28,et0,0.002
land,2024-03-29,et0,0.002
land,2024-03-30,et0,0.002
land,2024-03-31,et0,0.002
land,2024-04-01,et0,0.002
land,2024-04-02,et0,0.002
land,2024-04-03,et0,0.002
land,2024-04-04,et0,0.002
land,2024-04-05,et0,0.002
land,2024-04-06,et0,0.002
land,2024-04-07,et0,0.002
land,2024-04-08,et0,0.002
land,2024-04-09,et0,0.002
land,2024-04-10,et0,0.002
land,2024-04-11,et0,0.002
land,2024-04-12,et0,0.002
land,2024-04-13,et0,0.002
land,2024-04-14,et0,0.002
land,2024-04-15,et0,0.002
land,2024-04-16,et0,0.002
land,2024-04-17,et0,0.002
land,2024-04-18,et0,0.002
land,2024-04-19,et0,0.002
land,2024-04-20,et0,0.002
land,2024-04-21,et0,0.002
land,2024-04-22,et0,0.002
land,2024-04-23,et0,0.002
land,2024-04-24,et0,0.002
land,2024-04-25,et0,0.002
land,2024-04-26,et0,0.002
land,2024-04-27,et0,0.002
land,2024-04-28,et0,0.002
land,2024-04-29,et0,0.002
land,2024-04-30,et0,0.002
land,2024-05-01,et0,0.002
land,2024-05-02,et0,0.002
land,2024-05-03,et0,0.002
land,2024-05-04,et0,0.002
land,2024-05-05,et0,0.002
land,2024-05-06,et0,0.002
land,2024-05-07,et0,0.002
land,2024-05-08,et0,0.002
land,2024-05-09,et0,0.002
land,2024-05-10,et0,0.002
land,2024-05-11,et0,0.002
land,2024-05-12,et0,0.002
land,2024-05-13,et0,0.002
land,2024-05-14,et0,0.002
land,2024-05-15,et0,0.002
land,2024-05-16,et0,0.002
land,2024-05-17,et0,0.002
land,2024-05-18,et0,0.002
land,2024-05-19,et0,0.002
land,2024-05-20,et0,0.002
land,2024-05-21,et0,0.002
land,2024-05-22,et0,0.002
land,2024-05-23,et0,0.002
land,2024-05-24,et0,0.002
land,2024-05-25,et0,0.002
land,2024-05-26,et0,0.002
land,2024-05-27,et0,0.002
land,2024-05-28,et0,0.002
land,2024-05-29,et0,0.002
land,2024-05-30,et0,0.002
land,2024-05-31,et0,0.002
land,2024-06-01,et0,0.002
land,2024-06-02,et0,0.002
land,2024-06-03,et0,0.002
land,2024-06-04,et0,0.002
land,2024-06-05,et0,0.002
land,2024-06-06,et0,0.002
land,2024-06-07,et0,0.002
land,2024-06-08,et0,0.002
land,2024-06-09,et0,0.002
land,2024-06-10,et0,0.002
land,2024-06-11,et0,0.002
land,2024-06-12,et0,0.002
land,2024-06-13,et0,0.002
land,2024-06-14,et0,0.002
land,2024-06-15,et0,0.002
land,2024-06-16,et0,0.002
land,2024-06-17,et0,0.002
land,2024-06-18,et0,0.002
land,2024-06-19,et0,0.002
land,2024-06-20,et0,0.002
land,2024-06-21,et0,0.002
land,2024-06-22,et0,0.002
land,2024-06-23,et0,0.002
land,2024-06-24,et0,0.002
land,2024-06-25,et0,0.002
land,2024-06-26,et0,0.002
land,2024-06-27,et0,0.002
land,2024-06-28,et0,0.002
land,2024-06-29,et0,0.002
land,2024-06-30,et0,0.002
land,2024-07-01,et0,0.002
land,2024-07-02,et0,0.002
land,2024-07-03,et0,0.002
land,2024-07-04,et0,0.002
land,2024-07-05,et0,0.002
land,2024-07-06,et0,0.002
land,2024-07-07,et0,0.002
land,2024-07-08,et0,0.002
land,2024-07-09,et0,0.002
land,2024-07-10,et0,0.002
land,2024-07-11,et0,0.002
land,2024-07-12,et0,0.002
land,2024-07-13,et0,0.002
land,2024-07-14,et0,0.002
land,2024-07-15,et0,0.002
land,2024-07-16,et0,0.002
land,2024-07-17,et0,0.002
land,2024-07-18,et0,0.002
land,2024-07-19,et0,0.002
land,2024-07-20,et0,0.002
land,2024-07-21,et0,0.002
land,2024-07-22,et0,0.002
land,2024-07-23,et0,0.002
land,2024-07-24,et0,0.002
land,2024-07-25,et0,0.002
land,2024-07-26,et0,0.002
land,2024-07-27,et0,0.002
land,2024-07-28,et0,0.002
land,2024-07-29,et0,0.002
land,2024-07-30,et0,0.002
land,2024-07-31,et0,0.002
land,2024-08-01,et0,0.002
land,2024-08-02,et0,0.002
land,2024-08-03,et0,0.002
land,2024-08-04,et0,0.002
land,2024-08-05,et0,0.002
land,2024-08-06,et0,0.002
land,2024-08-07,et0,0.002
land,2024-08-08,et0,0.002
land,2024-08-09,et0,0.002
land,2024-08-10,et0,0.002
land,2024-08-11,et0,0.002
land,2024-08-12,et0,0.002
land,2024-08-13,et0,0.002
land,2024-08-14,et0,0.002
land,2024-08-15,et0,0.002
land,2024-08-16,et0,0.002
land,2024-08-17,et0,0.002
land,2024-08-18,et0,0.002
land,2024-08-19,et0,0.002
land,2024-08-20,et0,0.002
land,2024-08-21,et0,0.002
land,2024-08-22,et0,0.002
land,2024-08-23,et0,0.002
land,2024-08-24,et0,0.002
land,2024-08-25,et0,0.002
land,2024-08-26,et0,0.002
land,2024-08-27,et0,0.002
land,2024-08-28,et0,0.002
land,2024-08-29,et0,0.002
land,2024-08-30,et0,0.002
land,2024-08-31,et0,0.002
land,2024-09-01,et0,0.002
land,2024-09-02,et0,0.002
land,2024-09-03,et0,0.002
land,2024-09-04,et0,0.002
land,2024-09-05,et0,0.002
land,2024-09-06,et0,0.002
land,2024-09-07,et0,0.002
land,2024-09-08,et0,0.002
land,2024-09-09,et0,0.002
land,2024-09-10,et0,0.002
land,2024-09-11,et0,0.002
land,2024-09-12,et0,0.002
land,2024-09-13,et0,0.002
land,2024-09-14,et0,0.002
land,2024-09-15,et0,0.002
land,2024-09-16,et0,0.002
land,2024-09-17,et0,0.002
land,2024-09-18,et0,0.002
land,2024-09-19,et0,0.002
land,2024-09-20,et0,0.002
land,2024-09-21,et0,0.002
land,2024-09-22,et0,0.002
land,2024-09-23,et0,0.002
land,2024-09-24,et0,0.002
land,2024-09-25,et0,0.002
land,2024-09-26,et0,0.002
land,2024-09-27,et0,0.002
land,2024-09-28,et0,0.002
land,2024-09-29,et0,0.002
land,2024-09-30,et0,0.002
land,2024-10-01,et0,0.002
land,2024-10-02,et0,0.002
land,2024-10-03,et0,0.002
land,2024-10-04,et0,0.002
land,2024-10-05,et0,0.002
land,2024-10-06,et0,0.002
land,2024-10-07,et0,0.002
land,2024-10-08,et0,0.002
land,2024-10-09,et0,0.002
land,2024-10-10,et0,0.002
land,2024-10-11,et0,0.002
land,2024-10-12,et0,0.002
land,2024-10-13,et0,0.002
land,2024-10-14,et0,0.002
land,2024-10-15,et0,0.002
land,2024-10-16,et0,0.002
land,2024-10-17,et0,0.002
land,2024-10-18,et0,0.002
land,2024-10-19,et0,0.002
land,2024-10-20,et0,0.002
land,2024-10-21,et0,0.002
land,2024-10-22,et0,0.002
land,2024-10-23,et0,0.002
land,2024-10-24,et0,0.002
land,2024-10-25,et0,0.002
land,2024-10-26,et0,0.002
land,2024-10-27,et0,0.002
land,2024-10-28,et0,0.002
land,2024-10-29,et0,0.002
land,2024-10-30,et0,0.002
land,2024-10-31,et0,0.002
land,2024-11-01,et0,0.002
land,2024-11-02,et0,0.002
land,2024-11-03,et0,0.002
land,2024-11-04,et0,0.002
land,2024-11-05,et0,0.002
land,2024-11-06,et0,0.002
land,2024-11-07,et0,0.002
land,2024-11-08,et0,0.002
land,2024-11-09,et0,0.002
land,2024-11-10,et0,0.002
land,2024-11-11,et0,0.002
land,2024-11-12,et0,0.002
land,2024-11-13,et0,0.002
land,2024-11-14,et0,0.002
land,2024-11-15,et0,0.002
land,2024-11-16,et0,0.002
land,2024-11-17,et0,0.002
land,2024-11-18,et0,0.002
land,2024-11-19,et0,0.002
land,2024-11-20,et0,0.002
land,2024-11-21,et0,0.002
land,2024-11-22,et0,0.002
land,2024-11-23,et0,0.002
land,2024-11-24,et0,0.002
land,2024-11-25,et0,0.002
land,2024-11-26,et0,0.002
land,2024-11-27,et0,0.002
land,2024-11-28,et0,0.002
land,2024-11-29,et0,0.002
land,2024-11-30,et0,0.002
land,2024-12-01,et0,0.002
land,2024-12-02,et0,0.002
land,2024-12-03,et0,0.002
land,2024-12-04,et0,0.002
land,2024-12-05,et0,0.002
land,2024-12-06,et0,0.002
land,2024-12-07,et0,0.002
land,2024-12-08,et0,0.002
land,2024-12-09,et0,0.002
land,2024-12-10,et0,0.002
land,2024-12-11,et0,0.002
land,2024-12-12,et0,0.002
land,2024-12-13,et0,0.002
land,2024-12-14,et0,0.002
land,2024-12-15,et0,0.002
land,2024-12-16,et0,0.002
land,2024-12-17,et0,0.002
land,2024-12-18,et0,0.002
land,2024-12-19,et0,0.002
land,2024-12-20,et0,0.002
land,2024-12-21,et0,0.002
land,2024-12-22,et0,0.002
land,2024-12-23,et0,0.002
land,2024-12-24,et0,0.002
land,2024-12-25,et0,0.002
land,2024-12-26,et0,0.002
land,2024-12-27,et0,0.002
land,2024-12-28,et0,0.002
land,2024-12-29,et0,0.002
land,2024-12-30,et0,0.002
land,2024-12-31,et0,0.002
land,2025-01-01,et0,0.002
land,2025-01-02,et0,0.002
land,2025-01-03,et0,0.002
land,2025-01-04,et0,0.002
land,2025-01-05,et0,0.002
land,2025-01-06,et0,0.002
land,2025-01-07,et0,0.002
land,2025-01-08,et0,0.002
land,2025-01-09,et0,0.002
land,2025-01-10,et0,0.002
land,2025-01-11,et0,0.002
land,2025-01-12,et0,0.002
land,2025-01-13,et0,0.002
land,2025-01-14,et0,0.002
land,2025-01-15,et0,0.002
land,2025-01-16,et0,0.002
land,2025-01-17,et0,0.002
land,2025-01-18,et0,0.002
land,2025-01-19,et0,0.002
land,2025-01-20,et0,0.002
land,2025-01-21,et0,0.002
land,2025-01-22,et0,0.002
land,2025-01-23,et0,0.002
land,2025-01-24,et0,0.002
land,2025-01-25,et0,0.002
land,2025-01-26,et0,0.002
land,2025-01-27,et0,0.002
land,2025-01-28,et0,0.002
land,2025-01-29,et0,0.002
land,2025-01-30,et0,0.002
land,2025-01-31,et0,0.002
land,2025-02-01,et0,0.002
land,2025-02-02,et0,0.002
land,2025-02-03,et0,0.002
land,2025-02-04,et0,0.002
land,2025-02-05,et0,0.002
land,2025-02-06,et0,0.002
land,2025-02-07,et0,0.002
land,2025-02-08,et0,0.002
land,2025-02-09,et0,0.002
land,2025-02-10,et0,0.002
land,2025-02-11,et0,0.002
land,2025-02-12,et0,0.002
land,2025-02-13,et0,0.002
land,2025-02-14,et0,0.002
land,2025-02-15,et0,0.002
land,2025-02-16,et0,0.002
land,2025-02-17,et0,0.002
land,2025-02-18,et0,0.002
land,2025-02-19,et0,0.002
land,2025-02-20,et0,0.002
land,2025-02-21,et0,0.002
land,2025-02-22,et0,0.002
land,2025-02-23,et0,0.002
land,2025-02-24,et0,0.002
land,2025-02-25,et0,0.002
land,2021-03-03,temperature,7.625
land,2021-03-04,temperature,7.495833333333334
land,2021-03-05,temperature,7.366666666666666
land,2021-03-06,temperature,7.2375
land,2021-03-07,temperature,7.108333333333333
land,2021-03-08,temperature,6.979166666666667
land,2021-03-09,temperature,6.85
land,2021-03-10,temperature,7.289285714285715
land,2021-03-11,temperature,7.728571428571429
land,2021-03-12,temperature,8.167857142857143
land,2021-03-13,temperature,8.607142857142858
land,2021-03-14,temperature,9.04642857142857
land,2021-03-15,temperature,9.485714285714286
land,2021-03-16,temperature,9.925
land,2021-03-17,temperature,9.70625
land,2021-03-18,temperature,9.4875
land,2021-03-19,temperature,9.26875
land,2021-03-20,temperature,9.05
land,2021-03-21,temperature,8.83125
land,2021-03-22,temperature,8.6125
land,2021-03-23,temperature,8.39375
land,2021-03-24,temperature,8.175
land,2021-03-25,temperature,8.296875
land,2021-03-26,temperature,8.41875
land,2021-03-27,temperature,8.540625
land,2021-03-28,temperature,8.6625
land,2021-03-29,temperature,8.784375
land,2021-03-30,temperature,8.90625
land,2021-03-31,temperature,9.028125
land,2021-04-01,temperature,9.15
land,2021-04-02,temperature,9.55
land,2021-04-03,temperature,9.95
land,2021-04-04,temperature,10.350000000000001
land,2021-04-05,temperature,10.75
land,2021-04-06,temperature,11.15
land,2021-04-07,temperature,11.23125
land,2021-04-08,temperature,11.3125
land,2021-04-09,temperature,11.39375
land,2021-04-10,temperature,11.475
land,2021-04-11,temperature,11.55625
land,2021-04-12,temperature,11.6375
land,2021-04-13,temperature,11.71875
land,2021-04-14,temperature,11.8
land,2021-04-15,temperature,11.854166666666668
land,2021-04-16,temperature,11.908333333333333
land,2021-04-17,temperature,11.9625
land,2021-04-18,temperature,12.016666666666667
land,2021-04-19,temperature,12.070833333333333
land,2021-04-20,temperature,12.125
land,2021-04-21,temperature,12.1
land,2021-04-22,temperature,12.075
land,2021-04-23,temperature,12.05
land,2021-04-24,temperature,12.024999999999999
land,2021-04-25,temperature,12.0
land,2021-04-26,temperature,11.975
land,2021-04-27,temperature,11.95
land,2021-04-28,temperature,12.075
land,2021-04-29,temperature,12.2
land,2021-04-30,temperature,12.325
land,2021-05-01,temperature,12.45
land,2021-05-02,temperature,12.575
land,2021-05-03,temperature,12.7
land,2021-05-04,temperature,12.825
land,2021-05-05,temperature,12.95
land,2021-05-06,temperature,13.15
land,2021-05-07,temperature,13.350000000000001
land,2021-05-08,temperature,13.55
land,2021-05-09,temperature,13.75
land,2021-05-10,temperature,13.95
land,2021-05-11,temperature,14.15
land,2021-05-12,temperature,14.0
land,2021-05-13,temperature,13.85
land,2021-05-14,temperature,13.7
land,2021-05-15,temperature,13.55
land,2021-05-16,temperature,13.4
land,2021-05-17,temperature,13.25
land,2021-05-18,temperature,13.1
land,2021-05-19,temperature,13.64375
land,2021-05-20,temperature,14.1875
land,2021-05-21,temperature,14.73125
land,2021-05-22,temperature,15.275
land,2021-05-23,temperature,15.81875
land,2021-05-24,temperature,16.3625
land,2021-05-25,temperature,16.90625
land,2021-05-26,temperature,17.45
land,2021-05-27,temperature,17.816666666666666
land,2021-05-28,temperature,18.183333333333334
land,2021-05-29,temperature,18.549999999999997
land,2021-05-30,temperature,18.916666666666664
land,2021-05-31,temperature,19.28333333333333
land,2021-06-01,temperature,19.65
land,2021-06-02,temperature,18.99285714285714
land,2021-06-03,temperature,18.335714285714285
land,2021-06-04,temperature,17.678571428571427
land,2021-06-05,temperature,17.021428571428572
land,2021-06-06,temperature,16.364285714285714
land,2021-06-07,temperature,15.707142857142857
land,2021-06-08,temperature,15.05
land,2021-06-09,temperature,15.60357142857143
land,2021-06-10,temperature,16.15714285714286
land,2021-06-11,temperature,16.71071428571429
land,2021-06-12,temperature,17.264285714285716
land,2021-06-13,temperature,17.817857142857143
land,2021-06-14,temperature,18.371428571428574
land,2021-06-15,temperature,18.925
land,2021-06-16,temperature,18.692857142857143
land,2021-06-17,temperature,18.460714285714285
land,2021-06-18,temperature,18.228571428571428
land,2021-06-19,temperature,17.996428571428574
land,2021-06-20,temperature,17.764285714285716
land,2021-06-21,temperature,17.53214285714286
land,2021-06-22,temperature,17.3
land,2021-06-23,temperature,17.95357142857143
land,2021-06-24,temperature,18.607142857142858
land,2021-06-25,temperature,19.260714285714286
land,2021-06-26,temperature,19.914285714285715
land,2021-06-27,temperature,20.567857142857143
land,2021-06-28,temperature,21.22142857142857
land,2021-06-29,temperature,21.875
land,2021-06-30,temperature,21.62857142857143
land,2021-07-01,temperature,21.382142857142856
land,2021-07-02,temperature,21.135714285714286
land,2021-07-03,temperature,20.889285714285716
land,2021-07-04,temperature,20.642857142857146
land,2021-07-05,temperature,20.396428571428572
land,2021-07-06,temperature,20.15
land,2021-07-07,temperature,19.978571428571428
land,2021-07-08,temperature,19.807142857142857
land,2021-07-09,temperature,19.635714285714286
land,2021-07-10,temperature,19.464285714285715
land,2021-07-11,temperature,19.29285714285714
land,2021-07-12,temperature,19.121428571428574
land,2021-07-13,temperature,18.95
land,2021-07-14,temperature,18.82142857142857
land,2021-07-15,temperature,18.692857142857143
land,2021-07-16,temperature,18.564285714285717
land,2021-07-17,temperature,18.435714285714287
land,2021-07-18,temperature,18.307142857142857
land,2021-07-19,temperature,18.17857142857143
land,2021-07-20,temperature,18.05
land,2021-07-21,temperature,18.014285714285712
land,2021-07-22,temperature,17.978571428571428
land,2021-07-23,temperature,17.942857142857143
land,2021-07-24,temperature,17.90714285714286
land,2021-07-25,temperature,17.87142857142857
land,2021-07-26,temperature,17.83571428571429
land,2021-07-27,temperature,17.8
land,2021-07-28,temperature,17.809375
land,2021-07-29,temperature,17.81875
land,2021-07-30,temperature,17.828125
land,2021-07-31,temperature,17.8375
land,2021-08-01,temperature,17.846875
land,2021-08-02,temperature,17.85625
land,2021-08-03,temperature,17.865625
land,2021-08-04,temperature,17.875
land,2021-08-05,temperature,17.954166666666666
land,2021-08-06,temperature,18.03333333333333
land,2021-08-07,temperature,18.112499999999997
land,2021-08-08,temperature,18.191666666666663
land,2021-08-09,temperature,18.270833333333332
land,2021-08-10,temperature,18.349999999999998
land,2021-08-11,temperature,18.475
land,2021-08-12,temperature,18.599999999999998
land,2021-08-13,temperature,18.725
land,2021-08-14,temperature,18.85
land,2021-08-15,temperature,18.975
land,2021-08-16,temperature,19.1
land,2021-08-17,temperature,19.225
land,2021-08-18,temperature,19.146428571428572
land,2021-08-19,temperature,19.067857142857143
land,2021-08-20,temperature,18.989285714285714
land,2021-08-21,temperature,18.910714285714285
land,2021-08-22,temperature,18.832142857142856
land,2021-08-23,temperature,18.75357142857143
land,2021-08-24,temperature,18.675
land,2021-08-25,temperature,18.43611111111111
land,2021-08-26,temperature,18.197222222222223
land,2021-08-27,temperature,17.958333333333332
land,2021-08-28,temperature,17.719444444444445
land,2021-08-29,temperature,17.480555555555554
land,2021-08-30,temperature,17.241666666666667
land,2021-08-31,temperature,17.00277777777778
land,2021-09-01,temperature,16.76388888888889
land,2021-09-02,temperature,16.525
land,2021-09-03,temperature,16.425
land,2021-09-04,temperature,16.325
land,2021-09-05,temperature,16.225
land,2021-09-06,temperature,16.125
land,2021-09-07,temperature,16.025
land,2021-09-08,temperature,16.1
land,2021-09-09,temperature,16.175
land,2021-09-10,temperature,16.25
land,2021-09-11,temperature,16.325
land,2021-09-12,temperature,16.4
land,2021-09-13,temperature,16.474999999999998
land,2021-09-14,temperature,16.55
land,2021-09-15,temperature,16.625
land,2021-09-16,temperature,16.674999999999997
land,2021-09-17,temperature,16.725
land,2021-09-18,temperature,16.775
land,2021-09-19,temperature,16.825
land,2021-09-20,temperature,16.875
land,2021-09-21,temperature,16.925
land,2021-09-22,temperature,16.975
land,2021-09-23,temperature,17.035714285714285
land,2021-09-24,temperature,17.09642857142857
land,2021-09-25,temperature,17.15714285714286
land,2021-09-26,temperature,17.21785714285714
land,2021-09-27,temperature,17.27857142857143
land,2021-09-28,temperature,17.339285714285715
land,2021-09-29,temperature,17.4
land,2021-09-30,temperature,16.929166666666667
land,2021-10-01,temperature,16.458333333333332
land,2021-10-02,temperature,15.9875
land,2021-10-03,temperature,15.516666666666666
land,2021-10-04,temperature,15.045833333333334
land,2021-10-05,temperature,14.575
land,2021-10-06,temperature,14.478125
land,2021-10-07,temperature,14.381250000000001
land,2021-10-08,temperature,14.284375
land,2021-10-09,temperature,14.1875
land,2021-10-10,temperature,14.090625
land,2021-10-11,temperature,13.99375
land,2021-10-12,temperature,13.896875000000001
land,2021-10-13,temperature,13.8
land,2021-10-14,temperature,13.45357142857143
land,2021-10-15,temperature,13.107142857142858
land,2021-10-16,temperature,12.760714285714286
land,2021-10-17,temperature,12.414285714285715
land,2021-10-18,temperature,12.067857142857143
land,2021-10-19,temperature,11.721428571428572
land,2021-10-20,temperature,11.375
land,2021-10-21,temperature,11.839285714285715
land,2021-10-22,temperature,12.303571428571429
land,2021-10-23,temperature,12.767857142857142
land,2021-10-24,temperature,13.232142857142858
land,2021-10-25,temperature,13.696428571428571
land,2021-10-26,temperature,14.160714285714285
land,2021-10-27,temperature,14.625
land,2021-10-28,temperature,14.457142857142857
land,2021-10-29,temperature,14.289285714285715
land,2021-10-30,temperature,14.121428571428572
land,2021-10-31,temperature,13.953571428571427
land,2021-11-01,temperature,13.785714285714285
land,2021-11-02,temperature,13.617857142857144
land,2021-11-03,temperature,13.45
land,2021-11-04,temperature,12.99642857142857
land,2021-11-05,temperature,12.542857142857143
land,2021-11-06,temperature,12.089285714285715
land,2021-11-07,temperature,11.635714285714286
land,2021-11-08,temperature,11.182142857142857
land,2021-11-09,temperature,10.72857142857143
land,2021-11-10,temperature,10.275
land,2021-11-11,temperature,10.175
land,2021-11-12,temperature,10.075
land,2021-11-13,temperature,9.975
land,2021-11-14,temperature,9.875
land,2021-11-15,temperature,9.775
land,2021-11-16,temperature,9.674999999999999
land,2021-11-17,temperature,9.575
land,2021-11-18,temperature,9.610714285714286
land,2021-11-19,temperature,9.64642857142857
land,2021-11-20,temperature,9.682142857142857
land,2021-11-21,temperature,9.717857142857143
land,2021-11-22,temperature,9.75357142857143
land,2021-11-23,temperature,9.789285714285715
land,2021-11-24,temperature,9.825
land,2021-11-25,temperature,9.335714285714285
land,2021-11-26,temperature,8.846428571428572
land,2021-11-27,temperature,8.357142857142858
land,2021-11-28,temperature,7.867857142857143
land,2021-11-29,temperature,7.378571428571429
land,2021-11-30,temperature,6.889285714285714
land,2021-12-01,temperature,6.4
land,2021-12-02,temperature,6.692857142857143
land,2021-12-03,temperature,6.985714285714286
land,2021-12-04,temperature,7.2785714285714285
land,2021-12-05,temperature,7.571428571428571
land,2021-12-06,temperature,7.864285714285715
land,2021-12-07,temperature,8.157142857142857
land,2021-12-08,temperature,8.45
land,2021-12-09,temperature,8.19375
land,2021-12-10,temperature,7.9375
land,2021-12-11,temperature,7.6812499999999995
land,2021-12-12,temperature,7.425000000000001
land,2021-12-13,temperature,7.16875
land,2021-12-14,temperature,6.9125
land,2021-12-15,temperature,6.65625
land,2021-12-16,temperature,6.4
land,2021-12-17,temperature,6.21
land,2021-12-18,temperature,6.02
land,2021-12-19,temperature,5.83
land,2021-12-20,temperature,5.64
land,2021-12-21,temperature,5.45
land,2021-12-22,temperature,5.26
land,2021-12-23,temperature,5.07
land,2021-12-24,temperature,4.880000000000001
land,2021-12-25,temperature,4.6899999999999995
land,2021-12-26,temperature,4.5
land,2021-12-27,temperature,4.31
land,2021-12-28,temperature,4.12
land,2021-12-29,temperature,3.93
land,2021-12-30,temperature,3.74
land,2021-12-31,temperature,3.55
land,2022-01-01,temperature,3.36
land,2022-01-02,temperature,3.17
land,2022-01-03,temperature,2.98
land,2022-01-04,temperature,2.79
land,2022-01-05,temperature,2.6
land,2022-01-06,temperature,2.6464285714285714
land,2022-01-07,temperature,2.692857142857143
land,2022-01-08,temperature,2.7392857142857143
land,2022-01-09,temperature,2.7857142857142856
land,2022-01-10,temperature,2.8321428571428573
land,2022-01-11,temperature,2.8785714285714286
land,2022-01-12,temperature,2.925
land,2022-01-13,temperature,3.3285714285714283
land,2022-01-14,temperature,3.732142857142857
land,2022-01-15,temperature,4.135714285714286
land,2022-01-16,temperature,4.539285714285715
land,2022-01-17,temperature,4.942857142857143
land,2022-01-18,temperature,5.3464285714285715
land,2022-01-19,temperature,5.75
land,2022-01-20,temperature,5.628571428571428
land,2022-01-21,temperature,5.507142857142857
land,2022-01-22,temperature,5.385714285714286
land,2022-01-23,temperature,5.264285714285714
land,2022-01-24,temperature,5.142857142857142
land,2022-01-25,temperature,5.021428571428571
land,2022-01-26,temperature,4.9
land,2022-01-27,temperature,4.910714285714286
land,2022-01-28,temperature,4.921428571428572
land,2022-01-29,temperature,4.932142857142857
land,2022-01-30,temperature,4.942857142857143
land,2022-01-31,temperature,4.953571428571428
land,2022-02-01,temperature,4.964285714285714
land,2022-02-02,temperature,4.975
land,2022-02-03,temperature,5.021428571428571
land,2022-02-04,temperature,5.067857142857143
land,2022-02-05,temperature,5.114285714285714
land,2022-02-06,temperature,5.160714285714286
land,2022-02-07,temperature,5.207142857142857
land,2022-02-08,temperature,5.253571428571429
land,2022-02-09,temperature,5.3
land,2022-02-10,temperature,5.325
land,2022-02-11,temperature,5.35
land,2022-02-12,temperature,5.375
land,2022-02-13,temperature,5.4
land,2022-02-14,temperature,5.425
land,2022-02-15,temperature,5.45
land,2022-02-16,temperature,5.475
land,2022-02-17,temperature,5.35
land,2022-02-18,temperature,5.225
land,2022-02-19,temperature,5.1
land,2022-02-20,temperature,4.975
land,2022-02-21,temperature,4.85
land,2022-02-22,temperature,4.725
land,2022-02-23,temperature,4.6
land,2022-02-24,temperature,4.935714285714285
land,2022-02-25,temperature,5.271428571428571
land,2022-02-26,temperature,5.607142857142857
land,2022-02-27,temperature,5.942857142857143
land,2022-02-28,temperature,6.2785714285714285
land,2022-03-01,temperature,6.614285714285714
land,2022-03-02,temperature,6.95
land,2022-03-03,temperature,6.828571428571428
land,2022-03-04,temperature,6.707142857142857
land,2022-03-05,temperature,6.585714285714285
land,2022-03-06,temperature,6.464285714285714
land,2022-03-07,temperature,6.3428571428571425
land,2022-03-08,temperature,6.2214285714285715
land,2022-03-09,temperature,6.1
land,2022-03-10,temperature,6.335714285714285
land,2022-03-11,temperature,6.571428571428571
land,2022-03-12,temperature,6.807142857142857
land,2022-03-13,temperature,7.042857142857143
land,2022-03-14,temperature,7.2785714285714285
land,2022-03-15,temperature,7.514285714285714
land,2022-03-16,temperature,7.75
land,2022-03-17,temperature,7.992857142857142
land,2022-03-18,temperature,8.235714285714286
land,2022-03-19,temperature,8.478571428571428
land,2022-03-20,temperature,8.721428571428572
land,2022-03-21,temperature,8.964285714285715
land,2022-03-22,temperature,9.207142857142857
land,2022-03-23,temperature,9.45
land,2022-03-24,temperature,9.446428571428571
land,2022-03-25,temperature,9.442857142857143
land,2022-03-26,temperature,9.439285714285715
land,2022-03-27,temperature,9.435714285714285
land,2022-03-28,temperature,9.432142857142857
land,2022-03-29,temperature,9.428571428571429
land,2022-03-30,temperature,9.425
land,2022-03-31,temperature,9.42142857142857
land,2022-04-01,temperature,9.417857142857143
land,2022-04-02,temperature,9.414285714285715
land,2022-04-03,temperature,9.410714285714285
land,2022-04-04,temperature,9.407142857142857
land,2022-04-05,temperature,9.403571428571428
land,2022-04-06,temperature,9.4
land,2022-04-07,temperature,9.24642857142857
land,2022-04-08,temperature,9.092857142857143
land,2022-04-09,temperature,8.939285714285713
land,2022-04-10,temperature,8.785714285714286
land,2022-04-11,temperature,8.632142857142856
land,2022-04-12,temperature,8.478571428571428
land,2022-04-13,temperature,8.325
land,2022-04-14,temperature,8.646875
land,2022-04-15,temperature,8.96875
land,2022-04-16,temperature,9.290625
land,2022-04-17,temperature,9.6125
land,2022-04-18,temperature,9.934375
land,2022-04-19,temperature,10.25625
land,2022-04-20,temperature,10.578125
land,2022-04-21,temperature,10.9
land,2022-04-22,temperature,11.395833333333334
land,2022-04-23,temperature,11.891666666666667
land,2022-04-24,temperature,12.3875
land,2022-04-25,temperature,12.883333333333333
land,2022-04-26,temperature,13.379166666666666
land,2022-04-27,temperature,13.875
land,2022-04-28,temperature,13.385714285714286
land,2022-04-29,temperature,12.896428571428572
land,2022-04-30,temperature,12.407142857142858
land,2022-05-01,temperature,11.917857142857144
land,2022-05-02,temperature,11.428571428571429
land,2022-05-03,temperature,10.939285714285713
land,2022-05-04,temperature,10.45
land,2022-05-05,temperature,10.549999999999999
land,2022-05-06,temperature,10.65
land,2022-05-07,temperature,10.75
land,2022-05-08,temperature,10.85
land,2022-05-09,temperature,10.95
land,2022-05-10,temperature,11.05
land,2022-05-11,temperature,11.15
land,2022-05-12,temperature,11.367857142857144
land,2022-05-13,temperature,11.585714285714285
land,2022-05-14,temperature,11.803571428571429
land,2022-05-15,temperature,12.021428571428572
land,2022-05-16,temperature,12.239285714285714
land,2022-05-17,temperature,12.457142857142857
land,2022-05-18,temperature,12.675
land,2022-05-19,temperature,13.284375
land,2022-05-20,temperature,13.89375
land,2022-05-21,temperature,14.503125
land,2022-05-22,temperature,15.1125
land,2022-05-23,temperature,15.721875
land,2022-05-24,temperature,16.33125
land,2022-05-25,temperature,16.940625
land,2022-05-26,temperature,17.55
land,2022-05-27,temperature,17.260714285714286
land,2022-05-28,temperature,16.97142857142857
land,2022-05-29,temperature,16.682142857142857
land,2022-05-30,temperature,16.392857142857142
land,2022-05-31,temperature,16.103571428571428
land,2022-06-01,temperature,15.814285714285715
land,2022-06-02,temperature,15.525
land,2022-06-03,temperature,15.7125
land,2022-06-04,temperature,15.9
land,2022-06-05,temperature,16.0875
land,2022-06-06,temperature,16.275
land,2022-06-07,temperature,16.4625
land,2022-06-08,temperature,16.65
land,2022-06-09,temperature,16.510714285714286
land,2022-06-10,temperature,16.371428571428574
land,2022-06-11,temperature,16.232142857142858
land,2022-06-12,temperature,16.09285714285714
land,2022-06-13,temperature,15.95357142857143
land,2022-06-14,temperature,15.814285714285713
land,2022-06-15,temperature,15.675
land,2022-06-16,temperature,16.121428571428574
land,2022-06-17,temperature,16.567857142857143
land,2022-06-18,temperature,17.014285714285712
land,2022-06-19,temperature,17.460714285714285
land,2022-06-20,temperature,17.90714285714286
land,2022-06-21,temperature,18.353571428571428
land,2022-06-22,temperature,18.8
land,2022-06-23,temperature,19.04642857142857
land,2022-06-24,temperature,19.29285714285714
land,2022-06-25,temperature,19.539285714285715
land,2022-06-26,temperature,19.785714285714285
land,2022-06-27,temperature,20.03214285714286
land,2022-06-28,temperature,20.27857142857143
land,2022-06-29,temperature,20.525
land,2022-06-30,temperature,20.228571428571428
land,2022-07-01,temperature,19.932142857142857
land,2022-07-02,temperature,19.635714285714286
land,2022-07-03,temperature,19.339285714285715
land,2022-07-04,temperature,19.042857142857144
land,2022-07-05,temperature,18.746428571428574
land,2022-07-06,temperature,18.45
land,2022-07-07,temperature,18.435714285714287
land,2022-07-08,temperature,18.42142857142857
land,2022-07-09,temperature,18.40714285714286
land,2022-07-10,temperature,18.392857142857142
land,2022-07-11,temperature,18.378571428571426
land,2022-07-12,temperature,18.364285714285714
land,2022-07-13,temperature,18.35
land,2022-07-14,temperature,18.604166666666664
land,2022-07-15,temperature,18.858333333333334
land,2022-07-16,temperature,19.1125
land,2022-07-17,temperature,19.366666666666667
land,2022-07-18,temperature,19.620833333333334
land,2022-07-19,temperature,19.875
land,2022-07-20,temperature,19.9375
land,2022-07-21,temperature,20.0
land,2022-07-22,temperature,20.0625
land,2022-07-23,temperature,20.125
land,2022-07-24,temperature,20.1875
land,2022-07-25,temperature,20.25
land,2022-07-26,temperature,20.3125
land,2022-07-27,temperature,20.375
land,2022-07-28,temperature,20.28214285714286
land,2022-07-29,temperature,20.189285714285717
land,2022-07-30,temperature,20.09642857142857
land,2022-07-31,temperature,20.003571428571426
land,2022-08-01,temperature,19.910714285714285
land,2022-08-02,temperature,19.817857142857143
land,2022-08-03,temperature,19.725
land,2022-08-04,temperature,19.385714285714286
land,2022-08-05,temperature,19.04642857142857
land,2022-08-06,temperature,18.707142857142856
land,2022-08-07,temperature,18.367857142857144
land,2022-08-08,temperature,18.02857142857143
land,2022-08-09,temperature,17.689285714285713
land,2022-08-10,temperature,17.35
land,2022-08-11,temperature,17.257142857142856
land,2022-08-12,temperature,17.164285714285715
land,2022-08-13,temperature,17.071428571428573
land,2022-08-14,temperature,16.978571428571428
land,2022-08-15,temperature,16.885714285714286
land,2022-08-16,temperature,16.792857142857144
land,2022-08-17,temperature,16.7
land,2022-08-18,temperature,16.771428571428572
land,2022-08-19,temperature,16.84285714285714
land,2022-08-20,temperature,16.914285714285715
land,2022-08-21,temperature,16.985714285714288
land,2022-08-22,temperature,17.057142857142857
land,2022-08-23,temperature,17.12857142857143
land,2022-08-24,temperature,17.2
land,2022-08-25,temperature,16.85
land,2022-08-26,temperature,16.5
land,2022-08-27,temperature,16.15
land,2022-08-28,temperature,15.8
land,2022-08-29,temperature,15.45
land,2022-08-30,temperature,15.100000000000001
land,2022-08-31,temperature,14.75
land,2022-09-01,temperature,14.841666666666667
land,2022-09-02,temperature,14.933333333333334
land,2022-09-03,temperature,15.025
land,2022-09-04,temperature,15.116666666666667
land,2022-09-05,temperature,15.208333333333332
land,2022-09-06,temperature,15.3
land,2022-09-07,temperature,15.325
land,2022-09-08,temperature,15.35
land,2022-09-09,temperature,15.375
land,2022-09-10,temperature,15.4
land,2022-09-11,temperature,15.425
land,2022-09-12,temperature,15.45
land,2022-09-13,temperature,15.475
land,2022-09-14,temperature,15.5
land,2022-09-15,temperature,15.282142857142857
land,2022-09-16,temperature,15.064285714285713
land,2022-09-17,temperature,14.846428571428572
land,2022-09-18,temperature,14.628571428571428
land,2022-09-19,temperature,14.410714285714286
land,2022-09-20,temperature,14.192857142857143
land,2022-09-21,temperature,13.975
land,2022-09-22,temperature,13.75
land,2022-09-23,temperature,13.525
land,2022-09-24,temperature,13.3
land,2022-09-25,temperature,13.075000000000001
land,2022-09-26,temperature,12.850000000000001
land,2022-09-27,temperature,12.625
land,2022-09-28,temperature,12.4
land,2022-09-29,temperature,12.582142857142857
land,2022-09-30,temperature,12.764285714285716
land,2022-10-01,temperature,12.946428571428571
land,2022-10-02,temperature,13.12857142857143
land,2022-10-03,temperature,13.310714285714285
land,2022-10-04,temperature,13.492857142857144
land,2022-10-05,temperature,13.675
land,2022-10-06,temperature,13.514285714285716
land,2022-10-07,temperature,13.353571428571428
land,2022-10-08,temperature,13.192857142857143
land,2022-10-09,temperature,13.032142857142857
land,2022-10-10,temperature,12.871428571428572
land,2022-10-11,temperature,12.710714285714285
land,2022-10-12,temperature,12.55
land,2022-10-13,temperature,12.167857142857143
land,2022-10-14,temperature,11.785714285714285
land,2022-10-15,temperature,11.403571428571428
land,2022-10-16,temperature,11.021428571428572
land,2022-10-17,temperature,10.639285714285714
land,2022-10-18,temperature,10.257142857142858
land,2022-10-19,temperature,9.875
land,2022-10-20,temperature,9.49642857142857
land,2022-10-21,temperature,9.117857142857144
land,2022-10-22,temperature,8.739285714285714
land,2022-10-23,temperature,8.360714285714286
land,2022-10-24,temperature,7.982142857142858
land,2022-10-25,temperature,7.6035714285714295
land,2022-10-26,temperature,7.225
land,2022-10-27,temperature,7.7214285714285715
land,2022-10-28,temperature,8.217857142857142
land,2022-10-29,temperature,8.714285714285714
land,2022-10-30,temperature,9.210714285714285
land,2022-10-31,temperature,9.707142857142857
land,2022-11-01,temperature,10.20357142857143
land,2022-11-02,temperature,10.7
land,2022-11-03,temperature,10.325
land,2022-11-04,temperature,9.95
land,2022-11-05,temperature,9.575
land,2022-11-06,temperature,9.2
land,2022-11-07,temperature,8.825
land,2022-11-08,temperature,8.45
land,2022-11-09,temperature,8.075
land,2022-11-10,temperature,7.742857142857143
land,2022-11-11,temperature,7.410714285714286
land,2022-11-12,temperature,7.078571428571429
land,2022-11-13,temperature,6.746428571428572
land,2022-11-14,temperature,6.414285714285715
land,2022-11-15,temperature,6.082142857142857
land,2022-11-16,temperature,5.75
land,2022-11-17,temperature,5.878571428571428
land,2022-11-18,temperature,6.007142857142857
land,2022-11-19,temperature,6.135714285714286
land,2022-11-20,temperature,6.264285714285714
land,2022-11-21,temperature,6.392857142857142
land,2022-11-22,temperature,6.521428571428571
land,2022-11-23,temperature,6.65
land,2022-11-24,temperature,5.9035714285714285
land,2022-11-25,temperature,5.157142857142857
land,2022-11-26,temperature,4.410714285714286
land,2022-11-27,temperature,3.664285714285714
land,2022-11-28,temperature,2.9178571428571427
land,2022-11-29,temperature,2.1714285714285717
land,2022-11-30,temperature,1.425
land,2022-12-01,temperature,1.4535714285714285
land,2022-12-02,temperature,1.4821428571428572
land,2022-12-03,temperature,1.5107142857142857
land,2022-12-04,temperature,1.5392857142857144
land,2022-12-05,temperature,1.5678571428571428
land,2022-12-06,temperature,1.5964285714285713
land,2022-12-07,temperature,1.625
land,2022-12-08,temperature,1.8535714285714284
land,2022-12-09,temperature,2.0821428571428573
land,2022-12-10,temperature,2.3107142857142855
land,2022-12-11,temperature,2.539285714285714
land,2022-12-12,temperature,2.767857142857143
land,2022-12-13,temperature,2.996428571428571
land,2022-12-14,temperature,3.225
land,2022-12-15,temperature,2.807142857142857
land,2022-12-16,temperature,2.3892857142857142
land,2022-12-17,temperature,1.9714285714285715
land,2022-12-18,temperature,1.5535714285714286
land,2022-12-19,temperature,1.1357142857142857
land,2022-12-20,temperature,0.7178571428571429
land,2022-12-21,temperature,0.3
land,2022-12-22,temperature,0.5339285714285714
land,2022-12-23,temperature,0.7678571428571429
land,2022-12-24,temperature,1.0017857142857143
land,2022-12-25,temperature,1.2357142857142858
land,2022-12-26,temperature,1.4696428571428573
land,2022-12-27,temperature,1.7035714285714287
land,2022-12-28,temperature,1.9375
land,2022-12-29,temperature,2.1714285714285717
land,2022-12-30,temperature,2.405357142857143
land,2022-12-31,temperature,2.6392857142857142
land,2023-01-01,temperature,2.873214285714286
land,2023-01-02,temperature,3.107142857142857
land,2023-01-03,temperature,3.3410714285714285
land,2023-01-04,temperature,3.575
land,2023-01-05,temperature,3.85
land,2023-01-06,temperature,4.125
land,2023-01-07,temperature,4.4
land,2023-01-08,temperature,4.675
land,2023-01-09,temperature,4.95
land,2023-01-10,temperature,5.225
land,2023-01-11,temperature,5.5
land,2023-01-12,temperature,5.707142857142857
land,2023-01-13,temperature,5.914285714285715
land,2023-01-14,temperature,6.121428571428571
land,2023-01-15,temperature,6.328571428571428
land,2023-01-16,temperature,6.535714285714286
land,2023-01-17,temperature,6.742857142857143
land,2023-01-18,temperature,6.95
land,2023-01-19,temperature,6.8
land,2023-01-20,temperature,6.65
land,2023-01-21,temperature,6.5
land,2023-01-22,temperature,6.35
land,2023-01-23,temperature,6.199999999999999
land,2023-01-24,temperature,6.050000000000001
land,2023-01-25,temperature,5.9
land,2023-01-26,temperature,5.521428571428571
land,2023-01-27,temperature,5.142857142857142
land,2023-01-28,temperature,4.764285714285714
land,2023-01-29,temperature,4.385714285714286
land,2023-01-30,temperature,4.007142857142856
land,2023-01-31,temperature,3.6285714285714286
land,2023-02-01,temperature,3.25
land,2023-02-02,temperature,3.8035714285714284
land,2023-02-03,temperature,4.357142857142858
land,2023-02-04,temperature,4.910714285714286
land,2023-02-05,temperature,5.464285714285714
land,2023-02-06,temperature,6.017857142857142
land,2023-02-07,temperature,6.571428571428571
land,2023-02-08,temperature,7.125
land,2023-02-09,temperature,7.15
land,2023-02-10,temperature,7.175
land,2023-02-11,temperature,7.2
land,2023-02-12,temperature,7.225
land,2023-02-13,temperature,7.25
land,2023-02-14,temperature,7.275
land,2023-02-15,temperature,7.134375
land,2023-02-16,temperature,6.9937499999999995
land,2023-02-17,temperature,6.853125
land,2023-02-18,temperature,6.7125
land,2023-02-19,temperature,6.571875
land,2023-02-20,temperature,6.43125
land,2023-02-21,temperature,6.2906249999999995
land,2023-02-22,temperature,6.15
land,2023-02-23,temperature,6.035714285714286
land,2023-02-24,temperature,5.921428571428571
land,2023-02-25,temperature,5.807142857142857
land,2023-02-26,temperature,5.692857142857143
land,2023-02-27,temperature,5.578571428571429
land,2023-02-28,temperature,5.464285714285714
land,2023-03-01,temperature,5.35
land,2023-03-02,temperature,5.367857142857143
land,2023-03-03,temperature,5.385714285714286
land,2023-03-04,temperature,5.4035714285714285
land,2023-03-05,temperature,5.421428571428572
land,2023-03-06,temperature,5.439285714285714
land,2023-03-07,temperature,5.457142857142857
land,2023-03-08,temperature,5.475
land,2023-03-09,temperature,5.921428571428572
land,2023-03-10,temperature,6.367857142857143
land,2023-03-11,temperature,6.814285714285714
land,2023-03-12,temperature,7.260714285714285
land,2023-03-13,temperature,7.707142857142857
land,2023-03-14,temperature,8.153571428571428
land,2023-03-15,temperature,8.6
land,2023-03-16,temperature,8.782142857142857
land,2023-03-17,temperature,8.964285714285715
land,2023-03-18,temperature,9.146428571428572
land,2023-03-19,temperature,9.32857142857143
land,2023-03-20,temperature,9.510714285714286
land,2023-03-21,temperature,9.692857142857143
land,2023-03-22,temperature,9.875
land,2023-03-23,temperature,9.925
land,2023-03-24,temperature,9.975
land,2023-03-25,temperature,10.024999999999999
land,2023-03-26,temperature,10.075
land,2023-03-27,temperature,10.125
land,2023-03-28,temperature,10.175
land,2023-03-29,temperature,10.225
land,2023-03-30,temperature,10.27142857142857
land,2023-03-31,temperature,10.317857142857143
land,2023-04-01,temperature,10.364285714285714
land,2023-04-02,temperature,10.410714285714286
land,2023-04-03,temperature,10.457142857142857
land,2023-04-04,temperature,10.503571428571428
land,2023-04-05,temperature,10.55
land,2023-04-06,temperature,11.0125
land,2023-04-07,temperature,11.475
land,2023-04-08,temperature,11.9375
land,2023-04-09,temperature,12.399999999999999
land,2023-04-10,temperature,12.8625
land,2023-04-11,temperature,13.325
land,2023-04-12,temperature,13.274999999999999
land,2023-04-13,temperature,13.225
land,2023-04-14,temperature,13.175
land,2023-04-15,temperature,13.125
land,2023-04-16,temperature,13.075
land,2023-04-17,temperature,13.025
land,2023-04-18,temperature,12.975000000000001
land,2023-04-19,temperature,12.925
land,2023-04-20,temperature,13.175
land,2023-04-21,temperature,13.425
land,2023-04-22,temperature,13.675
land,2023-04-23,temperature,13.925
land,2023-04-24,temperature,14.175
land,2023-04-25,temperature,14.424999999999999
land,2023-04-26,temperature,14.675
land,2023-04-27,temperature,14.417857142857143
land,2023-04-28,temperature,14.160714285714286
land,2023-04-29,temperature,13.903571428571428
land,2023-04-30,temperature,13.646428571428572
land,2023-05-01,temperature,13.389285714285714
land,2023-05-02,temperature,13.132142857142856
land,2023-05-03,temperature,12.875
land,2023-05-04,temperature,13.329166666666666
land,2023-05-05,temperature,13.783333333333333
land,2023-05-06,temperature,14.2375
land,2023-05-07,temperature,14.691666666666666
land,2023-05-08,temperature,15.145833333333334
land,2023-05-09,temperature,15.600000000000001
land,2023-05-10,temperature,15.32857142857143
land,2023-05-11,temperature,15.057142857142857
land,2023-05-12,temperature,14.785714285714285
land,2023-05-13,temperature,14.514285714285714
land,2023-05-14,temperature,14.242857142857142
land,2023-05-15,temperature,13.971428571428572
land,2023-05-16,temperature,13.7
land,2023-05-17,temperature,13.73125
land,2023-05-18,temperature,13.7625
land,2023-05-19,temperature,13.79375
land,2023-05-20,temperature,13.825
land,2023-05-21,temperature,13.85625
land,2023-05-22,temperature,13.8875
land,2023-05-23,temperature,13.91875
land,2023-05-24,temperature,13.95
land,2023-05-25,temperature,13.914285714285715
land,2023-05-26,temperature,13.87857142857143
land,2023-05-27,temperature,13.842857142857143
land,2023-05-28,temperature,13.807142857142857
land,2023-05-29,temperature,13.771428571428572
land,2023-05-30,temperature,13.735714285714286
land,2023-05-31,temperature,13.7
land,2023-06-01,temperature,13.942857142857143
land,2023-06-02,temperature,14.185714285714287
land,2023-06-03,temperature,14.428571428571429
land,2023-06-04,temperature,14.67142857142857
land,2023-06-05,temperature,14.914285714285715
land,2023-06-06,temperature,15.157142857142858
land,2023-06-07,temperature,15.4
land,2023-06-08,temperature,15.367857142857144
land,2023-06-09,temperature,15.335714285714285
land,2023-06-10,temperature,15.303571428571429
land,2023-06-11,temperature,15.271428571428572
land,2023-06-12,temperature,15.239285714285714
land,2023-06-13,temperature,15.207142857142857
land,2023-06-14,temperature,15.175
land,2023-06-15,temperature,15.325
land,2023-06-16,temperature,15.475000000000001
land,2023-06-17,temperature,15.625
land,2023-06-18,temperature,15.775
land,2023-06-19,temperature,15.925
land,2023-06-20,temperature,16.075000000000003
land,2023-06-21,temperature,16.225
land,2023-06-22,temperature,16.514285714285712
land,2023-06-23,temperature,16.80357142857143
land,2023-06-24,temperature,17.09285714285714
land,2023-06-25,temperature,17.382142857142856
land,2023-06-26,temperature,17.67142857142857
land,2023-06-27,temperature,17.960714285714285
land,2023-06-28,temperature,18.25
land,2023-06-29,temperature,18.210714285714285
land,2023-06-30,temperature,18.17142857142857
land,2023-07-01,temperature,18.13214285714286
land,2023-07-02,temperature,18.09285714285714
land,2023-07-03,temperature,18.05357142857143
land,2023-07-04,temperature,18.014285714285716
land,2023-07-05,temperature,17.975
land,2023-07-06,temperature,17.85
land,2023-07-07,temperature,17.725
land,2023-07-08,temperature,17.6
land,2023-07-09,temperature,17.475
land,2023-07-10,temperature,17.35
land,2023-07-11,temperature,17.225
land,2023-07-12,temperature,17.1
land,2023-07-13,temperature,16.975
land,2023-07-14,temperature,16.85
land,2023-07-15,temperature,16.725
land,2023-07-16,temperature,16.6
land,2023-07-17,temperature,16.475
land,2023-07-18,temperature,16.35
land,2023-07-19,temperature,16.225
land,2023-07-20,temperature,16.289285714285715
land,2023-07-21,temperature,16.353571428571428
land,2023-07-22,temperature,16.41785714285714
land,2023-07-23,temperature,16.482142857142858
land,2023-07-24,temperature,16.54642857142857
land,2023-07-25,temperature,16.610714285714284
land,2023-07-26,temperature,16.674999999999997
land,2023-07-27,temperature,17.060714285714283
land,2023-07-28,temperature,17.44642857142857
land,2023-07-29,temperature,17.832142857142856
land,2023-07-30,temperature,18.21785714285714
land,2023-07-31,temperature,18.603571428571428
land,2023-08-01,temperature,18.989285714285714
land,2023-08-02,temperature,19.375
land,2023-08-03,temperature,18.90357142857143
land,2023-08-04,temperature,18.432142857142857
land,2023-08-05,temperature,17.960714285714285
land,2023-08-06,temperature,17.489285714285714
land,2023-08-07,temperature,17.017857142857142
land,2023-08-08,temperature,16.54642857142857
land,2023-08-09,temperature,16.075
land,2023-08-10,temperature,16.17142857142857
land,2023-08-11,temperature,16.267857142857142
land,2023-08-12,temperature,16.364285714285714
land,2023-08-13,temperature,16.460714285714285
land,2023-08-14,temperature,16.557142857142857
land,2023-08-15,temperature,16.65357142857143
land,2023-08-16,temperature,16.75
land,2023-08-17,temperature,16.57857142857143
land,2023-08-18,temperature,16.40714285714286
land,2023-08-19,temperature,16.235714285714288
land,2023-08-20,temperature,16.064285714285713
land,2023-08-21,temperature,15.892857142857142
land,2023-08-22,temperature,15.721428571428572
land,2023-08-23,temperature,15.55
land,2023-08-24,temperature,15.528571428571428
land,2023-08-25,temperature,15.507142857142858
land,2023-08-26,temperature,15.485714285714286
land,2023-08-27,temperature,15.464285714285714
land,2023-08-28,temperature,15.442857142857143
land,2023-08-29,temperature,15.42142857142857
land,2023-08-30,temperature,15.399999999999999
land,2023-08-31,temperature,15.39642857142857
land,2023-09-01,temperature,15.392857142857142
land,2023-09-02,temperature,15.389285714285714
land,2023-09-03,temperature,15.385714285714286
land,2023-09-04,temperature,15.382142857142856
land,2023-09-05,temperature,15.378571428571428
land,2023-09-06,temperature,15.375
land,2023-09-07,temperature,15.307142857142857
land,2023-09-08,temperature,15.239285714285714
land,2023-09-09,temperature,15.17142857142857
land,2023-09-10,temperature,15.103571428571428
land,2023-09-11,temperature,15.035714285714285
land,2023-09-12,temperature,14.967857142857142
land,2023-09-13,temperature,14.9
land,2023-09-14,temperature,14.832142857142857
land,2023-09-15,temperature,14.764285714285714
land,2023-09-16,temperature,14.696428571428573
land,2023-09-17,temperature,14.628571428571428
land,2023-09-18,temperature,14.560714285714285
land,2023-09-19,temperature,14.492857142857144
land,2023-09-20,temperature,14.425
land,2023-09-21,temperature,14.483333333333334
land,2023-09-22,temperature,14.541666666666666
land,2023-09-23,temperature,14.6
land,2023-09-24,temperature,14.658333333333333
land,2023-09-25,temperature,14.716666666666667
land,2023-09-26,temperature,14.775
land,2023-09-27,temperature,14.909375
land,2023-09-28,temperature,15.04375
land,2023-09-29,temperature,15.178125
land,2023-09-30,temperature,15.3125
land,2023-10-01,temperature,15.446875
land,2023-10-02,temperature,15.58125
land,2023-10-03,temperature,15.715625
land,2023-10-04,temperature,15.85
land,2023-10-05,temperature,15.678571428571429
land,2023-10-06,temperature,15.507142857142856
land,2023-10-07,temperature,15.335714285714285
land,2023-10-08,temperature,15.164285714285715
land,2023-10-09,temperature,14.992857142857144
land,2023-10-10,temperature,14.821428571428571
land,2023-10-11,temperature,14.65
land,2023-10-12,temperature,14.117857142857144
land,2023-10-13,temperature,13.585714285714285
land,2023-10-14,temperature,13.053571428571429
land,2023-10-15,temperature,12.521428571428572
land,2023-10-16,temperature,11.989285714285714
land,2023-10-17,temperature,11.457142857142857
land,2023-10-18,temperature,10.925
land,2023-10-19,temperature,10.95357142857143
land,2023-10-20,temperature,10.982142857142858
land,2023-10-21,temperature,11.010714285714286
land,2023-10-22,temperature,11.039285714285715
land,2023-10-23,temperature,11.067857142857143
land,2023-10-24,temperature,11.096428571428572
land,2023-10-25,temperature,11.125
land,2023-10-26,temperature,11.303571428571427
land,2023-10-27,temperature,11.482142857142858
land,2023-10-28,temperature,11.660714285714285
land,2023-10-29,temperature,11.839285714285715
land,2023-10-30,temperature,12.017857142857142
land,2023-10-31,temperature,12.196428571428571
land,2023-11-01,temperature,12.375
land,2023-11-02,temperature,11.778571428571428
land,2023-11-03,temperature,11.182142857142857
land,2023-11-04,temperature,10.585714285714285
land,2023-11-05,temperature,9.989285714285714
land,2023-11-06,temperature,9.392857142857142
land,2023-11-07,temperature,8.796428571428573
land,2023-11-08,temperature,8.200000000000001
land,2023-11-09,temperature,8.510714285714286
land,2023-11-10,temperature,8.821428571428571
land,2023-11-11,temperature,9.132142857142858
land,2023-11-12,temperature,9.442857142857143
land,2023-11-13,temperature,9.753571428571428
land,2023-11-14,temperature,10.064285714285713
land,2023-11-15,temperature,10.375
land,2023-11-16,temperature,10.239285714285714
land,2023-11-17,temperature,10.103571428571428
land,2023-11-18,temperature,9.967857142857143
land,2023-11-19,temperature,9.832142857142857
land,2023-11-20,temperature,9.696428571428571
land,2023-11-21,temperature,9.560714285714285
land,2023-11-22,temperature,9.425
land,2023-11-23,temperature,9.317857142857143
land,2023-11-24,temperature,9.210714285714285
land,2023-11-25,temperature,9.10357142857143
land,2023-11-26,temperature,8.996428571428572
land,2023-11-27,temperature,8.889285714285714
land,2023-11-28,temperature,8.782142857142857
land,2023-11-29,temperature,8.675
land,2023-11-30,temperature,8.175
land,2023-12-01,temperature,7.675000000000001
land,2023-12-02,temperature,7.175000000000001
land,2023-12-03,temperature,6.675000000000001
land,2023-12-04,temperature,6.175000000000001
land,2023-12-05,temperature,5.675
land,2023-12-06,temperature,5.175
land,2023-12-07,temperature,5.217857142857143
land,2023-12-08,temperature,5.260714285714286
land,2023-12-09,temperature,5.303571428571429
land,2023-12-10,temperature,5.3464285714285715
land,2023-12-11,temperature,5.389285714285714
land,2023-12-12,temperature,5.432142857142857
land,2023-12-13,temperature,5.475
land,2023-12-14,temperature,5.104166666666667
land,2023-12-15,temperature,4.733333333333333
land,2023-12-16,temperature,4.3625
land,2023-12-17,temperature,3.991666666666667
land,2023-12-18,temperature,3.6208333333333336
land,2023-12-19,temperature,3.25
land,2023-12-20,temperature,3.5633333333333335
land,2023-12-21,temperature,3.876666666666667
land,2023-12-22,temperature,4.19
land,2023-12-23,temperature,4.503333333333334
land,2023-12-24,temperature,4.816666666666667
land,2023-12-25,temperature,5.130000000000001
land,2023-12-26,temperature,5.443333333333333
land,2023-12-27,temperature,5.756666666666667
land,2023-12-28,temperature,6.07
land,2023-12-29,temperature,6.383333333333334
land,2023-12-30,temperature,6.696666666666667
land,2023-12-31,temperature,7.01
land,2024-01-01,temperature,7.323333333333334
land,2024-01-02,temperature,7.636666666666667
land,2024-01-03,temperature,7.950000000000001
land,2024-01-04,temperature,7.985714285714286
land,2024-01-05,temperature,8.021428571428572
land,2024-01-06,temperature,8.057142857142857
land,2024-01-07,temperature,8.092857142857143
land,2024-01-08,temperature,8.12857142857143
land,2024-01-09,temperature,8.164285714285715
land,2024-01-10,temperature,8.2
land,2024-01-11,temperature,7.345833333333333
land,2024-01-12,temperature,6.491666666666666
land,2024-01-13,temperature,5.637499999999999
land,2024-01-14,temperature,4.783333333333333
land,2024-01-15,temperature,3.9291666666666663
land,2024-01-16,temperature,3.075
land,2024-01-17,temperature,3.44375
land,2024-01-18,temperature,3.8125
land,2024-01-19,temperature,4.18125
land,2024-01-20,temperature,4.550000000000001
land,2024-01-21,temperature,4.91875
land,2024-01-22,temperature,5.2875
land,2024-01-23,temperature,5.65625
land,2024-01-24,temperature,6.025
land,2024-01-25,temperature,5.753571428571428
land,2024-01-26,temperature,5.482142857142857
land,2024-01-27,temperature,5.210714285714285
land,2024-01-28,temperature,4.939285714285714
land,2024-01-29,temperature,4.667857142857143
land,2024-01-30,temperature,4.3964285714285705
land,2024-01-31,temperature,4.125
land,2024-02-01,temperature,3.9178571428571427
land,2024-02-02,temperature,3.7107142857142854
land,2024-02-03,temperature,3.503571428571428
land,2024-02-04,temperature,3.2964285714285713
land,2024-02-05,temperature,3.089285714285714
land,2024-02-06,temperature,2.882142857142857
land,2024-02-07,temperature,2.675
land,2024-02-08,temperature,2.835714285714286
land,2024-02-09,temperature,2.9964285714285714
land,2024-02-10,temperature,3.157142857142857
land,2024-02-11,temperature,3.317857142857143
land,2024-02-12,temperature,3.4785714285714286
land,2024-02-13,temperature,3.6392857142857142
land,2024-02-14,temperature,3.8
land,2024-02-15,temperature,4.125
land,2024-02-16,temperature,4.45
land,2024-02-17,temperature,4.775
land,2024-02-18,temperature,5.1
land,2024-02-19,temperature,5.425
land,2024-02-20,temperature,5.75
land,2024-02-21,temperature,6.075
land,2024-02-22,temperature,6.5
land,2024-02-23,temperature,6.925
land,2024-02-24,temperature,7.35
land,2024-02-25,temperature,7.775
land,2024-02-26,temperature,8.2
land,2024-02-27,temperature,8.625
land,2024-02-28,temperature,8.38125
land,2024-02-29,temperature,8.1375
land,2024-03-01,temperature,7.89375
land,2024-03-02,temperature,7.65
land,2024-03-03,temperature,7.40625
land,2024-03-04,temperature,7.1625
land,2024-03-05,temperature,6.91875
land,2024-03-06,temperature,6.675
land,2024-03-07,temperature,7.032142857142857
land,2024-03-08,temperature,7.389285714285714
land,2024-03-09,temperature,7.746428571428572
land,2024-03-10,temperature,8.103571428571428
land,2024-03-11,temperature,8.460714285714285
land,2024-03-12,temperature,8.817857142857143
land,2024-03-13,temperature,9.175
land,2024-03-14,temperature,9.1
land,2024-03-15,temperature,9.025
land,2024-03-16,temperature,8.95
land,2024-03-17,temperature,8.875
land,2024-03-18,temperature,8.8
land,2024-03-19,temperature,8.725
land,2024-03-20,temperature,8.65
land,2024-03-21,temperature,8.910714285714285
land,2024-03-22,temperature,9.17142857142857
land,2024-03-23,temperature,9.432142857142857
land,2024-03-24,temperature,9.692857142857143
land,2024-03-25,temperature,9.95357142857143
land,2024-03-26,temperature,10.214285714285715
land,2024-03-27,temperature,10.475
land,2024-03-28,temperature,10.446428571428571
land,2024-03-29,temperature,10.417857142857143
land,2024-03-30,temperature,10.389285714285714
land,2024-03-31,temperature,10.360714285714286
land,2024-04-01,temperature,10.332142857142857
land,2024-04-02,temperature,10.303571428571429
land,2024-04-03,temperature,10.275
land,2024-04-04,temperature,10.192857142857143
land,2024-04-05,temperature,10.110714285714286
land,2024-04-06,temperature,10.028571428571428
land,2024-04-07,temperature,9.946428571428571
land,2024-04-08,temperature,9.864285714285714
land,2024-04-09,temperature,9.782142857142857
land,2024-04-10,temperature,9.7
land,2024-04-11,temperature,9.682142857142857
land,2024-04-12,temperature,9.664285714285715
land,2024-04-13,temperature,9.646428571428572
land,2024-04-14,temperature,9.62857142857143
land,2024-04-15,temperature,9.610714285714286
land,2024-04-16,temperature,9.592857142857143
land,2024-04-17,temperature,9.575
land,2024-04-18,temperature,9.667857142857143
land,2024-04-19,temperature,9.760714285714286
land,2024-04-20,temperature,9.853571428571428
land,2024-04-21,temperature,9.946428571428571
land,2024-04-22,temperature,10.039285714285715
land,2024-04-23,temperature,10.132142857142858
land,2024-04-24,temperature,10.225
land,2024-04-25,temperature,10.353571428571428
land,2024-04-26,temperature,10.482142857142858
land,2024-04-27,temperature,10.610714285714286
land,2024-04-28,temperature,10.739285714285714
land,2024-04-29,temperature,10.867857142857144
land,2024-04-30,temperature,10.996428571428572
land,2024-05-01,temperature,11.125
land,2024-05-02,temperature,11.089285714285715
land,2024-05-03,temperature,11.053571428571429
land,2024-05-04,temperature,11.017857142857142
land,2024-05-05,temperature,10.982142857142858
land,2024-05-06,temperature,10.946428571428571
land,2024-05-07,temperature,10.910714285714286
land,2024-05-08,temperature,10.875
land,2024-05-09,temperature,10.975000000000001
land,2024-05-10,temperature,11.075
land,2024-05-11,temperature,11.175
land,2024-05-12,temperature,11.275
land,2024-05-13,temperature,11.375
land,2024-05-14,temperature,11.475
land,2024-05-15,temperature,11.709375
land,2024-05-16,temperature,11.94375
land,2024-05-17,temperature,12.178125
land,2024-05-18,temperature,12.4125
land,2024-05-19,temperature,12.646875
land,2024-05-20,temperature,12.88125
land,2024-05-21,temperature,13.115625000000001
land,2024-05-22,temperature,13.35
land,2024-05-23,temperature,14.010714285714286
land,2024-05-24,temperature,14.67142857142857
land,2024-05-25,temperature,15.332142857142857
land,2024-05-26,temperature,15.992857142857144
land,2024-05-27,temperature,16.65357142857143
land,2024-05-28,temperature,17.314285714285713
land,2024-05-29,temperature,17.975
land,2024-05-30,temperature,17.4625
land,2024-05-31,temperature,16.95
land,2024-06-01,temperature,16.4375
land,2024-06-02,temperature,15.925
land,2024-06-03,temperature,15.4125
land,2024-06-04,temperature,14.9
land,2024-06-05,temperature,14.3875
land,2024-06-06,temperature,13.875
land,2024-06-07,temperature,13.675
land,2024-06-08,temperature,13.475
land,2024-06-09,temperature,13.275
land,2024-06-10,temperature,13.075000000000001
land,2024-06-11,temperature,12.875
land,2024-06-12,temperature,12.675
land,2024-06-13,temperature,13.060714285714287
land,2024-06-14,temperature,13.446428571428571
land,2024-06-15,temperature,13.832142857142857
land,2024-06-16,temperature,14.217857142857143
land,2024-06-17,temperature,14.60357142857143
land,2024-06-18,temperature,14.989285714285714
land,2024-06-19,temperature,15.375
land,2024-06-20,temperature,15.345833333333333
land,2024-06-21,temperature,15.316666666666666
land,2024-06-22,temperature,15.287500000000001
land,2024-06-23,temperature,15.258333333333333
land,2024-06-24,temperature,15.229166666666666
land,2024-06-25,temperature,15.2
land,2024-06-26,temperature,15.171875
land,2024-06-27,temperature,15.14375
land,2024-06-28,temperature,15.115625000000001
land,2024-06-29,temperature,15.0875
land,2024-06-30,temperature,15.059375
land,2024-07-01,temperature,15.03125
land,2024-07-02,temperature,15.003125
land,2024-07-03,temperature,14.975000000000001
land,2024-07-04,temperature,15.167857142857143
land,2024-07-05,temperature,15.360714285714286
land,2024-07-06,temperature,15.553571428571429
land,2024-07-07,temperature,15.746428571428572
land,2024-07-08,temperature,15.939285714285715
land,2024-07-09,temperature,16.132142857142856
land,2024-07-10,temperature,16.325
land,2024-07-11,temperature,16.195833333333333
land,2024-07-12,temperature,16.066666666666666
land,2024-07-13,temperature,15.9375
land,2024-07-14,temperature,15.808333333333334
land,2024-07-15,temperature,15.679166666666667
land,2024-07-16,temperature,15.55
land,2024-07-17,temperature,15.837499999999999
land,2024-07-18,temperature,16.125
land,2024-07-19,temperature,16.4125
land,2024-07-20,temperature,16.7
land,2024-07-21,temperature,16.9875
land,2024-07-22,temperature,17.275
land,2024-07-23,temperature,17.5625
land,2024-07-24,temperature,17.85
land,2024-07-25,temperature,17.510714285714286
land,2024-07-26,temperature,17.17142857142857
land,2024-07-27,temperature,16.832142857142856
land,2024-07-28,temperature,16.492857142857144
land,2024-07-29,temperature,16.15357142857143
land,2024-07-30,temperature,15.814285714285715
land,2024-07-31,temperature,15.475
land,2024-08-01,temperature,15.496428571428572
land,2024-08-02,temperature,15.517857142857142
land,2024-08-03,temperature,15.539285714285715
land,2024-08-04,temperature,15.560714285714287
land,2024-08-05,temperature,15.582142857142857
land,2024-08-06,temperature,15.603571428571428
land,2024-08-07,temperature,15.625
land,2024-08-08,temperature,15.839285714285715
land,2024-08-09,temperature,16.05357142857143
land,2024-08-10,temperature,16.267857142857142
land,2024-08-11,temperature,16.482142857142858
land,2024-08-12,temperature,16.696428571428573
land,2024-08-13,temperature,16.910714285714285
land,2024-08-14,temperature,17.125
land,2024-08-15,temperature,17.25357142857143
land,2024-08-16,temperature,17.382142857142856
land,2024-08-17,temperature,17.510714285714286
land,2024-08-18,temperature,17.639285714285716
land,2024-08-19,temperature,17.767857142857146
land,2024-08-20,temperature,17.896428571428572
land,2024-08-21,temperature,18.025
land,2024-08-22,temperature,17.728571428571428
land,2024-08-23,temperature,17.432142857142857
land,2024-08-24,temperature,17.135714285714286
land,2024-08-25,temperature,16.839285714285715
land,2024-08-26,temperature,16.542857142857144
land,2024-08-27,temperature,16.246428571428574
land,2024-08-28,temperature,15.95
land,2024-08-29,temperature,15.939285714285713
land,2024-08-30,temperature,15.928571428571429
land,2024-08-31,temperature,15.917857142857143
land,2024-09-01,temperature,15.907142857142858
land,2024-09-02,temperature,15.896428571428572
land,2024-09-03,temperature,15.885714285714286
land,2024-09-04,temperature,15.875
land,2024-09-05,temperature,15.778571428571428
land,2024-09-06,temperature,15.682142857142857
land,2024-09-07,temperature,15.585714285714285
land,2024-09-08,temperature,15.489285714285714
land,2024-09-09,temperature,15.392857142857142
land,2024-09-10,temperature,15.29642857142857
land,2024-09-11,temperature,15.2
land,2024-09-12,temperature,15.00357142857143
land,2024-09-13,temperature,14.807142857142857
land,2024-09-14,temperature,14.610714285714286
land,2024-09-15,temperature,14.414285714285715
land,2024-09-16,temperature,14.217857142857143
land,2024-09-17,temperature,14.021428571428572
land,2024-09-18,temperature,13.825
land,2024-09-19,temperature,13.479166666666666
land,2024-09-20,temperature,13.133333333333333
land,2024-09-21,temperature,12.7875
land,2024-09-22,temperature,12.441666666666666
land,2024-09-23,temperature,12.095833333333333
land,2024-09-24,temperature,11.75
land,2024-09-25,temperature,11.846428571428572
land,2024-09-26,temperature,11.942857142857143
land,2024-09-27,temperature,12.039285714285715
land,2024-09-28,temperature,12.135714285714286
land,2024-09-29,temperature,12.232142857142856
land,2024-09-30,temperature,12.32857142857143
land,2024-10-01,temperature,12.425
land,2024-10-02,temperature,12.225000000000001
land,2024-10-03,temperature,12.024999999999999
land,2024-10-04,temperature,11.825
land,2024-10-05,temperature,11.625
land,2024-10-06,temperature,11.425
land,2024-10-07,temperature,11.225
land,2024-10-08,temperature,11.025
land,2024-10-09,temperature,10.884375
land,2024-10-10,temperature,10.74375
land,2024-10-11,temperature,10.603125
land,2024-10-12,temperature,10.4625
land,2024-10-13,temperature,10.321875
land,2024-10-14,temperature,10.18125
land,2024-10-15,temperature,10.040625
land,2024-10-16,temperature,9.9
land,2024-10-17,temperature,10.17142857142857
land,2024-10-18,temperature,10.442857142857143
land,2024-10-19,temperature,10.714285714285715
land,2024-10-20,temperature,10.985714285714286
land,2024-10-21,temperature,11.257142857142858
land,2024-10-22,temperature,11.528571428571428
land,2024-10-23,temperature,11.8
land,2024-10-24,temperature,11.258333333333333
land,2024-10-25,temperature,10.716666666666667
land,2024-10-26,temperature,10.175
land,2024-10-27,temperature,9.633333333333333
land,2024-10-28,temperature,9.091666666666667
land,2024-10-29,temperature,8.55
land,2024-10-30,temperature,8.221875
land,2024-10-31,temperature,7.89375
land,2024-11-01,temperature,7.565625
land,2024-11-02,temperature,7.2375
land,2024-11-03,temperature,6.909375
land,2024-11-04,temperature,6.58125
land,2024-11-05,temperature,6.253125
land,2024-11-06,temperature,5.925
land,2024-11-07,temperature,6.408333333333333
land,2024-11-08,temperature,6.891666666666667
land,2024-11-09,temperature,7.375
land,2024-11-10,temperature,7.858333333333333
land,2024-11-11,temperature,8.341666666666667
land,2024-11-12,temperature,8.825
land,2024-11-13,temperature,8.646428571428572
land,2024-11-14,temperature,8.467857142857143
land,2024-11-15,temperature,8.289285714285715
land,2024-11-16,temperature,8.110714285714286
land,2024-11-17,temperature,7.932142857142858
land,2024-11-18,temperature,7.753571428571429
land,2024-11-19,temperature,7.575
land,2024-11-20,temperature,7.614285714285714
land,2024-11-21,temperature,7.6535714285714285
land,2024-11-22,temperature,7.692857142857143
land,2024-11-23,temperature,7.732142857142858
land,2024-11-24,temperature,7.771428571428571
land,2024-11-25,temperature,7.810714285714286
land,2024-11-26,temperature,7.85
land,2024-11-27,temperature,7.515625
land,2024-11-28,temperature,7.18125
land,2024-11-29,temperature,6.846875000000001
land,2024-11-30,temperature,6.5125
land,2024-12-01,temperature,6.1781250000000005
land,2024-12-02,temperature,5.84375
land,2024-12-03,temperature,5.509375
land,2024-12-04,temperature,5.175000000000001
land,2024-12-05,temperature,5.067857142857143
land,2024-12-06,temperature,4.960714285714286
land,2024-12-07,temperature,4.853571428571429
land,2024-12-08,temperature,4.746428571428572
land,2024-12-09,temperature,4.639285714285714
land,2024-12-10,temperature,4.5321428571428575
land,2024-12-11,temperature,4.425
land,2024-12-12,temperature,4.670833333333333
land,2024-12-13,temperature,4.916666666666667
land,2024-12-14,temperature,5.1625
land,2024-12-15,temperature,5.408333333333333
land,2024-12-16,temperature,5.654166666666667
land,2024-12-17,temperature,5.9
land,2024-12-18,temperature,6.029761904761905
land,2024-12-19,temperature,6.15952380952381
land,2024-12-20,temperature,6.289285714285715
land,2024-12-21,temperature,6.419047619047619
land,2024-12-22,temperature,6.548809523809524
land,2024-12-23,temperature,6.678571428571429
land,2024-12-24,temperature,6.808333333333334
land,2024-12-25,temperature,6.938095238095238
land,2024-12-26,temperature,7.067857142857143
land,2024-12-27,temperature,7.197619047619048
land,2024-12-28,temperature,7.3273809523809526
land,2024-12-29,temperature,7.457142857142857
land,2024-12-30,temperature,7.586904761904762
land,2024-12-31,temperature,7.716666666666666
land,2025-01-01,temperature,7.8464285714285715
land,2025-01-02,temperature,7.976190476190476
land,2025-01-03,temperature,8.105952380952381
land,2025-01-04,temperature,8.235714285714286
land,2025-01-05,temperature,8.36547619047619
land,2025-01-06,temperature,8.495238095238095
land,2025-01-07,temperature,8.625
land,2025-01-08,temperature,8.060714285714287
land,2025-01-09,temperature,7.496428571428572
land,2025-01-10,temperature,6.932142857142857
land,2025-01-11,temperature,6.367857142857143
land,2025-01-12,temperature,5.803571428571429
land,2025-01-13,temperature,5.239285714285714
land,2025-01-14,temperature,4.675
land,2025-01-15,temperature,4.453571428571428
land,2025-01-16,temperature,4.232142857142858
land,2025-01-17,temperature,4.010714285714286
land,2025-01-18,temperature,3.789285714285714
land,2025-01-19,temperature,3.567857142857143
land,2025-01-20,temperature,3.3464285714285715
land,2025-01-21,temperature,3.125
land,2025-01-22,temperature,3.3285714285714283
land,2025-01-23,temperature,3.532142857142857
land,2025-01-24,temperature,3.7357142857142858
land,2025-01-25,temperature,3.939285714285714
land,2025-01-26,temperature,4.142857142857142
land,2025-01-27,temperature,4.3464285714285715
land,2025-01-28,temperature,4.55
land,2025-01-29,temperature,4.8428571428571425
land,2025-01-30,temperature,5.135714285714285
land,2025-01-31,temperature,5.428571428571429
land,2025-02-01,temperature,5.7214285714285715
land,2025-02-02,temperature,6.014285714285714
land,2025-02-03,temperature,6.307142857142857
land,2025-02-04,temperature,6.6
land,2025-02-05,temperature,6.232142857142857
land,2025-02-06,temperature,5.864285714285714
land,2025-02-07,temperature,5.496428571428571
land,2025-02-08,temperature,5.128571428571428
land,2025-02-09,temperature,4.760714285714286
land,2025-02-10,temperature,4.392857142857143
land,2025-02-11,temperature,4.025
land,2025-02-12,temperature,4.285714285714286
land,2025-02-13,temperature,4.546428571428572
land,2025-02-14,temperature,4.807142857142857
land,2025-02-15,temperature,5.067857142857143
land,2025-02-16,temperature,5.328571428571429
land,2025-02-17,temperature,5.589285714285714
land,2025-02-18,temperature,5.85
land,2025-02-19,temperature,5.635714285714286
land,2025-02-20,temperature,5.421428571428572
land,2025-02-21,temperature,5.207142857142857
land,2025-02-22,temperature,4.992857142857143
land,2025-02-23,temperature,4.7785714285714285
land,2025-02-24,temperature,4.564285714285714
land,2025-02-25,temperature,4.35
