site,date,variable,value
seine,2021-01-01,flow,593.0
seine,2021-01-02,flow,553.0
seine,2021-01-03,flow,540.0
seine,2021-01-04,flow,521.0
seine,2021-01-05,flow,503.0
seine,2021-01-06,flow,475.0
seine,2021-01-07,flow,451.0
seine,2021-01-08,flow,419.0
seine,2021-01-09,flow,391.0
seine,2021-01-10,flow,363.0
seine,2021-01-11,flow,331.0
seine,2021-01-12,flow,294.0
seine,2021-01-13,flow,365.0
seine,2021-01-14,flow,435.0
seine,2021-01-15,flow,596.0
seine,2021-01-16,flow,677.0
seine,2021-01-17,flow,690.0
seine,2021-01-18,flow,757.0
seine,2021-01-19,flow,771.0
seine,2021-01-20,flow,770.0
seine,2021-01-21,flow,767.0
seine,2021-01-22,flow,826.0
seine,2021-01-23,flow,915.0
seine,2021-01-24,flow,971.0
seine,2021-01-25,flow,978.0
seine,2021-01-26,flow,947.0
seine,2021-01-27,flow,918.0
seine,2021-01-28,flow,905.0
seine,2021-01-29,flow,945.0
seine,2021-01-30,flow,1050.0
seine,2021-01-31,flow,1130.0
seine,2021-02-01,flow,1200.0
seine,2021-02-02,flow,1230.0
seine,2021-02-03,flow,1250.0
seine,2021-02-04,flow,1250.0
seine,2021-02-05,flow,1250.0
seine,2021-02-06,flow,1270.0
seine,2021-02-07,flow,1300.0
seine,2021-02-08,flow,1300.0
seine,2021-02-09,flow,1300.0
seine,2021-02-10,flow,1280.0
seine,2021-02-11,flow,1230.0
seine,2021-02-12,flow,1180.0
seine,2021-02-13,flow,1130.0
seine,2021-02-14,flow,1070.0
seine,2021-02-15,flow,994.0
seine,2021-02-16,flow,943.0
seine,2021-02-17,flow,911.0
seine,2021-02-18,flow,868.0
seine,2021-02-19,flow,822.0
seine,2021-02-20,flow,788.0
seine,2021-02-21,flow,744.0
seine,2021-02-22,flow,688.0
seine,2021-02-23,flow,653.0
seine,2021-02-24,flow,608.0
seine,2021-02-25,flow,574.0
seine,2021-02-26,flow,544.0
seine,2021-02-27,flow,509.0
seine,2021-02-28,flow,488.0
seine,2021-03-01,flow,460.0
seine,2021-03-02,flow,425.0
seine,2021-03-03,flow,413.0
seine,2021-03-04,flow,398.0
seine,2021-03-05,flow,368.0
seine,2021-03-06,flow,367.0
seine,2021-03-07,flow,362.0
seine,2021-03-08,flow,346.0
seine,2021-03-09,flow,318.0
seine,2021-03-10,flow,317.0
seine,2021-03-11,flow,320.0
seine,2021-03-12,flow,316.0
seine,2021-03-13,flow,332.0
seine,2021-03-14,flow,333.0
seine,2021-03-15,flow,350.0
seine,2021-03-16,flow,364.0
seine,2021-03-17,flow,401.0
seine,2021-03-18,flow,468.0
seine,2021-03-19,flow,513.0
seine,2021-03-20,flow,511.0
seine,2021-03-21,flow,519.0
seine,2021-03-22,flow,514.0
seine,2021-03-23,flow,507.0
seine,2021-03-24,flow,487.0
seine,2021-03-25,flow,472.0
seine,2021-03-26,flow,440.0
seine,2021-03-27,flow,420.0
seine,2021-03-28,flow,406.0
seine,2021-03-29,flow,388.0
seine,2021-03-30,flow,363.0
seine,2021-03-31,flow,331.0
seine,2021-04-01,flow,335.0
seine,2021-04-02,flow,324.0
seine,2021-04-03,flow,299.0
seine,2021-04-04,flow,301.0
seine,2021-04-05,flow,296.0
seine,2021-04-06,flow,279.0
seine,2021-04-07,flow,276.0
seine,2021-04-08,flow,267.0
seine,2021-04-09,flow,250.0
seine,2021-04-10,flow,287.0
seine,2021-04-11,flow,296.0
seine,2021-04-12,flow,294.0
seine,2021-04-13,flow,288.0
seine,2021-04-14,flow,285.0
seine,2021-04-15,flow,275.0
seine,2021-04-16,flow,256.0
seine,2021-04-17,flow,248.0
seine,2021-04-18,flow,242.0
seine,2021-04-19,flow,238.0
seine,2021-04-20,flow,211.0
seine,2021-04-21,flow,216.0
seine,2021-04-22,flow,215.0
seine,2021-04-23,flow,193.0
seine,2021-04-24,flow,202.0
seine,2021-04-25,flow,197.0
seine,2021-04-26,flow,195.0
seine,2021-04-27,flow,181.0
seine,2021-04-28,flow,183.0
seine,2021-04-29,flow,199.0
seine,2021-04-30,flow,182.0
seine,2021-05-01,flow,188.0
seine,2021-05-02,flow,186.0
seine,2021-05-03,flow,176.0
seine,2021-05-04,flow,188.0
seine,2021-05-05,flow,174.0
seine,2021-05-06,flow,188.0
seine,2021-05-07,flow,218.0
seine,2021-05-08,flow,229.0
seine,2021-05-09,flow,224.0
seine,2021-05-10,flow,223.0
seine,2021-05-11,flow,215.0
seine,2021-05-12,flow,215.0
seine,2021-05-13,flow,224.0
seine,2021-05-14,flow,230.0
seine,2021-05-15,flow,229.0
seine,2021-05-16,flow,240.0
seine,2021-05-17,flow,259.0
seine,2021-05-18,flow,264.0
seine,2021-05-19,flow,271.0
seine,2021-05-20,flow,277.0
seine,2021-05-21,flow,304.0
seine,2021-05-22,flow,307.0
seine,2021-05-23,flow,297.0
seine,2021-05-24,flow,292.0
seine,2021-05-25,flow,282.0
seine,2021-05-26,flow,294.0
seine,2021-05-27,flow,274.0
seine,2021-05-28,flow,275.0
seine,2021-05-29,flow,275.0
seine,2021-05-30,flow,259.0
seine,2021-05-31,flow,242.0
seine,2021-06-01,flow,232.0
seine,2021-06-02,flow,215.0
seine,2021-06-03,flow,237.0
seine,2021-06-04,flow,278.0
seine,2021-06-05,flow,249.0
seine,2021-06-06,flow,304.0
seine,2021-06-07,flow,302.0
seine,2021-06-08,flow,303.0
seine,2021-06-09,flow,271.0
seine,2021-06-10,flow,274.0
seine,2021-06-11,flow,253.0
seine,2021-06-12,flow,228.0
seine,2021-06-13,flow,226.0
seine,2021-06-14,flow,212.0
seine,2021-06-15,flow,188.0
seine,2021-06-16,flow,189.0
seine,2021-06-17,flow,196.0
seine,2021-06-18,flow,206.0
seine,2021-06-19,flow,232.0
seine,2021-06-20,flow,261.0
seine,2021-06-21,flow,234.0
seine,2021-06-22,flow,236.0
seine,2021-06-23,flow,214.0
seine,2021-06-24,flow,187.0
seine,2021-06-25,flow,195.0
seine,2021-06-26,flow,211.0
seine,2021-06-27,flow,199.0
seine,2021-06-28,flow,220.0
seine,2021-06-29,flow,223.0
seine,2021-06-30,flow,231.0
seine,2021-07-01,flow,233.0
seine,2021-07-02,flow,226.0
seine,2021-07-03,flow,206.0
seine,2021-07-04,flow,228.0
seine,2021-07-05,flow,247.0
seine,2021-07-06,flow,237.0
seine,2021-07-07,flow,209.0
seine,2021-07-08,flow,206.0
seine,2021-07-09,flow,210.0
seine,2021-07-10,flow,205.0
seine,2021-07-11,flow,204.0
seine,2021-07-12,flow,226.0
seine,2021-07-13,flow,307.0
seine,2021-07-14,flow,450.0
seine,2021-07-15,flow,450.0
seine,2021-07-16,flow,364.0
seine,2021-07-17,flow,444.0
seine,2021-07-18,flow,490.0
seine,2021-07-19,flow,481.0
seine,2021-07-20,flow,439.0
seine,2021-07-21,flow,471.0
seine,2021-07-22,flow,446.0
seine,2021-07-23,flow,452.0
seine,2021-07-24,flow,452.0
seine,2021-07-25,flow,476.0
seine,2021-07-26,flow,537.0
seine,2021-07-27,flow,534.0
seine,2021-07-28,flow,468.0
seine,2021-07-29,flow,405.0
seine,2021-07-30,flow,385.0
seine,2021-07-31,flow,364.0
seine,2021-08-01,flow,335.0
seine,2021-08-02,flow,314.0
seine,2021-08-03,flow,330.0
seine,2021-08-04,flow,311.0
seine,2021-08-05,flow,303.0
seine,2021-08-06,flow,311.0
seine,2021-08-07,flow,318.0
seine,2021-08-08,flow,314.0
seine,2021-08-09,flow,308.0
seine,2021-08-10,flow,305.0
seine,2021-08-11,flow,303.0
seine,2021-08-12,flow,289.0
seine,2021-08-13,flow,277.0
seine,2021-08-14,flow,251.0
seine,2021-08-15,flow,254.0
seine,2021-08-16,flow,255.0
seine,2021-08-17,flow,247.0
seine,2021-08-18,flow,224.0
seine,2021-08-19,flow,241.0
seine,2021-08-20,flow,229.0
seine,2021-08-21,flow,222.0
seine,2021-08-22,flow,228.0
seine,2021-08-23,flow,236.0
seine,2021-08-24,flow,223.0
seine,2021-08-25,flow,222.0
seine,2021-08-26,flow,222.0
seine,2021-08-27,flow,222.0
seine,2021-08-28,flow,202.0
seine,2021-08-29,flow,210.0
seine,2021-08-30,flow,206.0
seine,2021-08-31,flow,208.0
seine,2021-09-01,flow,201.0
seine,2021-09-02,flow,203.0
seine,2021-09-03,flow,198.0
seine,2021-09-04,flow,199.0
seine,2021-09-05,flow,193.0
seine,2021-09-06,flow,196.0
seine,2021-09-07,flow,183.0
seine,2021-09-08,flow,183.0
seine,2021-09-09,flow,197.0
seine,2021-09-10,flow,199.0
seine,2021-09-11,flow,202.0
seine,2021-09-12,flow,194.0
seine,2021-09-13,flow,192.0
seine,2021-09-14,flow,231.0
seine,2021-09-15,flow,239.0
seine,2021-09-16,flow,233.0
seine,2021-09-17,flow,209.0
seine,2021-09-18,flow,195.0
seine,2021-09-19,flow,188.0
seine,2021-09-20,flow,231.0
seine,2021-09-21,flow,240.0
seine,2021-09-22,flow,214.0
seine,2021-09-23,flow,209.0
seine,2021-09-24,flow,197.0
seine,2021-09-25,flow,191.0
seine,2021-09-26,flow,204.0
seine,2021-09-27,flow,197.0
seine,2021-09-28,flow,196.0
seine,2021-09-29,flow,192.0
seine,2021-09-30,flow,186.0
seine,2021-10-01,flow,188.0
seine,2021-10-02,flow,193.0
seine,2021-10-03,flow,230.0
seine,2021-10-04,flow,220.0
seine,2021-10-05,flow,223.0
seine,2021-10-06,flow,191.0
seine,2021-10-07,flow,209.0
seine,2021-10-08,flow,194.0
seine,2021-10-09,flow,193.0
seine,2021-10-10,flow,187.0
seine,2021-10-11,flow,218.0
seine,2021-10-12,flow,204.0
seine,2021-10-13,flow,183.0
seine,2021-10-14,flow,174.0
seine,2021-10-15,flow,181.0
seine,2021-10-16,flow,190.0
seine,2021-10-17,flow,171.0
seine,2021-10-18,flow,170.0
seine,2021-10-19,flow,176.0
seine,2021-10-20,flow,177.0
seine,2021-10-21,flow,177.0
seine,2021-10-22,flow,181.0
seine,2021-10-23,flow,181.0
seine,2021-10-24,flow,176.0
seine,2021-10-25,flow,184.0
seine,2021-10-26,flow,191.0
seine,2021-10-27,flow,177.0
seine,2021-10-28,flow,174.0
seine,2021-10-29,flow,188.0
seine,2021-10-30,flow,232.0
seine,2021-10-31,flow,205.0
seine,2021-11-01,flow,211.0
seine,2021-11-02,flow,221.0
seine,2021-11-03,flow,248.0
seine,2021-11-04,flow,270.0
seine,2021-11-05,flow,263.0
seine,2021-11-06,flow,254.0
seine,2021-11-07,flow,249.0
seine,2021-11-08,flow,246.0
seine,2021-11-09,flow,233.0
seine,2021-11-10,flow,212.0
seine,2021-11-11,flow,213.0
seine,2021-11-12,flow,186.0
seine,2021-11-13,flow,189.0
seine,2021-11-14,flow,171.0
seine,2021-11-15,flow,159.0
seine,2021-11-16,flow,163.0
seine,2021-11-17,flow,153.0
seine,2021-11-18,flow,153.0
seine,2021-11-19,flow,157.0
seine,2021-11-20,flow,148.0
seine,2021-11-21,flow,143.0
seine,2021-11-22,flow,135.0
seine,2021-11-23,flow,143.0
seine,2021-11-24,flow,137.0
seine,2021-11-25,flow,139.0
seine,2021-11-26,flow,141.0
seine,2021-11-27,flow,154.0
seine,2021-11-28,flow,169.0
seine,2021-11-29,flow,157.0
seine,2021-11-30,flow,152.0
seine,2021-12-01,flow,213.0
seine,2021-12-02,flow,193.0
seine,2021-12-03,flow,230.0
seine,2021-12-04,flow,287.0
seine,2021-12-05,flow,417.0
seine,2021-12-06,flow,493.0
seine,2021-12-07,flow,511.0
seine,2021-12-08,flow,547.0
seine,2021-12-09,flow,521.0
seine,2021-12-10,flow,555.0
seine,2021-12-11,flow,561.0
seine,2021-12-12,flow,560.0
seine,2021-12-13,flow,518.0
seine,2021-12-14,flow,485.0
seine,2021-12-15,flow,468.0
seine,2021-12-16,flow,444.0
seine,2021-12-17,flow,407.0
seine,2021-12-18,flow,393.0
seine,2021-12-19,flow,354.0
seine,2021-12-20,flow,340.0
seine,2021-12-21,flow,303.0
seine,2021-12-22,flow,294.0
seine,2021-12-23,flow,283.0
seine,2021-12-24,flow,265.0
seine,2021-12-25,flow,286.0
seine,2021-12-26,flow,300.0
seine,2021-12-27,flow,341.0
seine,2021-12-28,flow,440.0
seine,2021-12-29,flow,542.0
seine,2021-12-30,flow,637.0
seine,2021-12-31,flow,691.0
seine,2022-01-01,flow,681.0
seine,2022-01-02,flow,613.0
seine,2022-01-03,flow,600.0
seine,2022-01-04,flow,675.0
seine,2022-01-05,flow,791.0
seine,2022-01-06,flow,816.0
seine,2022-01-07,flow,726.0
seine,2022-01-08,flow,685.0
seine,2022-01-09,flow,798.0
seine,2022-01-10,flow,941.0
seine,2022-01-11,flow,964.0
seine,2022-01-12,flow,923.0
seine,2022-01-13,flow,825.0
seine,2022-01-14,flow,782.0
seine,2022-01-15,flow,766.0
seine,2022-01-16,flow,754.0
seine,2022-01-17,flow,722.0
seine,2022-01-18,flow,683.0
seine,2022-01-19,flow,634.0
seine,2022-01-20,flow,570.0
seine,2022-01-21,flow,517.0
seine,2022-01-22,flow,492.0
seine,2022-01-23,flow,487.0
seine,2022-01-24,flow,451.0
seine,2022-01-25,flow,385.0
seine,2022-01-26,flow,372.0
seine,2022-01-27,flow,341.0
seine,2022-01-28,flow,319.0
seine,2022-01-29,flow,311.0
seine,2022-01-30,flow,308.0
seine,2022-01-31,flow,298.0
seine,2022-02-01,flow,294.0
seine,2022-02-02,flow,289.0
seine,2022-02-03,flow,284.0
seine,2022-02-04,flow,290.0
seine,2022-02-05,flow,289.0
seine,2022-02-06,flow,294.0
seine,2022-02-07,flow,327.0
seine,2022-02-08,flow,340.0
seine,2022-02-09,flow,339.0
seine,2022-02-10,flow,345.0
seine,2022-02-11,flow,346.0
seine,2022-02-12,flow,339.0
seine,2022-02-13,flow,332.0
seine,2022-02-14,flow,330.0
seine,2022-02-15,flow,321.0
seine,2022-02-16,flow,328.0
seine,2022-02-17,flow,368.0
seine,2022-02-18,flow,414.0
seine,2022-02-19,flow,401.0
seine,2022-02-20,flow,387.0
seine,2022-02-21,flow,388.0
seine,2022-02-22,flow,381.0
seine,2022-02-23,flow,375.0
seine,2022-02-24,flow,367.0
seine,2022-02-25,flow,367.0
seine,2022-02-26,flow,365.0
seine,2022-02-27,flow,344.0
seine,2022-02-28,flow,339.0
seine,2022-03-01,flow,321.0
seine,2022-03-02,flow,310.0
seine,2022-03-03,flow,310.0
seine,2022-03-04,flow,310.0
seine,2022-03-05,flow,302.0
seine,2022-03-06,flow,299.0
seine,2022-03-07,flow,289.0
seine,2022-03-08,flow,267.0
seine,2022-03-09,flow,260.0
seine,2022-03-10,flow,246.0
seine,2022-03-11,flow,255.0
seine,2022-03-12,flow,241.0
seine,2022-03-13,flow,241.0
seine,2022-03-14,flow,232.0
seine,2022-03-15,flow,240.0
seine,2022-03-16,flow,251.0
seine,2022-03-17,flow,253.0
seine,2022-03-18,flow,243.0
seine,2022-03-19,flow,220.0
seine,2022-03-20,flow,222.0
seine,2022-03-21,flow,215.0
seine,2022-03-22,flow,210.0
seine,2022-03-23,flow,204.0
seine,2022-03-24,flow,205.0
seine,2022-03-25,flow,194.0
seine,2022-03-26,flow,194.0
seine,2022-03-27,flow,185.0
seine,2022-03-28,flow,176.0
seine,2022-03-29,flow,186.0
seine,2022-03-30,flow,195.0
seine,2022-03-31,flow,207.0
seine,2022-04-01,flow,198.0
seine,2022-04-02,flow,198.0
seine,2022-04-03,flow,186.0
seine,2022-04-04,flow,181.0
seine,2022-04-05,flow,169.0
seine,2022-04-06,flow,171.0
seine,2022-04-07,flow,186.0
seine,2022-04-08,flow,290.0
seine,2022-04-09,flow,397.0
seine,2022-04-10,flow,444.0
seine,2022-04-11,flow,416.0
seine,2022-04-12,flow,429.0
seine,2022-04-13,flow,401.0
seine,2022-04-14,flow,363.0
seine,2022-04-15,flow,330.0
seine,2022-04-16,flow,294.0
seine,2022-04-17,flow,292.0
seine,2022-04-18,flow,260.0
seine,2022-04-19,flow,258.0
seine,2022-04-20,flow,244.0
seine,2022-04-21,flow,226.0
seine,2022-04-22,flow,216.0
seine,2022-04-23,flow,220.0
seine,2022-04-24,flow,213.0
seine,2022-04-25,flow,206.0
seine,2022-04-26,flow,189.0
seine,2022-04-27,flow,192.0
seine,2022-04-28,flow,196.0
seine,2022-04-29,flow,187.0
seine,2022-04-30,flow,179.0
seine,2022-05-01,flow,173.0
seine,2022-05-02,flow,180.0
seine,2022-05-03,flow,174.0
seine,2022-05-04,flow,169.0
seine,2022-05-05,flow,169.0
seine,2022-05-06,flow,155.0
seine,2022-05-07,flow,155.0
seine,2022-05-08,flow,151.0
seine,2022-05-09,flow,144.0
seine,2022-05-10,flow,140.0
seine,2022-05-11,flow,133.0
seine,2022-05-12,flow,130.0
seine,2022-05-13,flow,128.0
seine,2022-05-14,flow,119.0
seine,2022-05-15,flow,125.0
seine,2022-05-16,flow,135.0
seine,2022-05-17,flow,124.0
seine,2022-05-18,flow,120.0
seine,2022-05-19,flow,116.0
seine,2022-05-20,flow,111.0
seine,2022-05-21,flow,116.0
seine,2022-05-22,flow,113.0
seine,2022-05-23,flow,117.0
seine,2022-05-24,flow,118.0
seine,2022-05-25,flow,113.0
seine,2022-05-26,flow,112.0
seine,2022-05-27,flow,106.0
seine,2022-05-28,flow,108.0
seine,2022-05-29,flow,104.0
seine,2022-05-30,flow,108.0
seine,2022-05-31,flow,99.2
seine,2022-06-01,flow,95.1
seine,2022-06-02,flow,90.5
seine,2022-06-03,flow,97.4
seine,2022-06-04,flow,137.0
seine,2022-06-05,flow,148.0
seine,2022-06-06,flow,124.0
seine,2022-06-07,flow,121.0
seine,2022-06-08,flow,146.0
seine,2022-06-09,flow,132.0
seine,2022-06-10,flow,129.0
seine,2022-06-11,flow,113.0
seine,2022-06-12,flow,105.0
seine,2022-06-13,flow,104.0
seine,2022-06-14,flow,92.6
seine,2022-06-15,flow,101.0
seine,2022-06-16,flow,91.3
seine,2022-06-17,flow,83.4
seine,2022-06-18,flow,77.4
seine,2022-06-19,flow,80.4
seine,2022-06-20,flow,122.0
seine,2022-06-21,flow,103.0
seine,2022-06-22,flow,111.0
seine,2022-06-23,flow,116.0
seine,2022-06-24,flow,122.0
seine,2022-06-25,flow,105.0
seine,2022-06-26,flow,119.0
seine,2022-06-27,flow,112.0
seine,2022-06-28,flow,107.0
seine,2022-06-29,flow,104.0
seine,2022-06-30,flow,137.0
seine,2022-07-01,flow,138.0
seine,2022-07-02,flow,129.0
seine,2022-07-03,flow,122.0
seine,2022-07-04,flow,110.0
seine,2022-07-05,flow,99.0
seine,2022-07-06,flow,97.8
seine,2022-07-07,flow,96.6
seine,2022-07-08,flow,96.5
seine,2022-07-09,flow,90.9
seine,2022-07-10,flow,92.2
seine,2022-07-11,flow,89.5
seine,2022-07-12,flow,89.0
seine,2022-07-13,flow,84.3
seine,2022-07-14,flow,81.3
seine,2022-07-15,flow,84.6
seine,2022-07-16,flow,77.7
seine,2022-07-17,flow,74.6
seine,2022-07-18,flow,74.5
seine,2022-07-19,flow,75.5
seine,2022-07-20,flow,87.6
seine,2022-07-21,flow,88.8
seine,2022-07-22,flow,83.8
seine,2022-07-23,flow,82.1
seine,2022-07-24,flow,86.4
seine,2022-07-25,flow,90.7
seine,2022-07-26,flow,77.7
seine,2022-07-27,flow,82.1
seine,2022-07-28,flow,87.2
seine,2022-07-29,flow,80.3
seine,2022-07-30,flow,84.6
seine,2022-07-31,flow,81.1
seine,2022-08-01,flow,85.8
seine,2022-08-02,flow,82.8
seine,2022-08-03,flow,81.5
seine,2022-08-04,flow,84.6
seine,2022-08-05,flow,97.1
seine,2022-08-06,flow,88.2
seine,2022-08-07,flow,87.2
seine,2022-08-08,flow,86.1
seine,2022-08-09,flow,85.2
seine,2022-08-10,flow,85.4
seine,2022-08-11,flow,81.5
seine,2022-08-12,flow,81.1
seine,2022-08-13,flow,81.4
seine,2022-08-14,flow,85.8
seine,2022-08-15,flow,99.8
seine,2022-08-16,flow,119.0
seine,2022-08-17,flow,121.0
seine,2022-08-18,flow,110.0
seine,2022-08-19,flow,103.0
seine,2022-08-20,flow,99.5
seine,2022-08-21,flow,99.8
seine,2022-08-22,flow,101.0
seine,2022-08-23,flow,97.7
seine,2022-08-24,flow,98.4
seine,2022-08-25,flow,95.9
seine,2022-08-26,flow,94.4
seine,2022-08-27,flow,98.4
seine,2022-08-28,flow,85.5
seine,2022-08-29,flow,93.7
seine,2022-08-30,flow,85.8
seine,2022-08-31,flow,81.4
seine,2022-09-01,flow,87.7
seine,2022-09-02,flow,97.8
seine,2022-09-03,flow,91.1
seine,2022-09-04,flow,89.0
seine,2022-09-05,flow,91.1
seine,2022-09-06,flow,90.4
seine,2022-09-07,flow,88.3
seine,2022-09-08,flow,104.0
seine,2022-09-09,flow,112.0
seine,2022-09-10,flow,130.0
seine,2022-09-11,flow,110.0
seine,2022-09-12,flow,101.0
seine,2022-09-13,flow,107.0
seine,2022-09-14,flow,105.0
seine,2022-09-15,flow,105.0
seine,2022-09-16,flow,107.0
seine,2022-09-17,flow,110.0
seine,2022-09-18,flow,105.0
seine,2022-09-19,flow,106.0
seine,2022-09-20,flow,105.0
seine,2022-09-21,flow,106.0
seine,2022-09-22,flow,109.0
seine,2022-09-23,flow,108.0
seine,2022-09-24,flow,111.0
seine,2022-09-25,flow,108.0
seine,2022-09-26,flow,119.0
seine,2022-09-27,flow,120.0
seine,2022-09-28,flow,116.0
seine,2022-09-29,flow,146.0
seine,2022-09-30,flow,119.0
seine,2022-10-01,flow,125.0
seine,2022-10-02,flow,132.0
seine,2022-10-03,flow,134.0
seine,2022-10-04,flow,137.0
seine,2022-10-05,flow,147.0
seine,2022-10-06,flow,138.0
seine,2022-10-07,flow,138.0
seine,2022-10-08,flow,138.0
seine,2022-10-09,flow,134.0
seine,2022-10-10,flow,141.0
seine,2022-10-11,flow,167.0
seine,2022-10-12,flow,129.0
seine,2022-10-13,flow,126.0
seine,2022-10-14,flow,132.0
seine,2022-10-15,flow,147.0
seine,2022-10-16,flow,141.0
seine,2022-10-17,flow,156.0
seine,2022-10-18,flow,188.0
seine,2022-10-19,flow,181.0
seine,2022-10-20,flow,182.0
seine,2022-10-21,flow,242.0
seine,2022-10-22,flow,209.0
seine,2022-10-23,flow,198.0
seine,2022-10-24,flow,189.0
seine,2022-10-25,flow,228.0
seine,2022-10-26,flow,229.0
seine,2022-10-27,flow,220.0
seine,2022-10-28,flow,208.0
seine,2022-10-29,flow,198.0
seine,2022-10-30,flow,185.0
seine,2022-10-31,flow,180.0
seine,2022-11-01,flow,173.0
seine,2022-11-02,flow,171.0
seine,2022-11-03,flow,167.0
seine,2022-11-04,flow,165.0
seine,2022-11-05,flow,166.0
seine,2022-11-06,flow,166.0
seine,2022-11-07,flow,161.0
seine,2022-11-08,flow,158.0
seine,2022-11-09,flow,146.0
seine,2022-11-10,flow,141.0
seine,2022-11-11,flow,137.0
seine,2022-11-12,flow,146.0
seine,2022-11-13,flow,152.0
seine,2022-11-14,flow,174.0
seine,2022-11-15,flow,188.0
seine,2022-11-16,flow,185.0
seine,2022-11-17,flow,191.0
seine,2022-11-18,flow,172.0
seine,2022-11-19,flow,158.0
seine,2022-11-20,flow,169.0
seine,2022-11-21,flow,193.0
seine,2022-11-22,flow,202.0
seine,2022-11-23,flow,208.0
seine,2022-11-24,flow,203.0
seine,2022-11-25,flow,185.0
seine,2022-11-26,flow,174.0
seine,2022-11-27,flow,169.0
seine,2022-11-28,flow,180.0
seine,2022-11-29,flow,155.0
seine,2022-11-30,flow,153.0
seine,2022-12-01,flow,148.0
seine,2022-12-02,flow,140.0
seine,2022-12-03,flow,139.0
seine,2022-12-04,flow,138.0
seine,2022-12-05,flow,146.0
seine,2022-12-06,flow,146.0
seine,2022-12-07,flow,147.0
seine,2022-12-08,flow,161.0
seine,2022-12-09,flow,170.0
seine,2022-12-10,flow,163.0
seine,2022-12-11,flow,160.0
seine,2022-12-12,flow,147.0
seine,2022-12-13,flow,145.0
seine,2022-12-14,flow,140.0
seine,2022-12-15,flow,138.0
seine,2022-12-16,flow,142.0
seine,2022-12-17,flow,140.0
seine,2022-12-18,flow,138.0
seine,2022-12-19,flow,140.0
seine,2022-12-20,flow,138.0
seine,2022-12-21,flow,144.0
seine,2022-12-22,flow,179.0
seine,2022-12-23,flow,217.0
seine,2022-12-24,flow,294.0
seine,2022-12-25,flow,296.0
seine,2022-12-26,flow,325.0
seine,2022-12-27,flow,345.0
seine,2022-12-28,flow,351.0
seine,2022-12-29,flow,368.0
seine,2022-12-30,flow,357.0
seine,2022-12-31,flow,359.0
seine,2023-01-01,flow,350.0
seine,2023-01-02,flow,337.0
seine,2023-01-03,flow,305.0
seine,2023-01-04,flow,303.0
seine,2023-01-05,flow,293.0
seine,2023-01-06,flow,287.0
seine,2023-01-07,flow,275.0
seine,2023-01-08,flow,277.0
seine,2023-01-09,flow,299.0
seine,2023-01-10,flow,345.0
seine,2023-01-11,flow,406.0
seine,2023-01-12,flow,413.0
seine,2023-01-13,flow,422.0
seine,2023-01-14,flow,438.0
seine,2023-01-15,flow,494.0
seine,2023-01-16,flow,575.0
seine,2023-01-17,flow,605.0
seine,2023-01-18,flow,657.0
seine,2023-01-19,flow,646.0
seine,2023-01-20,flow,649.0
seine,2023-01-21,flow,629.0
seine,2023-01-22,flow,602.0
seine,2023-01-23,flow,613.0
seine,2023-01-24,flow,615.0
seine,2023-01-25,flow,600.0
seine,2023-01-26,flow,566.0
seine,2023-01-27,flow,500.0
seine,2023-01-28,flow,440.0
seine,2023-01-29,flow,400.0
seine,2023-01-30,flow,363.0
seine,2023-01-31,flow,346.0
seine,2023-02-01,flow,323.0
seine,2023-02-02,flow,303.0
seine,2023-02-03,flow,289.0
seine,2023-02-04,flow,277.0
seine,2023-02-05,flow,258.0
seine,2023-02-06,flow,238.0
seine,2023-02-07,flow,235.0
seine,2023-02-08,flow,223.0
seine,2023-02-09,flow,219.0
seine,2023-02-10,flow,219.0
seine,2023-02-11,flow,215.0
seine,2023-02-12,flow,206.0
seine,2023-02-13,flow,191.0
seine,2023-02-14,flow,189.0
seine,2023-02-15,flow,178.0
seine,2023-02-16,flow,183.0
seine,2023-02-17,flow,181.0
seine,2023-02-18,flow,179.0
seine,2023-02-19,flow,175.0
seine,2023-02-20,flow,169.0
seine,2023-02-21,flow,169.0
seine,2023-02-22,flow,167.0
seine,2023-02-23,flow,173.0
seine,2023-02-24,flow,168.0
seine,2023-02-25,flow,165.0
seine,2023-02-26,flow,171.0
seine,2023-02-27,flow,168.0
seine,2023-02-28,flow,156.0
seine,2023-03-01,flow,142.0
seine,2023-03-02,flow,149.0
seine,2023-03-03,flow,166.0
seine,2023-03-04,flow,158.0
seine,2023-03-05,flow,151.0
seine,2023-03-06,flow,137.0
seine,2023-03-07,flow,147.0
seine,2023-03-08,flow,177.0
seine,2023-03-09,flow,209.0
seine,2023-03-10,flow,266.0
seine,2023-03-11,flow,260.0
seine,2023-03-12,flow,266.0
seine,2023-03-13,flow,257.0
seine,2023-03-14,flow,275.0
seine,2023-03-15,flow,275.0
seine,2023-03-16,flow,287.0
seine,2023-03-17,flow,313.0
seine,2023-03-18,flow,297.0
seine,2023-03-19,flow,286.0
seine,2023-03-20,flow,271.0
seine,2023-03-21,flow,265.0
seine,2023-03-22,flow,241.0
seine,2023-03-23,flow,252.0
seine,2023-03-24,flow,232.0
seine,2023-03-25,flow,223.0
seine,2023-03-26,flow,230.0
seine,2023-03-27,flow,247.0
seine,2023-03-28,flow,260.0
seine,2023-03-29,flow,255.0
seine,2023-03-30,flow,258.0
seine,2023-03-31,flow,263.0
seine,2023-04-01,flow,261.0
seine,2023-04-02,flow,291.0
seine,2023-04-03,flow,319.0
seine,2023-04-04,flow,355.0
seine,2023-04-05,flow,392.0
seine,2023-04-06,flow,388.0
seine,2023-04-07,flow,396.0
seine,2023-04-08,flow,398.0
seine,2023-04-09,flow,404.0
seine,2023-04-10,flow,410.0
seine,2023-04-11,flow,390.0
seine,2023-04-12,flow,383.0
seine,2023-04-13,flow,392.0
seine,2023-04-14,flow,394.0
seine,2023-04-15,flow,407.0
seine,2023-04-16,flow,384.0
seine,2023-04-17,flow,361.0
seine,2023-04-18,flow,351.0
seine,2023-04-19,flow,333.0
seine,2023-04-20,flow,317.0
seine,2023-04-21,flow,294.0
seine,2023-04-22,flow,304.0
seine,2023-04-23,flow,296.0
seine,2023-04-24,flow,277.0
seine,2023-04-25,flow,282.0
seine,2023-04-26,flow,290.0
seine,2023-04-27,flow,280.0
seine,2023-04-28,flow,294.0
seine,2023-04-29,flow,281.0
seine,2023-04-30,flow,256.0
seine,2023-05-01,flow,252.0
seine,2023-05-02,flow,241.0
seine,2023-05-03,flow,224.0
seine,2023-05-04,flow,209.0
seine,2023-05-05,flow,204.0
seine,2023-05-06,flow,206.0
seine,2023-05-07,flow,256.0
seine,2023-05-08,flow,224.0
seine,2023-05-09,flow,229.0
seine,2023-05-10,flow,239.0
seine,2023-05-11,flow,298.0
seine,2023-05-12,flow,305.0
seine,2023-05-13,flow,274.0
seine,2023-05-14,flow,275.0
seine,2023-05-15,flow,258.0
seine,2023-05-16,flow,240.0
seine,2023-05-17,flow,222.0
seine,2023-05-18,flow,213.0
seine,2023-05-19,flow,205.0
seine,2023-05-20,flow,189.0
seine,2023-05-21,flow,179.0
seine,2023-05-22,flow,177.0
seine,2023-05-23,flow,149.0
seine,2023-05-24,flow,160.0
seine,2023-05-25,flow,152.0
seine,2023-05-26,flow,145.0
seine,2023-05-27,flow,134.0
seine,2023-05-28,flow,136.0
seine,2023-05-29,flow,125.0
seine,2023-05-30,flow,132.0
seine,2023-05-31,flow,118.0
seine,2023-06-01,flow,110.0
seine,2023-06-02,flow,93.7
seine,2023-06-03,flow,103.0
seine,2023-06-04,flow,104.0
seine,2023-06-05,flow,106.0
seine,2023-06-06,flow,98.3
seine,2023-06-07,flow,97.2
seine,2023-06-08,flow,95.0
seine,2023-06-09,flow,90.9
seine,2023-06-10,flow,89.5
seine,2023-06-11,flow,95.1
seine,2023-06-12,flow,99.8
seine,2023-06-13,flow,96.0
seine,2023-06-14,flow,90.5
seine,2023-06-15,flow,88.9
seine,2023-06-16,flow,78.1
seine,2023-06-17,flow,81.5
seine,2023-06-18,flow,94.3
seine,2023-06-19,flow,102.0
seine,2023-06-20,flow,97.8
seine,2023-06-21,flow,112.0
seine,2023-06-22,flow,171.0
seine,2023-06-23,flow,172.0
seine,2023-06-24,flow,174.0
seine,2023-06-25,flow,137.0
seine,2023-06-26,flow,113.0
seine,2023-06-27,flow,109.0
seine,2023-06-28,flow,102.0
seine,2023-06-29,flow,92.7
seine,2023-06-30,flow,100.0
seine,2023-07-01,flow,94.2
seine,2023-07-02,flow,89.8
seine,2023-07-03,flow,98.4
seine,2023-07-04,flow,97.6
seine,2023-07-05,flow,107.0
seine,2023-07-06,flow,99.3
seine,2023-07-07,flow,94.4
seine,2023-07-08,flow,87.6
seine,2023-07-09,flow,89.9
seine,2023-07-10,flow,91.7
seine,2023-07-11,flow,88.2
seine,2023-07-12,flow,84.2
seine,2023-07-13,flow,82.9
seine,2023-07-14,flow,80.2
seine,2023-07-15,flow,85.5
seine,2023-07-16,flow,84.6
seine,2023-07-17,flow,82.0
seine,2023-07-18,flow,81.3
seine,2023-07-19,flow,85.0
seine,2023-07-20,flow,82.0
seine,2023-07-21,flow,80.1
seine,2023-07-22,flow,84.3
seine,2023-07-23,flow,84.1
seine,2023-07-24,flow,90.3
seine,2023-07-25,flow,141.0
seine,2023-07-26,flow,116.0
seine,2023-07-27,flow,104.0
seine,2023-07-28,flow,161.0
seine,2023-07-29,flow,154.0
seine,2023-07-30,flow,128.0
seine,2023-07-31,flow,125.0
seine,2023-08-01,flow,158.0
seine,2023-08-02,flow,256.0
seine,2023-08-03,flow,194.0
seine,2023-08-04,flow,192.0
seine,2023-08-05,flow,189.0
seine,2023-08-06,flow,180.0
seine,2023-08-07,flow,181.0
seine,2023-08-08,flow,169.0
seine,2023-08-09,flow,162.0
seine,2023-08-10,flow,155.0
seine,2023-08-11,flow,154.0
seine,2023-08-12,flow,179.0
seine,2023-08-13,flow,164.0
seine,2023-08-14,flow,151.0
seine,2023-08-15,flow,157.0
seine,2023-08-16,flow,150.0
seine,2023-08-17,flow,145.0
seine,2023-08-18,flow,144.0
seine,2023-08-19,flow,142.0
seine,2023-08-20,flow,146.0
seine,2023-08-21,flow,150.0
seine,2023-08-22,flow,148.0
seine,2023-08-23,flow,141.0
seine,2023-08-24,flow,139.0
seine,2023-08-25,flow,136.0
seine,2023-08-26,flow,135.0
seine,2023-08-27,flow,136.0
seine,2023-08-28,flow,137.0
seine,2023-08-29,flow,128.0
seine,2023-08-30,flow,128.0
seine,2023-08-31,flow,130.0
seine,2023-09-01,flow,125.0
seine,2023-09-02,flow,125.0
seine,2023-09-03,flow,125.0
seine,2023-09-04,flow,121.0
seine,2023-09-05,flow,119.0
seine,2023-09-06,flow,112.0
seine,2023-09-07,flow,113.0
seine,2023-09-08,flow,108.0
seine,2023-09-09,flow,107.0
seine,2023-09-10,flow,105.0
seine,2023-09-11,flow,110.0
seine,2023-09-12,flow,123.0
seine,2023-09-13,flow,129.0
seine,2023-09-14,flow,119.0
seine,2023-09-15,flow,118.0
seine,2023-09-16,flow,118.0
seine,2023-09-17,flow,115.0
seine,2023-09-18,flow,122.0
seine,2023-09-19,flow,119.0
seine,2023-09-20,flow,123.0
seine,2023-09-21,flow,164.0
seine,2023-09-22,flow,150.0
seine,2023-09-23,flow,137.0
seine,2023-09-24,flow,130.0
seine,2023-09-25,flow,124.0
seine,2023-09-26,flow,114.0
seine,2023-09-27,flow,113.0
seine,2023-09-28,flow,117.0
seine,2023-09-29,flow,113.0
seine,2023-09-30,flow,114.0
seine,2023-10-01,flow,111.0
seine,2023-10-02,flow,110.0
seine,2023-10-03,flow,115.0
seine,2023-10-04,flow,116.0
seine,2023-10-05,flow,111.0
seine,2023-10-06,flow,112.0
seine,2023-10-07,flow,110.0
seine,2023-10-08,flow,110.0
seine,2023-10-09,flow,110.0
seine,2023-10-10,flow,109.0
seine,2023-10-11,flow,108.0
seine,2023-10-12,flow,105.0
seine,2023-10-13,flow,101.0
seine,2023-10-14,flow,102.0
seine,2023-10-15,flow,98.8
seine,2023-10-16,flow,95.2
seine,2023-10-17,flow,96.2
seine,2023-10-18,flow,100.0
seine,2023-10-19,flow,105.0
seine,2023-10-20,flow,128.0
seine,2023-10-21,flow,140.0
seine,2023-10-22,flow,129.0
seine,2023-10-23,flow,135.0
seine,2023-10-24,flow,142.0
seine,2023-10-25,flow,153.0
seine,2023-10-26,flow,174.0
seine,2023-10-27,flow,232.0
seine,2023-10-28,flow,227.0
seine,2023-10-29,flow,263.0
seine,2023-10-30,flow,268.0
seine,2023-10-31,flow,297.0
seine,2023-11-01,flow,311.0
seine,2023-11-02,flow,335.0
seine,2023-11-03,flow,358.0
seine,2023-11-04,flow,365.0
seine,2023-11-05,flow,368.0
seine,2023-11-06,flow,377.0
seine,2023-11-07,flow,385.0
seine,2023-11-08,flow,361.0
seine,2023-11-09,flow,360.0
seine,2023-11-10,flow,373.0
seine,2023-11-11,flow,383.0
seine,2023-11-12,flow,380.0
seine,2023-11-13,flow,386.0
seine,2023-11-14,flow,416.0
seine,2023-11-15,flow,440.0
seine,2023-11-16,flow,520.0
seine,2023-11-17,flow,581.0
seine,2023-11-18,flow,632.0
seine,2023-11-19,flow,641.0
seine,2023-11-20,flow,654.0
seine,2023-11-21,flow,606.0
seine,2023-11-22,flow,575.0
seine,2023-11-23,flow,569.0
seine,2023-11-24,flow,556.0
seine,2023-11-25,flow,580.0
seine,2023-11-26,flow,587.0
seine,2023-11-27,flow,588.0
seine,2023-11-28,flow,592.0
seine,2023-11-29,flow,603.0
seine,2023-11-30,flow,596.0
seine,2023-12-01,flow,567.0
seine,2023-12-02,flow,539.0
seine,2023-12-03,flow,520.0
seine,2023-12-04,flow,513.0
seine,2023-12-05,flow,520.0
seine,2023-12-06,flow,561.0
seine,2023-12-07,flow,534.0
seine,2023-12-08,flow,531.0
seine,2023-12-09,flow,598.0
seine,2023-12-10,flow,698.0
seine,2023-12-11,flow,808.0
seine,2023-12-12,flow,820.0
seine,2023-12-13,flow,847.0
seine,2023-12-14,flow,886.0
seine,2023-12-15,flow,899.0
seine,2023-12-16,flow,908.0
seine,2023-12-17,flow,877.0
seine,2023-12-18,flow,831.0
seine,2023-12-19,flow,827.0
seine,2023-12-20,flow,819.0
seine,2023-12-21,flow,819.0
seine,2023-12-22,flow,828.0
seine,2023-12-23,flow,828.0
seine,2023-12-24,flow,805.0
seine,2023-12-25,flow,780.0
seine,2023-12-26,flow,747.0
seine,2023-12-27,flow,725.0
seine,2023-12-28,flow,697.0
seine,2023-12-29,flow,677.0
seine,2023-12-30,flow,654.0
seine,2023-12-31,flow,644.0
seine,2024-01-01,flow,636.0
seine,2024-01-02,flow,649.0
seine,2024-01-03,flow,737.0
seine,2024-01-04,flow,816.0
seine,2024-01-05,flow,811.0
seine,2024-01-06,flow,752.0
seine,2024-01-07,flow,694.0
seine,2024-01-08,flow,678.0
seine,2024-01-09,flow,692.0
seine,2024-01-10,flow,697.0
seine,2024-01-11,flow,691.0
seine,2024-01-12,flow,671.0
seine,2024-01-13,flow,644.0
seine,2024-01-14,flow,607.0
seine,2024-01-15,flow,561.0
seine,2024-01-16,flow,500.0
seine,2024-01-17,flow,518.0
seine,2024-01-18,flow,598.0
seine,2024-01-19,flow,675.0
seine,2024-01-20,flow,629.0
seine,2024-01-21,flow,608.0
seine,2024-01-22,flow,595.0
seine,2024-01-23,flow,591.0
seine,2024-01-24,flow,589.0
seine,2024-01-25,flow,589.0
seine,2024-01-26,flow,588.0
seine,2024-01-27,flow,581.0
seine,2024-01-28,flow,568.0
seine,2024-01-29,flow,557.0
seine,2024-01-30,flow,547.0
seine,2024-01-31,flow,532.0
seine,2024-02-01,flow,522.0
seine,2024-02-02,flow,515.0
seine,2024-02-03,flow,484.0
seine,2024-02-04,flow,473.0
seine,2024-02-05,flow,466.0
seine,2024-02-06,flow,433.0
seine,2024-02-07,flow,430.0
seine,2024-02-08,flow,459.0
seine,2024-02-09,flow,549.0
seine,2024-02-10,flow,599.0
seine,2024-02-11,flow,616.0
seine,2024-02-12,flow,699.0
seine,2024-02-13,flow,695.0
seine,2024-02-14,flow,656.0
seine,2024-02-15,flow,649.0
seine,2024-02-16,flow,637.0
seine,2024-02-17,flow,626.0
seine,2024-02-18,flow,627.0
seine,2024-02-19,flow,621.0
seine,2024-02-20,flow,596.0
seine,2024-02-21,flow,578.0
seine,2024-02-22,flow,629.0
seine,2024-02-23,flow,849.0
seine,2024-02-24,flow,970.0
seine,2024-02-25,flow,948.0
seine,2024-02-26,flow,898.0
seine,2024-02-27,flow,946.0
seine,2024-02-28,flow,987.0
seine,2024-02-29,flow,1020.0
seine,2024-03-01,flow,1010.0
seine,2024-03-02,flow,1010.0
seine,2024-03-03,flow,1040.0
seine,2024-03-04,flow,1070.0
seine,2024-03-05,flow,1130.0
seine,2024-03-06,flow,1120.0
seine,2024-03-07,flow,1040.0
seine,2024-03-08,flow,938.0
seine,2024-03-09,flow,868.0
seine,2024-03-10,flow,809.0
seine,2024-03-11,flow,836.0
seine,2024-03-12,flow,891.0
seine,2024-03-13,flow,917.0
seine,2024-03-14,flow,928.0
seine,2024-03-15,flow,806.0
seine,2024-03-16,flow,740.0
seine,2024-03-17,flow,723.0
seine,2024-03-18,flow,682.0
seine,2024-03-19,flow,663.0
seine,2024-03-20,flow,683.0
seine,2024-03-21,flow,690.0
seine,2024-03-22,flow,640.0
seine,2024-03-23,flow,629.0
seine,2024-03-24,flow,601.0
seine,2024-03-25,flow,577.0
seine,2024-03-26,flow,569.0
seine,2024-03-27,flow,566.0
seine,2024-03-28,flow,556.0
seine,2024-03-29,flow,556.0
seine,2024-03-30,flow,649.0
seine,2024-03-31,flow,770.0
seine,2024-04-01,flow,796.0
seine,2024-04-02,flow,837.0
seine,2024-04-03,flow,892.0
seine,2024-04-04,flow,997.0
seine,2024-04-05,flow,1150.0
seine,2024-04-06,flow,1190.0
seine,2024-04-07,flow,1040.0
seine,2024-04-08,flow,896.0
seine,2024-04-09,flow,876.0
seine,2024-04-10,flow,932.0
seine,2024-04-11,flow,928.0
seine,2024-04-12,flow,891.0
seine,2024-04-13,flow,829.0
seine,2024-04-14,flow,798.0
seine,2024-04-15,flow,735.0
seine,2024-04-16,flow,692.0
seine,2024-04-17,flow,636.0
seine,2024-04-18,flow,616.0
seine,2024-04-19,flow,583.0
seine,2024-04-20,flow,569.0
seine,2024-04-21,flow,547.0
seine,2024-04-22,flow,513.0
seine,2024-04-23,flow,501.0
seine,2024-04-24,flow,484.0
seine,2024-04-25,flow,457.0
seine,2024-04-26,flow,420.0
seine,2024-04-27,flow,417.0
seine,2024-04-28,flow,413.0
seine,2024-04-29,flow,397.0
seine,2024-04-30,flow,361.0
seine,2024-05-01,flow,360.0
seine,2024-05-02,flow,414.0
seine,2024-05-03,flow,422.0
seine,2024-05-04,flow,430.0
seine,2024-05-05,flow,435.0
seine,2024-05-06,flow,535.0
seine,2024-05-07,flow,571.0
seine,2024-05-08,flow,651.0
seine,2024-05-09,flow,682.0
seine,2024-05-10,flow,686.0
seine,2024-05-11,flow,631.0
seine,2024-05-12,flow,602.0
seine,2024-05-13,flow,606.0
seine,2024-05-14,flow,629.0
seine,2024-05-15,flow,617.0
seine,2024-05-16,flow,603.0
seine,2024-05-17,flow,601.0
seine,2024-05-18,flow,590.0
seine,2024-05-19,flow,576.0
seine,2024-05-20,flow,555.0
seine,2024-05-21,flow,549.0
seine,2024-05-22,flow,579.0
seine,2024-05-23,flow,562.0
seine,2024-05-24,flow,529.0
seine,2024-05-25,flow,528.0
seine,2024-05-26,flow,494.0
seine,2024-05-27,flow,460.0
seine,2024-05-28,flow,426.0
seine,2024-05-29,flow,438.0
seine,2024-05-30,flow,443.0
seine,2024-05-31,flow,459.0
seine,2024-06-01,flow,466.0
seine,2024-06-02,flow,453.0
seine,2024-06-03,flow,456.0
seine,2024-06-04,flow,442.0
seine,2024-06-05,flow,408.0
seine,2024-06-06,flow,386.0
seine,2024-06-07,flow,355.0
seine,2024-06-08,flow,337.0
seine,2024-06-09,flow,330.0
seine,2024-06-10,flow,304.0
seine,2024-06-11,flow,303.0
seine,2024-06-12,flow,288.0
seine,2024-06-13,flow,285.0
seine,2024-06-14,flow,266.0
seine,2024-06-15,flow,263.0
seine,2024-06-16,flow,277.0
seine,2024-06-17,flow,280.0
seine,2024-06-18,flow,304.0
seine,2024-06-19,flow,309.0
seine,2024-06-20,flow,344.0
seine,2024-06-21,flow,498.0
seine,2024-06-22,flow,599.0
seine,2024-06-23,flow,645.0
seine,2024-06-24,flow,620.0
seine,2024-06-25,flow,563.0
seine,2024-06-26,flow,490.0
seine,2024-06-27,flow,444.0
seine,2024-06-28,flow,418.0
seine,2024-06-29,flow,393.0
seine,2024-06-30,flow,402.0
seine,2024-07-01,flow,479.0
seine,2024-07-02,flow,538.0
seine,2024-07-03,flow,539.0
seine,2024-07-04,flow,514.0
seine,2024-07-05,flow,502.0
seine,2024-07-06,flow,497.0
seine,2024-07-07,flow,491.0
seine,2024-07-08,flow,480.0
seine,2024-07-09,flow,476.0
seine,2024-07-10,flow,469.0
seine,2024-07-11,flow,448.0
seine,2024-07-12,flow,511.0
seine,2024-07-13,flow,498.0
seine,2024-07-14,flow,498.0
seine,2024-07-15,flow,448.0
seine,2024-07-16,flow,405.0
seine,2024-07-17,flow,395.0
seine,2024-07-18,flow,369.0
seine,2024-07-19,flow,336.0
seine,2024-07-20,flow,333.0
seine,2024-07-21,flow,367.0
seine,2024-07-22,flow,379.0
seine,2024-07-23,flow,380.0
seine,2024-07-24,flow,341.0
seine,2024-07-25,flow,351.0
seine,2024-07-26,flow,346.0
seine,2024-07-27,flow,363.0
seine,2024-07-28,flow,408.0
seine,2024-07-29,flow,404.0
seine,2024-07-30,flow,329.0
seine,2024-07-31,flow,310.0
seine,2024-08-01,flow,342.0
seine,2024-08-02,flow,411.0
seine,2024-08-03,flow,453.0
seine,2024-08-04,flow,422.0
seine,2024-08-05,flow,358.0
seine,2024-08-06,flow,327.0
seine,2024-08-07,flow,323.0
seine,2024-08-08,flow,304.0
seine,2024-08-09,flow,301.0
seine,2024-08-10,flow,301.0
seine,2024-08-11,flow,300.0
seine,2024-08-12,flow,301.0
seine,2024-08-13,flow,293.0
seine,2024-08-14,flow,304.0
seine,2024-08-15,flow,301.0
seine,2024-08-16,flow,292.0
seine,2024-08-17,flow,338.0
seine,2024-08-18,flow,359.0
seine,2024-08-19,flow,346.0
seine,2024-08-20,flow,337.0
seine,2024-08-21,flow,323.0
seine,2024-08-22,flow,288.0
seine,2024-08-23,flow,271.0
seine,2024-08-24,flow,259.0
seine,2024-08-25,flow,250.0
seine,2024-08-26,flow,229.0
seine,2024-08-27,flow,213.0
seine,2024-08-28,flow,233.0
seine,2024-08-29,flow,218.0
seine,2024-08-30,flow,231.0
seine,2024-08-31,flow,204.0
seine,2024-09-01,flow,222.0
seine,2024-09-02,flow,217.0
seine,2024-09-03,flow,199.0
seine,2024-09-04,flow,201.0
seine,2024-09-05,flow,341.0
seine,2024-09-06,flow,395.0
seine,2024-09-07,flow,351.0
seine,2024-09-08,flow,332.0
seine,2024-09-09,flow,331.0
seine,2024-09-10,flow,320.0
seine,2024-09-11,flow,318.0
seine,2024-09-12,flow,313.0
seine,2024-09-13,flow,316.0
seine,2024-09-14,flow,310.0
seine,2024-09-15,flow,312.0
seine,2024-09-16,flow,304.0
seine,2024-09-17,flow,291.0
seine,2024-09-18,flow,295.0
seine,2024-09-19,flow,289.0
seine,2024-09-20,flow,278.0
seine,2024-09-21,flow,278.0
seine,2024-09-22,flow,279.0
seine,2024-09-23,flow,288.0
seine,2024-09-24,flow,289.0
seine,2024-09-25,flow,308.0
seine,2024-09-26,flow,469.0
seine,2024-09-27,flow,576.0
seine,2024-09-28,flow,589.0
seine,2024-09-29,flow,494.0
seine,2024-09-30,flow,438.0
seine,2024-10-01,flow,411.0
seine,2024-10-02,flow,381.0
seine,2024-10-03,flow,388.0
seine,2024-10-04,flow,401.0
seine,2024-10-05,flow,385.0
seine,2024-10-06,flow,376.0
seine,2024-10-07,flow,375.0
seine,2024-10-08,flow,397.0
seine,2024-10-09,flow,569.0
seine,2024-10-10,flow,819.0
seine,2024-10-11,flow,928.0
seine,2024-10-12,flow,956.0
seine,2024-10-13,flow,816.0
seine,2024-10-14,flow,685.0
seine,2024-10-15,flow,619.0
seine,2024-10-16,flow,596.0
seine,2024-10-17,flow,587.0
seine,2024-10-18,flow,599.0
seine,2024-10-19,flow,636.0
seine,2024-10-20,flow,620.0
seine,2024-10-21,flow,582.0
seine,2024-10-22,flow,513.0
seine,2024-10-23,flow,494.0
seine,2024-10-24,flow,469.0
seine,2024-10-25,flow,431.0
seine,2024-10-26,flow,453.0
seine,2024-10-27,flow,450.0
seine,2024-10-28,flow,427.0
seine,2024-10-29,flow,420.0
seine,2024-10-30,flow,410.0
seine,2024-10-31,flow,395.0
seine,2024-11-01,flow,384.0
seine,2024-11-02,flow,376.0
seine,2024-11-03,flow,355.0
seine,2024-11-04,flow,335.0
seine,2024-11-05,flow,335.0
seine,2024-11-06,flow,323.0
seine,2024-11-07,flow,320.0
seine,2024-11-08,flow,310.0
seine,2024-11-09,flow,302.0
seine,2024-11-10,flow,304.0
seine,2024-11-11,flow,302.0
seine,2024-11-12,flow,276.0
seine,2024-11-13,flow,260.0
seine,2024-11-14,flow,259.0
seine,2024-11-15,flow,259.0
seine,2024-11-16,flow,228.0
seine,2024-11-17,flow,240.0
seine,2024-11-18,flow,239.0
seine,2024-11-19,flow,265.0
seine,2024-11-20,flow,345.0
seine,2024-11-21,flow,473.0
seine,2024-11-22,flow,488.0
seine,2024-11-23,flow,537.0
seine,2024-11-24,flow,554.0
seine,2024-11-25,flow,548.0
seine,2024-11-26,flow,528.0
seine,2024-11-27,flow,541.0
seine,2024-11-28,flow,568.0
seine,2024-11-29,flow,571.0
seine,2024-11-30,flow,532.0
seine,2024-12-01,flow,511.0
seine,2024-12-02,flow,506.0
seine,2024-12-03,flow,494.0
seine,2024-12-04,flow,477.0
seine,2024-12-05,flow,463.0
seine,2024-12-06,flow,468.0
seine,2024-12-07,flow,533.0
seine,2024-12-08,flow,615.0
seine,2024-12-09,flow,728.0
seine,2024-12-10,flow,782.0
seine,2024-12-11,flow,754.0
seine,2024-12-12,flow,722.0
seine,2024-12-13,flow,681.0
seine,2024-12-14,flow,648.0
seine,2024-12-15,flow,634.0
seine,2024-12-16,flow,615.0
seine,2024-12-17,flow,600.0
seine,2024-12-18,flow,584.0
seine,2024-12-19,flow,558.0
seine,2024-12-20,flow,545.0
seine,2024-12-21,flow,559.0
seine,2024-12-22,flow,632.0
seine,2024-12-23,flow,754.0
seine,2024-12-24,flow,800.0
seine,2024-12-25,flow,772.0
seine,2024-12-26,flow,746.0
seine,2024-12-27,flow,701.0
seine,2024-12-28,flow,685.0
seine,2024-12-29,flow,682.0
seine,2024-12-30,flow,679.0
seine,2024-12-31,flow,673.0
seine,2025-01-01,flow,665.0
seine,2025-01-02,flow,707.0
seine,2025-01-03,flow,798.0
seine,2025-01-04,flow,830.0
seine,2025-01-05,flow,822.0
seine,2025-01-06,flow,919.0
seine,2025-01-07,flow,956.0
seine,2025-01-08,flow,911.0
seine,2025-01-09,flow,950.0
seine,2025-01-10,flow,1050.0
seine,2025-01-11,flow,1080.0
seine,2025-01-12,flow,1030.0
seine,2025-01-13,flow,953.0
seine,2025-01-14,flow,900.0
seine,2025-01-15,flow,888.0
seine,2025-01-16,flow,815.0
seine,2025-01-17,flow,841.0
seine,2025-01-18,flow,836.0
seine,2025-01-19,flow,804.0
seine,2025-01-20,flow,744.0
seine,2025-01-21,flow,693.0
seine,2025-01-22,flow,646.0
seine,2025-01-23,flow,686.0
seine,2025-01-24,flow,711.0
seine,2025-01-25,flow,685.0
seine,2025-01-26,flow,715.0
seine,2025-01-27,flow,788.0
seine,2025-01-28,flow,809.0
seine,2025-01-29,flow,817.0
seine,2025-01-30,flow,833.0
seine,2025-01-31,flow,809.0
seine,2025-02-01,flow,729.0
seine,2025-02-02,flow,659.0
seine,2025-02-03,flow,624.0
seine,2025-02-04,flow,566.0
seine,2025-02-05,flow,536.0
seine,2025-02-06,flow,496.0
seine,2025-02-07,flow,468.0
seine,2025-02-08,flow,454.0
seine,2025-02-09,flow,456.0
seine,2025-02-10,flow,440.0
seine,2025-02-11,flow,439.0
seine,2025-02-12,flow,460.0
seine,2025-02-13,flow,479.0
seine,2025-02-14,flow,475.0
seine,2025-02-15,flow,466.0
seine,2025-02-16,flow,462.0
seine,2025-02-17,flow,448.0
seine,2025-02-18,flow,416.0
seine,2025-02-19,flow,420.0
seine,2025-02-20,flow,401.0
seine,2025-02-21,flow,399.0
seine,2025-02-22,flow,397.0
seine,2025-02-23,flow,394.0
seine,2025-02-24,flow,371.0
seine,2025-02-25,flow,435.0
seine,2025-02-26,flow,587.0
seine,2025-02-27,flow,713.0
seine,2025-02-28,flow,702.0
seine,2025-03-01,flow,643.0
seine,2025-03-02,flow,595.0
seine,2025-03-03,flow,546.0
seine,2025-03-04,flow,527.0
seine,2025-03-05,flow,509.0
seine,2025-03-06,flow,478.0
seine,2025-03-07,flow,472.0
seine,2025-03-08,flow,451.0
seine,2025-03-09,flow,445.0
seine,2025-03-10,flow,443.0
seine,2025-03-11,flow,429.0
seine,2025-03-12,flow,409.0
seine,2025-03-13,flow,407.0
seine,2025-03-14,flow,398.0
seine,2025-03-15,flow,416.0
seine,2025-03-16,flow,419.0
seine,2025-03-17,flow,438.0
seine,2025-03-18,flow,478.0
seine,2025-03-19,flow,473.0
seine,2025-03-20,flow,441.0
seine,2025-03-21,flow,413.0
seine,2025-03-22,flow,420.0
seine,2025-03-23,flow,414.0
seine,2025-03-24,flow,407.0
seine,2025-03-25,flow,379.0
seine,2025-03-26,flow,372.0
seine,2025-03-27,flow,360.0
seine,2025-03-28,flow,349.0
seine,2025-03-29,flow,345.0
seine,2025-03-30,flow,337.0
seine,2025-03-31,flow,323.0
seine,2025-04-01,flow,311.0
seine,2025-04-02,flow,299.0
seine,2025-04-03,flow,293.0
seine,2025-04-04,flow,273.0
seine,2025-04-05,flow,274.0
seine,2025-04-06,flow,246.0
seine,2025-04-07,flow,255.0
seine,2025-04-08,flow,250.0
seine,2025-04-09,flow,237.0
seine,2025-04-10,flow,237.0
seine,2025-04-11,flow,234.0
seine,2025-04-12,flow,233.0
seine,2025-04-13,flow,247.0
seine,2025-04-14,flow,240.0
seine,2025-04-15,flow,233.0
seine,2025-04-16,flow,231.0
seine,2025-04-17,flow,231.0
seine,2025-04-18,flow,223.0
seine,2025-04-19,flow,218.0
seine,2025-04-20,flow,230.0
seine,2025-04-21,flow,234.0
seine,2025-04-22,flow,226.0
seine,2025-04-23,flow,244.0
seine,2025-04-24,flow,246.0
seine,2025-04-25,flow,240.0
seine,2025-04-26,flow,232.0
seine,2025-04-27,flow,219.0
seine,2025-04-28,flow,217.0
seine,2025-04-29,flow,206.0
seine,2025-04-30,flow,201.0
seine,2025-05-01,flow,196.0
seine,2025-05-02,flow,190.0
seine,2025-05-03,flow,192.0
seine,2025-05-04,flow,202.0
seine,2025-05-05,flow,195.0
seine,2025-05-06,flow,183.0
seine,2025-05-07,flow,177.0
seine,2025-05-08,flow,174.0
seine,2025-05-09,flow,170.0
seine,2025-05-10,flow,166.0
seine,2025-05-11,flow,171.0
seine,2025-05-12,flow,185.0
seine,2025-05-13,flow,183.0
seine,2025-05-14,flow,175.0
seine,2025-05-15,flow,163.0
seine,2025-05-16,flow,159.0
seine,2025-05-17,flow,153.0
seine,2025-05-18,flow,148.0
seine,2025-05-19,flow,150.0
seine,2025-05-20,flow,145.0
seine,2025-05-21,flow,145.0
seine,2025-05-22,flow,162.0
seine,2025-05-23,flow,152.0
seine,2025-05-24,flow,148.0
seine,2025-05-25,flow,150.0
seine,2025-05-26,flow,154.0
seine,2025-05-27,flow,145.0
seine,2025-05-28,flow,146.0
seine,2025-05-29,flow,138.0
seine,2025-05-30,flow,139.0
seine,2025-05-31,flow,136.0
seine,2025-06-01,flow,141.0
seine,2025-06-02,flow,130.0
seine,2025-06-03,flow,128.0
seine,2025-06-04,flow,123.0
seine,2025-06-05,flow,128.0
seine,2025-06-06,flow,146.0
seine,2025-06-07,flow,137.0
seine,2025-06-08,flow,136.0
seine,2025-06-09,flow,129.0
seine,2025-06-10,flow,127.0
seine,2025-06-11,flow,120.0
seine,2025-06-12,flow,121.0
seine,2025-06-13,flow,113.0
seine,2025-06-14,flow,115.0
seine,2025-06-15,flow,111.0
seine,2025-06-16,flow,107.0
seine,2025-06-17,flow,109.0
seine,2025-06-18,flow,106.0
seine,2025-06-19,flow,104.0
seine,2025-06-20,flow,111.0
seine,2025-06-21,flow,96.9
seine,2025-06-22,flow,92.7
seine,2025-06-23,flow,94.4
seine,2025-06-24,flow,84.9
seine,2025-06-25,flow,84.5
seine,2025-06-26,flow,126.0
seine,2025-06-27,flow,105.0
seine,2025-06-28,flow,92.1
seine,2025-06-29,flow,92.7
seine,2025-06-30,flow,75.8
seine,2025-07-01,flow,73.4
seine,2025-07-02,flow,76.7
seine,2025-07-03,flow,77.8
seine,2025-07-04,flow,77.3
seine,2025-07-05,flow,83.0
seine,2025-07-06,flow,107.0
seine,2025-07-07,flow,117.0
seine,2025-07-08,flow,126.0
seine,2025-07-09,flow,129.0
seine,2025-07-10,flow,103.0
seine,2025-07-11,flow,103.0
seine,2025-07-12,flow,103.0
seine,2025-07-13,flow,98.0
seine,2025-07-14,flow,96.8
seine,2025-07-15,flow,102.0
seine,2025-07-16,flow,98.8
seine,2025-07-17,flow,100.0
seine,2025-07-18,flow,99.7
seine,2025-07-19,flow,102.0
seine,2025-07-20,flow,118.0
seine,2025-07-21,flow,134.0
seine,2025-07-22,flow,145.0
seine,2025-07-23,flow,116.0
seine,2025-07-24,flow,202.0
seine,2025-07-25,flow,171.0
seine,2025-07-26,flow,140.0
seine,2025-07-27,flow,140.0
seine,2025-07-28,flow,139.0
seine,2025-07-29,flow,128.0
seine,2025-07-30,flow,129.0
seine,2025-07-31,flow,130.0
seine,2025-08-01,flow,129.0
seine,2025-08-02,flow,125.0
seine,2025-08-03,flow,124.0
seine,2025-08-04,flow,130.0
seine,2025-08-05,flow,127.0
seine,2025-08-06,flow,117.0
seine,2025-08-07,flow,118.0
seine,2025-08-08,flow,117.0
seine,2025-08-09,flow,117.0
seine,2025-08-10,flow,112.0
seine,2025-08-11,flow,105.0
seine,2025-08-12,flow,105.0
seine,2025-08-13,flow,102.0
seine,2025-08-14,flow,109.0
seine,2025-08-15,flow,98.4
seine,2025-08-16,flow,101.0
seine,2025-08-17,flow,99.4
seine,2025-08-18,flow,98.1
seine,2025-08-19,flow,97.9
seine,2025-08-20,flow,114.0
seine,2025-08-21,flow,139.0
seine,2025-08-22,flow,124.0
seine,2025-08-23,flow,123.0
seine,2025-08-24,flow,121.0
seine,2025-08-25,flow,117.0
seine,2025-08-26,flow,117.0
seine,2025-08-27,flow,107.0
seine,2025-08-28,flow,116.0
seine,2025-08-29,flow,132.0
seine,2025-08-30,flow,133.0
seine,2025-08-31,flow,123.0
seine,2025-09-01,flow,136.0
seine,2025-09-02,flow,140.0
seine,2025-09-03,flow,149.0
seine,2025-09-04,flow,140.0
seine,2025-09-05,flow,145.0
seine,2025-09-06,flow,142.0
seine,2025-09-07,flow,142.0
seine,2025-09-08,flow,147.0
seine,2025-09-09,flow,131.0
seine,2025-09-10,flow,135.0
seine,2025-09-11,flow,142.0
seine,2025-09-12,flow,145.0
seine,2025-09-13,flow,142.0
seine,2025-09-14,flow,156.0
seine,2025-09-15,flow,153.0
seine,2025-09-16,flow,149.0
seine,2025-09-17,flow,143.0
seine,2025-09-18,flow,144.0
seine,2025-09-19,flow,140.0
seine,2025-09-20,flow,146.0
seine,2025-09-21,flow,158.0
seine,2025-09-22,flow,155.0
seine,2025-09-23,flow,210.0
seine,2025-09-24,flow,249.0
seine,2025-09-25,flow,268.0
seine,2025-09-26,flow,285.0
seine,2025-09-27,flow,312.0
seine,2025-09-28,flow,313.0
seine,2025-09-29,flow,340.0
seine,2025-09-30,flow,328.0
seine,2025-10-01,flow,330.0
seine,2025-10-02,flow,319.0
seine,2025-10-03,flow,314.0
seine,2025-10-04,flow,334.0
seine,2025-10-05,flow,328.0
seine,2025-10-06,flow,327.0
seine,2025-10-07,flow,319.0
seine,2025-10-08,flow,303.0
seine,2025-10-09,flow,282.0
seine,2025-10-10,flow,278.0
seine,2025-10-11,flow,271.0
seine,2025-10-12,flow,252.0
seine,2025-10-13,flow,256.0
seine,2025-10-14,flow,250.0
seine,2025-10-15,flow,249.0
seine,2025-10-16,flow,239.0
seine,2025-10-17,flow,242.0
seine,2025-10-18,flow,234.0
seine,2025-10-19,flow,232.0
seine,2025-10-20,flow,239.0
seine,2025-10-21,flow,236.0
seine,2025-10-22,flow,230.0
seine,2025-10-23,flow,230.0
seine,2025-10-24,flow,235.0
seine,2025-10-25,flow,277.0
seine,2025-10-26,flow,292.0
seine,2025-10-27,flow,286.0
seine,2025-10-28,flow,319.0
seine,2025-10-29,flow,376.0
seine,2025-10-30,flow,403.0
seine,2025-10-31,flow,415.0
seine,2025-11-01,flow,407.0
seine,2025-11-02,flow,411.0
seine,2025-11-03,flow,408.0
seine,2025-11-04,flow,410.0
seine,2025-11-05,flow,397.0
seine,2025-11-06,flow,384.0
seine,2025-11-07,flow,378.0
seine,2025-11-08,flow,360.0
seine,2025-11-09,flow,357.0
seine,2025-11-10,flow,338.0
seine,2025-11-11,flow,326.0
seine,2025-11-12,flow,310.0
seine,2025-11-13,flow,284.0
seine,2025-11-14,flow,266.0
seine,2025-11-15,flow,249.0
seine,2025-11-16,flow,260.0
seine,2025-11-17,flow,260.0
seine,2025-11-18,flow,239.0
seine,2025-11-19,flow,271.0
seine,2025-11-20,flow,274.0
seine,2025-11-21,flow,265.0
seine,2025-11-22,flow,247.0
seine,2025-11-23,flow,264.0
seine,2025-11-24,flow,272.0
seine,2025-11-25,flow,310.0
seine,2025-11-26,flow,367.0
seine,2025-11-27,flow,396.0
seine,2025-11-28,flow,452.0
seine,2025-11-29,flow,441.0
seine,2025-11-30,flow,437.0
seine,2025-12-01,flow,443.0
seine,2025-12-02,flow,451.0
seine,2025-12-03,flow,452.0
seine,2025-12-04,flow,432.0
seine,2025-12-05,flow,420.0
seine,2025-12-06,flow,415.0
seine,2025-12-07,flow,429.0
seine,2025-12-08,flow,466.0
seine,2025-12-09,flow,542.0
seine,2025-12-10,flow,574.0
seine,2025-12-11,flow,574.0
seine,2025-12-12,flow,564.0
seine,2025-12-13,flow,571.0
seine,2025-12-14,flow,546.0
seine,2025-12-15,flow,530.0
seine,2025-12-16,flow,505.0
seine,2025-12-17,flow,477.0
seine,2025-12-18,flow,450.0
seine,2025-12-19,flow,431.0
seine,2025-12-20,flow,397.0
seine,2025-12-21,flow,408.0
seine,2025-12-22,flow,411.0
seine,2025-12-23,flow,386.0
seine,2025-12-24,flow,371.0
seine,2025-12-25,flow,337.0
seine,2025-12-26,flow,305.0
seine,2025-12-27,flow,296.0
seine,2025-12-28,flow,278.0
seine,2025-12-29,flow,258.0
seine,2025-12-30,flow,239.0
seine,2025-12-31,flow,234.0
paris_land,2021-01-01,temperature,0.3
paris_land,2021-01-01,precipitation,0.0
paris_land,2021-01-01,et0,0.32
paris_land,2021-01-02,temperature,0.4
paris_land,2021-01-02,precipitation,0.0
paris_land,2021-01-02,et0,0.29
paris_land,2021-01-03,temperature,1.8
paris_land,2021-01-03,precipitation,0.2
paris_land,2021-01-03,et0,0.27
paris_land,2021-01-04,temperature,1.8
paris_land,2021-01-04,precipitation,0.3
paris_land,2021-01-04,et0,0.22
paris_land,2021-01-05,temperature,1.8
paris_land,2021-01-05,precipitation,0.5
paris_land,2021-01-05,et0,0.25
paris_land,2021-01-06,temperature,2.3
paris_land,2021-01-06,precipitation,0.6
paris_land,2021-01-06,et0,0.23
paris_land,2021-01-07,temperature,1.6
paris_land,2021-01-07,precipitation,0.5
paris_land,2021-01-07,et0,0.25
paris_land,2021-01-08,temperature,0.6
paris_land,2021-01-08,precipitation,0.0
paris_land,2021-01-08,et0,0.34
paris_land,2021-01-09,temperature,0.4
paris_land,2021-01-09,precipitation,0.0
paris_land,2021-01-09,et0,0.42
paris_land,2021-01-10,temperature,-0.2
paris_land,2021-01-10,precipitation,0.0
paris_land,2021-01-10,et0,0.36
paris_land,2021-01-11,temperature,1.4
paris_land,2021-01-11,precipitation,0.0
paris_land,2021-01-11,et0,0.29
paris_land,2021-01-12,temperature,6.6
paris_land,2021-01-12,precipitation,9.1
paris_land,2021-01-12,et0,0.41
paris_land,2021-01-13,temperature,7.3
paris_land,2021-01-13,precipitation,1.8
paris_land,2021-01-13,et0,0.3
paris_land,2021-01-14,temperature,8.7
paris_land,2021-01-14,precipitation,5.7
paris_land,2021-01-14,et0,0.47
paris_land,2021-01-15,temperature,1.7
paris_land,2021-01-15,precipitation,0.7
paris_land,2021-01-15,et0,0.67
paris_land,2021-01-16,temperature,0.5
paris_land,2021-01-16,precipitation,7.2
paris_land,2021-01-16,et0,0.28
paris_land,2021-01-17,temperature,4.5
paris_land,2021-01-17,precipitation,1.0
paris_land,2021-01-17,et0,0.45
paris_land,2021-01-18,temperature,4.2
paris_land,2021-01-18,precipitation,0.0
paris_land,2021-01-18,et0,0.63
paris_land,2021-01-19,temperature,5.5
paris_land,2021-01-19,precipitation,5.1
paris_land,2021-01-19,et0,0.65
paris_land,2021-01-20,temperature,9.2
paris_land,2021-01-20,precipitation,0.3
paris_land,2021-01-20,et0,2.09
paris_land,2021-01-21,temperature,8.9
paris_land,2021-01-21,precipitation,9.5
paris_land,2021-01-21,et0,1.14
paris_land,2021-01-22,temperature,5.3
paris_land,2021-01-22,precipitation,5.4
paris_land,2021-01-22,et0,0.52
paris_land,2021-01-23,temperature,3.0
paris_land,2021-01-23,precipitation,5.6
paris_land,2021-01-23,et0,0.28
paris_land,2021-01-24,temperature,1.0
paris_land,2021-01-24,precipitation,3.3
paris_land,2021-01-24,et0,0.25
paris_land,2021-01-25,temperature,2.2
paris_land,2021-01-25,precipitation,0.4
paris_land,2021-01-25,et0,0.65
paris_land,2021-01-26,temperature,1.5
paris_land,2021-01-26,precipitation,0.3
paris_land,2021-01-26,et0,0.62
paris_land,2021-01-27,temperature,5.4
paris_land,2021-01-27,precipitation,4.2
paris_land,2021-01-27,et0,0.4
paris_land,2021-01-28,temperature,11.2
paris_land,2021-01-28,precipitation,8.4
paris_land,2021-01-28,et0,0.74
paris_land,2021-01-29,temperature,10.1
paris_land,2021-01-29,precipitation,3.6
paris_land,2021-01-29,et0,1.15
paris_land,2021-01-30,temperature,9.4
paris_land,2021-01-30,precipitation,11.9
paris_land,2021-01-30,et0,0.71
paris_land,2021-01-31,temperature,8.5
paris_land,2021-01-31,precipitation,10.6
paris_land,2021-01-31,et0,0.4
paris_land,2021-02-01,temperature,8.5
paris_land,2021-02-01,precipitation,2.2
paris_land,2021-02-01,et0,0.61
paris_land,2021-02-02,temperature,10.9
paris_land,2021-02-02,precipitation,2.2
paris_land,2021-02-02,et0,0.93
paris_land,2021-02-03,temperature,10.7
paris_land,2021-02-03,precipitation,4.6
paris_land,2021-02-03,et0,1.09
paris_land,2021-02-04,temperature,8.0
paris_land,2021-02-04,precipitation,2.5
paris_land,2021-02-04,et0,0.56
paris_land,2021-02-05,temperature,8.1
paris_land,2021-02-05,precipitation,0.3
paris_land,2021-02-05,et0,0.68
paris_land,2021-02-06,temperature,7.3
paris_land,2021-02-06,precipitation,16.5
paris_land,2021-02-06,et0,0.31
paris_land,2021-02-07,temperature,3.7
paris_land,2021-02-07,precipitation,3.9
paris_land,2021-02-07,et0,0.36
paris_land,2021-02-08,temperature,-0.5
paris_land,2021-02-08,precipitation,0.2
paris_land,2021-02-08,et0,0.55
paris_land,2021-02-09,temperature,-2.0
paris_land,2021-02-09,precipitation,0.2
paris_land,2021-02-09,et0,0.59
paris_land,2021-02-10,temperature,-3.3
paris_land,2021-02-10,precipitation,2.6
paris_land,2021-02-10,et0,1.13
paris_land,2021-02-11,temperature,-3.2
paris_land,2021-02-11,precipitation,0.0
paris_land,2021-02-11,et0,1.17
paris_land,2021-02-12,temperature,-2.3
paris_land,2021-02-12,precipitation,0.0
paris_land,2021-02-12,et0,1.34
paris_land,2021-02-13,temperature,-3.5
paris_land,2021-02-13,precipitation,0.0
paris_land,2021-02-13,et0,1.38
paris_land,2021-02-14,temperature,-1.6
paris_land,2021-02-14,precipitation,0.0
paris_land,2021-02-14,et0,1.46
paris_land,2021-02-15,temperature,4.2
paris_land,2021-02-15,precipitation,4.0
paris_land,2021-02-15,et0,0.82
paris_land,2021-02-16,temperature,7.7
paris_land,2021-02-16,precipitation,1.3
paris_land,2021-02-16,et0,1.12
paris_land,2021-02-17,temperature,9.1
paris_land,2021-02-17,precipitation,0.0
paris_land,2021-02-17,et0,0.98
paris_land,2021-02-18,temperature,8.6
paris_land,2021-02-18,precipitation,6.8
paris_land,2021-02-18,et0,0.87
paris_land,2021-02-19,temperature,8.3
paris_land,2021-02-19,precipitation,0.0
paris_land,2021-02-19,et0,1.0
paris_land,2021-02-20,temperature,12.2
paris_land,2021-02-20,precipitation,0.0
paris_land,2021-02-20,et0,2.24
paris_land,2021-02-21,temperature,11.4
paris_land,2021-02-21,precipitation,0.0
paris_land,2021-02-21,et0,2.19
paris_land,2021-02-22,temperature,11.7
paris_land,2021-02-22,precipitation,0.3
paris_land,2021-02-22,et0,1.47
paris_land,2021-02-23,temperature,13.0
paris_land,2021-02-23,precipitation,0.0
paris_land,2021-02-23,et0,1.71
paris_land,2021-02-24,temperature,12.8
paris_land,2021-02-24,precipitation,0.0
paris_land,2021-02-24,et0,1.89
paris_land,2021-02-25,temperature,12.0
paris_land,2021-02-25,precipitation,0.1
paris_land,2021-02-25,et0,1.67
paris_land,2021-02-26,temperature,8.9
paris_land,2021-02-26,precipitation,3.1
paris_land,2021-02-26,et0,1.29
paris_land,2021-02-27,temperature,5.1
paris_land,2021-02-27,precipitation,0.0
paris_land,2021-02-27,et0,1.55
paris_land,2021-02-28,temperature,5.5
paris_land,2021-02-28,precipitation,0.0
paris_land,2021-02-28,et0,1.6
paris_land,2021-03-01,temperature,5.9
paris_land,2021-03-01,precipitation,0.0
paris_land,2021-03-01,et0,1.69
paris_land,2021-03-02,temperature,7.4
paris_land,2021-03-02,precipitation,0.0
paris_land,2021-03-02,et0,1.81
paris_land,2021-03-03,temperature,10.0
paris_land,2021-03-03,precipitation,1.1
paris_land,2021-03-03,et0,1.73
paris_land,2021-03-04,temperature,8.9
paris_land,2021-03-04,precipitation,0.7
paris_land,2021-03-04,et0,1.13
paris_land,2021-03-05,temperature,4.5
paris_land,2021-03-05,precipitation,0.0
paris_land,2021-03-05,et0,1.3
paris_land,2021-03-06,temperature,3.5
paris_land,2021-03-06,precipitation,0.0
paris_land,2021-03-06,et0,2.11
paris_land,2021-03-07,temperature,2.3
paris_land,2021-03-07,precipitation,0.0
paris_land,2021-03-07,et0,1.75
paris_land,2021-03-08,temperature,2.2
paris_land,2021-03-08,precipitation,0.0
paris_land,2021-03-08,et0,1.62
paris_land,2021-03-09,temperature,4.8
paris_land,2021-03-09,precipitation,0.1
paris_land,2021-03-09,et0,1.59
paris_land,2021-03-10,temperature,5.3
paris_land,2021-03-10,precipitation,1.4
paris_land,2021-03-10,et0,1.37
paris_land,2021-03-11,temperature,10.2
paris_land,2021-03-11,precipitation,2.5
paris_land,2021-03-11,et0,1.95
paris_land,2021-03-12,temperature,7.5
paris_land,2021-03-12,precipitation,5.2
paris_land,2021-03-12,et0,1.71
paris_land,2021-03-13,temperature,7.8
paris_land,2021-03-13,precipitation,6.7
paris_land,2021-03-13,et0,1.78
paris_land,2021-03-14,temperature,6.4
paris_land,2021-03-14,precipitation,1.9
paris_land,2021-03-14,et0,1.71
paris_land,2021-03-15,temperature,8.3
paris_land,2021-03-15,precipitation,5.5
paris_land,2021-03-15,et0,1.59
paris_land,2021-03-16,temperature,7.0
paris_land,2021-03-16,precipitation,3.1
paris_land,2021-03-16,et0,0.55
paris_land,2021-03-17,temperature,7.1
paris_land,2021-03-17,precipitation,2.3
paris_land,2021-03-17,et0,1.35
paris_land,2021-03-18,temperature,5.3
paris_land,2021-03-18,precipitation,1.8
paris_land,2021-03-18,et0,0.79
paris_land,2021-03-19,temperature,5.3
paris_land,2021-03-19,precipitation,2.4
paris_land,2021-03-19,et0,1.77
paris_land,2021-03-20,temperature,3.7
paris_land,2021-03-20,precipitation,0.0
paris_land,2021-03-20,et0,1.54
paris_land,2021-03-21,temperature,6.1
paris_land,2021-03-21,precipitation,0.7
paris_land,2021-03-21,et0,1.4
paris_land,2021-03-22,temperature,5.3
paris_land,2021-03-22,precipitation,0.0
paris_land,2021-03-22,et0,1.5
paris_land,2021-03-23,temperature,6.5
paris_land,2021-03-23,precipitation,0.0
paris_land,2021-03-23,et0,2.21
paris_land,2021-03-24,temperature,8.5
paris_land,2021-03-24,precipitation,0.0
paris_land,2021-03-24,et0,2.72
paris_land,2021-03-25,temperature,8.5
paris_land,2021-03-25,precipitation,0.5
paris_land,2021-03-25,et0,1.38
paris_land,2021-03-26,temperature,8.9
paris_land,2021-03-26,precipitation,2.7
paris_land,2021-03-26,et0,2.13
paris_land,2021-03-27,temperature,7.5
paris_land,2021-03-27,precipitation,0.1
paris_land,2021-03-27,et0,1.86
paris_land,2021-03-28,temperature,9.6
paris_land,2021-03-28,precipitation,0.0
paris_land,2021-03-28,et0,2.79
paris_land,2021-03-29,temperature,11.9
paris_land,2021-03-29,precipitation,0.0
paris_land,2021-03-29,et0,3.27
paris_land,2021-03-30,temperature,13.3
paris_land,2021-03-30,precipitation,0.0
paris_land,2021-03-30,et0,3.35
paris_land,2021-03-31,temperature,15.1
paris_land,2021-03-31,precipitation,0.0
paris_land,2021-03-31,et0,3.53
paris_land,2021-04-01,temperature,15.8
paris_land,2021-04-01,precipitation,0.0
paris_land,2021-04-01,et0,3.7
paris_land,2021-04-02,temperature,9.4
paris_land,2021-04-02,precipitation,0.0
paris_land,2021-04-02,et0,2.95
paris_land,2021-04-03,temperature,6.8
paris_land,2021-04-03,precipitation,0.0
paris_land,2021-04-03,et0,2.42
paris_land,2021-04-04,temperature,6.5
paris_land,2021-04-04,precipitation,0.0
paris_land,2021-04-04,et0,2.58
paris_land,2021-04-05,temperature,5.0
paris_land,2021-04-05,precipitation,1.1
paris_land,2021-04-05,et0,1.09
paris_land,2021-04-06,temperature,2.3
paris_land,2021-04-06,precipitation,0.9
paris_land,2021-04-06,et0,2.21
paris_land,2021-04-07,temperature,3.4
paris_land,2021-04-07,precipitation,0.0
paris_land,2021-04-07,et0,2.42
paris_land,2021-04-08,temperature,6.4
paris_land,2021-04-08,precipitation,0.0
paris_land,2021-04-08,et0,2.36
paris_land,2021-04-09,temperature,9.0
paris_land,2021-04-09,precipitation,4.9
paris_land,2021-04-09,et0,2.48
paris_land,2021-04-10,temperature,10.2
paris_land,2021-04-10,precipitation,16.4
paris_land,2021-04-10,et0,1.14
paris_land,2021-04-11,temperature,6.1
paris_land,2021-04-11,precipitation,1.9
paris_land,2021-04-11,et0,1.2
paris_land,2021-04-12,temperature,5.0
paris_land,2021-04-12,precipitation,0.1
paris_land,2021-04-12,et0,2.39
paris_land,2021-04-13,temperature,5.3
paris_land,2021-04-13,precipitation,0.0
paris_land,2021-04-13,et0,2.82
paris_land,2021-04-14,temperature,5.6
paris_land,2021-04-14,precipitation,0.0
paris_land,2021-04-14,et0,2.74
paris_land,2021-04-15,temperature,5.5
paris_land,2021-04-15,precipitation,0.3
paris_land,2021-04-15,et0,2.69
paris_land,2021-04-16,temperature,5.7
paris_land,2021-04-16,precipitation,0.0
paris_land,2021-04-16,et0,2.18
paris_land,2021-04-17,temperature,8.6
paris_land,2021-04-17,precipitation,0.0
paris_land,2021-04-17,et0,2.93
paris_land,2021-04-18,temperature,7.6
paris_land,2021-04-18,precipitation,0.0
paris_land,2021-04-18,et0,2.35
paris_land,2021-04-19,temperature,9.2
paris_land,2021-04-19,precipitation,0.0
paris_land,2021-04-19,et0,3.0
paris_land,2021-04-20,temperature,11.3
paris_land,2021-04-20,precipitation,0.2
paris_land,2021-04-20,et0,3.21
paris_land,2021-04-21,temperature,11.3
paris_land,2021-04-21,precipitation,0.7
paris_land,2021-04-21,et0,3.19
paris_land,2021-04-22,temperature,10.8
paris_land,2021-04-22,precipitation,0.0
paris_land,2021-04-22,et0,3.87
paris_land,2021-04-23,temperature,11.2
paris_land,2021-04-23,precipitation,0.0
paris_land,2021-04-23,et0,4.42
paris_land,2021-04-24,temperature,12.1
paris_land,2021-04-24,precipitation,0.0
paris_land,2021-04-24,et0,4.67
paris_land,2021-04-25,temperature,11.2
paris_land,2021-04-25,precipitation,0.0
paris_land,2021-04-25,et0,4.53
paris_land,2021-04-26,temperature,11.3
paris_land,2021-04-26,precipitation,0.0
paris_land,2021-04-26,et0,4.77
paris_land,2021-04-27,temperature,11.5
paris_land,2021-04-27,precipitation,0.0
paris_land,2021-04-27,et0,4.42
paris_land,2021-04-28,temperature,11.8
paris_land,2021-04-28,precipitation,0.7
paris_land,2021-04-28,et0,2.9
paris_land,2021-04-29,temperature,9.8
paris_land,2021-04-29,precipitation,0.8
paris_land,2021-04-29,et0,2.64
paris_land,2021-04-30,temperature,9.3
paris_land,2021-04-30,precipitation,0.1
paris_land,2021-04-30,et0,2.4
paris_land,2021-05-01,temperature,8.5
paris_land,2021-05-01,precipitation,3.5
paris_land,2021-05-01,et0,1.59
paris_land,2021-05-02,temperature,8.5
paris_land,2021-05-02,precipitation,1.7
paris_land,2021-05-02,et0,3.03
paris_land,2021-05-03,temperature,10.4
paris_land,2021-05-03,precipitation,0.0
paris_land,2021-05-03,et0,3.62
paris_land,2021-05-04,temperature,11.0
paris_land,2021-05-04,precipitation,2.8
paris_land,2021-05-04,et0,2.63
paris_land,2021-05-05,temperature,8.9
paris_land,2021-05-05,precipitation,2.0
paris_land,2021-05-05,et0,3.04
paris_land,2021-05-06,temperature,8.3
paris_land,2021-05-06,precipitation,5.9
paris_land,2021-05-06,et0,1.23
paris_land,2021-05-07,temperature,9.8
paris_land,2021-05-07,precipitation,0.1
paris_land,2021-05-07,et0,3.35
paris_land,2021-05-08,temperature,13.9
paris_land,2021-05-08,precipitation,0.6
paris_land,2021-05-08,et0,3.23
paris_land,2021-05-09,temperature,18.8
paris_land,2021-05-09,precipitation,0.5
paris_land,2021-05-09,et0,5.0
paris_land,2021-05-10,temperature,15.0
paris_land,2021-05-10,precipitation,4.9
paris_land,2021-05-10,et0,3.53
paris_land,2021-05-11,temperature,12.2
paris_land,2021-05-11,precipitation,0.7
paris_land,2021-05-11,et0,2.48
paris_land,2021-05-12,temperature,11.6
paris_land,2021-05-12,precipitation,1.3
paris_land,2021-05-12,et0,2.72
paris_land,2021-05-13,temperature,11.4
paris_land,2021-05-13,precipitation,4.1
paris_land,2021-05-13,et0,2.7
paris_land,2021-05-14,temperature,10.5
paris_land,2021-05-14,precipitation,1.5
paris_land,2021-05-14,et0,2.3
paris_land,2021-05-15,temperature,11.5
paris_land,2021-05-15,precipitation,4.0
paris_land,2021-05-15,et0,2.24
paris_land,2021-05-16,temperature,12.3
paris_land,2021-05-16,precipitation,6.7
paris_land,2021-05-16,et0,2.56
paris_land,2021-05-17,temperature,12.0
paris_land,2021-05-17,precipitation,5.2
paris_land,2021-05-17,et0,2.68
paris_land,2021-05-18,temperature,12.0
paris_land,2021-05-18,precipitation,0.8
paris_land,2021-05-18,et0,3.02
paris_land,2021-05-19,temperature,11.2
paris_land,2021-05-19,precipitation,5.3
paris_land,2021-05-19,et0,2.77
paris_land,2021-05-20,temperature,12.0
paris_land,2021-05-20,precipitation,0.0
paris_land,2021-05-20,et0,2.95
paris_land,2021-05-21,temperature,13.6
paris_land,2021-05-21,precipitation,0.4
paris_land,2021-05-21,et0,4.12
paris_land,2021-05-22,temperature,12.2
paris_land,2021-05-22,precipitation,2.6
paris_land,2021-05-22,et0,3.87
paris_land,2021-05-23,temperature,12.3
paris_land,2021-05-23,precipitation,0.1
paris_land,2021-05-23,et0,3.46
paris_land,2021-05-24,temperature,12.2
paris_land,2021-05-24,precipitation,5.2
paris_land,2021-05-24,et0,3.52
paris_land,2021-05-25,temperature,11.2
paris_land,2021-05-25,precipitation,2.5
paris_land,2021-05-25,et0,3.25
paris_land,2021-05-26,temperature,11.7
paris_land,2021-05-26,precipitation,8.5
paris_land,2021-05-26,et0,2.12
paris_land,2021-05-27,temperature,13.0
paris_land,2021-05-27,precipitation,0.0
paris_land,2021-05-27,et0,3.84
paris_land,2021-05-28,temperature,14.7
paris_land,2021-05-28,precipitation,0.0
paris_land,2021-05-28,et0,4.41
paris_land,2021-05-29,temperature,15.8
paris_land,2021-05-29,precipitation,0.0
paris_land,2021-05-29,et0,4.36
paris_land,2021-05-30,temperature,16.7
paris_land,2021-05-30,precipitation,0.0
paris_land,2021-05-30,et0,5.23
paris_land,2021-05-31,temperature,17.5
paris_land,2021-05-31,precipitation,0.0
paris_land,2021-05-31,et0,5.65
paris_land,2021-06-01,temperature,19.0
paris_land,2021-06-01,precipitation,0.0
paris_land,2021-06-01,et0,5.57
paris_land,2021-06-02,temperature,19.9
paris_land,2021-06-02,precipitation,3.1
paris_land,2021-06-02,et0,4.1
paris_land,2021-06-03,temperature,20.6
paris_land,2021-06-03,precipitation,2.5
paris_land,2021-06-03,et0,3.7
paris_land,2021-06-04,temperature,17.2
paris_land,2021-06-04,precipitation,11.5
paris_land,2021-06-04,et0,2.01
paris_land,2021-06-05,temperature,16.5
paris_land,2021-06-05,precipitation,0.4
paris_land,2021-06-05,et0,3.42
paris_land,2021-06-06,temperature,17.0
paris_land,2021-06-06,precipitation,0.0
paris_land,2021-06-06,et0,4.04
paris_land,2021-06-07,temperature,18.1
paris_land,2021-06-07,precipitation,0.0
paris_land,2021-06-07,et0,4.02
paris_land,2021-06-08,temperature,18.5
paris_land,2021-06-08,precipitation,0.0
paris_land,2021-06-08,et0,4.6
paris_land,2021-06-09,temperature,20.1
paris_land,2021-06-09,precipitation,0.0
paris_land,2021-06-09,et0,5.05
paris_land,2021-06-10,temperature,20.7
paris_land,2021-06-10,precipitation,0.0
paris_land,2021-06-10,et0,5.02
paris_land,2021-06-11,temperature,20.3
paris_land,2021-06-11,precipitation,0.1
paris_land,2021-06-11,et0,4.87
paris_land,2021-06-12,temperature,19.1
paris_land,2021-06-12,precipitation,0.0
paris_land,2021-06-12,et0,4.05
paris_land,2021-06-13,temperature,19.9
paris_land,2021-06-13,precipitation,0.0
paris_land,2021-06-13,et0,5.9
paris_land,2021-06-14,temperature,21.7
paris_land,2021-06-14,precipitation,0.0
paris_land,2021-06-14,et0,6.09
paris_land,2021-06-15,temperature,22.9
paris_land,2021-06-15,precipitation,0.0
paris_land,2021-06-15,et0,5.66
paris_land,2021-06-16,temperature,25.3
paris_land,2021-06-16,precipitation,0.0
paris_land,2021-06-16,et0,6.14
paris_land,2021-06-17,temperature,24.0
paris_land,2021-06-17,precipitation,6.5
paris_land,2021-06-17,et0,4.49
paris_land,2021-06-18,temperature,22.1
paris_land,2021-06-18,precipitation,4.0
paris_land,2021-06-18,et0,4.45
paris_land,2021-06-19,temperature,20.0
paris_land,2021-06-19,precipitation,8.7
paris_land,2021-06-19,et0,2.74
paris_land,2021-06-20,temperature,19.4
paris_land,2021-06-20,precipitation,0.9
paris_land,2021-06-20,et0,3.64
paris_land,2021-06-21,temperature,19.6
paris_land,2021-06-21,precipitation,1.2
paris_land,2021-06-21,et0,4.26
paris_land,2021-06-22,temperature,16.0
paris_land,2021-06-22,precipitation,10.3
paris_land,2021-06-22,et0,2.48
paris_land,2021-06-23,temperature,14.6
paris_land,2021-06-23,precipitation,0.5
paris_land,2021-06-23,et0,2.29
paris_land,2021-06-24,temperature,15.2
paris_land,2021-06-24,precipitation,0.0
paris_land,2021-06-24,et0,3.11
paris_land,2021-06-25,temperature,15.7
paris_land,2021-06-25,precipitation,11.1
paris_land,2021-06-25,et0,3.02
paris_land,2021-06-26,temperature,17.4
paris_land,2021-06-26,precipitation,9.8
paris_land,2021-06-26,et0,2.52
paris_land,2021-06-27,temperature,18.5
paris_land,2021-06-27,precipitation,6.9
paris_land,2021-06-27,et0,2.36
paris_land,2021-06-28,temperature,18.2
paris_land,2021-06-28,precipitation,5.2
paris_land,2021-06-28,et0,3.56
paris_land,2021-06-29,temperature,15.3
paris_land,2021-06-29,precipitation,4.6
paris_land,2021-06-29,et0,2.38
paris_land,2021-06-30,temperature,15.2
paris_land,2021-06-30,precipitation,3.4
paris_land,2021-06-30,et0,1.8
paris_land,2021-07-01,temperature,16.5
paris_land,2021-07-01,precipitation,0.1
paris_land,2021-07-01,et0,2.69
paris_land,2021-07-02,temperature,19.2
paris_land,2021-07-02,precipitation,0.9
paris_land,2021-07-02,et0,4.04
paris_land,2021-07-03,temperature,20.2
paris_land,2021-07-03,precipitation,1.0
paris_land,2021-07-03,et0,3.69
paris_land,2021-07-04,temperature,17.6
paris_land,2021-07-04,precipitation,16.3
paris_land,2021-07-04,et0,2.62
paris_land,2021-07-05,temperature,17.8
paris_land,2021-07-05,precipitation,5.0
paris_land,2021-07-05,et0,2.55
paris_land,2021-07-06,temperature,18.5
paris_land,2021-07-06,precipitation,3.6
paris_land,2021-07-06,et0,4.34
paris_land,2021-07-07,temperature,17.3
paris_land,2021-07-07,precipitation,0.7
paris_land,2021-07-07,et0,3.69
paris_land,2021-07-08,temperature,17.4
paris_land,2021-07-08,precipitation,0.7
paris_land,2021-07-08,et0,3.69
paris_land,2021-07-09,temperature,17.8
paris_land,2021-07-09,precipitation,0.1
paris_land,2021-07-09,et0,3.44
paris_land,2021-07-10,temperature,17.2
paris_land,2021-07-10,precipitation,3.2
paris_land,2021-07-10,et0,2.05
paris_land,2021-07-11,temperature,17.9
paris_land,2021-07-11,precipitation,0.4
paris_land,2021-07-11,et0,3.52
paris_land,2021-07-12,temperature,17.8
paris_land,2021-07-12,precipitation,11.5
paris_land,2021-07-12,et0,2.39
paris_land,2021-07-13,temperature,16.7
paris_land,2021-07-13,precipitation,24.8
paris_land,2021-07-13,et0,1.26
paris_land,2021-07-14,temperature,17.0
paris_land,2021-07-14,precipitation,8.0
paris_land,2021-07-14,et0,1.95
paris_land,2021-07-15,temperature,19.7
paris_land,2021-07-15,precipitation,0.0
paris_land,2021-07-15,et0,4.15
paris_land,2021-07-16,temperature,17.2
paris_land,2021-07-16,precipitation,0.2
paris_land,2021-07-16,et0,2.71
paris_land,2021-07-17,temperature,18.3
paris_land,2021-07-17,precipitation,0.0
paris_land,2021-07-17,et0,3.31
paris_land,2021-07-18,temperature,21.4
paris_land,2021-07-18,precipitation,0.0
paris_land,2021-07-18,et0,5.47
paris_land,2021-07-19,temperature,22.4
paris_land,2021-07-19,precipitation,0.0
paris_land,2021-07-19,et0,5.46
paris_land,2021-07-20,temperature,21.8
paris_land,2021-07-20,precipitation,0.0
paris_land,2021-07-20,et0,5.3
paris_land,2021-07-21,temperature,21.9
paris_land,2021-07-21,precipitation,0.2
paris_land,2021-07-21,et0,5.06
paris_land,2021-07-22,temperature,22.2
paris_land,2021-07-22,precipitation,0.0
paris_land,2021-07-22,et0,5.61
paris_land,2021-07-23,temperature,22.8
paris_land,2021-07-23,precipitation,0.0
paris_land,2021-07-23,et0,5.21
paris_land,2021-07-24,temperature,21.6
paris_land,2021-07-24,precipitation,0.4
paris_land,2021-07-24,et0,4.56
paris_land,2021-07-25,temperature,18.7
paris_land,2021-07-25,precipitation,9.8
paris_land,2021-07-25,et0,2.81
paris_land,2021-07-26,temperature,18.5
paris_land,2021-07-26,precipitation,3.4
paris_land,2021-07-26,et0,2.78
paris_land,2021-07-27,temperature,17.9
paris_land,2021-07-27,precipitation,5.5
paris_land,2021-07-27,et0,1.79
paris_land,2021-07-28,temperature,18.7
paris_land,2021-07-28,precipitation,0.2
paris_land,2021-07-28,et0,4.13
paris_land,2021-07-29,temperature,18.4
paris_land,2021-07-29,precipitation,0.0
paris_land,2021-07-29,et0,3.96
paris_land,2021-07-30,temperature,18.5
paris_land,2021-07-30,precipitation,0.1
paris_land,2021-07-30,et0,4.26
paris_land,2021-07-31,temperature,17.8
paris_land,2021-07-31,precipitation,0.2
paris_land,2021-07-31,et0,3.77
paris_land,2021-08-01,temperature,17.8
paris_land,2021-08-01,precipitation,0.8
paris_land,2021-08-01,et0,4.29
paris_land,2021-08-02,temperature,17.7
paris_land,2021-08-02,precipitation,3.2
paris_land,2021-08-02,et0,3.35
paris_land,2021-08-03,temperature,16.2
paris_land,2021-08-03,precipitation,2.0
paris_land,2021-08-03,et0,2.35
paris_land,2021-08-04,temperature,15.6
paris_land,2021-08-04,precipitation,4.6
paris_land,2021-08-04,et0,2.34
paris_land,2021-08-05,temperature,18.1
paris_land,2021-08-05,precipitation,1.2
paris_land,2021-08-05,et0,3.15
paris_land,2021-08-06,temperature,18.5
paris_land,2021-08-06,precipitation,1.0
paris_land,2021-08-06,et0,3.58
paris_land,2021-08-07,temperature,17.5
paris_land,2021-08-07,precipitation,1.3
paris_land,2021-08-07,et0,3.7
paris_land,2021-08-08,temperature,17.1
paris_land,2021-08-08,precipitation,0.1
paris_land,2021-08-08,et0,4.04
paris_land,2021-08-09,temperature,17.5
paris_land,2021-08-09,precipitation,0.7
paris_land,2021-08-09,et0,2.91
paris_land,2021-08-10,temperature,19.3
paris_land,2021-08-10,precipitation,1.9
paris_land,2021-08-10,et0,3.13
paris_land,2021-08-11,temperature,19.8
paris_land,2021-08-11,precipitation,0.0
paris_land,2021-08-11,et0,4.09
paris_land,2021-08-12,temperature,21.5
paris_land,2021-08-12,precipitation,0.0
paris_land,2021-08-12,et0,4.3
paris_land,2021-08-13,temperature,21.4
paris_land,2021-08-13,precipitation,0.0
paris_land,2021-08-13,et0,4.6
paris_land,2021-08-14,temperature,21.4
paris_land,2021-08-14,precipitation,0.0
paris_land,2021-08-14,et0,4.9
paris_land,2021-08-15,temperature,22.5
paris_land,2021-08-15,precipitation,0.1
paris_land,2021-08-15,et0,4.98
paris_land,2021-08-16,temperature,18.2
paris_land,2021-08-16,precipitation,1.3
paris_land,2021-08-16,et0,3.11
paris_land,2021-08-17,temperature,16.6
paris_land,2021-08-17,precipitation,0.2
paris_land,2021-08-17,et0,2.61
paris_land,2021-08-18,temperature,18.0
paris_land,2021-08-18,precipitation,0.8
paris_land,2021-08-18,et0,2.36
paris_land,2021-08-19,temperature,17.4
paris_land,2021-08-19,precipitation,0.1
paris_land,2021-08-19,et0,1.97
paris_land,2021-08-20,temperature,18.8
paris_land,2021-08-20,precipitation,0.0
paris_land,2021-08-20,et0,2.96
paris_land,2021-08-21,temperature,20.2
paris_land,2021-08-21,precipitation,0.1
paris_land,2021-08-21,et0,3.53
paris_land,2021-08-22,temperature,18.5
paris_land,2021-08-22,precipitation,0.4
paris_land,2021-08-22,et0,3.35
paris_land,2021-08-23,temperature,18.0
paris_land,2021-08-23,precipitation,0.5
paris_land,2021-08-23,et0,2.57
paris_land,2021-08-24,temperature,18.8
paris_land,2021-08-24,precipitation,0.0
paris_land,2021-08-24,et0,4.4
paris_land,2021-08-25,temperature,18.5
paris_land,2021-08-25,precipitation,0.0
paris_land,2021-08-25,et0,4.78
paris_land,2021-08-26,temperature,16.6
paris_land,2021-08-26,precipitation,0.2
paris_land,2021-08-26,et0,2.44
paris_land,2021-08-27,temperature,17.0
paris_land,2021-08-27,precipitation,0.0
paris_land,2021-08-27,et0,3.53
paris_land,2021-08-28,temperature,16.1
paris_land,2021-08-28,precipitation,0.7
paris_land,2021-08-28,et0,2.66
paris_land,2021-08-29,temperature,16.1
paris_land,2021-08-29,precipitation,0.5
paris_land,2021-08-29,et0,2.49
paris_land,2021-08-30,temperature,17.5
paris_land,2021-08-30,precipitation,0.4
paris_land,2021-08-30,et0,2.68
paris_land,2021-08-31,temperature,18.0
paris_land,2021-08-31,precipitation,0.2
paris_land,2021-08-31,et0,3.32
paris_land,2021-09-01,temperature,17.5
paris_land,2021-09-01,precipitation,0.0
paris_land,2021-09-01,et0,3.59
paris_land,2021-09-02,temperature,18.0
paris_land,2021-09-02,precipitation,0.0
paris_land,2021-09-02,et0,4.27
paris_land,2021-09-03,temperature,19.7
paris_land,2021-09-03,precipitation,0.5
paris_land,2021-09-03,et0,3.78
paris_land,2021-09-04,temperature,20.7
paris_land,2021-09-04,precipitation,2.1
paris_land,2021-09-04,et0,2.92
paris_land,2021-09-05,temperature,21.7
paris_land,2021-09-05,precipitation,0.8
paris_land,2021-09-05,et0,3.41
paris_land,2021-09-06,temperature,21.9
paris_land,2021-09-06,precipitation,0.0
paris_land,2021-09-06,et0,4.12
paris_land,2021-09-07,temperature,22.3
paris_land,2021-09-07,precipitation,0.0
paris_land,2021-09-07,et0,5.02
paris_land,2021-09-08,temperature,23.3
paris_land,2021-09-08,precipitation,0.0
paris_land,2021-09-08,et0,4.46
paris_land,2021-09-09,temperature,22.1
paris_land,2021-09-09,precipitation,2.3
paris_land,2021-09-09,et0,3.31
paris_land,2021-09-10,temperature,19.5
paris_land,2021-09-10,precipitation,10.2
paris_land,2021-09-10,et0,1.92
paris_land,2021-09-11,temperature,17.8
paris_land,2021-09-11,precipitation,0.0
paris_land,2021-09-11,et0,2.76
paris_land,2021-09-12,temperature,17.3
paris_land,2021-09-12,precipitation,0.0
paris_land,2021-09-12,et0,2.58
paris_land,2021-09-13,temperature,18.6
paris_land,2021-09-13,precipitation,0.0
paris_land,2021-09-13,et0,3.0
paris_land,2021-09-14,temperature,20.0
paris_land,2021-09-14,precipitation,11.4
paris_land,2021-09-14,et0,1.76
paris_land,2021-09-15,temperature,18.9
paris_land,2021-09-15,precipitation,20.2
paris_land,2021-09-15,et0,1.51
paris_land,2021-09-16,temperature,17.1
paris_land,2021-09-16,precipitation,0.0
paris_land,2021-09-16,et0,2.23
paris_land,2021-09-17,temperature,16.9
paris_land,2021-09-17,precipitation,0.0
paris_land,2021-09-17,et0,2.89
paris_land,2021-09-18,temperature,17.1
paris_land,2021-09-18,precipitation,0.4
paris_land,2021-09-18,et0,2.49
paris_land,2021-09-19,temperature,17.3
paris_land,2021-09-19,precipitation,0.8
paris_land,2021-09-19,et0,2.15
paris_land,2021-09-20,temperature,16.0
paris_land,2021-09-20,precipitation,12.3
paris_land,2021-09-20,et0,1.42
paris_land,2021-09-21,temperature,14.3
paris_land,2021-09-21,precipitation,0.0
paris_land,2021-09-21,et0,2.17
paris_land,2021-09-22,temperature,13.8
paris_land,2021-09-22,precipitation,0.0
paris_land,2021-09-22,et0,2.65
paris_land,2021-09-23,temperature,14.9
paris_land,2021-09-23,precipitation,0.0
paris_land,2021-09-23,et0,2.74
paris_land,2021-09-24,temperature,15.9
paris_land,2021-09-24,precipitation,0.0
paris_land,2021-09-24,et0,1.67
paris_land,2021-09-25,temperature,16.4
paris_land,2021-09-25,precipitation,0.5
paris_land,2021-09-25,et0,2.22
paris_land,2021-09-26,temperature,17.3
paris_land,2021-09-26,precipitation,2.9
paris_land,2021-09-26,et0,1.57
paris_land,2021-09-27,temperature,15.9
paris_land,2021-09-27,precipitation,3.6
paris_land,2021-09-27,et0,1.36
paris_land,2021-09-28,temperature,13.7
paris_land,2021-09-28,precipitation,0.0
paris_land,2021-09-28,et0,2.25
paris_land,2021-09-29,temperature,13.3
paris_land,2021-09-29,precipitation,4.9
paris_land,2021-09-29,et0,2.26
paris_land,2021-09-30,temperature,11.9
paris_land,2021-09-30,precipitation,0.0
paris_land,2021-09-30,et0,2.21
paris_land,2021-10-01,temperature,12.8
paris_land,2021-10-01,precipitation,4.9
paris_land,2021-10-01,et0,1.73
paris_land,2021-10-02,temperature,14.9
paris_land,2021-10-02,precipitation,6.5
paris_land,2021-10-02,et0,1.48
paris_land,2021-10-03,temperature,15.4
paris_land,2021-10-03,precipitation,20.8
paris_land,2021-10-03,et0,1.38
paris_land,2021-10-04,temperature,12.9
paris_land,2021-10-04,precipitation,0.2
paris_land,2021-10-04,et0,2.27
paris_land,2021-10-05,temperature,13.4
paris_land,2021-10-05,precipitation,5.6
paris_land,2021-10-05,et0,1.44
paris_land,2021-10-06,temperature,12.8
paris_land,2021-10-06,precipitation,0.0
paris_land,2021-10-06,et0,2.42
paris_land,2021-10-07,temperature,12.0
paris_land,2021-10-07,precipitation,0.0
paris_land,2021-10-07,et0,1.24
paris_land,2021-10-08,temperature,12.4
paris_land,2021-10-08,precipitation,0.0
paris_land,2021-10-08,et0,2.06
paris_land,2021-10-09,temperature,12.4
paris_land,2021-10-09,precipitation,0.0
paris_land,2021-10-09,et0,1.96
paris_land,2021-10-10,temperature,11.2
paris_land,2021-10-10,precipitation,0.0
paris_land,2021-10-10,et0,1.93
paris_land,2021-10-11,temperature,12.6
paris_land,2021-10-11,precipitation,0.0
paris_land,2021-10-11,et0,1.65
paris_land,2021-10-12,temperature,10.8
paris_land,2021-10-12,precipitation,0.0
paris_land,2021-10-12,et0,1.49
paris_land,2021-10-13,temperature,9.9
paris_land,2021-10-13,precipitation,0.0
paris_land,2021-10-13,et0,1.49
paris_land,2021-10-14,temperature,9.0
paris_land,2021-10-14,precipitation,0.0
paris_land,2021-10-14,et0,1.65
paris_land,2021-10-15,temperature,10.6
paris_land,2021-10-15,precipitation,0.0
paris_land,2021-10-15,et0,1.44
paris_land,2021-10-16,temperature,10.5
paris_land,2021-10-16,precipitation,0.0
paris_land,2021-10-16,et0,1.66
paris_land,2021-10-17,temperature,9.2
paris_land,2021-10-17,precipitation,0.0
paris_land,2021-10-17,et0,1.47
paris_land,2021-10-18,temperature,11.5
paris_land,2021-10-18,precipitation,1.0
paris_land,2021-10-18,et0,1.19
paris_land,2021-10-19,temperature,17.6
paris_land,2021-10-19,precipitation,2.4
paris_land,2021-10-19,et0,2.42
paris_land,2021-10-20,temperature,17.5
paris_land,2021-10-20,precipitation,1.4
paris_land,2021-10-20,et0,2.16
paris_land,2021-10-21,temperature,11.1
paris_land,2021-10-21,precipitation,5.5
paris_land,2021-10-21,et0,1.52
paris_land,2021-10-22,temperature,8.2
paris_land,2021-10-22,precipitation,0.1
paris_land,2021-10-22,et0,1.27
paris_land,2021-10-23,temperature,9.9
paris_land,2021-10-23,precipitation,0.1
paris_land,2021-10-23,et0,1.27
paris_land,2021-10-24,temperature,7.7
paris_land,2021-10-24,precipitation,0.0
paris_land,2021-10-24,et0,1.35
paris_land,2021-10-25,temperature,10.6
paris_land,2021-10-25,precipitation,2.2
paris_land,2021-10-25,et0,0.91
paris_land,2021-10-26,temperature,11.3
paris_land,2021-10-26,precipitation,0.0
paris_land,2021-10-26,et0,0.94
paris_land,2021-10-27,temperature,11.2
paris_land,2021-10-27,precipitation,0.0
paris_land,2021-10-27,et0,1.29
paris_land,2021-10-28,temperature,11.3
paris_land,2021-10-28,precipitation,0.0
paris_land,2021-10-28,et0,1.64
paris_land,2021-10-29,temperature,12.9
paris_land,2021-10-29,precipitation,5.6
paris_land,2021-10-29,et0,1.22
paris_land,2021-10-30,temperature,12.9
paris_land,2021-10-30,precipitation,7.3
paris_land,2021-10-30,et0,0.56
paris_land,2021-10-31,temperature,12.1
paris_land,2021-10-31,precipitation,3.4
paris_land,2021-10-31,et0,0.84
paris_land,2021-11-01,temperature,9.9
paris_land,2021-11-01,precipitation,5.6
paris_land,2021-11-01,et0,1.17
paris_land,2021-11-02,temperature,8.9
paris_land,2021-11-02,precipitation,1.0
paris_land,2021-11-02,et0,0.96
paris_land,2021-11-03,temperature,7.9
paris_land,2021-11-03,precipitation,7.3
paris_land,2021-11-03,et0,0.91
paris_land,2021-11-04,temperature,7.0
paris_land,2021-11-04,precipitation,0.9
paris_land,2021-11-04,et0,0.79
paris_land,2021-11-05,temperature,7.6
paris_land,2021-11-05,precipitation,1.8
paris_land,2021-11-05,et0,0.86
paris_land,2021-11-06,temperature,5.5
paris_land,2021-11-06,precipitation,0.0
paris_land,2021-11-06,et0,0.88
paris_land,2021-11-07,temperature,9.7
paris_land,2021-11-07,precipitation,0.4
paris_land,2021-11-07,et0,0.89
paris_land,2021-11-08,temperature,7.8
paris_land,2021-11-08,precipitation,0.0
paris_land,2021-11-08,et0,0.87
paris_land,2021-11-09,temperature,5.0
paris_land,2021-11-09,precipitation,0.0
paris_land,2021-11-09,et0,0.69
paris_land,2021-11-10,temperature,4.3
paris_land,2021-11-10,precipitation,0.0
paris_land,2021-11-10,et0,0.5
paris_land,2021-11-11,temperature,4.2
paris_land,2021-11-11,precipitation,0.0
paris_land,2021-11-11,et0,0.54
paris_land,2021-11-12,temperature,5.9
paris_land,2021-11-12,precipitation,0.0
paris_land,2021-11-12,et0,0.72
paris_land,2021-11-13,temperature,11.2
paris_land,2021-11-13,precipitation,0.6
paris_land,2021-11-13,et0,0.63
paris_land,2021-11-14,temperature,10.1
paris_land,2021-11-14,precipitation,0.1
paris_land,2021-11-14,et0,0.59
paris_land,2021-11-15,temperature,6.7
paris_land,2021-11-15,precipitation,0.0
paris_land,2021-11-15,et0,0.53
paris_land,2021-11-16,temperature,7.0
paris_land,2021-11-16,precipitation,0.1
paris_land,2021-11-16,et0,0.37
paris_land,2021-11-17,temperature,8.8
paris_land,2021-11-17,precipitation,0.5
paris_land,2021-11-17,et0,0.51
paris_land,2021-11-18,temperature,5.4
paris_land,2021-11-18,precipitation,0.0
paris_land,2021-11-18,et0,0.51
paris_land,2021-11-19,temperature,8.1
paris_land,2021-11-19,precipitation,0.0
paris_land,2021-11-19,et0,0.46
paris_land,2021-11-20,temperature,8.1
paris_land,2021-11-20,precipitation,0.0
paris_land,2021-11-20,et0,0.39
paris_land,2021-11-21,temperature,6.8
paris_land,2021-11-21,precipitation,1.3
paris_land,2021-11-21,et0,0.3
paris_land,2021-11-22,temperature,4.6
paris_land,2021-11-22,precipitation,0.0
paris_land,2021-11-22,et0,0.7
paris_land,2021-11-23,temperature,3.4
paris_land,2021-11-23,precipitation,0.0
paris_land,2021-11-23,et0,0.88
paris_land,2021-11-24,temperature,3.9
paris_land,2021-11-24,precipitation,0.0
paris_land,2021-11-24,et0,0.38
paris_land,2021-11-25,temperature,3.5
paris_land,2021-11-25,precipitation,0.1
paris_land,2021-11-25,et0,0.31
paris_land,2021-11-26,temperature,4.4
paris_land,2021-11-26,precipitation,2.2
paris_land,2021-11-26,et0,0.46
paris_land,2021-11-27,temperature,2.9
paris_land,2021-11-27,precipitation,2.8
paris_land,2021-11-27,et0,0.41
paris_land,2021-11-28,temperature,3.8
paris_land,2021-11-28,precipitation,1.4
paris_land,2021-11-28,et0,0.67
paris_land,2021-11-29,temperature,1.6
paris_land,2021-11-29,precipitation,0.0
paris_land,2021-11-29,et0,0.49
paris_land,2021-11-30,temperature,5.6
paris_land,2021-11-30,precipitation,3.0
paris_land,2021-11-30,et0,0.58
paris_land,2021-12-01,temperature,8.4
paris_land,2021-12-01,precipitation,4.9
paris_land,2021-12-01,et0,0.81
paris_land,2021-12-02,temperature,3.7
paris_land,2021-12-02,precipitation,0.6
paris_land,2021-12-02,et0,0.69
paris_land,2021-12-03,temperature,2.7
paris_land,2021-12-03,precipitation,8.6
paris_land,2021-12-03,et0,0.22
paris_land,2021-12-04,temperature,8.7
paris_land,2021-12-04,precipitation,6.2
paris_land,2021-12-04,et0,0.59
paris_land,2021-12-05,temperature,4.0
paris_land,2021-12-05,precipitation,3.8
paris_land,2021-12-05,et0,0.37
paris_land,2021-12-06,temperature,4.8
paris_land,2021-12-06,precipitation,4.4
paris_land,2021-12-06,et0,0.42
paris_land,2021-12-07,temperature,5.4
paris_land,2021-12-07,precipitation,2.3
paris_land,2021-12-07,et0,0.43
paris_land,2021-12-08,temperature,4.6
paris_land,2021-12-08,precipitation,1.0
paris_land,2021-12-08,et0,0.62
paris_land,2021-12-09,temperature,3.8
paris_land,2021-12-09,precipitation,0.9
paris_land,2021-12-09,et0,0.5
paris_land,2021-12-10,temperature,5.9
paris_land,2021-12-10,precipitation,11.9
paris_land,2021-12-10,et0,0.85
paris_land,2021-12-11,temperature,4.6
paris_land,2021-12-11,precipitation,0.2
paris_land,2021-12-11,et0,0.51
paris_land,2021-12-12,temperature,8.3
paris_land,2021-12-12,precipitation,0.5
paris_land,2021-12-12,et0,0.23
paris_land,2021-12-13,temperature,7.6
paris_land,2021-12-13,precipitation,0.0
paris_land,2021-12-13,et0,0.25
paris_land,2021-12-14,temperature,4.9
paris_land,2021-12-14,precipitation,0.0
paris_land,2021-12-14,et0,0.23
paris_land,2021-12-15,temperature,6.8
paris_land,2021-12-15,precipitation,0.0
paris_land,2021-12-15,et0,0.34
paris_land,2021-12-16,temperature,7.2
paris_land,2021-12-16,precipitation,0.0
paris_land,2021-12-16,et0,0.37
paris_land,2021-12-17,temperature,6.1
paris_land,2021-12-17,precipitation,0.0
paris_land,2021-12-17,et0,0.41
paris_land,2021-12-18,temperature,4.6
paris_land,2021-12-18,precipitation,0.0
paris_land,2021-12-18,et0,0.46
paris_land,2021-12-19,temperature,5.1
paris_land,2021-12-19,precipitation,0.0
paris_land,2021-12-19,et0,0.23
paris_land,2021-12-20,temperature,4.9
paris_land,2021-12-20,precipitation,0.2
paris_land,2021-12-20,et0,0.4
paris_land,2021-12-21,temperature,0.1
paris_land,2021-12-21,precipitation,0.0
paris_land,2021-12-21,et0,0.38
paris_land,2021-12-22,temperature,-2.6
paris_land,2021-12-22,precipitation,0.0
paris_land,2021-12-22,et0,0.27
paris_land,2021-12-23,temperature,3.1
paris_land,2021-12-23,precipitation,0.0
paris_land,2021-12-23,et0,0.48
paris_land,2021-12-24,temperature,7.5
paris_land,2021-12-24,precipitation,7.0
paris_land,2021-12-24,et0,0.24
paris_land,2021-12-25,temperature,8.0
paris_land,2021-12-25,precipitation,0.7
paris_land,2021-12-25,et0,0.27
paris_land,2021-12-26,temperature,8.0
paris_land,2021-12-26,precipitation,4.7
paris_land,2021-12-26,et0,0.28
paris_land,2021-12-27,temperature,9.3
paris_land,2021-12-27,precipitation,4.5
paris_land,2021-12-27,et0,0.44
paris_land,2021-12-28,temperature,11.1
paris_land,2021-12-28,precipitation,11.1
paris_land,2021-12-28,et0,1.24
paris_land,2021-12-29,temperature,12.2
paris_land,2021-12-29,precipitation,4.9
paris_land,2021-12-29,et0,0.52
paris_land,2021-12-30,temperature,13.0
paris_land,2021-12-30,precipitation,0.1
paris_land,2021-12-30,et0,0.54
paris_land,2021-12-31,temperature,10.6
paris_land,2021-12-31,precipitation,0.0
paris_land,2021-12-31,et0,0.57
paris_land,2022-01-01,temperature,9.4
paris_land,2022-01-01,precipitation,0.0
paris_land,2022-01-01,et0,0.55
paris_land,2022-01-02,temperature,11.6
paris_land,2022-01-02,precipitation,1.2
paris_land,2022-01-02,et0,1.09
paris_land,2022-01-03,temperature,11.0
paris_land,2022-01-03,precipitation,4.3
paris_land,2022-01-03,et0,0.68
paris_land,2022-01-04,temperature,8.9
paris_land,2022-01-04,precipitation,18.4
paris_land,2022-01-04,et0,0.41
paris_land,2022-01-05,temperature,3.2
paris_land,2022-01-05,precipitation,0.1
paris_land,2022-01-05,et0,0.73
paris_land,2022-01-06,temperature,2.2
paris_land,2022-01-06,precipitation,0.1
paris_land,2022-01-06,et0,0.61
paris_land,2022-01-07,temperature,5.1
paris_land,2022-01-07,precipitation,6.0
paris_land,2022-01-07,et0,0.79
paris_land,2022-01-08,temperature,5.8
paris_land,2022-01-08,precipitation,9.8
paris_land,2022-01-08,et0,0.39
paris_land,2022-01-09,temperature,4.6
paris_land,2022-01-09,precipitation,2.9
paris_land,2022-01-09,et0,0.6
paris_land,2022-01-10,temperature,2.7
paris_land,2022-01-10,precipitation,0.0
paris_land,2022-01-10,et0,0.25
paris_land,2022-01-11,temperature,-0.2
paris_land,2022-01-11,precipitation,0.0
paris_land,2022-01-11,et0,0.39
paris_land,2022-01-12,temperature,0.4
paris_land,2022-01-12,precipitation,0.0
paris_land,2022-01-12,et0,0.24
paris_land,2022-01-13,temperature,2.3
paris_land,2022-01-13,precipitation,0.0
paris_land,2022-01-13,et0,0.27
paris_land,2022-01-14,temperature,0.9
paris_land,2022-01-14,precipitation,0.0
paris_land,2022-01-14,et0,0.51
paris_land,2022-01-15,temperature,0.6
paris_land,2022-01-15,precipitation,0.0
paris_land,2022-01-15,et0,0.31
paris_land,2022-01-16,temperature,1.8
paris_land,2022-01-16,precipitation,0.6
paris_land,2022-01-16,et0,0.22
paris_land,2022-01-17,temperature,5.2
paris_land,2022-01-17,precipitation,0.1
paris_land,2022-01-17,et0,0.33
paris_land,2022-01-18,temperature,3.7
paris_land,2022-01-18,precipitation,0.0
paris_land,2022-01-18,et0,0.58
paris_land,2022-01-19,temperature,4.1
paris_land,2022-01-19,precipitation,2.0
paris_land,2022-01-19,et0,0.34
paris_land,2022-01-20,temperature,3.7
paris_land,2022-01-20,precipitation,0.3
paris_land,2022-01-20,et0,0.52
paris_land,2022-01-21,temperature,2.6
paris_land,2022-01-21,precipitation,0.0
paris_land,2022-01-21,et0,0.38
paris_land,2022-01-22,temperature,3.9
paris_land,2022-01-22,precipitation,0.0
paris_land,2022-01-22,et0,0.42
paris_land,2022-01-23,temperature,3.8
paris_land,2022-01-23,precipitation,0.2
paris_land,2022-01-23,et0,0.39
paris_land,2022-01-24,temperature,1.5
paris_land,2022-01-24,precipitation,0.0
paris_land,2022-01-24,et0,0.62
paris_land,2022-01-25,temperature,-0.3
paris_land,2022-01-25,precipitation,0.0
paris_land,2022-01-25,et0,0.25
paris_land,2022-01-26,temperature,1.0
paris_land,2022-01-26,precipitation,0.0
paris_land,2022-01-26,et0,0.26
paris_land,2022-01-27,temperature,3.6
paris_land,2022-01-27,precipitation,0.4
paris_land,2022-01-27,et0,0.47
paris_land,2022-01-28,temperature,5.2
paris_land,2022-01-28,precipitation,0.1
paris_land,2022-01-28,et0,0.42
paris_land,2022-01-29,temperature,8.1
paris_land,2022-01-29,precipitation,0.4
paris_land,2022-01-29,et0,0.45
paris_land,2022-01-30,temperature,7.8
paris_land,2022-01-30,precipitation,0.3
paris_land,2022-01-30,et0,0.8
paris_land,2022-01-31,temperature,6.3
paris_land,2022-01-31,precipitation,0.6
paris_land,2022-01-31,et0,1.42
paris_land,2022-02-01,temperature,6.0
paris_land,2022-02-01,precipitation,0.8
paris_land,2022-02-01,et0,0.5
paris_land,2022-02-02,temperature,9.5
paris_land,2022-02-02,precipitation,0.1
paris_land,2022-02-02,et0,0.65
paris_land,2022-02-03,temperature,6.5
paris_land,2022-02-03,precipitation,0.0
paris_land,2022-02-03,et0,0.55
paris_land,2022-02-04,temperature,7.0
paris_land,2022-02-04,precipitation,0.9
paris_land,2022-02-04,et0,0.63
paris_land,2022-02-05,temperature,5.4
paris_land,2022-02-05,precipitation,0.0
paris_land,2022-02-05,et0,1.15
paris_land,2022-02-06,temperature,8.3
paris_land,2022-02-06,precipitation,4.4
paris_land,2022-02-06,et0,0.91
paris_land,2022-02-07,temperature,6.5
paris_land,2022-02-07,precipitation,0.2
paris_land,2022-02-07,et0,1.24
paris_land,2022-02-08,temperature,8.2
paris_land,2022-02-08,precipitation,0.0
paris_land,2022-02-08,et0,0.76
paris_land,2022-02-09,temperature,5.3
paris_land,2022-02-09,precipitation,0.0
paris_land,2022-02-09,et0,0.94
paris_land,2022-02-10,temperature,6.9
paris_land,2022-02-10,precipitation,2.4
paris_land,2022-02-10,et0,0.55
paris_land,2022-02-11,temperature,3.5
paris_land,2022-02-11,precipitation,0.0
paris_land,2022-02-11,et0,0.82
paris_land,2022-02-12,temperature,2.2
paris_land,2022-02-12,precipitation,0.0
paris_land,2022-02-12,et0,1.12
paris_land,2022-02-13,temperature,5.9
paris_land,2022-02-13,precipitation,0.0
paris_land,2022-02-13,et0,1.62
paris_land,2022-02-14,temperature,8.9
paris_land,2022-02-14,precipitation,1.6
paris_land,2022-02-14,et0,1.39
paris_land,2022-02-15,temperature,6.8
paris_land,2022-02-15,precipitation,1.3
paris_land,2022-02-15,et0,0.98
paris_land,2022-02-16,temperature,11.6
paris_land,2022-02-16,precipitation,6.4
paris_land,2022-02-16,et0,0.89
paris_land,2022-02-17,temperature,11.5
paris_land,2022-02-17,precipitation,0.6
paris_land,2022-02-17,et0,2.09
paris_land,2022-02-18,temperature,10.0
paris_land,2022-02-18,precipitation,1.7
paris_land,2022-02-18,et0,1.23
paris_land,2022-02-19,temperature,6.1
paris_land,2022-02-19,precipitation,0.5
paris_land,2022-02-19,et0,1.98
paris_land,2022-02-20,temperature,9.9
paris_land,2022-02-20,precipitation,0.2
paris_land,2022-02-20,et0,1.47
paris_land,2022-02-21,temperature,8.0
paris_land,2022-02-21,precipitation,2.2
paris_land,2022-02-21,et0,1.9
paris_land,2022-02-22,temperature,8.4
paris_land,2022-02-22,precipitation,0.1
paris_land,2022-02-22,et0,1.04
paris_land,2022-02-23,temperature,7.8
paris_land,2022-02-23,precipitation,0.1
paris_land,2022-02-23,et0,1.05
paris_land,2022-02-24,temperature,8.0
paris_land,2022-02-24,precipitation,3.0
paris_land,2022-02-24,et0,1.27
paris_land,2022-02-25,temperature,5.2
paris_land,2022-02-25,precipitation,0.5
paris_land,2022-02-25,et0,1.6
paris_land,2022-02-26,temperature,3.4
paris_land,2022-02-26,precipitation,0.0
paris_land,2022-02-26,et0,1.57
paris_land,2022-02-27,temperature,3.8
paris_land,2022-02-27,precipitation,0.0
paris_land,2022-02-27,et0,1.79
paris_land,2022-02-28,temperature,3.7
paris_land,2022-02-28,precipitation,0.0
paris_land,2022-02-28,et0,1.66
paris_land,2022-03-01,temperature,5.2
paris_land,2022-03-01,precipitation,0.3
paris_land,2022-03-01,et0,0.74
paris_land,2022-03-02,temperature,6.4
paris_land,2022-03-02,precipitation,0.0
paris_land,2022-03-02,et0,1.05
paris_land,2022-03-03,temperature,7.8
paris_land,2022-03-03,precipitation,0.4
paris_land,2022-03-03,et0,0.93
paris_land,2022-03-04,temperature,7.9
paris_land,2022-03-04,precipitation,2.1
paris_land,2022-03-04,et0,0.74
paris_land,2022-03-05,temperature,7.0
paris_land,2022-03-05,precipitation,0.0
paris_land,2022-03-05,et0,1.29
paris_land,2022-03-06,temperature,4.2
paris_land,2022-03-06,precipitation,0.0
paris_land,2022-03-06,et0,1.81
paris_land,2022-03-07,temperature,2.5
paris_land,2022-03-07,precipitation,0.0
paris_land,2022-03-07,et0,1.86
paris_land,2022-03-08,temperature,4.5
paris_land,2022-03-08,precipitation,0.0
paris_land,2022-03-08,et0,2.04
paris_land,2022-03-09,temperature,7.8
paris_land,2022-03-09,precipitation,0.0
paris_land,2022-03-09,et0,2.0
paris_land,2022-03-10,temperature,9.3
paris_land,2022-03-10,precipitation,0.0
paris_land,2022-03-10,et0,2.27
paris_land,2022-03-11,temperature,9.6
paris_land,2022-03-11,precipitation,2.7
paris_land,2022-03-11,et0,1.35
paris_land,2022-03-12,temperature,8.2
paris_land,2022-03-12,precipitation,2.7
paris_land,2022-03-12,et0,0.9
paris_land,2022-03-13,temperature,8.4
paris_land,2022-03-13,precipitation,5.5
paris_land,2022-03-13,et0,1.08
paris_land,2022-03-14,temperature,8.4
paris_land,2022-03-14,precipitation,0.0
paris_land,2022-03-14,et0,2.01
paris_land,2022-03-15,temperature,9.5
paris_land,2022-03-15,precipitation,9.1
paris_land,2022-03-15,et0,0.76
paris_land,2022-03-16,temperature,11.4
paris_land,2022-03-16,precipitation,0.4
paris_land,2022-03-16,et0,1.73
paris_land,2022-03-17,temperature,8.8
paris_land,2022-03-17,precipitation,0.5
paris_land,2022-03-17,et0,1.8
paris_land,2022-03-18,temperature,7.9
paris_land,2022-03-18,precipitation,0.0
paris_land,2022-03-18,et0,2.88
paris_land,2022-03-19,temperature,10.0
paris_land,2022-03-19,precipitation,0.0
paris_land,2022-03-19,et0,3.28
paris_land,2022-03-20,temperature,6.8
paris_land,2022-03-20,precipitation,0.0
paris_land,2022-03-20,et0,2.51
paris_land,2022-03-21,temperature,10.2
paris_land,2022-03-21,precipitation,0.0
paris_land,2022-03-21,et0,2.43
paris_land,2022-03-22,temperature,10.7
paris_land,2022-03-22,precipitation,0.0
paris_land,2022-03-22,et0,2.97
paris_land,2022-03-23,temperature,9.7
paris_land,2022-03-23,precipitation,0.0
paris_land,2022-03-23,et0,2.96
paris_land,2022-03-24,temperature,10.5
paris_land,2022-03-24,precipitation,0.0
paris_land,2022-03-24,et0,3.04
paris_land,2022-03-25,temperature,11.2
paris_land,2022-03-25,precipitation,0.0
paris_land,2022-03-25,et0,3.41
paris_land,2022-03-26,temperature,11.3
paris_land,2022-03-26,precipitation,0.0
paris_land,2022-03-26,et0,3.48
paris_land,2022-03-27,temperature,12.0
paris_land,2022-03-27,precipitation,0.0
paris_land,2022-03-27,et0,3.23
paris_land,2022-03-28,temperature,11.8
paris_land,2022-03-28,precipitation,0.0
paris_land,2022-03-28,et0,2.93
paris_land,2022-03-29,temperature,11.4
paris_land,2022-03-29,precipitation,5.9
paris_land,2022-03-29,et0,1.46
paris_land,2022-03-30,temperature,10.1
paris_land,2022-03-30,precipitation,16.8
paris_land,2022-03-30,et0,1.39
paris_land,2022-03-31,temperature,5.6
paris_land,2022-03-31,precipitation,1.1
paris_land,2022-03-31,et0,1.32
paris_land,2022-04-01,temperature,2.4
paris_land,2022-04-01,precipitation,3.4
paris_land,2022-04-01,et0,1.35
paris_land,2022-04-02,temperature,3.3
paris_land,2022-04-02,precipitation,0.0
paris_land,2022-04-02,et0,2.34
paris_land,2022-04-03,temperature,3.8
paris_land,2022-04-03,precipitation,0.0
paris_land,2022-04-03,et0,2.22
paris_land,2022-04-04,temperature,4.6
paris_land,2022-04-04,precipitation,0.1
paris_land,2022-04-04,et0,1.87
paris_land,2022-04-05,temperature,10.0
paris_land,2022-04-05,precipitation,1.0
paris_land,2022-04-05,et0,1.25
paris_land,2022-04-06,temperature,9.7
paris_land,2022-04-06,precipitation,0.5
paris_land,2022-04-06,et0,1.67
paris_land,2022-04-07,temperature,11.3
paris_land,2022-04-07,precipitation,2.8
paris_land,2022-04-07,et0,2.17
paris_land,2022-04-08,temperature,6.3
paris_land,2022-04-08,precipitation,30.8
paris_land,2022-04-08,et0,0.9
paris_land,2022-04-09,temperature,5.5
paris_land,2022-04-09,precipitation,1.4
paris_land,2022-04-09,et0,1.87
paris_land,2022-04-10,temperature,6.5
paris_land,2022-04-10,precipitation,0.0
paris_land,2022-04-10,et0,2.9
paris_land,2022-04-11,temperature,10.8
paris_land,2022-04-11,precipitation,0.0
paris_land,2022-04-11,et0,3.33
paris_land,2022-04-12,temperature,14.4
paris_land,2022-04-12,precipitation,0.0
paris_land,2022-04-12,et0,2.97
paris_land,2022-04-13,temperature,13.1
paris_land,2022-04-13,precipitation,7.9
paris_land,2022-04-13,et0,1.41
paris_land,2022-04-14,temperature,13.7
paris_land,2022-04-14,precipitation,0.3
paris_land,2022-04-14,et0,3.02
paris_land,2022-04-15,temperature,13.7
paris_land,2022-04-15,precipitation,0.0
paris_land,2022-04-15,et0,3.42
paris_land,2022-04-16,temperature,12.8
paris_land,2022-04-16,precipitation,0.0
paris_land,2022-04-16,et0,3.46
paris_land,2022-04-17,temperature,12.2
paris_land,2022-04-17,precipitation,0.0
paris_land,2022-04-17,et0,3.94
paris_land,2022-04-18,temperature,12.4
paris_land,2022-04-18,precipitation,0.0
paris_land,2022-04-18,et0,3.28
paris_land,2022-04-19,temperature,12.0
paris_land,2022-04-19,precipitation,0.2
paris_land,2022-04-19,et0,3.11
paris_land,2022-04-20,temperature,12.4
paris_land,2022-04-20,precipitation,0.0
paris_land,2022-04-20,et0,3.85
paris_land,2022-04-21,temperature,12.7
paris_land,2022-04-21,precipitation,0.0
paris_land,2022-04-21,et0,4.19
paris_land,2022-04-22,temperature,13.8
paris_land,2022-04-22,precipitation,0.0
paris_land,2022-04-22,et0,3.82
paris_land,2022-04-23,temperature,13.3
paris_land,2022-04-23,precipitation,1.9
paris_land,2022-04-23,et0,2.86
paris_land,2022-04-24,temperature,13.4
paris_land,2022-04-24,precipitation,0.2
paris_land,2022-04-24,et0,3.26
paris_land,2022-04-25,temperature,12.1
paris_land,2022-04-25,precipitation,1.1
paris_land,2022-04-25,et0,3.54
paris_land,2022-04-26,temperature,10.4
paris_land,2022-04-26,precipitation,0.2
paris_land,2022-04-26,et0,2.53
paris_land,2022-04-27,temperature,11.7
paris_land,2022-04-27,precipitation,0.0
paris_land,2022-04-27,et0,3.41
paris_land,2022-04-28,temperature,14.2
paris_land,2022-04-28,precipitation,0.0
paris_land,2022-04-28,et0,4.26
paris_land,2022-04-29,temperature,13.7
paris_land,2022-04-29,precipitation,4.4
paris_land,2022-04-29,et0,3.69
paris_land,2022-04-30,temperature,11.2
paris_land,2022-04-30,precipitation,0.0
paris_land,2022-04-30,et0,3.37
paris_land,2022-05-01,temperature,10.7
paris_land,2022-05-01,precipitation,0.0
paris_land,2022-05-01,et0,3.09
paris_land,2022-05-02,temperature,12.9
paris_land,2022-05-02,precipitation,0.1
paris_land,2022-05-02,et0,3.05
paris_land,2022-05-03,temperature,13.9
paris_land,2022-05-03,precipitation,0.0
paris_land,2022-05-03,et0,4.05
paris_land,2022-05-04,temperature,12.9
paris_land,2022-05-04,precipitation,0.0
paris_land,2022-05-04,et0,2.56
paris_land,2022-05-05,temperature,13.4
paris_land,2022-05-05,precipitation,0.3
paris_land,2022-05-05,et0,2.94
paris_land,2022-05-06,temperature,15.0
paris_land,2022-05-06,precipitation,0.0
paris_land,2022-05-06,et0,4.02
paris_land,2022-05-07,temperature,15.0
paris_land,2022-05-07,precipitation,0.9
paris_land,2022-05-07,et0,3.39
paris_land,2022-05-08,temperature,15.8
paris_land,2022-05-08,precipitation,0.2
paris_land,2022-05-08,et0,4.15
paris_land,2022-05-09,temperature,17.2
paris_land,2022-05-09,precipitation,0.0
paris_land,2022-05-09,et0,4.44
paris_land,2022-05-10,temperature,19.9
paris_land,2022-05-10,precipitation,0.0
paris_land,2022-05-10,et0,4.98
paris_land,2022-05-11,temperature,18.5
paris_land,2022-05-11,precipitation,0.0
paris_land,2022-05-11,et0,5.06
paris_land,2022-05-12,temperature,16.1
paris_land,2022-05-12,precipitation,0.0
paris_land,2022-05-12,et0,3.58
paris_land,2022-05-13,temperature,14.9
paris_land,2022-05-13,precipitation,0.0
paris_land,2022-05-13,et0,4.6
paris_land,2022-05-14,temperature,16.0
paris_land,2022-05-14,precipitation,0.0
paris_land,2022-05-14,et0,4.6
paris_land,2022-05-15,temperature,20.5
paris_land,2022-05-15,precipitation,0.5
paris_land,2022-05-15,et0,5.4
paris_land,2022-05-16,temperature,20.0
paris_land,2022-05-16,precipitation,0.5
paris_land,2022-05-16,et0,4.52
paris_land,2022-05-17,temperature,22.1
paris_land,2022-05-17,precipitation,0.9
paris_land,2022-05-17,et0,5.16
paris_land,2022-05-18,temperature,21.7
paris_land,2022-05-18,precipitation,0.0
paris_land,2022-05-18,et0,5.13
paris_land,2022-05-19,temperature,21.6
paris_land,2022-05-19,precipitation,0.6
paris_land,2022-05-19,et0,4.19
paris_land,2022-05-20,temperature,17.4
paris_land,2022-05-20,precipitation,20.2
paris_land,2022-05-20,et0,2.28
paris_land,2022-05-21,temperature,16.8
paris_land,2022-05-21,precipitation,0.0
paris_land,2022-05-21,et0,3.83
paris_land,2022-05-22,temperature,18.2
paris_land,2022-05-22,precipitation,0.1
paris_land,2022-05-22,et0,3.75
paris_land,2022-05-23,temperature,16.7
paris_land,2022-05-23,precipitation,9.0
paris_land,2022-05-23,et0,1.88
paris_land,2022-05-24,temperature,13.5
paris_land,2022-05-24,precipitation,9.7
paris_land,2022-05-24,et0,3.45
paris_land,2022-05-25,temperature,14.5
paris_land,2022-05-25,precipitation,0.0
paris_land,2022-05-25,et0,4.13
paris_land,2022-05-26,temperature,16.3
paris_land,2022-05-26,precipitation,0.2
paris_land,2022-05-26,et0,3.12
paris_land,2022-05-27,temperature,15.7
paris_land,2022-05-27,precipitation,0.9
paris_land,2022-05-27,et0,3.08
paris_land,2022-05-28,temperature,14.3
paris_land,2022-05-28,precipitation,0.1
paris_land,2022-05-28,et0,4.27
paris_land,2022-05-29,temperature,11.8
paris_land,2022-05-29,precipitation,0.2
paris_land,2022-05-29,et0,3.1
paris_land,2022-05-30,temperature,12.7
paris_land,2022-05-30,precipitation,0.0
paris_land,2022-05-30,et0,3.54
paris_land,2022-05-31,temperature,15.1
paris_land,2022-05-31,precipitation,0.1
paris_land,2022-05-31,et0,4.5
paris_land,2022-06-01,temperature,14.9
paris_land,2022-06-01,precipitation,0.0
paris_land,2022-06-01,et0,4.9
paris_land,2022-06-02,temperature,17.1
paris_land,2022-06-02,precipitation,0.0
paris_land,2022-06-02,et0,5.35
paris_land,2022-06-03,temperature,17.9
paris_land,2022-06-03,precipitation,5.9
paris_land,2022-06-03,et0,3.22
paris_land,2022-06-04,temperature,19.9
paris_land,2022-06-04,precipitation,3.4
paris_land,2022-06-04,et0,4.35
paris_land,2022-06-05,temperature,18.8
paris_land,2022-06-05,precipitation,3.4
paris_land,2022-06-05,et0,3.89
paris_land,2022-06-06,temperature,16.4
paris_land,2022-06-06,precipitation,0.4
paris_land,2022-06-06,et0,3.49
paris_land,2022-06-07,temperature,17.4
paris_land,2022-06-07,precipitation,1.8
paris_land,2022-06-07,et0,3.62
paris_land,2022-06-08,temperature,16.6
paris_land,2022-06-08,precipitation,23.5
paris_land,2022-06-08,et0,3.07
paris_land,2022-06-09,temperature,15.9
paris_land,2022-06-09,precipitation,0.1
paris_land,2022-06-09,et0,3.8
paris_land,2022-06-10,temperature,18.0
paris_land,2022-06-10,precipitation,0.0
paris_land,2022-06-10,et0,3.83
paris_land,2022-06-11,temperature,19.1
paris_land,2022-06-11,precipitation,0.0
paris_land,2022-06-11,et0,4.64
paris_land,2022-06-12,temperature,17.5
paris_land,2022-06-12,precipitation,0.0
paris_land,2022-06-12,et0,5.21
paris_land,2022-06-13,temperature,16.5
paris_land,2022-06-13,precipitation,0.0
paris_land,2022-06-13,et0,5.04
paris_land,2022-06-14,temperature,18.6
paris_land,2022-06-14,precipitation,0.0
paris_land,2022-06-14,et0,5.39
paris_land,2022-06-15,temperature,21.7
paris_land,2022-06-15,precipitation,0.0
paris_land,2022-06-15,et0,5.97
paris_land,2022-06-16,temperature,22.2
paris_land,2022-06-16,precipitation,0.0
paris_land,2022-06-16,et0,6.1
paris_land,2022-06-17,temperature,24.6
paris_land,2022-06-17,precipitation,0.0
paris_land,2022-06-17,et0,5.98
paris_land,2022-06-18,temperature,28.0
paris_land,2022-06-18,precipitation,0.0
paris_land,2022-06-18,et0,7.19
paris_land,2022-06-19,temperature,20.9
paris_land,2022-06-19,precipitation,1.7
paris_land,2022-06-19,et0,4.97
paris_land,2022-06-20,temperature,17.9
paris_land,2022-06-20,precipitation,20.4
paris_land,2022-06-20,et0,3.72
paris_land,2022-06-21,temperature,19.1
paris_land,2022-06-21,precipitation,1.6
paris_land,2022-06-21,et0,4.74
paris_land,2022-06-22,temperature,19.4
paris_land,2022-06-22,precipitation,0.2
paris_land,2022-06-22,et0,3.33
paris_land,2022-06-23,temperature,21.3
paris_land,2022-06-23,precipitation,6.3
paris_land,2022-06-23,et0,4.78
paris_land,2022-06-24,temperature,19.8
paris_land,2022-06-24,precipitation,4.0
paris_land,2022-06-24,et0,4.26
paris_land,2022-06-25,temperature,16.7
paris_land,2022-06-25,precipitation,10.2
paris_land,2022-06-25,et0,1.63
paris_land,2022-06-26,temperature,16.3
paris_land,2022-06-26,precipitation,0.6
paris_land,2022-06-26,et0,3.63
paris_land,2022-06-27,temperature,17.2
paris_land,2022-06-27,precipitation,3.7
paris_land,2022-06-27,et0,3.97
paris_land,2022-06-28,temperature,18.4
paris_land,2022-06-28,precipitation,0.0
paris_land,2022-06-28,et0,5.16
paris_land,2022-06-29,temperature,18.7
paris_land,2022-06-29,precipitation,0.0
paris_land,2022-06-29,et0,5.01
paris_land,2022-06-30,temperature,15.3
paris_land,2022-06-30,precipitation,10.6
paris_land,2022-06-30,et0,1.54
paris_land,2022-07-01,temperature,15.8
paris_land,2022-07-01,precipitation,0.2
paris_land,2022-07-01,et0,3.72
paris_land,2022-07-02,temperature,18.0
paris_land,2022-07-02,precipitation,0.0
paris_land,2022-07-02,et0,5.27
paris_land,2022-07-03,temperature,17.9
paris_land,2022-07-03,precipitation,0.0
paris_land,2022-07-03,et0,5.04
paris_land,2022-07-04,temperature,18.0
paris_land,2022-07-04,precipitation,0.0
paris_land,2022-07-04,et0,5.39
paris_land,2022-07-05,temperature,18.2
paris_land,2022-07-05,precipitation,0.0
paris_land,2022-07-05,et0,5.45
paris_land,2022-07-06,temperature,18.7
paris_land,2022-07-06,precipitation,0.0
paris_land,2022-07-06,et0,4.84
paris_land,2022-07-07,temperature,18.7
paris_land,2022-07-07,precipitation,0.1
paris_land,2022-07-07,et0,3.81
paris_land,2022-07-08,temperature,18.4
paris_land,2022-07-08,precipitation,0.0
paris_land,2022-07-08,et0,5.49
paris_land,2022-07-09,temperature,21.3
paris_land,2022-07-09,precipitation,0.0
paris_land,2022-07-09,et0,5.94
paris_land,2022-07-10,temperature,19.8
paris_land,2022-07-10,precipitation,0.0
paris_land,2022-07-10,et0,5.92
paris_land,2022-07-11,temperature,22.4
paris_land,2022-07-11,precipitation,0.0
paris_land,2022-07-11,et0,6.22
paris_land,2022-07-12,temperature,24.5
paris_land,2022-07-12,precipitation,0.0
paris_land,2022-07-12,et0,5.86
paris_land,2022-07-13,temperature,26.8
paris_land,2022-07-13,precipitation,0.0
paris_land,2022-07-13,et0,6.5
paris_land,2022-07-14,temperature,24.3
paris_land,2022-07-14,precipitation,0.0
paris_land,2022-07-14,et0,6.88
paris_land,2022-07-15,temperature,21.0
paris_land,2022-07-15,precipitation,0.0
paris_land,2022-07-15,et0,6.3
paris_land,2022-07-16,temperature,21.7
paris_land,2022-07-16,precipitation,0.0
paris_land,2022-07-16,et0,6.43
paris_land,2022-07-17,temperature,23.7
paris_land,2022-07-17,precipitation,0.0
paris_land,2022-07-17,et0,6.74
paris_land,2022-07-18,temperature,27.5
paris_land,2022-07-18,precipitation,0.0
paris_land,2022-07-18,et0,6.98
paris_land,2022-07-19,temperature,30.3
paris_land,2022-07-19,precipitation,0.0
paris_land,2022-07-19,et0,9.15
paris_land,2022-07-20,temperature,21.5
paris_land,2022-07-20,precipitation,12.7
paris_land,2022-07-20,et0,2.93
paris_land,2022-07-21,temperature,20.8
paris_land,2022-07-21,precipitation,0.1
paris_land,2022-07-21,et0,3.95
paris_land,2022-07-22,temperature,20.3
paris_land,2022-07-22,precipitation,7.4
paris_land,2022-07-22,et0,2.78
paris_land,2022-07-23,temperature,21.0
paris_land,2022-07-23,precipitation,2.6
paris_land,2022-07-23,et0,4.05
paris_land,2022-07-24,temperature,23.5
paris_land,2022-07-24,precipitation,0.0
paris_land,2022-07-24,et0,5.7
paris_land,2022-07-25,temperature,22.4
paris_land,2022-07-25,precipitation,1.2
paris_land,2022-07-25,et0,5.11
paris_land,2022-07-26,temperature,19.0
paris_land,2022-07-26,precipitation,0.3
paris_land,2022-07-26,et0,3.39
paris_land,2022-07-27,temperature,19.4
paris_land,2022-07-27,precipitation,0.0
paris_land,2022-07-27,et0,4.31
paris_land,2022-07-28,temperature,20.4
paris_land,2022-07-28,precipitation,0.2
paris_land,2022-07-28,et0,4.85
paris_land,2022-07-29,temperature,22.0
paris_land,2022-07-29,precipitation,0.0
paris_land,2022-07-29,et0,5.31
paris_land,2022-07-30,temperature,23.6
paris_land,2022-07-30,precipitation,0.0
paris_land,2022-07-30,et0,5.43
paris_land,2022-07-31,temperature,22.4
paris_land,2022-07-31,precipitation,0.0
paris_land,2022-07-31,et0,4.79
paris_land,2022-08-01,temperature,21.7
paris_land,2022-08-01,precipitation,0.2
paris_land,2022-08-01,et0,3.47
paris_land,2022-08-02,temperature,23.1
paris_land,2022-08-02,precipitation,0.0
paris_land,2022-08-02,et0,5.13
paris_land,2022-08-03,temperature,26.5
paris_land,2022-08-03,precipitation,0.0
paris_land,2022-08-03,et0,5.47
paris_land,2022-08-04,temperature,23.7
paris_land,2022-08-04,precipitation,1.9
paris_land,2022-08-04,et0,4.57
paris_land,2022-08-05,temperature,20.5
paris_land,2022-08-05,precipitation,3.2
paris_land,2022-08-05,et0,4.89
paris_land,2022-08-06,temperature,18.5
paris_land,2022-08-06,precipitation,0.0
paris_land,2022-08-06,et0,6.06
paris_land,2022-08-07,temperature,20.1
paris_land,2022-08-07,precipitation,0.0
paris_land,2022-08-07,et0,6.24
paris_land,2022-08-08,temperature,21.4
paris_land,2022-08-08,precipitation,0.0
paris_land,2022-08-08,et0,6.47
paris_land,2022-08-09,temperature,23.3
paris_land,2022-08-09,precipitation,0.0
paris_land,2022-08-09,et0,6.66
paris_land,2022-08-10,temperature,25.5
paris_land,2022-08-10,precipitation,0.0
paris_land,2022-08-10,et0,7.2
paris_land,2022-08-11,temperature,25.4
paris_land,2022-08-11,precipitation,0.0
paris_land,2022-08-11,et0,7.26
paris_land,2022-08-12,temperature,25.4
paris_land,2022-08-12,precipitation,0.0
paris_land,2022-08-12,et0,6.79
paris_land,2022-08-13,temperature,25.2
paris_land,2022-08-13,precipitation,0.0
paris_land,2022-08-13,et0,6.59
paris_land,2022-08-14,temperature,21.6
paris_land,2022-08-14,precipitation,3.4
paris_land,2022-08-14,et0,2.83
paris_land,2022-08-15,temperature,20.6
paris_land,2022-08-15,precipitation,2.7
paris_land,2022-08-15,et0,3.28
paris_land,2022-08-16,temperature,20.5
paris_land,2022-08-16,precipitation,17.2
paris_land,2022-08-16,et0,2.66
paris_land,2022-08-17,temperature,20.4
paris_land,2022-08-17,precipitation,5.9
paris_land,2022-08-17,et0,3.07
paris_land,2022-08-18,temperature,20.7
paris_land,2022-08-18,precipitation,5.8
paris_land,2022-08-18,et0,3.79
paris_land,2022-08-19,temperature,20.0
paris_land,2022-08-19,precipitation,4.7
paris_land,2022-08-19,et0,2.58
paris_land,2022-08-20,temperature,18.6
paris_land,2022-08-20,precipitation,0.0
paris_land,2022-08-20,et0,4.01
paris_land,2022-08-21,temperature,19.7
paris_land,2022-08-21,precipitation,0.0
paris_land,2022-08-21,et0,3.84
paris_land,2022-08-22,temperature,21.1
paris_land,2022-08-22,precipitation,0.0
paris_land,2022-08-22,et0,3.24
paris_land,2022-08-23,temperature,22.9
paris_land,2022-08-23,precipitation,0.2
paris_land,2022-08-23,et0,3.4
paris_land,2022-08-24,temperature,24.3
paris_land,2022-08-24,precipitation,0.0
paris_land,2022-08-24,et0,4.67
paris_land,2022-08-25,temperature,23.5
paris_land,2022-08-25,precipitation,0.2
paris_land,2022-08-25,et0,4.73
paris_land,2022-08-26,temperature,21.3
paris_land,2022-08-26,precipitation,0.6
paris_land,2022-08-26,et0,4.22
paris_land,2022-08-27,temperature,20.0
paris_land,2022-08-27,precipitation,0.0
paris_land,2022-08-27,et0,4.58
paris_land,2022-08-28,temperature,20.1
paris_land,2022-08-28,precipitation,0.0
paris_land,2022-08-28,et0,3.7
paris_land,2022-08-29,temperature,22.2
paris_land,2022-08-29,precipitation,0.0
paris_land,2022-08-29,et0,5.39
paris_land,2022-08-30,temperature,20.9
paris_land,2022-08-30,precipitation,1.5
paris_land,2022-08-30,et0,3.67
paris_land,2022-08-31,temperature,21.3
paris_land,2022-08-31,precipitation,0.0
paris_land,2022-08-31,et0,4.3
paris_land,2022-09-01,temperature,22.0
paris_land,2022-09-01,precipitation,0.0
paris_land,2022-09-01,et0,3.96
paris_land,2022-09-02,temperature,19.9
paris_land,2022-09-02,precipitation,3.2
paris_land,2022-09-02,et0,2.47
paris_land,2022-09-03,temperature,19.1
paris_land,2022-09-03,precipitation,3.1
paris_land,2022-09-03,et0,2.74
paris_land,2022-09-04,temperature,21.5
paris_land,2022-09-04,precipitation,0.0
paris_land,2022-09-04,et0,4.3
paris_land,2022-09-05,temperature,21.9
paris_land,2022-09-05,precipitation,0.3
paris_land,2022-09-05,et0,3.57
paris_land,2022-09-06,temperature,20.6
paris_land,2022-09-06,precipitation,8.2
paris_land,2022-09-06,et0,3.48
paris_land,2022-09-07,temperature,18.1
paris_land,2022-09-07,precipitation,6.1
paris_land,2022-09-07,et0,2.17
paris_land,2022-09-08,temperature,17.6
paris_land,2022-09-08,precipitation,1.3
paris_land,2022-09-08,et0,3.08
paris_land,2022-09-09,temperature,17.0
paris_land,2022-09-09,precipitation,6.7
paris_land,2022-09-09,et0,2.8
paris_land,2022-09-10,temperature,16.3
paris_land,2022-09-10,precipitation,2.1
paris_land,2022-09-10,et0,1.63
paris_land,2022-09-11,temperature,16.3
paris_land,2022-09-11,precipitation,0.0
paris_land,2022-09-11,et0,2.79
paris_land,2022-09-12,temperature,19.1
paris_land,2022-09-12,precipitation,0.0
paris_land,2022-09-12,et0,3.59
paris_land,2022-09-13,temperature,20.5
paris_land,2022-09-13,precipitation,1.8
paris_land,2022-09-13,et0,2.24
paris_land,2022-09-14,temperature,20.9
paris_land,2022-09-14,precipitation,6.7
paris_land,2022-09-14,et0,2.63
paris_land,2022-09-15,temperature,18.4
paris_land,2022-09-15,precipitation,0.9
paris_land,2022-09-15,et0,2.78
paris_land,2022-09-16,temperature,14.6
paris_land,2022-09-16,precipitation,0.5
paris_land,2022-09-16,et0,2.38
paris_land,2022-09-17,temperature,11.8
paris_land,2022-09-17,precipitation,0.0
paris_land,2022-09-17,et0,2.77
paris_land,2022-09-18,temperature,12.6
paris_land,2022-09-18,precipitation,0.0
paris_land,2022-09-18,et0,2.87
paris_land,2022-09-19,temperature,12.9
paris_land,2022-09-19,precipitation,0.0
paris_land,2022-09-19,et0,2.64
paris_land,2022-09-20,temperature,12.3
paris_land,2022-09-20,precipitation,0.0
paris_land,2022-09-20,et0,2.19
paris_land,2022-09-21,temperature,12.8
paris_land,2022-09-21,precipitation,0.0
paris_land,2022-09-21,et0,2.62
paris_land,2022-09-22,temperature,12.8
paris_land,2022-09-22,precipitation,0.0
paris_land,2022-09-22,et0,2.67
paris_land,2022-09-23,temperature,14.3
paris_land,2022-09-23,precipitation,0.0
paris_land,2022-09-23,et0,1.79
paris_land,2022-09-24,temperature,14.1
paris_land,2022-09-24,precipitation,3.0
paris_land,2022-09-24,et0,1.32
paris_land,2022-09-25,temperature,13.8
paris_land,2022-09-25,precipitation,0.0
paris_land,2022-09-25,et0,2.37
paris_land,2022-09-26,temperature,12.4
paris_land,2022-09-26,precipitation,5.9
paris_land,2022-09-26,et0,1.47
paris_land,2022-09-27,temperature,11.5
paris_land,2022-09-27,precipitation,4.8
paris_land,2022-09-27,et0,1.2
paris_land,2022-09-28,temperature,11.9
paris_land,2022-09-28,precipitation,2.4
paris_land,2022-09-28,et0,1.68
paris_land,2022-09-29,temperature,10.9
paris_land,2022-09-29,precipitation,0.9
paris_land,2022-09-29,et0,1.45
paris_land,2022-09-30,temperature,11.6
paris_land,2022-09-30,precipitation,0.5
paris_land,2022-09-30,et0,2.61
paris_land,2022-10-01,temperature,16.1
paris_land,2022-10-01,precipitation,7.0
paris_land,2022-10-01,et0,2.66
paris_land,2022-10-02,temperature,15.5
paris_land,2022-10-02,precipitation,12.4
paris_land,2022-10-02,et0,1.16
paris_land,2022-10-03,temperature,12.0
paris_land,2022-10-03,precipitation,0.0
paris_land,2022-10-03,et0,1.5
paris_land,2022-10-04,temperature,12.6
paris_land,2022-10-04,precipitation,0.0
paris_land,2022-10-04,et0,1.96
paris_land,2022-10-05,temperature,16.0
paris_land,2022-10-05,precipitation,0.0
paris_land,2022-10-05,et0,2.54
paris_land,2022-10-06,temperature,14.1
paris_land,2022-10-06,precipitation,0.0
paris_land,2022-10-06,et0,2.06
paris_land,2022-10-07,temperature,11.9
paris_land,2022-10-07,precipitation,0.0
paris_land,2022-10-07,et0,1.89
paris_land,2022-10-08,temperature,12.6
paris_land,2022-10-08,precipitation,0.0
paris_land,2022-10-08,et0,1.97
paris_land,2022-10-09,temperature,10.9
paris_land,2022-10-09,precipitation,0.0
paris_land,2022-10-09,et0,2.03
paris_land,2022-10-10,temperature,14.0
paris_land,2022-10-10,precipitation,2.5
paris_land,2022-10-10,et0,1.48
paris_land,2022-10-11,temperature,12.4
paris_land,2022-10-11,precipitation,0.0
paris_land,2022-10-11,et0,1.95
paris_land,2022-10-12,temperature,11.8
paris_land,2022-10-12,precipitation,0.0
paris_land,2022-10-12,et0,1.68
paris_land,2022-10-13,temperature,13.8
paris_land,2022-10-13,precipitation,10.1
paris_land,2022-10-13,et0,0.73
paris_land,2022-10-14,temperature,15.1
paris_land,2022-10-14,precipitation,5.2
paris_land,2022-10-14,et0,0.52
paris_land,2022-10-15,temperature,16.1
paris_land,2022-10-15,precipitation,2.6
paris_land,2022-10-15,et0,1.4
paris_land,2022-10-16,temperature,16.4
paris_land,2022-10-16,precipitation,0.5
paris_land,2022-10-16,et0,1.11
paris_land,2022-10-17,temperature,17.1
paris_land,2022-10-17,precipitation,13.7
paris_land,2022-10-17,et0,0.71
paris_land,2022-10-18,temperature,16.8
paris_land,2022-10-18,precipitation,1.4
paris_land,2022-10-18,et0,1.24
paris_land,2022-10-19,temperature,17.2
paris_land,2022-10-19,precipitation,0.1
paris_land,2022-10-19,et0,1.77
paris_land,2022-10-20,temperature,17.4
paris_land,2022-10-20,precipitation,4.5
paris_land,2022-10-20,et0,1.68
paris_land,2022-10-21,temperature,16.5
paris_land,2022-10-21,precipitation,12.6
paris_land,2022-10-21,et0,1.68
paris_land,2022-10-22,temperature,16.1
paris_land,2022-10-22,precipitation,0.0
paris_land,2022-10-22,et0,1.73
paris_land,2022-10-23,temperature,17.6
paris_land,2022-10-23,precipitation,1.2
paris_land,2022-10-23,et0,2.23
paris_land,2022-10-24,temperature,16.4
paris_land,2022-10-24,precipitation,0.7
paris_land,2022-10-24,et0,2.49
paris_land,2022-10-25,temperature,14.9
paris_land,2022-10-25,precipitation,0.1
paris_land,2022-10-25,et0,1.38
paris_land,2022-10-26,temperature,17.1
paris_land,2022-10-26,precipitation,2.2
paris_land,2022-10-26,et0,1.77
paris_land,2022-10-27,temperature,17.2
paris_land,2022-10-27,precipitation,0.0
paris_land,2022-10-27,et0,1.55
paris_land,2022-10-28,temperature,18.7
paris_land,2022-10-28,precipitation,0.0
paris_land,2022-10-28,et0,2.07
paris_land,2022-10-29,temperature,18.7
paris_land,2022-10-29,precipitation,0.0
paris_land,2022-10-29,et0,1.88
paris_land,2022-10-30,temperature,14.6
paris_land,2022-10-30,precipitation,0.3
paris_land,2022-10-30,et0,1.05
paris_land,2022-10-31,temperature,15.0
paris_land,2022-10-31,precipitation,6.1
paris_land,2022-10-31,et0,1.51
paris_land,2022-11-01,temperature,14.2
paris_land,2022-11-01,precipitation,0.6
paris_land,2022-11-01,et0,2.11
paris_land,2022-11-02,temperature,12.5
paris_land,2022-11-02,precipitation,0.0
paris_land,2022-11-02,et0,1.55
paris_land,2022-11-03,temperature,12.0
paris_land,2022-11-03,precipitation,6.7
paris_land,2022-11-03,et0,0.89
paris_land,2022-11-04,temperature,9.6
paris_land,2022-11-04,precipitation,6.0
paris_land,2022-11-04,et0,0.92
paris_land,2022-11-05,temperature,8.6
paris_land,2022-11-05,precipitation,0.2
paris_land,2022-11-05,et0,0.68
paris_land,2022-11-06,temperature,10.3
paris_land,2022-11-06,precipitation,15.1
paris_land,2022-11-06,et0,0.77
paris_land,2022-11-07,temperature,13.0
paris_land,2022-11-07,precipitation,0.0
paris_land,2022-11-07,et0,1.24
paris_land,2022-11-08,temperature,13.3
paris_land,2022-11-08,precipitation,1.7
paris_land,2022-11-08,et0,1.5
paris_land,2022-11-09,temperature,12.5
paris_land,2022-11-09,precipitation,1.2
paris_land,2022-11-09,et0,1.1
paris_land,2022-11-10,temperature,9.7
paris_land,2022-11-10,precipitation,0.0
paris_land,2022-11-10,et0,0.79
paris_land,2022-11-11,temperature,8.7
paris_land,2022-11-11,precipitation,0.0
paris_land,2022-11-11,et0,0.7
paris_land,2022-11-12,temperature,10.2
paris_land,2022-11-12,precipitation,0.0
paris_land,2022-11-12,et0,0.87
paris_land,2022-11-13,temperature,9.0
paris_land,2022-11-13,precipitation,0.0
paris_land,2022-11-13,et0,0.75
paris_land,2022-11-14,temperature,9.6
paris_land,2022-11-14,precipitation,0.0
paris_land,2022-11-14,et0,0.65
paris_land,2022-11-15,temperature,10.8
paris_land,2022-11-15,precipitation,6.5
paris_land,2022-11-15,et0,0.47
paris_land,2022-11-16,temperature,10.7
paris_land,2022-11-16,precipitation,6.2
paris_land,2022-11-16,et0,0.84
paris_land,2022-11-17,temperature,11.7
paris_land,2022-11-17,precipitation,1.3
paris_land,2022-11-17,et0,1.56
paris_land,2022-11-18,temperature,8.6
paris_land,2022-11-18,precipitation,0.5
paris_land,2022-11-18,et0,0.71
paris_land,2022-11-19,temperature,6.9
paris_land,2022-11-19,precipitation,0.4
paris_land,2022-11-19,et0,0.74
paris_land,2022-11-20,temperature,6.7
paris_land,2022-11-20,precipitation,1.8
paris_land,2022-11-20,et0,0.48
paris_land,2022-11-21,temperature,7.2
paris_land,2022-11-21,precipitation,6.4
paris_land,2022-11-21,et0,0.38
paris_land,2022-11-22,temperature,7.5
paris_land,2022-11-22,precipitation,3.8
paris_land,2022-11-22,et0,1.04
paris_land,2022-11-23,temperature,7.9
paris_land,2022-11-23,precipitation,2.8
paris_land,2022-11-23,et0,0.69
paris_land,2022-11-24,temperature,9.8
paris_land,2022-11-24,precipitation,0.3
paris_land,2022-11-24,et0,1.1
paris_land,2022-11-25,temperature,9.1
paris_land,2022-11-25,precipitation,3.9
paris_land,2022-11-25,et0,0.67
paris_land,2022-11-26,temperature,6.1
paris_land,2022-11-26,precipitation,0.0
paris_land,2022-11-26,et0,0.34
paris_land,2022-11-27,temperature,7.5
paris_land,2022-11-27,precipitation,6.8
paris_land,2022-11-27,et0,0.42
paris_land,2022-11-28,temperature,8.5
paris_land,2022-11-28,precipitation,5.5
paris_land,2022-11-28,et0,0.49
paris_land,2022-11-29,temperature,6.3
paris_land,2022-11-29,precipitation,1.6
paris_land,2022-11-29,et0,0.32
paris_land,2022-11-30,temperature,6.2
paris_land,2022-11-30,precipitation,0.0
paris_land,2022-11-30,et0,0.34
paris_land,2022-12-01,temperature,5.1
paris_land,2022-12-01,precipitation,0.0
paris_land,2022-12-01,et0,0.4
paris_land,2022-12-02,temperature,4.4
paris_land,2022-12-02,precipitation,1.5
paris_land,2022-12-02,et0,0.36
paris_land,2022-12-03,temperature,3.2
paris_land,2022-12-03,precipitation,0.1
paris_land,2022-12-03,et0,0.45
paris_land,2022-12-04,temperature,2.6
paris_land,2022-12-04,precipitation,1.4
paris_land,2022-12-04,et0,0.35
paris_land,2022-12-05,temperature,2.2
paris_land,2022-12-05,precipitation,2.4
paris_land,2022-12-05,et0,0.23
paris_land,2022-12-06,temperature,2.6
paris_land,2022-12-06,precipitation,0.0
paris_land,2022-12-06,et0,0.24
paris_land,2022-12-07,temperature,1.6
paris_land,2022-12-07,precipitation,0.0
paris_land,2022-12-07,et0,0.25
paris_land,2022-12-08,temperature,2.2
paris_land,2022-12-08,precipitation,0.0
paris_land,2022-12-08,et0,0.28
paris_land,2022-12-09,temperature,1.2
paris_land,2022-12-09,precipitation,0.0
paris_land,2022-12-09,et0,0.29
paris_land,2022-12-10,temperature,1.0
paris_land,2022-12-10,precipitation,0.0
paris_land,2022-12-10,et0,0.27
paris_land,2022-12-11,temperature,-1.9
paris_land,2022-12-11,precipitation,0.0
paris_land,2022-12-11,et0,0.32
paris_land,2022-12-12,temperature,-2.3
paris_land,2022-12-12,precipitation,0.3
paris_land,2022-12-12,et0,0.32
paris_land,2022-12-13,temperature,-1.9
paris_land,2022-12-13,precipitation,0.0
paris_land,2022-12-13,et0,0.59
paris_land,2022-12-14,temperature,-1.0
paris_land,2022-12-14,precipitation,3.6
paris_land,2022-12-14,et0,0.28
paris_land,2022-12-15,temperature,-1.8
paris_land,2022-12-15,precipitation,0.0
paris_land,2022-12-15,et0,0.51
paris_land,2022-12-16,temperature,-1.7
paris_land,2022-12-16,precipitation,0.0
paris_land,2022-12-16,et0,0.38
paris_land,2022-12-17,temperature,-2.6
paris_land,2022-12-17,precipitation,0.0
paris_land,2022-12-17,et0,0.24
paris_land,2022-12-18,temperature,-1.3
paris_land,2022-12-18,precipitation,3.6
paris_land,2022-12-18,et0,0.35
paris_land,2022-12-19,temperature,7.6
paris_land,2022-12-19,precipitation,6.5
paris_land,2022-12-19,et0,0.68
paris_land,2022-12-20,temperature,11.2
paris_land,2022-12-20,precipitation,23.4
paris_land,2022-12-20,et0,0.73
paris_land,2022-12-21,temperature,10.1
paris_land,2022-12-21,precipitation,15.5
paris_land,2022-12-21,et0,0.29
paris_land,2022-12-22,temperature,12.2
paris_land,2022-12-22,precipitation,9.3
paris_land,2022-12-22,et0,0.73
paris_land,2022-12-23,temperature,12.9
paris_land,2022-12-23,precipitation,6.8
paris_land,2022-12-23,et0,0.57
paris_land,2022-12-24,temperature,10.7
paris_land,2022-12-24,precipitation,1.4
paris_land,2022-12-24,et0,0.43
paris_land,2022-12-25,temperature,11.1
paris_land,2022-12-25,precipitation,2.7
paris_land,2022-12-25,et0,0.42
paris_land,2022-12-26,temperature,9.5
paris_land,2022-12-26,precipitation,1.1
paris_land,2022-12-26,et0,0.48
paris_land,2022-12-27,temperature,5.7
paris_land,2022-12-27,precipitation,0.0
paris_land,2022-12-27,et0,0.45
paris_land,2022-12-28,temperature,9.9
paris_land,2022-12-28,precipitation,4.0
paris_land,2022-12-28,et0,0.8
paris_land,2022-12-29,temperature,9.9
paris_land,2022-12-29,precipitation,1.1
paris_land,2022-12-29,et0,0.89
paris_land,2022-12-30,temperature,9.7
paris_land,2022-12-30,precipitation,7.4
paris_land,2022-12-30,et0,0.54
paris_land,2022-12-31,temperature,15.1
paris_land,2022-12-31,precipitation,0.0
paris_land,2022-12-31,et0,2.08
paris_land,2023-01-01,temperature,13.3
paris_land,2023-01-01,precipitation,2.0
paris_land,2023-01-01,et0,1.56
paris_land,2023-01-02,temperature,10.5
paris_land,2023-01-02,precipitation,7.4
paris_land,2023-01-02,et0,0.66
paris_land,2023-01-03,temperature,7.5
paris_land,2023-01-03,precipitation,1.0
paris_land,2023-01-03,et0,0.49
paris_land,2023-01-04,temperature,11.5
paris_land,2023-01-04,precipitation,3.4
paris_land,2023-01-04,et0,0.57
paris_land,2023-01-05,temperature,12.5
paris_land,2023-01-05,precipitation,0.4
paris_land,2023-01-05,et0,0.65
paris_land,2023-01-06,temperature,11.1
paris_land,2023-01-06,precipitation,0.0
paris_land,2023-01-06,et0,0.71
paris_land,2023-01-07,temperature,9.0
paris_land,2023-01-07,precipitation,1.2
paris_land,2023-01-07,et0,0.81
paris_land,2023-01-08,temperature,9.2
paris_land,2023-01-08,precipitation,4.4
paris_land,2023-01-08,et0,0.74
paris_land,2023-01-09,temperature,6.8
paris_land,2023-01-09,precipitation,0.8
paris_land,2023-01-09,et0,1.03
paris_land,2023-01-10,temperature,6.8
paris_land,2023-01-10,precipitation,3.0
paris_land,2023-01-10,et0,0.44
paris_land,2023-01-11,temperature,10.6
paris_land,2023-01-11,precipitation,9.1
paris_land,2023-01-11,et0,0.97
paris_land,2023-01-12,temperature,10.8
paris_land,2023-01-12,precipitation,0.6
paris_land,2023-01-12,et0,1.31
paris_land,2023-01-13,temperature,9.3
paris_land,2023-01-13,precipitation,2.1
paris_land,2023-01-13,et0,1.06
paris_land,2023-01-14,temperature,10.4
paris_land,2023-01-14,precipitation,8.5
paris_land,2023-01-14,et0,0.6
paris_land,2023-01-15,temperature,6.9
paris_land,2023-01-15,precipitation,3.3
paris_land,2023-01-15,et0,1.13
paris_land,2023-01-16,temperature,5.0
paris_land,2023-01-16,precipitation,9.2
paris_land,2023-01-16,et0,0.58
paris_land,2023-01-17,temperature,1.4
paris_land,2023-01-17,precipitation,3.7
paris_land,2023-01-17,et0,0.26
paris_land,2023-01-18,temperature,1.1
paris_land,2023-01-18,precipitation,0.1
paris_land,2023-01-18,et0,0.61
paris_land,2023-01-19,temperature,0.7
paris_land,2023-01-19,precipitation,4.1
paris_land,2023-01-19,et0,0.39
paris_land,2023-01-20,temperature,1.5
paris_land,2023-01-20,precipitation,0.2
paris_land,2023-01-20,et0,0.59
paris_land,2023-01-21,temperature,0.9
paris_land,2023-01-21,precipitation,0.1
paris_land,2023-01-21,et0,0.57
paris_land,2023-01-22,temperature,0.2
paris_land,2023-01-22,precipitation,0.0
paris_land,2023-01-22,et0,0.56
paris_land,2023-01-23,temperature,1.4
paris_land,2023-01-23,precipitation,0.0
paris_land,2023-01-23,et0,0.56
paris_land,2023-01-24,temperature,1.1
paris_land,2023-01-24,precipitation,0.0
paris_land,2023-01-24,et0,0.41
paris_land,2023-01-25,temperature,1.3
paris_land,2023-01-25,precipitation,0.0
paris_land,2023-01-25,et0,0.36
paris_land,2023-01-26,temperature,1.8
paris_land,2023-01-26,precipitation,0.6
paris_land,2023-01-26,et0,0.24
paris_land,2023-01-27,temperature,3.8
paris_land,2023-01-27,precipitation,0.3
paris_land,2023-01-27,et0,0.46
paris_land,2023-01-28,temperature,2.2
paris_land,2023-01-28,precipitation,0.0
paris_land,2023-01-28,et0,0.61
paris_land,2023-01-29,temperature,1.3
paris_land,2023-01-29,precipitation,0.0
paris_land,2023-01-29,et0,0.64
paris_land,2023-01-30,temperature,5.3
paris_land,2023-01-30,precipitation,0.0
paris_land,2023-01-30,et0,0.51
paris_land,2023-01-31,temperature,4.0
paris_land,2023-01-31,precipitation,0.0
paris_land,2023-01-31,et0,0.56
paris_land,2023-02-01,temperature,7.4
paris_land,2023-02-01,precipitation,0.0
paris_land,2023-02-01,et0,1.07
paris_land,2023-02-02,temperature,7.2
paris_land,2023-02-02,precipitation,0.0
paris_land,2023-02-02,et0,0.89
paris_land,2023-02-03,temperature,8.2
paris_land,2023-02-03,precipitation,0.0
paris_land,2023-02-03,et0,0.84
paris_land,2023-02-04,temperature,8.7
paris_land,2023-02-04,precipitation,0.5
paris_land,2023-02-04,et0,0.64
paris_land,2023-02-05,temperature,6.6
paris_land,2023-02-05,precipitation,0.1
paris_land,2023-02-05,et0,0.93
paris_land,2023-02-06,temperature,3.0
paris_land,2023-02-06,precipitation,0.0
paris_land,2023-02-06,et0,0.89
paris_land,2023-02-07,temperature,1.7
paris_land,2023-02-07,precipitation,0.0
paris_land,2023-02-07,et0,0.88
paris_land,2023-02-08,temperature,-0.4
paris_land,2023-02-08,precipitation,0.0
paris_land,2023-02-08,et0,0.94
paris_land,2023-02-09,temperature,0.1
paris_land,2023-02-09,precipitation,0.0
paris_land,2023-02-09,et0,0.91
paris_land,2023-02-10,temperature,4.6
paris_land,2023-02-10,precipitation,0.0
paris_land,2023-02-10,et0,0.58
paris_land,2023-02-11,temperature,4.5
paris_land,2023-02-11,precipitation,0.0
paris_land,2023-02-11,et0,0.59
paris_land,2023-02-12,temperature,7.1
paris_land,2023-02-12,precipitation,0.0
paris_land,2023-02-12,et0,0.66
paris_land,2023-02-13,temperature,4.1
paris_land,2023-02-13,precipitation,0.0
paris_land,2023-02-13,et0,1.1
paris_land,2023-02-14,temperature,3.8
paris_land,2023-02-14,precipitation,0.0
paris_land,2023-02-14,et0,0.94
paris_land,2023-02-15,temperature,4.8
paris_land,2023-02-15,precipitation,0.0
paris_land,2023-02-15,et0,1.09
paris_land,2023-02-16,temperature,7.5
paris_land,2023-02-16,precipitation,1.3
paris_land,2023-02-16,et0,0.79
paris_land,2023-02-17,temperature,11.9
paris_land,2023-02-17,precipitation,0.3
paris_land,2023-02-17,et0,0.8
paris_land,2023-02-18,temperature,10.7
paris_land,2023-02-18,precipitation,0.1
paris_land,2023-02-18,et0,1.16
paris_land,2023-02-19,temperature,9.6
paris_land,2023-02-19,precipitation,0.0
paris_land,2023-02-19,et0,1.07
paris_land,2023-02-20,temperature,5.7
paris_land,2023-02-20,precipitation,0.0
paris_land,2023-02-20,et0,1.09
paris_land,2023-02-21,temperature,6.2
paris_land,2023-02-21,precipitation,0.0
paris_land,2023-02-21,et0,1.12
paris_land,2023-02-22,temperature,8.3
paris_land,2023-02-22,precipitation,5.5
paris_land,2023-02-22,et0,0.5
paris_land,2023-02-23,temperature,7.4
paris_land,2023-02-23,precipitation,0.1
paris_land,2023-02-23,et0,0.8
paris_land,2023-02-24,temperature,6.5
paris_land,2023-02-24,precipitation,0.0
paris_land,2023-02-24,et0,1.05
paris_land,2023-02-25,temperature,5.1
paris_land,2023-02-25,precipitation,0.0
paris_land,2023-02-25,et0,1.35
paris_land,2023-02-26,temperature,1.9
paris_land,2023-02-26,precipitation,0.0
paris_land,2023-02-26,et0,1.88
paris_land,2023-02-27,temperature,1.9
paris_land,2023-02-27,precipitation,0.0
paris_land,2023-02-27,et0,2.05
paris_land,2023-02-28,temperature,1.3
paris_land,2023-02-28,precipitation,0.0
paris_land,2023-02-28,et0,1.52
paris_land,2023-03-01,temperature,1.6
paris_land,2023-03-01,precipitation,0.0
paris_land,2023-03-01,et0,1.56
paris_land,2023-03-02,temperature,2.6
paris_land,2023-03-02,precipitation,0.0
paris_land,2023-03-02,et0,1.49
paris_land,2023-03-03,temperature,3.3
paris_land,2023-03-03,precipitation,0.0
paris_land,2023-03-03,et0,1.45
paris_land,2023-03-04,temperature,2.8
paris_land,2023-03-04,precipitation,0.0
paris_land,2023-03-04,et0,0.99
paris_land,2023-03-05,temperature,4.8
paris_land,2023-03-05,precipitation,0.3
paris_land,2023-03-05,et0,0.8
paris_land,2023-03-06,temperature,4.7
paris_land,2023-03-06,precipitation,0.6
paris_land,2023-03-06,et0,1.09
paris_land,2023-03-07,temperature,5.8
paris_land,2023-03-07,precipitation,0.3
paris_land,2023-03-07,et0,1.39
paris_land,2023-03-08,temperature,9.7
paris_land,2023-03-08,precipitation,18.0
paris_land,2023-03-08,et0,1.2
paris_land,2023-03-09,temperature,11.2
paris_land,2023-03-09,precipitation,6.2
paris_land,2023-03-09,et0,1.7
paris_land,2023-03-10,temperature,7.9
paris_land,2023-03-10,precipitation,1.9
paris_land,2023-03-10,et0,1.17
paris_land,2023-03-11,temperature,4.5
paris_land,2023-03-11,precipitation,3.6
paris_land,2023-03-11,et0,0.76
paris_land,2023-03-12,temperature,10.5
paris_land,2023-03-12,precipitation,4.1
paris_land,2023-03-12,et0,1.5
paris_land,2023-03-13,temperature,13.0
paris_land,2023-03-13,precipitation,2.1
paris_land,2023-03-13,et0,1.63
paris_land,2023-03-14,temperature,8.4
paris_land,2023-03-14,precipitation,5.4
paris_land,2023-03-14,et0,1.79
paris_land,2023-03-15,temperature,6.2
paris_land,2023-03-15,precipitation,0.4
paris_land,2023-03-15,et0,1.41
paris_land,2023-03-16,temperature,9.7
paris_land,2023-03-16,precipitation,0.0
paris_land,2023-03-16,et0,2.37
paris_land,2023-03-17,temperature,11.3
paris_land,2023-03-17,precipitation,7.7
paris_land,2023-03-17,et0,1.51
paris_land,2023-03-18,temperature,11.1
paris_land,2023-03-18,precipitation,5.1
paris_land,2023-03-18,et0,1.71
paris_land,2023-03-19,temperature,8.9
paris_land,2023-03-19,precipitation,2.0
paris_land,2023-03-19,et0,1.15
paris_land,2023-03-20,temperature,7.8
paris_land,2023-03-20,precipitation,0.0
paris_land,2023-03-20,et0,1.27
paris_land,2023-03-21,temperature,10.9
paris_land,2023-03-21,precipitation,1.2
paris_land,2023-03-21,et0,1.71
paris_land,2023-03-22,temperature,10.6
paris_land,2023-03-22,precipitation,8.1
paris_land,2023-03-22,et0,1.16
paris_land,2023-03-23,temperature,12.9
paris_land,2023-03-23,precipitation,1.3
paris_land,2023-03-23,et0,2.16
paris_land,2023-03-24,temperature,12.3
paris_land,2023-03-24,precipitation,1.8
paris_land,2023-03-24,et0,2.64
paris_land,2023-03-25,temperature,10.4
paris_land,2023-03-25,precipitation,0.2
paris_land,2023-03-25,et0,2.48
paris_land,2023-03-26,temperature,9.3
paris_land,2023-03-26,precipitation,7.0
paris_land,2023-03-26,et0,1.83
paris_land,2023-03-27,temperature,6.7
paris_land,2023-03-27,precipitation,0.1
paris_land,2023-03-27,et0,2.08
paris_land,2023-03-28,temperature,6.8
paris_land,2023-03-28,precipitation,0.6
paris_land,2023-03-28,et0,1.68
paris_land,2023-03-29,temperature,13.6
paris_land,2023-03-29,precipitation,0.5
paris_land,2023-03-29,et0,3.0
paris_land,2023-03-30,temperature,13.8
paris_land,2023-03-30,precipitation,3.1
paris_land,2023-03-30,et0,2.74
paris_land,2023-03-31,temperature,11.7
paris_land,2023-03-31,precipitation,3.7
paris_land,2023-03-31,et0,2.43
paris_land,2023-04-01,temperature,10.3
paris_land,2023-04-01,precipitation,2.6
paris_land,2023-04-01,et0,2.12
paris_land,2023-04-02,temperature,8.3
paris_land,2023-04-02,precipitation,0.6
paris_land,2023-04-02,et0,1.09
paris_land,2023-04-03,temperature,7.5
paris_land,2023-04-03,precipitation,0.0
paris_land,2023-04-03,et0,2.61
paris_land,2023-04-04,temperature,5.4
paris_land,2023-04-04,precipitation,0.0
paris_land,2023-04-04,et0,2.6
paris_land,2023-04-05,temperature,6.5
paris_land,2023-04-05,precipitation,0.0
paris_land,2023-04-05,et0,2.81
paris_land,2023-04-06,temperature,9.6
paris_land,2023-04-06,precipitation,1.4
paris_land,2023-04-06,et0,1.68
paris_land,2023-04-07,temperature,9.0
paris_land,2023-04-07,precipitation,0.4
paris_land,2023-04-07,et0,2.55
paris_land,2023-04-08,temperature,8.2
paris_land,2023-04-08,precipitation,0.0
paris_land,2023-04-08,et0,2.5
paris_land,2023-04-09,temperature,9.7
paris_land,2023-04-09,precipitation,0.0
paris_land,2023-04-09,et0,2.87
paris_land,2023-04-10,temperature,11.4
paris_land,2023-04-10,precipitation,5.3
paris_land,2023-04-10,et0,1.69
paris_land,2023-04-11,temperature,10.2
paris_land,2023-04-11,precipitation,5.8
paris_land,2023-04-11,et0,1.86
paris_land,2023-04-12,temperature,10.2
paris_land,2023-04-12,precipitation,9.4
paris_land,2023-04-12,et0,2.72
paris_land,2023-04-13,temperature,8.0
paris_land,2023-04-13,precipitation,5.1
paris_land,2023-04-13,et0,2.39
paris_land,2023-04-14,temperature,6.6
paris_land,2023-04-14,precipitation,6.3
paris_land,2023-04-14,et0,0.78
paris_land,2023-04-15,temperature,8.9
paris_land,2023-04-15,precipitation,11.5
paris_land,2023-04-15,et0,1.31
paris_land,2023-04-16,temperature,8.6
paris_land,2023-04-16,precipitation,0.0
paris_land,2023-04-16,et0,2.76
paris_land,2023-04-17,temperature,8.2
paris_land,2023-04-17,precipitation,0.1
paris_land,2023-04-17,et0,1.8
paris_land,2023-04-18,temperature,10.5
paris_land,2023-04-18,precipitation,2.7
paris_land,2023-04-18,et0,2.84
paris_land,2023-04-19,temperature,12.2
paris_land,2023-04-19,precipitation,0.0
paris_land,2023-04-19,et0,3.32
paris_land,2023-04-20,temperature,9.1
paris_land,2023-04-20,precipitation,0.2
paris_land,2023-04-20,et0,2.94
paris_land,2023-04-21,temperature,7.3
paris_land,2023-04-21,precipitation,0.5
paris_land,2023-04-21,et0,2.68
paris_land,2023-04-22,temperature,10.8
paris_land,2023-04-22,precipitation,7.1
paris_land,2023-04-22,et0,1.96
paris_land,2023-04-23,temperature,11.1
paris_land,2023-04-23,precipitation,6.0
paris_land,2023-04-23,et0,1.8
paris_land,2023-04-24,temperature,10.0
paris_land,2023-04-24,precipitation,5.2
paris_land,2023-04-24,et0,2.44
paris_land,2023-04-25,temperature,8.4
paris_land,2023-04-25,precipitation,0.9
paris_land,2023-04-25,et0,1.83
paris_land,2023-04-26,temperature,8.0
paris_land,2023-04-26,precipitation,1.3
paris_land,2023-04-26,et0,1.23
paris_land,2023-04-27,temperature,12.5
paris_land,2023-04-27,precipitation,1.2
paris_land,2023-04-27,et0,2.5
paris_land,2023-04-28,temperature,16.3
paris_land,2023-04-28,precipitation,5.8
paris_land,2023-04-28,et0,2.81
paris_land,2023-04-29,temperature,12.2
paris_land,2023-04-29,precipitation,0.2
paris_land,2023-04-29,et0,2.19
paris_land,2023-04-30,temperature,12.5
paris_land,2023-04-30,precipitation,0.0
paris_land,2023-04-30,et0,2.71
paris_land,2023-05-01,temperature,12.3
paris_land,2023-05-01,precipitation,3.7
paris_land,2023-05-01,et0,2.48
paris_land,2023-05-02,temperature,12.4
paris_land,2023-05-02,precipitation,0.4
paris_land,2023-05-02,et0,3.1
paris_land,2023-05-03,temperature,13.0
paris_land,2023-05-03,precipitation,0.0
paris_land,2023-05-03,et0,4.07
paris_land,2023-05-04,temperature,16.3
paris_land,2023-05-04,precipitation,1.2
paris_land,2023-05-04,et0,3.89
paris_land,2023-05-05,temperature,14.8
paris_land,2023-05-05,precipitation,4.2
paris_land,2023-05-05,et0,2.64
paris_land,2023-05-06,temperature,15.5
paris_land,2023-05-06,precipitation,4.5
paris_land,2023-05-06,et0,2.43
paris_land,2023-05-07,temperature,15.2
paris_land,2023-05-07,precipitation,18.0
paris_land,2023-05-07,et0,2.11
paris_land,2023-05-08,temperature,14.4
paris_land,2023-05-08,precipitation,0.0
paris_land,2023-05-08,et0,2.32
paris_land,2023-05-09,temperature,13.9
paris_land,2023-05-09,precipitation,17.0
paris_land,2023-05-09,et0,1.12
paris_land,2023-05-10,temperature,12.2
paris_land,2023-05-10,precipitation,6.4
paris_land,2023-05-10,et0,2.15
paris_land,2023-05-11,temperature,12.0
paris_land,2023-05-11,precipitation,6.1
paris_land,2023-05-11,et0,2.82
paris_land,2023-05-12,temperature,11.6
paris_land,2023-05-12,precipitation,1.0
paris_land,2023-05-12,et0,2.19
paris_land,2023-05-13,temperature,14.4
paris_land,2023-05-13,precipitation,12.2
paris_land,2023-05-13,et0,3.64
paris_land,2023-05-14,temperature,13.4
paris_land,2023-05-14,precipitation,0.0
paris_land,2023-05-14,et0,3.56
paris_land,2023-05-15,temperature,11.4
paris_land,2023-05-15,precipitation,4.8
paris_land,2023-05-15,et0,1.74
paris_land,2023-05-16,temperature,10.6
paris_land,2023-05-16,precipitation,0.0
paris_land,2023-05-16,et0,3.28
paris_land,2023-05-17,temperature,11.3
paris_land,2023-05-17,precipitation,0.1
paris_land,2023-05-17,et0,3.28
paris_land,2023-05-18,temperature,11.8
paris_land,2023-05-18,precipitation,0.0
paris_land,2023-05-18,et0,3.69
paris_land,2023-05-19,temperature,13.3
paris_land,2023-05-19,precipitation,0.0
paris_land,2023-05-19,et0,4.24
paris_land,2023-05-20,temperature,15.6
paris_land,2023-05-20,precipitation,0.2
paris_land,2023-05-20,et0,3.98
paris_land,2023-05-21,temperature,16.6
paris_land,2023-05-21,precipitation,0.0
paris_land,2023-05-21,et0,4.19
paris_land,2023-05-22,temperature,16.0
paris_land,2023-05-22,precipitation,0.0
paris_land,2023-05-22,et0,3.68
paris_land,2023-05-23,temperature,14.6
paris_land,2023-05-23,precipitation,0.1
paris_land,2023-05-23,et0,3.32
paris_land,2023-05-24,temperature,13.0
paris_land,2023-05-24,precipitation,0.0
paris_land,2023-05-24,et0,4.37
paris_land,2023-05-25,temperature,15.1
paris_land,2023-05-25,precipitation,0.0
paris_land,2023-05-25,et0,4.67
paris_land,2023-05-26,temperature,15.7
paris_land,2023-05-26,precipitation,0.0
paris_land,2023-05-26,et0,4.76
paris_land,2023-05-27,temperature,17.3
paris_land,2023-05-27,precipitation,0.0
paris_land,2023-05-27,et0,4.98
paris_land,2023-05-28,temperature,18.9
paris_land,2023-05-28,precipitation,0.0
paris_land,2023-05-28,et0,5.7
paris_land,2023-05-29,temperature,18.0
paris_land,2023-05-29,precipitation,0.0
paris_land,2023-05-29,et0,5.48
paris_land,2023-05-30,temperature,16.5
paris_land,2023-05-30,precipitation,0.0
paris_land,2023-05-30,et0,5.6
paris_land,2023-05-31,temperature,18.7
paris_land,2023-05-31,precipitation,0.0
paris_land,2023-05-31,et0,5.95
paris_land,2023-06-01,temperature,20.0
paris_land,2023-06-01,precipitation,0.0
paris_land,2023-06-01,et0,6.01
paris_land,2023-06-02,temperature,15.1
paris_land,2023-06-02,precipitation,0.0
paris_land,2023-06-02,et0,4.99
paris_land,2023-06-03,temperature,17.5
paris_land,2023-06-03,precipitation,0.0
paris_land,2023-06-03,et0,5.71
paris_land,2023-06-04,temperature,19.4
paris_land,2023-06-04,precipitation,0.0
paris_land,2023-06-04,et0,6.62
paris_land,2023-06-05,temperature,19.6
paris_land,2023-06-05,precipitation,0.0
paris_land,2023-06-05,et0,6.46
paris_land,2023-06-06,temperature,19.1
paris_land,2023-06-06,precipitation,0.0
paris_land,2023-06-06,et0,5.51
paris_land,2023-06-07,temperature,20.9
paris_land,2023-06-07,precipitation,0.2
paris_land,2023-06-07,et0,6.02
paris_land,2023-06-08,temperature,21.1
paris_land,2023-06-08,precipitation,0.0
paris_land,2023-06-08,et0,5.86
paris_land,2023-06-09,temperature,23.1
paris_land,2023-06-09,precipitation,0.0
paris_land,2023-06-09,et0,6.16
paris_land,2023-06-10,temperature,22.7
paris_land,2023-06-10,precipitation,0.5
paris_land,2023-06-10,et0,4.55
paris_land,2023-06-11,temperature,21.1
paris_land,2023-06-11,precipitation,25.5
paris_land,2023-06-11,et0,3.3
paris_land,2023-06-12,temperature,21.0
paris_land,2023-06-12,precipitation,1.0
paris_land,2023-06-12,et0,4.52
paris_land,2023-06-13,temperature,22.3
paris_land,2023-06-13,precipitation,0.0
paris_land,2023-06-13,et0,6.18
paris_land,2023-06-14,temperature,21.9
paris_land,2023-06-14,precipitation,0.0
paris_land,2023-06-14,et0,6.18
paris_land,2023-06-15,temperature,21.7
paris_land,2023-06-15,precipitation,0.0
paris_land,2023-06-15,et0,5.79
paris_land,2023-06-16,temperature,22.3
paris_land,2023-06-16,precipitation,0.0
paris_land,2023-06-16,et0,5.91
paris_land,2023-06-17,temperature,23.4
paris_land,2023-06-17,precipitation,0.6
paris_land,2023-06-17,et0,5.19
paris_land,2023-06-18,temperature,23.2
paris_land,2023-06-18,precipitation,2.8
paris_land,2023-06-18,et0,4.6
paris_land,2023-06-19,temperature,20.2
paris_land,2023-06-19,precipitation,1.0
paris_land,2023-06-19,et0,3.2
paris_land,2023-06-20,temperature,21.3
paris_land,2023-06-20,precipitation,1.7
paris_land,2023-06-20,et0,3.73
paris_land,2023-06-21,temperature,21.4
paris_land,2023-06-21,precipitation,3.8
paris_land,2023-06-21,et0,4.55
paris_land,2023-06-22,temperature,19.6
paris_land,2023-06-22,precipitation,19.4
paris_land,2023-06-22,et0,2.78
paris_land,2023-06-23,temperature,20.4
paris_land,2023-06-23,precipitation,0.2
paris_land,2023-06-23,et0,5.16
paris_land,2023-06-24,temperature,21.7
paris_land,2023-06-24,precipitation,0.0
paris_land,2023-06-24,et0,5.62
paris_land,2023-06-25,temperature,24.1
paris_land,2023-06-25,precipitation,0.0
paris_land,2023-06-25,et0,6.44
paris_land,2023-06-26,temperature,19.6
paris_land,2023-06-26,precipitation,0.0
paris_land,2023-06-26,et0,5.18
paris_land,2023-06-27,temperature,19.3
paris_land,2023-06-27,precipitation,0.0
paris_land,2023-06-27,et0,4.72
paris_land,2023-06-28,temperature,20.5
paris_land,2023-06-28,precipitation,0.8
paris_land,2023-06-28,et0,3.62
paris_land,2023-06-29,temperature,21.4
paris_land,2023-06-29,precipitation,0.8
paris_land,2023-06-29,et0,4.26
paris_land,2023-06-30,temperature,19.6
paris_land,2023-06-30,precipitation,0.4
paris_land,2023-06-30,et0,5.17
paris_land,2023-07-01,temperature,19.6
paris_land,2023-07-01,precipitation,2.6
paris_land,2023-07-01,et0,3.8
paris_land,2023-07-02,temperature,18.9
paris_land,2023-07-02,precipitation,0.0
paris_land,2023-07-02,et0,5.17
paris_land,2023-07-03,temperature,19.4
paris_land,2023-07-03,precipitation,0.8
paris_land,2023-07-03,et0,4.84
paris_land,2023-07-04,temperature,17.8
paris_land,2023-07-04,precipitation,4.0
paris_land,2023-07-04,et0,3.32
paris_land,2023-07-05,temperature,17.0
paris_land,2023-07-05,precipitation,0.8
paris_land,2023-07-05,et0,4.38
paris_land,2023-07-06,temperature,18.9
paris_land,2023-07-06,precipitation,0.1
paris_land,2023-07-06,et0,4.61
paris_land,2023-07-07,temperature,22.8
paris_land,2023-07-07,precipitation,0.0
paris_land,2023-07-07,et0,6.0
paris_land,2023-07-08,temperature,26.2
paris_land,2023-07-08,precipitation,0.4
paris_land,2023-07-08,et0,6.45
paris_land,2023-07-09,temperature,23.3
paris_land,2023-07-09,precipitation,7.9
paris_land,2023-07-09,et0,4.15
paris_land,2023-07-10,temperature,23.0
paris_land,2023-07-10,precipitation,0.0
paris_land,2023-07-10,et0,6.04
paris_land,2023-07-11,temperature,24.6
paris_land,2023-07-11,precipitation,0.1
paris_land,2023-07-11,et0,6.42
paris_land,2023-07-12,temperature,21.0
paris_land,2023-07-12,precipitation,3.6
paris_land,2023-07-12,et0,5.29
paris_land,2023-07-13,temperature,20.1
paris_land,2023-07-13,precipitation,0.2
paris_land,2023-07-13,et0,4.41
paris_land,2023-07-14,temperature,22.7
paris_land,2023-07-14,precipitation,0.4
paris_land,2023-07-14,et0,6.85
paris_land,2023-07-15,temperature,22.8
paris_land,2023-07-15,precipitation,1.5
paris_land,2023-07-15,et0,5.09
paris_land,2023-07-16,temperature,20.2
paris_land,2023-07-16,precipitation,0.0
paris_land,2023-07-16,et0,5.97
paris_land,2023-07-17,temperature,19.7
paris_land,2023-07-17,precipitation,0.0
paris_land,2023-07-17,et0,4.97
paris_land,2023-07-18,temperature,21.5
paris_land,2023-07-18,precipitation,0.0
paris_land,2023-07-18,et0,5.38
paris_land,2023-07-19,temperature,20.7
paris_land,2023-07-19,precipitation,0.0
paris_land,2023-07-19,et0,5.1
paris_land,2023-07-20,temperature,19.8
paris_land,2023-07-20,precipitation,0.0
paris_land,2023-07-20,et0,4.13
paris_land,2023-07-21,temperature,19.2
paris_land,2023-07-21,precipitation,2.0
paris_land,2023-07-21,et0,4.87
paris_land,2023-07-22,temperature,19.6
paris_land,2023-07-22,precipitation,0.0
paris_land,2023-07-22,et0,5.11
paris_land,2023-07-23,temperature,19.8
paris_land,2023-07-23,precipitation,6.8
paris_land,2023-07-23,et0,3.4
paris_land,2023-07-24,temperature,19.3
paris_land,2023-07-24,precipitation,14.1
paris_land,2023-07-24,et0,3.84
paris_land,2023-07-25,temperature,16.8
paris_land,2023-07-25,precipitation,15.6
paris_land,2023-07-25,et0,3.04
paris_land,2023-07-26,temperature,17.5
paris_land,2023-07-26,precipitation,0.2
paris_land,2023-07-26,et0,4.14
paris_land,2023-07-27,temperature,19.2
paris_land,2023-07-27,precipitation,17.1
paris_land,2023-07-27,et0,2.33
paris_land,2023-07-28,temperature,20.0
paris_land,2023-07-28,precipitation,7.9
paris_land,2023-07-28,et0,2.21
paris_land,2023-07-29,temperature,19.7
paris_land,2023-07-29,precipitation,5.9
paris_land,2023-07-29,et0,2.8
paris_land,2023-07-30,temperature,18.6
paris_land,2023-07-30,precipitation,0.1
paris_land,2023-07-30,et0,3.8
paris_land,2023-07-31,temperature,19.1
paris_land,2023-07-31,precipitation,8.0
paris_land,2023-07-31,et0,2.8
paris_land,2023-08-01,temperature,18.5
paris_land,2023-08-01,precipitation,2.4
paris_land,2023-08-01,et0,3.54
paris_land,2023-08-02,temperature,19.4
paris_land,2023-08-02,precipitation,23.4
paris_land,2023-08-02,et0,3.73
paris_land,2023-08-03,temperature,16.9
paris_land,2023-08-03,precipitation,5.5
paris_land,2023-08-03,et0,2.16
paris_land,2023-08-04,temperature,17.1
paris_land,2023-08-04,precipitation,3.4
paris_land,2023-08-04,et0,3.23
paris_land,2023-08-05,temperature,15.8
paris_land,2023-08-05,precipitation,6.4
paris_land,2023-08-05,et0,2.37
paris_land,2023-08-06,temperature,15.9
paris_land,2023-08-06,precipitation,1.6
paris_land,2023-08-06,et0,3.83
paris_land,2023-08-07,temperature,16.5
paris_land,2023-08-07,precipitation,0.3
paris_land,2023-08-07,et0,3.76
paris_land,2023-08-08,temperature,18.4
paris_land,2023-08-08,precipitation,0.6
paris_land,2023-08-08,et0,3.27
paris_land,2023-08-09,temperature,19.2
paris_land,2023-08-09,precipitation,0.0
paris_land,2023-08-09,et0,2.65
paris_land,2023-08-10,temperature,20.0
paris_land,2023-08-10,precipitation,0.0
paris_land,2023-08-10,et0,3.76
paris_land,2023-08-11,temperature,21.5
paris_land,2023-08-11,precipitation,3.3
paris_land,2023-08-11,et0,3.71
paris_land,2023-08-12,temperature,21.2
paris_land,2023-08-12,precipitation,4.5
paris_land,2023-08-12,et0,3.52
paris_land,2023-08-13,temperature,19.3
paris_land,2023-08-13,precipitation,0.0
paris_land,2023-08-13,et0,3.44
paris_land,2023-08-14,temperature,20.3
paris_land,2023-08-14,precipitation,2.1
paris_land,2023-08-14,et0,3.64
paris_land,2023-08-15,temperature,20.2
paris_land,2023-08-15,precipitation,0.7
paris_land,2023-08-15,et0,3.45
paris_land,2023-08-16,temperature,20.5
paris_land,2023-08-16,precipitation,0.1
paris_land,2023-08-16,et0,3.97
paris_land,2023-08-17,temperature,21.9
paris_land,2023-08-17,precipitation,0.8
paris_land,2023-08-17,et0,4.26
paris_land,2023-08-18,temperature,23.6
paris_land,2023-08-18,precipitation,0.3
paris_land,2023-08-18,et0,3.51
paris_land,2023-08-19,temperature,23.6
paris_land,2023-08-19,precipitation,7.0
paris_land,2023-08-19,et0,3.13
paris_land,2023-08-20,temperature,22.9
paris_land,2023-08-20,precipitation,0.4
paris_land,2023-08-20,et0,4.33
paris_land,2023-08-21,temperature,21.5
paris_land,2023-08-21,precipitation,0.0
paris_land,2023-08-21,et0,4.37
paris_land,2023-08-22,temperature,22.8
paris_land,2023-08-22,precipitation,0.0
paris_land,2023-08-22,et0,4.32
paris_land,2023-08-23,temperature,24.0
paris_land,2023-08-23,precipitation,0.0
paris_land,2023-08-23,et0,4.56
paris_land,2023-08-24,temperature,22.5
paris_land,2023-08-24,precipitation,18.1
paris_land,2023-08-24,et0,1.68
paris_land,2023-08-25,temperature,20.2
paris_land,2023-08-25,precipitation,23.2
paris_land,2023-08-25,et0,1.98
paris_land,2023-08-26,temperature,17.4
paris_land,2023-08-26,precipitation,0.8
paris_land,2023-08-26,et0,3.21
paris_land,2023-08-27,temperature,16.1
paris_land,2023-08-27,precipitation,1.1
paris_land,2023-08-27,et0,3.25
paris_land,2023-08-28,temperature,16.3
paris_land,2023-08-28,precipitation,1.7
paris_land,2023-08-28,et0,2.54
paris_land,2023-08-29,temperature,15.9
paris_land,2023-08-29,precipitation,1.0
paris_land,2023-08-29,et0,2.94
paris_land,2023-08-30,temperature,16.2
paris_land,2023-08-30,precipitation,2.6
paris_land,2023-08-30,et0,2.93
paris_land,2023-08-31,temperature,15.5
paris_land,2023-08-31,precipitation,16.2
paris_land,2023-08-31,et0,1.21
paris_land,2023-09-01,temperature,19.0
paris_land,2023-09-01,precipitation,3.2
paris_land,2023-09-01,et0,2.41
paris_land,2023-09-02,temperature,21.1
paris_land,2023-09-02,precipitation,1.6
paris_land,2023-09-02,et0,3.69
paris_land,2023-09-03,temperature,22.9
paris_land,2023-09-03,precipitation,0.0
paris_land,2023-09-03,et0,4.2
paris_land,2023-09-04,temperature,22.6
paris_land,2023-09-04,precipitation,0.0
paris_land,2023-09-04,et0,4.43
paris_land,2023-09-05,temperature,24.6
paris_land,2023-09-05,precipitation,0.0
paris_land,2023-09-05,et0,4.36
paris_land,2023-09-06,temperature,24.4
paris_land,2023-09-06,precipitation,0.0
paris_land,2023-09-06,et0,4.27
paris_land,2023-09-07,temperature,22.7
paris_land,2023-09-07,precipitation,0.0
paris_land,2023-09-07,et0,3.97
paris_land,2023-09-08,temperature,25.5
paris_land,2023-09-08,precipitation,0.0
paris_land,2023-09-08,et0,4.44
paris_land,2023-09-09,temperature,25.8
paris_land,2023-09-09,precipitation,0.0
paris_land,2023-09-09,et0,4.7
paris_land,2023-09-10,temperature,26.3
paris_land,2023-09-10,precipitation,0.0
paris_land,2023-09-10,et0,5.06
paris_land,2023-09-11,temperature,22.4
paris_land,2023-09-11,precipitation,0.9
paris_land,2023-09-11,et0,2.94
paris_land,2023-09-12,temperature,18.7
paris_land,2023-09-12,precipitation,20.8
paris_land,2023-09-12,et0,1.03
paris_land,2023-09-13,temperature,18.6
paris_land,2023-09-13,precipitation,1.2
paris_land,2023-09-13,et0,2.44
paris_land,2023-09-14,temperature,18.6
paris_land,2023-09-14,precipitation,0.1
paris_land,2023-09-14,et0,2.73
paris_land,2023-09-15,temperature,19.1
paris_land,2023-09-15,precipitation,0.0
paris_land,2023-09-15,et0,3.25
paris_land,2023-09-16,temperature,19.1
paris_land,2023-09-16,precipitation,0.0
paris_land,2023-09-16,et0,2.4
paris_land,2023-09-17,temperature,19.9
paris_land,2023-09-17,precipitation,6.2
paris_land,2023-09-17,et0,2.0
paris_land,2023-09-18,temperature,18.8
paris_land,2023-09-18,precipitation,10.1
paris_land,2023-09-18,et0,2.49
paris_land,2023-09-19,temperature,16.9
paris_land,2023-09-19,precipitation,0.0
paris_land,2023-09-19,et0,2.56
paris_land,2023-09-20,temperature,19.8
paris_land,2023-09-20,precipitation,0.0
paris_land,2023-09-20,et0,3.27
paris_land,2023-09-21,temperature,17.1
paris_land,2023-09-21,precipitation,18.1
paris_land,2023-09-21,et0,1.42
paris_land,2023-09-22,temperature,13.2
paris_land,2023-09-22,precipitation,8.3
paris_land,2023-09-22,et0,1.72
paris_land,2023-09-23,temperature,13.3
paris_land,2023-09-23,precipitation,0.2
paris_land,2023-09-23,et0,2.18
paris_land,2023-09-24,temperature,13.5
paris_land,2023-09-24,precipitation,0.0
paris_land,2023-09-24,et0,2.73
paris_land,2023-09-25,temperature,15.9
paris_land,2023-09-25,precipitation,0.0
paris_land,2023-09-25,et0,2.46
paris_land,2023-09-26,temperature,17.5
paris_land,2023-09-26,precipitation,0.0
paris_land,2023-09-26,et0,2.1
paris_land,2023-09-27,temperature,18.6
paris_land,2023-09-27,precipitation,0.0
paris_land,2023-09-27,et0,2.54
paris_land,2023-09-28,temperature,18.8
paris_land,2023-09-28,precipitation,0.0
paris_land,2023-09-28,et0,2.65
paris_land,2023-09-29,temperature,18.7
paris_land,2023-09-29,precipitation,0.1
paris_land,2023-09-29,et0,2.52
paris_land,2023-09-30,temperature,15.1
paris_land,2023-09-30,precipitation,0.0
paris_land,2023-09-30,et0,2.1
paris_land,2023-10-01,temperature,17.8
paris_land,2023-10-01,precipitation,0.0
paris_land,2023-10-01,et0,2.7
paris_land,2023-10-02,temperature,19.3
paris_land,2023-10-02,precipitation,0.0
paris_land,2023-10-02,et0,2.92
paris_land,2023-10-03,temperature,18.0
paris_land,2023-10-03,precipitation,6.6
paris_land,2023-10-03,et0,2.34
paris_land,2023-10-04,temperature,13.7
paris_land,2023-10-04,precipitation,0.0
paris_land,2023-10-04,et0,1.86
paris_land,2023-10-05,temperature,13.6
paris_land,2023-10-05,precipitation,0.0
paris_land,2023-10-05,et0,1.95
paris_land,2023-10-06,temperature,13.9
paris_land,2023-10-06,precipitation,0.0
paris_land,2023-10-06,et0,2.25
paris_land,2023-10-07,temperature,15.7
paris_land,2023-10-07,precipitation,0.0
paris_land,2023-10-07,et0,2.35
paris_land,2023-10-08,temperature,17.3
paris_land,2023-10-08,precipitation,0.0
paris_land,2023-10-08,et0,2.52
paris_land,2023-10-09,temperature,16.7
paris_land,2023-10-09,precipitation,0.0
paris_land,2023-10-09,et0,2.22
paris_land,2023-10-10,temperature,17.8
paris_land,2023-10-10,precipitation,0.0
paris_land,2023-10-10,et0,2.93
paris_land,2023-10-11,temperature,18.5
paris_land,2023-10-11,precipitation,0.0
paris_land,2023-10-11,et0,3.15
paris_land,2023-10-12,temperature,19.0
paris_land,2023-10-12,precipitation,5.0
paris_land,2023-10-12,et0,1.89
paris_land,2023-10-13,temperature,20.6
paris_land,2023-10-13,precipitation,0.0
paris_land,2023-10-13,et0,3.26
paris_land,2023-10-14,temperature,13.8
paris_land,2023-10-14,precipitation,1.1
paris_land,2023-10-14,et0,1.74
paris_land,2023-10-15,temperature,10.1
paris_land,2023-10-15,precipitation,0.1
paris_land,2023-10-15,et0,1.8
paris_land,2023-10-16,temperature,8.2
paris_land,2023-10-16,precipitation,0.0
paris_land,2023-10-16,et0,1.82
paris_land,2023-10-17,temperature,10.5
paris_land,2023-10-17,precipitation,0.0
paris_land,2023-10-17,et0,1.68
paris_land,2023-10-18,temperature,15.2
paris_land,2023-10-18,precipitation,7.8
paris_land,2023-10-18,et0,0.93
paris_land,2023-10-19,temperature,16.9
paris_land,2023-10-19,precipitation,5.8
paris_land,2023-10-19,et0,1.55
paris_land,2023-10-20,temperature,14.8
paris_land,2023-10-20,precipitation,12.4
paris_land,2023-10-20,et0,1.01
paris_land,2023-10-21,temperature,12.9
paris_land,2023-10-21,precipitation,7.0
paris_land,2023-10-21,et0,1.47
paris_land,2023-10-22,temperature,12.7
paris_land,2023-10-22,precipitation,2.7
paris_land,2023-10-22,et0,1.55
paris_land,2023-10-23,temperature,10.1
paris_land,2023-10-23,precipitation,5.7
paris_land,2023-10-23,et0,0.48
paris_land,2023-10-24,temperature,12.5
paris_land,2023-10-24,precipitation,2.1
paris_land,2023-10-24,et0,1.36
paris_land,2023-10-25,temperature,12.8
paris_land,2023-10-25,precipitation,12.6
paris_land,2023-10-25,et0,0.87
paris_land,2023-10-26,temperature,13.1
paris_land,2023-10-26,precipitation,15.0
paris_land,2023-10-26,et0,0.88
paris_land,2023-10-27,temperature,12.1
paris_land,2023-10-27,precipitation,5.4
paris_land,2023-10-27,et0,1.06
paris_land,2023-10-28,temperature,12.3
paris_land,2023-10-28,precipitation,8.6
paris_land,2023-10-28,et0,1.0
paris_land,2023-10-29,temperature,13.5
paris_land,2023-10-29,precipitation,2.5
paris_land,2023-10-29,et0,1.53
paris_land,2023-10-30,temperature,11.6
paris_land,2023-10-30,precipitation,8.6
paris_land,2023-10-30,et0,0.44
paris_land,2023-10-31,temperature,11.2
paris_land,2023-10-31,precipitation,0.3
paris_land,2023-10-31,et0,1.06
paris_land,2023-11-01,temperature,12.1
paris_land,2023-11-01,precipitation,2.2
paris_land,2023-11-01,et0,1.0
paris_land,2023-11-02,temperature,11.7
paris_land,2023-11-02,precipitation,3.5
paris_land,2023-11-02,et0,2.33
paris_land,2023-11-03,temperature,8.0
paris_land,2023-11-03,precipitation,0.3
paris_land,2023-11-03,et0,1.0
paris_land,2023-11-04,temperature,10.2
paris_land,2023-11-04,precipitation,12.3
paris_land,2023-11-04,et0,1.11
paris_land,2023-11-05,temperature,11.3
paris_land,2023-11-05,precipitation,1.8
paris_land,2023-11-05,et0,1.61
paris_land,2023-11-06,temperature,9.9
paris_land,2023-11-06,precipitation,1.1
paris_land,2023-11-06,et0,1.22
paris_land,2023-11-07,temperature,9.1
paris_land,2023-11-07,precipitation,0.9
paris_land,2023-11-07,et0,1.13
paris_land,2023-11-08,temperature,9.1
paris_land,2023-11-08,precipitation,4.0
paris_land,2023-11-08,et0,0.81
paris_land,2023-11-09,temperature,10.2
paris_land,2023-11-09,precipitation,9.3
paris_land,2023-11-09,et0,0.96
paris_land,2023-11-10,temperature,8.4
paris_land,2023-11-10,precipitation,0.4
paris_land,2023-11-10,et0,1.07
paris_land,2023-11-11,temperature,7.5
paris_land,2023-11-11,precipitation,0.5
paris_land,2023-11-11,et0,0.82
paris_land,2023-11-12,temperature,9.2
paris_land,2023-11-12,precipitation,10.0
paris_land,2023-11-12,et0,0.45
paris_land,2023-11-13,temperature,14.3
paris_land,2023-11-13,precipitation,8.3
paris_land,2023-11-13,et0,0.75
paris_land,2023-11-14,temperature,11.7
paris_land,2023-11-14,precipitation,2.0
paris_land,2023-11-14,et0,0.95
paris_land,2023-11-15,temperature,10.3
paris_land,2023-11-15,precipitation,1.4
paris_land,2023-11-15,et0,0.83
paris_land,2023-11-16,temperature,8.6
paris_land,2023-11-16,precipitation,15.2
paris_land,2023-11-16,et0,0.33
paris_land,2023-11-17,temperature,8.0
paris_land,2023-11-17,precipitation,1.4
paris_land,2023-11-17,et0,0.7
paris_land,2023-11-18,temperature,10.4
paris_land,2023-11-18,precipitation,13.7
paris_land,2023-11-18,et0,0.35
paris_land,2023-11-19,temperature,13.4
paris_land,2023-11-19,precipitation,1.6
paris_land,2023-11-19,et0,1.18
paris_land,2023-11-20,temperature,10.7
paris_land,2023-11-20,precipitation,7.8
paris_land,2023-11-20,et0,0.99
paris_land,2023-11-21,temperature,9.6
paris_land,2023-11-21,precipitation,0.6
paris_land,2023-11-21,et0,0.48
paris_land,2023-11-22,temperature,7.0
paris_land,2023-11-22,precipitation,0.0
paris_land,2023-11-22,et0,0.67
paris_land,2023-11-23,temperature,10.2
paris_land,2023-11-23,precipitation,0.0
paris_land,2023-11-23,et0,0.53
paris_land,2023-11-24,temperature,9.1
paris_land,2023-11-24,precipitation,0.5
paris_land,2023-11-24,et0,0.92
paris_land,2023-11-25,temperature,4.2
paris_land,2023-11-25,precipitation,0.0
paris_land,2023-11-25,et0,0.76
paris_land,2023-11-26,temperature,3.2
paris_land,2023-11-26,precipitation,0.0
paris_land,2023-11-26,et0,0.56
paris_land,2023-11-27,temperature,6.2
paris_land,2023-11-27,precipitation,6.2
paris_land,2023-11-27,et0,0.42
paris_land,2023-11-28,temperature,5.1
paris_land,2023-11-28,precipitation,0.2
paris_land,2023-11-28,et0,0.59
paris_land,2023-11-29,temperature,3.9
paris_land,2023-11-29,precipitation,0.0
paris_land,2023-11-29,et0,0.53
paris_land,2023-11-30,temperature,2.8
paris_land,2023-11-30,precipitation,1.1
paris_land,2023-11-30,et0,0.42
paris_land,2023-12-01,temperature,2.1
paris_land,2023-12-01,precipitation,0.0
paris_land,2023-12-01,et0,0.39
paris_land,2023-12-02,temperature,-0.8
paris_land,2023-12-02,precipitation,0.0
paris_land,2023-12-02,et0,0.51
paris_land,2023-12-03,temperature,0.6
paris_land,2023-12-03,precipitation,0.1
paris_land,2023-12-03,et0,0.78
paris_land,2023-12-04,temperature,5.6
paris_land,2023-12-04,precipitation,14.1
paris_land,2023-12-04,et0,0.89
paris_land,2023-12-05,temperature,6.9
paris_land,2023-12-05,precipitation,9.3
paris_land,2023-12-05,et0,0.41
paris_land,2023-12-06,temperature,4.8
paris_land,2023-12-06,precipitation,0.1
paris_land,2023-12-06,et0,0.43
paris_land,2023-12-07,temperature,4.1
paris_land,2023-12-07,precipitation,5.2
paris_land,2023-12-07,et0,0.4
paris_land,2023-12-08,temperature,7.0
paris_land,2023-12-08,precipitation,5.8
paris_land,2023-12-08,et0,0.28
paris_land,2023-12-09,temperature,9.3
paris_land,2023-12-09,precipitation,25.3
paris_land,2023-12-09,et0,0.49
paris_land,2023-12-10,temperature,10.0
paris_land,2023-12-10,precipitation,1.8
paris_land,2023-12-10,et0,0.88
paris_land,2023-12-11,temperature,10.6
paris_land,2023-12-11,precipitation,0.0
paris_land,2023-12-11,et0,0.67
paris_land,2023-12-12,temperature,10.5
paris_land,2023-12-12,precipitation,6.4
paris_land,2023-12-12,et0,0.49
paris_land,2023-12-13,temperature,8.0
paris_land,2023-12-13,precipitation,2.1
paris_land,2023-12-13,et0,0.36
paris_land,2023-12-14,temperature,7.3
paris_land,2023-12-14,precipitation,0.3
paris_land,2023-12-14,et0,0.54
paris_land,2023-12-15,temperature,7.2
paris_land,2023-12-15,precipitation,0.8
paris_land,2023-12-15,et0,0.23
paris_land,2023-12-16,temperature,5.0
paris_land,2023-12-16,precipitation,0.0
paris_land,2023-12-16,et0,0.49
paris_land,2023-12-17,temperature,2.8
paris_land,2023-12-17,precipitation,0.0
paris_land,2023-12-17,et0,0.32
paris_land,2023-12-18,temperature,1.9
paris_land,2023-12-18,precipitation,0.0
paris_land,2023-12-18,et0,0.23
paris_land,2023-12-19,temperature,6.6
paris_land,2023-12-19,precipitation,2.9
paris_land,2023-12-19,et0,0.39
paris_land,2023-12-20,temperature,7.7
paris_land,2023-12-20,precipitation,0.3
paris_land,2023-12-20,et0,0.56
paris_land,2023-12-21,temperature,10.5
paris_land,2023-12-21,precipitation,0.8
paris_land,2023-12-21,et0,0.77
paris_land,2023-12-22,temperature,10.0
paris_land,2023-12-22,precipitation,1.1
paris_land,2023-12-22,et0,1.04
paris_land,2023-12-23,temperature,9.6
paris_land,2023-12-23,precipitation,0.4
paris_land,2023-12-23,et0,0.88
paris_land,2023-12-24,temperature,10.0
paris_land,2023-12-24,precipitation,0.2
paris_land,2023-12-24,et0,0.88
paris_land,2023-12-25,temperature,11.2
paris_land,2023-12-25,precipitation,0.0
paris_land,2023-12-25,et0,0.88
paris_land,2023-12-26,temperature,10.5
paris_land,2023-12-26,precipitation,0.4
paris_land,2023-12-26,et0,0.68
paris_land,2023-12-27,temperature,9.0
paris_land,2023-12-27,precipitation,2.0
paris_land,2023-12-27,et0,0.94
paris_land,2023-12-28,temperature,10.2
paris_land,2023-12-28,precipitation,0.2
paris_land,2023-12-28,et0,0.71
paris_land,2023-12-29,temperature,9.8
paris_land,2023-12-29,precipitation,1.3
paris_land,2023-12-29,et0,0.73
paris_land,2023-12-30,temperature,9.3
paris_land,2023-12-30,precipitation,0.1
paris_land,2023-12-30,et0,0.5
paris_land,2023-12-31,temperature,9.0
paris_land,2023-12-31,precipitation,1.8
paris_land,2023-12-31,et0,1.37
paris_land,2024-01-01,temperature,7.6
paris_land,2024-01-01,precipitation,2.1
paris_land,2024-01-01,et0,0.99
paris_land,2024-01-02,temperature,10.8
paris_land,2024-01-02,precipitation,14.0
paris_land,2024-01-02,et0,0.62
paris_land,2024-01-03,temperature,9.8
paris_land,2024-01-03,precipitation,2.1
paris_land,2024-01-03,et0,0.88
paris_land,2024-01-04,temperature,8.8
paris_land,2024-01-04,precipitation,1.3
paris_land,2024-01-04,et0,0.85
paris_land,2024-01-05,temperature,6.9
paris_land,2024-01-05,precipitation,0.0
paris_land,2024-01-05,et0,0.71
paris_land,2024-01-06,temperature,4.8
paris_land,2024-01-06,precipitation,1.6
paris_land,2024-01-06,et0,0.54
paris_land,2024-01-07,temperature,3.0
paris_land,2024-01-07,precipitation,0.1
paris_land,2024-01-07,et0,0.45
paris_land,2024-01-08,temperature,-1.8
paris_land,2024-01-08,precipitation,0.3
paris_land,2024-01-08,et0,0.71
paris_land,2024-01-09,temperature,-2.1
paris_land,2024-01-09,precipitation,1.4
paris_land,2024-01-09,et0,0.62
paris_land,2024-01-10,temperature,-2.3
paris_land,2024-01-10,precipitation,0.0
paris_land,2024-01-10,et0,0.49
paris_land,2024-01-11,temperature,-1.5
paris_land,2024-01-11,precipitation,0.0
paris_land,2024-01-11,et0,0.69
paris_land,2024-01-12,temperature,1.2
paris_land,2024-01-12,precipitation,0.0
paris_land,2024-01-12,et0,0.39
paris_land,2024-01-13,temperature,-0.8
paris_land,2024-01-13,precipitation,0.0
paris_land,2024-01-13,et0,0.23
paris_land,2024-01-14,temperature,-1.7
paris_land,2024-01-14,precipitation,0.0
paris_land,2024-01-14,et0,0.33
paris_land,2024-01-15,temperature,1.1
paris_land,2024-01-15,precipitation,0.4
paris_land,2024-01-15,et0,0.64
paris_land,2024-01-16,temperature,-1.4
paris_land,2024-01-16,precipitation,0.0
paris_land,2024-01-16,et0,0.55
paris_land,2024-01-17,temperature,1.1
paris_land,2024-01-17,precipitation,26.7
paris_land,2024-01-17,et0,0.17
paris_land,2024-01-18,temperature,-0.1
paris_land,2024-01-18,precipitation,7.2
paris_land,2024-01-18,et0,0.47
paris_land,2024-01-19,temperature,-1.6
paris_land,2024-01-19,precipitation,0.0
paris_land,2024-01-19,et0,0.52
paris_land,2024-01-20,temperature,-2.5
paris_land,2024-01-20,precipitation,0.0
paris_land,2024-01-20,et0,0.47
paris_land,2024-01-21,temperature,3.6
paris_land,2024-01-21,precipitation,0.1
paris_land,2024-01-21,et0,0.89
paris_land,2024-01-22,temperature,10.0
paris_land,2024-01-22,precipitation,6.2
paris_land,2024-01-22,et0,1.13
paris_land,2024-01-23,temperature,8.8
paris_land,2024-01-23,precipitation,0.5
paris_land,2024-01-23,et0,0.61
paris_land,2024-01-24,temperature,12.3
paris_land,2024-01-24,precipitation,0.5
paris_land,2024-01-24,et0,1.05
paris_land,2024-01-25,temperature,10.9
paris_land,2024-01-25,precipitation,1.1
paris_land,2024-01-25,et0,0.51
paris_land,2024-01-26,temperature,9.2
paris_land,2024-01-26,precipitation,1.0
paris_land,2024-01-26,et0,0.82
paris_land,2024-01-27,temperature,2.5
paris_land,2024-01-27,precipitation,0.0
paris_land,2024-01-27,et0,0.59
paris_land,2024-01-28,temperature,3.8
paris_land,2024-01-28,precipitation,0.0
paris_land,2024-01-28,et0,0.61
paris_land,2024-01-29,temperature,8.1
paris_land,2024-01-29,precipitation,0.0
paris_land,2024-01-29,et0,0.76
paris_land,2024-01-30,temperature,9.6
paris_land,2024-01-30,precipitation,0.0
paris_land,2024-01-30,et0,0.45
paris_land,2024-01-31,temperature,6.8
paris_land,2024-01-31,precipitation,0.0
paris_land,2024-01-31,et0,0.68
paris_land,2024-02-01,temperature,9.3
paris_land,2024-02-01,precipitation,1.1
paris_land,2024-02-01,et0,0.46
paris_land,2024-02-02,temperature,6.1
paris_land,2024-02-02,precipitation,0.0
paris_land,2024-02-02,et0,0.51
paris_land,2024-02-03,temperature,9.4
paris_land,2024-02-03,precipitation,0.0
paris_land,2024-02-03,et0,0.56
paris_land,2024-02-04,temperature,9.7
paris_land,2024-02-04,precipitation,0.0
paris_land,2024-02-04,et0,0.86
paris_land,2024-02-05,temperature,8.0
paris_land,2024-02-05,precipitation,0.0
paris_land,2024-02-05,et0,0.72
paris_land,2024-02-06,temperature,9.6
paris_land,2024-02-06,precipitation,0.0
paris_land,2024-02-06,et0,1.22
paris_land,2024-02-07,temperature,11.1
paris_land,2024-02-07,precipitation,5.9
paris_land,2024-02-07,et0,0.63
paris_land,2024-02-08,temperature,11.9
paris_land,2024-02-08,precipitation,7.4
paris_land,2024-02-08,et0,0.69
paris_land,2024-02-09,temperature,11.3
paris_land,2024-02-09,precipitation,3.4
paris_land,2024-02-09,et0,1.2
paris_land,2024-02-10,temperature,7.8
paris_land,2024-02-10,precipitation,7.4
paris_land,2024-02-10,et0,0.36
paris_land,2024-02-11,temperature,8.1
paris_land,2024-02-11,precipitation,1.1
paris_land,2024-02-11,et0,0.81
paris_land,2024-02-12,temperature,6.2
paris_land,2024-02-12,precipitation,0.8
paris_land,2024-02-12,et0,0.8
paris_land,2024-02-13,temperature,6.3
paris_land,2024-02-13,precipitation,1.9
paris_land,2024-02-13,et0,1.03
paris_land,2024-02-14,temperature,11.3
paris_land,2024-02-14,precipitation,0.5
paris_land,2024-02-14,et0,0.75
paris_land,2024-02-15,temperature,12.2
paris_land,2024-02-15,precipitation,3.6
paris_land,2024-02-15,et0,1.33
paris_land,2024-02-16,temperature,12.0
paris_land,2024-02-16,precipitation,4.4
paris_land,2024-02-16,et0,0.72
paris_land,2024-02-17,temperature,9.8
paris_land,2024-02-17,precipitation,0.0
paris_land,2024-02-17,et0,1.2
paris_land,2024-02-18,temperature,8.8
paris_land,2024-02-18,precipitation,6.2
paris_land,2024-02-18,et0,0.55
paris_land,2024-02-19,temperature,10.4
paris_land,2024-02-19,precipitation,0.6
paris_land,2024-02-19,et0,0.79
paris_land,2024-02-20,temperature,8.3
paris_land,2024-02-20,precipitation,0.0
paris_land,2024-02-20,et0,0.84
paris_land,2024-02-21,temperature,8.4
paris_land,2024-02-21,precipitation,10.8
paris_land,2024-02-21,et0,0.63
paris_land,2024-02-22,temperature,11.1
paris_land,2024-02-22,precipitation,15.6
paris_land,2024-02-22,et0,0.97
paris_land,2024-02-23,temperature,5.8
paris_land,2024-02-23,precipitation,2.2
paris_land,2024-02-23,et0,1.31
paris_land,2024-02-24,temperature,4.9
paris_land,2024-02-24,precipitation,3.6
paris_land,2024-02-24,et0,1.08
paris_land,2024-02-25,temperature,5.9
paris_land,2024-02-25,precipitation,9.4
paris_land,2024-02-25,et0,0.49
paris_land,2024-02-26,temperature,6.8
paris_land,2024-02-26,precipitation,8.5
paris_land,2024-02-26,et0,0.44
paris_land,2024-02-27,temperature,6.2
paris_land,2024-02-27,precipitation,0.0
paris_land,2024-02-27,et0,1.15
paris_land,2024-02-28,temperature,5.8
paris_land,2024-02-28,precipitation,0.0
paris_land,2024-02-28,et0,1.1
paris_land,2024-02-29,temperature,9.2
paris_land,2024-02-29,precipitation,1.4
paris_land,2024-02-29,et0,0.49
paris_land,2024-03-01,temperature,7.2
paris_land,2024-03-01,precipitation,5.2
paris_land,2024-03-01,et0,0.95
paris_land,2024-03-02,temperature,6.4
paris_land,2024-03-02,precipitation,11.2
paris_land,2024-03-02,et0,0.53
paris_land,2024-03-03,temperature,5.8
paris_land,2024-03-03,precipitation,3.2
paris_land,2024-03-03,et0,0.86
paris_land,2024-03-04,temperature,5.3
paris_land,2024-03-04,precipitation,0.6
paris_land,2024-03-04,et0,1.69
paris_land,2024-03-05,temperature,6.8
paris_land,2024-03-05,precipitation,7.5
paris_land,2024-03-05,et0,1.11
paris_land,2024-03-06,temperature,6.2
paris_land,2024-03-06,precipitation,3.2
paris_land,2024-03-06,et0,1.03
paris_land,2024-03-07,temperature,6.2
paris_land,2024-03-07,precipitation,0.0
paris_land,2024-03-07,et0,1.72
paris_land,2024-03-08,temperature,8.0
paris_land,2024-03-08,precipitation,0.0
paris_land,2024-03-08,et0,2.01
paris_land,2024-03-09,temperature,9.0
paris_land,2024-03-09,precipitation,4.6
paris_land,2024-03-09,et0,1.56
paris_land,2024-03-10,temperature,7.7
paris_land,2024-03-10,precipitation,3.0
paris_land,2024-03-10,et0,0.79
paris_land,2024-03-11,temperature,7.4
paris_land,2024-03-11,precipitation,1.6
paris_land,2024-03-11,et0,1.36
paris_land,2024-03-12,temperature,8.7
paris_land,2024-03-12,precipitation,5.2
paris_land,2024-03-12,et0,0.52
paris_land,2024-03-13,temperature,11.3
paris_land,2024-03-13,precipitation,0.0
paris_land,2024-03-13,et0,1.36
paris_land,2024-03-14,temperature,10.8
paris_land,2024-03-14,precipitation,0.0
paris_land,2024-03-14,et0,2.02
paris_land,2024-03-15,temperature,12.9
paris_land,2024-03-15,precipitation,6.9
paris_land,2024-03-15,et0,1.77
paris_land,2024-03-16,temperature,11.6
paris_land,2024-03-16,precipitation,0.7
paris_land,2024-03-16,et0,1.9
paris_land,2024-03-17,temperature,11.2
paris_land,2024-03-17,precipitation,4.6
paris_land,2024-03-17,et0,0.77
paris_land,2024-03-18,temperature,12.6
paris_land,2024-03-18,precipitation,3.4
paris_land,2024-03-18,et0,1.76
paris_land,2024-03-19,temperature,11.4
paris_land,2024-03-19,precipitation,0.0
paris_land,2024-03-19,et0,2.23
paris_land,2024-03-20,temperature,12.1
paris_land,2024-03-20,precipitation,0.0
paris_land,2024-03-20,et0,2.2
paris_land,2024-03-21,temperature,12.3
paris_land,2024-03-21,precipitation,0.0
paris_land,2024-03-21,et0,2.48
paris_land,2024-03-22,temperature,11.2
paris_land,2024-03-22,precipitation,0.1
paris_land,2024-03-22,et0,2.19
paris_land,2024-03-23,temperature,7.5
paris_land,2024-03-23,precipitation,8.3
paris_land,2024-03-23,et0,1.82
paris_land,2024-03-24,temperature,6.8
paris_land,2024-03-24,precipitation,0.8
paris_land,2024-03-24,et0,2.0
paris_land,2024-03-25,temperature,7.2
paris_land,2024-03-25,precipitation,0.0
paris_land,2024-03-25,et0,2.21
paris_land,2024-03-26,temperature,9.3
paris_land,2024-03-26,precipitation,8.0
paris_land,2024-03-26,et0,1.04
paris_land,2024-03-27,temperature,7.9
paris_land,2024-03-27,precipitation,1.3
paris_land,2024-03-27,et0,1.7
paris_land,2024-03-28,temperature,8.8
paris_land,2024-03-28,precipitation,3.5
paris_land,2024-03-28,et0,2.47
paris_land,2024-03-29,temperature,10.3
paris_land,2024-03-29,precipitation,8.2
paris_land,2024-03-29,et0,1.56
paris_land,2024-03-30,temperature,8.8
paris_land,2024-03-30,precipitation,11.7
paris_land,2024-03-30,et0,1.35
paris_land,2024-03-31,temperature,9.6
paris_land,2024-03-31,precipitation,2.4
paris_land,2024-03-31,et0,1.73
paris_land,2024-04-01,temperature,9.6
paris_land,2024-04-01,precipitation,1.7
paris_land,2024-04-01,et0,1.91
paris_land,2024-04-02,temperature,10.4
paris_land,2024-04-02,precipitation,0.5
paris_land,2024-04-02,et0,2.07
paris_land,2024-04-03,temperature,12.4
paris_land,2024-04-03,precipitation,7.2
paris_land,2024-04-03,et0,2.25
paris_land,2024-04-04,temperature,14.1
paris_land,2024-04-04,precipitation,10.8
paris_land,2024-04-04,et0,2.65
paris_land,2024-04-05,temperature,14.8
paris_land,2024-04-05,precipitation,4.2
paris_land,2024-04-05,et0,1.68
paris_land,2024-04-06,temperature,16.9
paris_land,2024-04-06,precipitation,0.0
paris_land,2024-04-06,et0,3.75
paris_land,2024-04-07,temperature,15.2
paris_land,2024-04-07,precipitation,10.6
paris_land,2024-04-07,et0,1.85
paris_land,2024-04-08,temperature,14.3
paris_land,2024-04-08,precipitation,8.3
paris_land,2024-04-08,et0,2.6
paris_land,2024-04-09,temperature,9.9
paris_land,2024-04-09,precipitation,1.2
paris_land,2024-04-09,et0,2.55
paris_land,2024-04-10,temperature,9.8
paris_land,2024-04-10,precipitation,0.0
paris_land,2024-04-10,et0,2.7
paris_land,2024-04-11,temperature,13.8
paris_land,2024-04-11,precipitation,0.5
paris_land,2024-04-11,et0,1.76
paris_land,2024-04-12,temperature,15.6
paris_land,2024-04-12,precipitation,0.0
paris_land,2024-04-12,et0,3.09
paris_land,2024-04-13,temperature,17.1
paris_land,2024-04-13,precipitation,0.0
paris_land,2024-04-13,et0,3.8
paris_land,2024-04-14,temperature,14.0
paris_land,2024-04-14,precipitation,0.0
paris_land,2024-04-14,et0,2.73
paris_land,2024-04-15,temperature,9.9
paris_land,2024-04-15,precipitation,2.8
paris_land,2024-04-15,et0,1.98
paris_land,2024-04-16,temperature,9.0
paris_land,2024-04-16,precipitation,2.8
paris_land,2024-04-16,et0,2.63
paris_land,2024-04-17,temperature,7.2
paris_land,2024-04-17,precipitation,1.3
paris_land,2024-04-17,et0,2.2
paris_land,2024-04-18,temperature,7.1
paris_land,2024-04-18,precipitation,0.7
paris_land,2024-04-18,et0,2.3
paris_land,2024-04-19,temperature,9.3
paris_land,2024-04-19,precipitation,0.8
paris_land,2024-04-19,et0,1.5
paris_land,2024-04-20,temperature,6.8
paris_land,2024-04-20,precipitation,0.1
paris_land,2024-04-20,et0,2.1
paris_land,2024-04-21,temperature,6.6
paris_land,2024-04-21,precipitation,1.7
paris_land,2024-04-21,et0,2.49
paris_land,2024-04-22,temperature,6.4
paris_land,2024-04-22,precipitation,0.6
paris_land,2024-04-22,et0,2.57
paris_land,2024-04-23,temperature,6.1
paris_land,2024-04-23,precipitation,0.0
paris_land,2024-04-23,et0,2.71
paris_land,2024-04-24,temperature,7.5
paris_land,2024-04-24,precipitation,1.2
paris_land,2024-04-24,et0,2.2
paris_land,2024-04-25,temperature,7.3
paris_land,2024-04-25,precipitation,0.2
paris_land,2024-04-25,et0,2.33
paris_land,2024-04-26,temperature,9.5
paris_land,2024-04-26,precipitation,3.0
paris_land,2024-04-26,et0,2.19
paris_land,2024-04-27,temperature,11.6
paris_land,2024-04-27,precipitation,16.2
paris_land,2024-04-27,et0,1.61
paris_land,2024-04-28,temperature,11.9
paris_land,2024-04-28,precipitation,3.9
paris_land,2024-04-28,et0,2.84
paris_land,2024-04-29,temperature,12.1
paris_land,2024-04-29,precipitation,0.4
paris_land,2024-04-29,et0,3.15
paris_land,2024-04-30,temperature,13.8
paris_land,2024-04-30,precipitation,5.2
paris_land,2024-04-30,et0,2.21
paris_land,2024-05-01,temperature,15.2
paris_land,2024-05-01,precipitation,5.1
paris_land,2024-05-01,et0,2.77
paris_land,2024-05-02,temperature,11.7
paris_land,2024-05-02,precipitation,7.4
paris_land,2024-05-02,et0,1.36
paris_land,2024-05-03,temperature,11.6
paris_land,2024-05-03,precipitation,2.6
paris_land,2024-05-03,et0,2.94
paris_land,2024-05-04,temperature,10.6
paris_land,2024-05-04,precipitation,0.7
paris_land,2024-05-04,et0,2.52
paris_land,2024-05-05,temperature,12.8
paris_land,2024-05-05,precipitation,1.7
paris_land,2024-05-05,et0,1.81
paris_land,2024-05-06,temperature,13.3
paris_land,2024-05-06,precipitation,3.5
paris_land,2024-05-06,et0,3.12
paris_land,2024-05-07,temperature,13.0
paris_land,2024-05-07,precipitation,1.1
paris_land,2024-05-07,et0,3.36
paris_land,2024-05-08,temperature,12.1
paris_land,2024-05-08,precipitation,0.0
paris_land,2024-05-08,et0,2.7
paris_land,2024-05-09,temperature,13.3
paris_land,2024-05-09,precipitation,0.0
paris_land,2024-05-09,et0,3.39
paris_land,2024-05-10,temperature,16.0
paris_land,2024-05-10,precipitation,0.0
paris_land,2024-05-10,et0,4.44
paris_land,2024-05-11,temperature,17.5
paris_land,2024-05-11,precipitation,0.0
paris_land,2024-05-11,et0,4.71
paris_land,2024-05-12,temperature,17.9
paris_land,2024-05-12,precipitation,8.3
paris_land,2024-05-12,et0,3.47
paris_land,2024-05-13,temperature,16.9
paris_land,2024-05-13,precipitation,0.0
paris_land,2024-05-13,et0,3.16
paris_land,2024-05-14,temperature,14.6
paris_land,2024-05-14,precipitation,17.1
paris_land,2024-05-14,et0,1.19
paris_land,2024-05-15,temperature,14.8
paris_land,2024-05-15,precipitation,2.3
paris_land,2024-05-15,et0,3.46
paris_land,2024-05-16,temperature,14.5
paris_land,2024-05-16,precipitation,3.2
paris_land,2024-05-16,et0,3.76
paris_land,2024-05-17,temperature,14.1
paris_land,2024-05-17,precipitation,0.2
paris_land,2024-05-17,et0,3.05
paris_land,2024-05-18,temperature,15.0
paris_land,2024-05-18,precipitation,7.1
paris_land,2024-05-18,et0,3.48
paris_land,2024-05-19,temperature,14.8
paris_land,2024-05-19,precipitation,2.0
paris_land,2024-05-19,et0,2.71
paris_land,2024-05-20,temperature,15.4
paris_land,2024-05-20,precipitation,10.5
paris_land,2024-05-20,et0,3.53
paris_land,2024-05-21,temperature,14.8
paris_land,2024-05-21,precipitation,13.5
paris_land,2024-05-21,et0,2.62
paris_land,2024-05-22,temperature,14.7
paris_land,2024-05-22,precipitation,3.9
paris_land,2024-05-22,et0,3.2
paris_land,2024-05-23,temperature,14.7
paris_land,2024-05-23,precipitation,8.0
paris_land,2024-05-23,et0,3.25
paris_land,2024-05-24,temperature,14.0
paris_land,2024-05-24,precipitation,3.2
paris_land,2024-05-24,et0,3.27
paris_land,2024-05-25,temperature,15.1
paris_land,2024-05-25,precipitation,1.1
paris_land,2024-05-25,et0,3.55
paris_land,2024-05-26,temperature,16.6
paris_land,2024-05-26,precipitation,3.6
paris_land,2024-05-26,et0,3.48
paris_land,2024-05-27,temperature,13.7
paris_land,2024-05-27,precipitation,1.8
paris_land,2024-05-27,et0,2.62
paris_land,2024-05-28,temperature,13.4
paris_land,2024-05-28,precipitation,2.0
paris_land,2024-05-28,et0,1.34
paris_land,2024-05-29,temperature,15.0
paris_land,2024-05-29,precipitation,17.6
paris_land,2024-05-29,et0,1.42
paris_land,2024-05-30,temperature,13.6
paris_land,2024-05-30,precipitation,6.0
paris_land,2024-05-30,et0,2.32
paris_land,2024-05-31,temperature,13.2
paris_land,2024-05-31,precipitation,3.6
paris_land,2024-05-31,et0,2.35
paris_land,2024-06-01,temperature,13.4
paris_land,2024-06-01,precipitation,2.4
paris_land,2024-06-01,et0,1.63
paris_land,2024-06-02,temperature,14.1
paris_land,2024-06-02,precipitation,0.0
paris_land,2024-06-02,et0,2.34
paris_land,2024-06-03,temperature,14.2
paris_land,2024-06-03,precipitation,0.0
paris_land,2024-06-03,et0,3.52
paris_land,2024-06-04,temperature,17.3
paris_land,2024-06-04,precipitation,1.3
paris_land,2024-06-04,et0,3.83
paris_land,2024-06-05,temperature,15.8
paris_land,2024-06-05,precipitation,0.4
paris_land,2024-06-05,et0,2.87
paris_land,2024-06-06,temperature,14.2
paris_land,2024-06-06,precipitation,0.0
paris_land,2024-06-06,et0,3.94
paris_land,2024-06-07,temperature,14.4
paris_land,2024-06-07,precipitation,0.0
paris_land,2024-06-07,et0,4.52
paris_land,2024-06-08,temperature,14.7
paris_land,2024-06-08,precipitation,0.0
paris_land,2024-06-08,et0,4.34
paris_land,2024-06-09,temperature,14.5
paris_land,2024-06-09,precipitation,0.0
paris_land,2024-06-09,et0,4.44
paris_land,2024-06-10,temperature,12.7
paris_land,2024-06-10,precipitation,3.0
paris_land,2024-06-10,et0,2.31
paris_land,2024-06-11,temperature,12.2
paris_land,2024-06-11,precipitation,0.4
paris_land,2024-06-11,et0,3.66
paris_land,2024-06-12,temperature,11.9
paris_land,2024-06-12,precipitation,3.0
paris_land,2024-06-12,et0,3.39
paris_land,2024-06-13,temperature,14.5
paris_land,2024-06-13,precipitation,0.7
paris_land,2024-06-13,et0,3.84
paris_land,2024-06-14,temperature,16.7
paris_land,2024-06-14,precipitation,3.5
paris_land,2024-06-14,et0,3.97
paris_land,2024-06-15,temperature,14.6
paris_land,2024-06-15,precipitation,1.7
paris_land,2024-06-15,et0,3.34
paris_land,2024-06-16,temperature,15.3
paris_land,2024-06-16,precipitation,4.9
paris_land,2024-06-16,et0,2.62
paris_land,2024-06-17,temperature,17.4
paris_land,2024-06-17,precipitation,7.7
paris_land,2024-06-17,et0,3.34
paris_land,2024-06-18,temperature,17.7
paris_land,2024-06-18,precipitation,21.4
paris_land,2024-06-18,et0,2.29
paris_land,2024-06-19,temperature,17.5
paris_land,2024-06-19,precipitation,1.8
paris_land,2024-06-19,et0,2.82
paris_land,2024-06-20,temperature,18.2
paris_land,2024-06-20,precipitation,1.8
paris_land,2024-06-20,et0,2.79
paris_land,2024-06-21,temperature,17.6
paris_land,2024-06-21,precipitation,18.6
paris_land,2024-06-21,et0,2.78
paris_land,2024-06-22,temperature,16.2
paris_land,2024-06-22,precipitation,3.7
paris_land,2024-06-22,et0,2.98
paris_land,2024-06-23,temperature,16.6
paris_land,2024-06-23,precipitation,0.0
paris_land,2024-06-23,et0,4.25
paris_land,2024-06-24,temperature,19.7
paris_land,2024-06-24,precipitation,0.0
paris_land,2024-06-24,et0,4.51
paris_land,2024-06-25,temperature,22.2
paris_land,2024-06-25,precipitation,0.0
paris_land,2024-06-25,et0,4.79
paris_land,2024-06-26,temperature,23.5
paris_land,2024-06-26,precipitation,0.0
paris_land,2024-06-26,et0,5.24
paris_land,2024-06-27,temperature,22.8
paris_land,2024-06-27,precipitation,0.2
paris_land,2024-06-27,et0,4.84
paris_land,2024-06-28,temperature,17.9
paris_land,2024-06-28,precipitation,0.0
paris_land,2024-06-28,et0,4.65
paris_land,2024-06-29,temperature,17.1
paris_land,2024-06-29,precipitation,31.8
paris_land,2024-06-29,et0,2.95
paris_land,2024-06-30,temperature,18.1
paris_land,2024-06-30,precipitation,4.2
paris_land,2024-06-30,et0,2.98
paris_land,2024-07-01,temperature,17.4
paris_land,2024-07-01,precipitation,1.4
paris_land,2024-07-01,et0,3.65
paris_land,2024-07-02,temperature,16.1
paris_land,2024-07-02,precipitation,1.2
paris_land,2024-07-02,et0,2.35
paris_land,2024-07-03,temperature,15.6
paris_land,2024-07-03,precipitation,0.2
paris_land,2024-07-03,et0,2.75
paris_land,2024-07-04,temperature,17.7
paris_land,2024-07-04,precipitation,0.4
paris_land,2024-07-04,et0,4.27
paris_land,2024-07-05,temperature,18.1
paris_land,2024-07-05,precipitation,0.1
paris_land,2024-07-05,et0,4.41
paris_land,2024-07-06,temperature,17.6
paris_land,2024-07-06,precipitation,0.1
paris_land,2024-07-06,et0,4.48
paris_land,2024-07-07,temperature,15.7
paris_land,2024-07-07,precipitation,0.1
paris_land,2024-07-07,et0,3.93
paris_land,2024-07-08,temperature,17.3
paris_land,2024-07-08,precipitation,0.0
paris_land,2024-07-08,et0,3.19
paris_land,2024-07-09,temperature,20.2
paris_land,2024-07-09,precipitation,2.6
paris_land,2024-07-09,et0,3.55
paris_land,2024-07-10,temperature,20.7
paris_land,2024-07-10,precipitation,0.5
paris_land,2024-07-10,et0,4.61
paris_land,2024-07-11,temperature,19.5
paris_land,2024-07-11,precipitation,0.3
paris_land,2024-07-11,et0,3.83
paris_land,2024-07-12,temperature,16.3
paris_land,2024-07-12,precipitation,12.4
paris_land,2024-07-12,et0,2.11
paris_land,2024-07-13,temperature,16.3
paris_land,2024-07-13,precipitation,3.2
paris_land,2024-07-13,et0,3.2
paris_land,2024-07-14,temperature,17.8
paris_land,2024-07-14,precipitation,0.1
paris_land,2024-07-14,et0,3.07
paris_land,2024-07-15,temperature,20.0
paris_land,2024-07-15,precipitation,1.1
paris_land,2024-07-15,et0,4.15
paris_land,2024-07-16,temperature,18.9
paris_land,2024-07-16,precipitation,0.8
paris_land,2024-07-16,et0,4.48
paris_land,2024-07-17,temperature,19.1
paris_land,2024-07-17,precipitation,0.0
paris_land,2024-07-17,et0,4.12
paris_land,2024-07-18,temperature,22.0
paris_land,2024-07-18,precipitation,0.0
paris_land,2024-07-18,et0,5.12
paris_land,2024-07-19,temperature,24.6
paris_land,2024-07-19,precipitation,0.2
paris_land,2024-07-19,et0,4.94
paris_land,2024-07-20,temperature,24.1
paris_land,2024-07-20,precipitation,8.8
paris_land,2024-07-20,et0,5.2
paris_land,2024-07-21,temperature,21.1
paris_land,2024-07-21,precipitation,6.4
paris_land,2024-07-21,et0,3.57
paris_land,2024-07-22,temperature,19.7
paris_land,2024-07-22,precipitation,0.0
paris_land,2024-07-22,et0,3.67
paris_land,2024-07-23,temperature,20.2
paris_land,2024-07-23,precipitation,1.9
paris_land,2024-07-23,et0,3.79
paris_land,2024-07-24,temperature,19.3
paris_land,2024-07-24,precipitation,0.0
paris_land,2024-07-24,et0,3.51
paris_land,2024-07-25,temperature,22.4
paris_land,2024-07-25,precipitation,0.0
paris_land,2024-07-25,et0,4.8
paris_land,2024-07-26,temperature,20.7
paris_land,2024-07-26,precipitation,4.9
paris_land,2024-07-26,et0,2.33
paris_land,2024-07-27,temperature,18.5
paris_land,2024-07-27,precipitation,8.0
paris_land,2024-07-27,et0,1.34
paris_land,2024-07-28,temperature,18.2
paris_land,2024-07-28,precipitation,0.0
paris_land,2024-07-28,et0,4.71
paris_land,2024-07-29,temperature,21.7
paris_land,2024-07-29,precipitation,0.0
paris_land,2024-07-29,et0,4.99
paris_land,2024-07-30,temperature,25.9
paris_land,2024-07-30,precipitation,0.0
paris_land,2024-07-30,et0,5.06
paris_land,2024-07-31,temperature,25.0
paris_land,2024-07-31,precipitation,7.1
paris_land,2024-07-31,et0,3.89
paris_land,2024-08-01,temperature,22.9
paris_land,2024-08-01,precipitation,29.4
paris_land,2024-08-01,et0,3.45
paris_land,2024-08-02,temperature,22.0
paris_land,2024-08-02,precipitation,2.7
paris_land,2024-08-02,et0,4.48
paris_land,2024-08-03,temperature,19.7
paris_land,2024-08-03,precipitation,0.6
paris_land,2024-08-03,et0,3.18
paris_land,2024-08-04,temperature,19.8
paris_land,2024-08-04,precipitation,0.0
paris_land,2024-08-04,et0,3.88
paris_land,2024-08-05,temperature,20.3
paris_land,2024-08-05,precipitation,0.0
paris_land,2024-08-05,et0,4.83
paris_land,2024-08-06,temperature,22.0
paris_land,2024-08-06,precipitation,0.0
paris_land,2024-08-06,et0,5.05
paris_land,2024-08-07,temperature,20.0
paris_land,2024-08-07,precipitation,2.8
paris_land,2024-08-07,et0,4.04
paris_land,2024-08-08,temperature,21.1
paris_land,2024-08-08,precipitation,0.1
paris_land,2024-08-08,et0,3.91
paris_land,2024-08-09,temperature,21.7
paris_land,2024-08-09,precipitation,0.0
paris_land,2024-08-09,et0,3.3
paris_land,2024-08-10,temperature,21.5
paris_land,2024-08-10,precipitation,0.0
paris_land,2024-08-10,et0,4.49
paris_land,2024-08-11,temperature,24.4
paris_land,2024-08-11,precipitation,0.0
paris_land,2024-08-11,et0,5.77
paris_land,2024-08-12,temperature,27.8
paris_land,2024-08-12,precipitation,0.0
paris_land,2024-08-12,et0,6.01
paris_land,2024-08-13,temperature,22.9
paris_land,2024-08-13,precipitation,1.4
paris_land,2024-08-13,et0,2.97
paris_land,2024-08-14,temperature,21.9
paris_land,2024-08-14,precipitation,8.9
paris_land,2024-08-14,et0,3.05
paris_land,2024-08-15,temperature,21.5
paris_land,2024-08-15,precipitation,0.7
paris_land,2024-08-15,et0,4.22
paris_land,2024-08-16,temperature,21.2
paris_land,2024-08-16,precipitation,0.1
paris_land,2024-08-16,et0,3.14
paris_land,2024-08-17,temperature,20.1
paris_land,2024-08-17,precipitation,37.7
paris_land,2024-08-17,et0,1.14
paris_land,2024-08-18,temperature,17.6
paris_land,2024-08-18,precipitation,6.4
paris_land,2024-08-18,et0,2.98
paris_land,2024-08-19,temperature,16.8
paris_land,2024-08-19,precipitation,0.0
paris_land,2024-08-19,et0,3.89
paris_land,2024-08-20,temperature,18.1
paris_land,2024-08-20,precipitation,16.2
paris_land,2024-08-20,et0,2.55
paris_land,2024-08-21,temperature,16.2
paris_land,2024-08-21,precipitation,0.0
paris_land,2024-08-21,et0,3.15
paris_land,2024-08-22,temperature,17.9
paris_land,2024-08-22,precipitation,0.0
paris_land,2024-08-22,et0,4.51
paris_land,2024-08-23,temperature,20.3
paris_land,2024-08-23,precipitation,0.1
paris_land,2024-08-23,et0,2.57
paris_land,2024-08-24,temperature,21.4
paris_land,2024-08-24,precipitation,2.9
paris_land,2024-08-24,et0,4.36
paris_land,2024-08-25,temperature,16.6
paris_land,2024-08-25,precipitation,0.0
paris_land,2024-08-25,et0,3.66
paris_land,2024-08-26,temperature,17.8
paris_land,2024-08-26,precipitation,0.0
paris_land,2024-08-26,et0,3.58
paris_land,2024-08-27,temperature,18.7
paris_land,2024-08-27,precipitation,0.0
paris_land,2024-08-27,et0,4.11
paris_land,2024-08-28,temperature,21.4
paris_land,2024-08-28,precipitation,0.0
paris_land,2024-08-28,et0,4.62
paris_land,2024-08-29,temperature,20.8
paris_land,2024-08-29,precipitation,1.1
paris_land,2024-08-29,et0,3.34
paris_land,2024-08-30,temperature,17.4
paris_land,2024-08-30,precipitation,13.2
paris_land,2024-08-30,et0,1.52
paris_land,2024-08-31,temperature,19.2
paris_land,2024-08-31,precipitation,0.9
paris_land,2024-08-31,et0,2.39
paris_land,2024-09-01,temperature,22.4
paris_land,2024-09-01,precipitation,0.2
paris_land,2024-09-01,et0,3.71
paris_land,2024-09-02,temperature,20.4
paris_land,2024-09-02,precipitation,0.3
paris_land,2024-09-02,et0,3.06
paris_land,2024-09-03,temperature,19.3
paris_land,2024-09-03,precipitation,7.5
paris_land,2024-09-03,et0,2.04
paris_land,2024-09-04,temperature,18.3
paris_land,2024-09-04,precipitation,1.6
paris_land,2024-09-04,et0,2.81
paris_land,2024-09-05,temperature,15.9
paris_land,2024-09-05,precipitation,29.2
paris_land,2024-09-05,et0,1.08
paris_land,2024-09-06,temperature,16.6
paris_land,2024-09-06,precipitation,0.3
paris_land,2024-09-06,et0,2.88
paris_land,2024-09-07,temperature,18.4
paris_land,2024-09-07,precipitation,6.2
paris_land,2024-09-07,et0,2.09
paris_land,2024-09-08,temperature,16.2
paris_land,2024-09-08,precipitation,5.7
paris_land,2024-09-08,et0,2.4
paris_land,2024-09-09,temperature,16.3
paris_land,2024-09-09,precipitation,1.0
paris_land,2024-09-09,et0,1.77
paris_land,2024-09-10,temperature,14.8
paris_land,2024-09-10,precipitation,0.1
paris_land,2024-09-10,et0,2.34
paris_land,2024-09-11,temperature,14.4
paris_land,2024-09-11,precipitation,4.7
paris_land,2024-09-11,et0,2.47
paris_land,2024-09-12,temperature,11.2
paris_land,2024-09-12,precipitation,2.0
paris_land,2024-09-12,et0,2.51
paris_land,2024-09-13,temperature,11.3
paris_land,2024-09-13,precipitation,1.9
paris_land,2024-09-13,et0,2.26
paris_land,2024-09-14,temperature,11.5
paris_land,2024-09-14,precipitation,0.0
paris_land,2024-09-14,et0,2.33
paris_land,2024-09-15,temperature,12.1
paris_land,2024-09-15,precipitation,0.0
paris_land,2024-09-15,et0,2.76
paris_land,2024-09-16,temperature,14.3
paris_land,2024-09-16,precipitation,0.4
paris_land,2024-09-16,et0,1.92
paris_land,2024-09-17,temperature,15.7
paris_land,2024-09-17,precipitation,0.0
paris_land,2024-09-17,et0,2.54
paris_land,2024-09-18,temperature,18.0
paris_land,2024-09-18,precipitation,0.5
paris_land,2024-09-18,et0,3.34
paris_land,2024-09-19,temperature,19.2
paris_land,2024-09-19,precipitation,0.0
paris_land,2024-09-19,et0,4.08
paris_land,2024-09-20,temperature,16.0
paris_land,2024-09-20,precipitation,4.6
paris_land,2024-09-20,et0,1.95
paris_land,2024-09-21,temperature,17.3
paris_land,2024-09-21,precipitation,0.5
paris_land,2024-09-21,et0,2.49
paris_land,2024-09-22,temperature,17.1
paris_land,2024-09-22,precipitation,13.9
paris_land,2024-09-22,et0,1.55
paris_land,2024-09-23,temperature,15.3
paris_land,2024-09-23,precipitation,8.8
paris_land,2024-09-23,et0,1.78
paris_land,2024-09-24,temperature,14.9
paris_land,2024-09-24,precipitation,1.4
paris_land,2024-09-24,et0,1.24
paris_land,2024-09-25,temperature,14.4
paris_land,2024-09-25,precipitation,16.0
paris_land,2024-09-25,et0,0.83
paris_land,2024-09-26,temperature,15.9
paris_land,2024-09-26,precipitation,11.5
paris_land,2024-09-26,et0,1.3
paris_land,2024-09-27,temperature,12.9
paris_land,2024-09-27,precipitation,1.5
paris_land,2024-09-27,et0,2.06
paris_land,2024-09-28,temperature,10.5
paris_land,2024-09-28,precipitation,0.7
paris_land,2024-09-28,et0,1.76
paris_land,2024-09-29,temperature,9.5
paris_land,2024-09-29,precipitation,0.0
paris_land,2024-09-29,et0,1.54
paris_land,2024-09-30,temperature,14.6
paris_land,2024-09-30,precipitation,0.4
paris_land,2024-09-30,et0,1.62
paris_land,2024-10-01,temperature,13.9
paris_land,2024-10-01,precipitation,0.1
paris_land,2024-10-01,et0,2.03
paris_land,2024-10-02,temperature,13.2
paris_land,2024-10-02,precipitation,1.6
paris_land,2024-10-02,et0,1.38
paris_land,2024-10-03,temperature,11.4
paris_land,2024-10-03,precipitation,0.1
paris_land,2024-10-03,et0,1.58
paris_land,2024-10-04,temperature,9.8
paris_land,2024-10-04,precipitation,0.0
paris_land,2024-10-04,et0,1.7
paris_land,2024-10-05,temperature,10.4
paris_land,2024-10-05,precipitation,0.0
paris_land,2024-10-05,et0,2.13
paris_land,2024-10-06,temperature,12.8
paris_land,2024-10-06,precipitation,4.2
paris_land,2024-10-06,et0,0.78
paris_land,2024-10-07,temperature,15.7
paris_land,2024-10-07,precipitation,11.8
paris_land,2024-10-07,et0,0.97
paris_land,2024-10-08,temperature,15.6
paris_land,2024-10-08,precipitation,0.5
paris_land,2024-10-08,et0,2.1
paris_land,2024-10-09,temperature,14.4
paris_land,2024-10-09,precipitation,55.7
paris_land,2024-10-09,et0,0.52
paris_land,2024-10-10,temperature,12.9
paris_land,2024-10-10,precipitation,1.3
paris_land,2024-10-10,et0,1.26
paris_land,2024-10-11,temperature,9.5
paris_land,2024-10-11,precipitation,0.0
paris_land,2024-10-11,et0,1.6
paris_land,2024-10-12,temperature,11.6
paris_land,2024-10-12,precipitation,1.8
paris_land,2024-10-12,et0,1.03
paris_land,2024-10-13,temperature,11.9
paris_land,2024-10-13,precipitation,0.0
paris_land,2024-10-13,et0,1.52
paris_land,2024-10-14,temperature,14.4
paris_land,2024-10-14,precipitation,0.1
paris_land,2024-10-14,et0,1.53
paris_land,2024-10-15,temperature,15.2
paris_land,2024-10-15,precipitation,0.2
paris_land,2024-10-15,et0,1.12
paris_land,2024-10-16,temperature,19.0
paris_land,2024-10-16,precipitation,6.0
paris_land,2024-10-16,et0,2.25
paris_land,2024-10-17,temperature,16.6
paris_land,2024-10-17,precipitation,12.5
paris_land,2024-10-17,et0,0.55
paris_land,2024-10-18,temperature,14.3
paris_land,2024-10-18,precipitation,7.7
paris_land,2024-10-18,et0,0.72
paris_land,2024-10-19,temperature,13.4
paris_land,2024-10-19,precipitation,2.7
paris_land,2024-10-19,et0,0.79
paris_land,2024-10-20,temperature,14.8
paris_land,2024-10-20,precipitation,0.7
paris_land,2024-10-20,et0,0.98
paris_land,2024-10-21,temperature,16.7
paris_land,2024-10-21,precipitation,1.6
paris_land,2024-10-21,et0,1.33
paris_land,2024-10-22,temperature,12.5
paris_land,2024-10-22,precipitation,0.0
paris_land,2024-10-22,et0,1.35
paris_land,2024-10-23,temperature,10.4
paris_land,2024-10-23,precipitation,0.0
paris_land,2024-10-23,et0,1.22
paris_land,2024-10-24,temperature,11.6
paris_land,2024-10-24,precipitation,0.0
paris_land,2024-10-24,et0,1.28
paris_land,2024-10-25,temperature,14.6
paris_land,2024-10-25,precipitation,2.0
paris_land,2024-10-25,et0,1.15
paris_land,2024-10-26,temperature,14.4
paris_land,2024-10-26,precipitation,5.1
paris_land,2024-10-26,et0,0.85
paris_land,2024-10-27,temperature,14.2
paris_land,2024-10-27,precipitation,2.8
paris_land,2024-10-27,et0,0.6
paris_land,2024-10-28,temperature,13.2
paris_land,2024-10-28,precipitation,0.0
paris_land,2024-10-28,et0,0.89
paris_land,2024-10-29,temperature,11.0
paris_land,2024-10-29,precipitation,0.0
paris_land,2024-10-29,et0,0.67
paris_land,2024-10-30,temperature,12.3
paris_land,2024-10-30,precipitation,0.0
paris_land,2024-10-30,et0,0.78
paris_land,2024-10-31,temperature,12.0
paris_land,2024-10-31,precipitation,0.0
paris_land,2024-10-31,et0,0.87
paris_land,2024-11-01,temperature,10.7
paris_land,2024-11-01,precipitation,0.0
paris_land,2024-11-01,et0,0.53
paris_land,2024-11-02,temperature,10.8
paris_land,2024-11-02,precipitation,0.7
paris_land,2024-11-02,et0,0.65
paris_land,2024-11-03,temperature,10.1
paris_land,2024-11-03,precipitation,0.0
paris_land,2024-11-03,et0,0.81
paris_land,2024-11-04,temperature,9.3
paris_land,2024-11-04,precipitation,0.0
paris_land,2024-11-04,et0,0.71
paris_land,2024-11-05,temperature,9.3
paris_land,2024-11-05,precipitation,0.0
paris_land,2024-11-05,et0,0.42
paris_land,2024-11-06,temperature,10.5
paris_land,2024-11-06,precipitation,0.0
paris_land,2024-11-06,et0,0.59
paris_land,2024-11-07,temperature,11.0
paris_land,2024-11-07,precipitation,0.0
paris_land,2024-11-07,et0,0.54
paris_land,2024-11-08,temperature,9.4
paris_land,2024-11-08,precipitation,0.0
paris_land,2024-11-08,et0,0.49
paris_land,2024-11-09,temperature,10.3
paris_land,2024-11-09,precipitation,0.0
paris_land,2024-11-09,et0,0.65
paris_land,2024-11-10,temperature,10.2
paris_land,2024-11-10,precipitation,0.5
paris_land,2024-11-10,et0,0.39
paris_land,2024-11-11,temperature,8.7
paris_land,2024-11-11,precipitation,0.5
paris_land,2024-11-11,et0,0.63
paris_land,2024-11-12,temperature,8.5
paris_land,2024-11-12,precipitation,2.1
paris_land,2024-11-12,et0,0.8
paris_land,2024-11-13,temperature,7.5
paris_land,2024-11-13,precipitation,0.0
paris_land,2024-11-13,et0,0.66
paris_land,2024-11-14,temperature,7.9
paris_land,2024-11-14,precipitation,0.0
paris_land,2024-11-14,et0,0.6
paris_land,2024-11-15,temperature,8.7
paris_land,2024-11-15,precipitation,0.1
paris_land,2024-11-15,et0,0.66
paris_land,2024-11-16,temperature,7.3
paris_land,2024-11-16,precipitation,0.0
paris_land,2024-11-16,et0,0.72
paris_land,2024-11-17,temperature,7.2
paris_land,2024-11-17,precipitation,1.0
paris_land,2024-11-17,et0,0.41
paris_land,2024-11-18,temperature,8.6
paris_land,2024-11-18,precipitation,4.3
paris_land,2024-11-18,et0,0.32
paris_land,2024-11-19,temperature,10.4
paris_land,2024-11-19,precipitation,24.4
paris_land,2024-11-19,et0,0.47
paris_land,2024-11-20,temperature,4.2
paris_land,2024-11-20,precipitation,3.1
paris_land,2024-11-20,et0,0.72
paris_land,2024-11-21,temperature,0.8
paris_land,2024-11-21,precipitation,10.4
paris_land,2024-11-21,et0,0.17
paris_land,2024-11-22,temperature,0.8
paris_land,2024-11-22,precipitation,0.6
paris_land,2024-11-22,et0,0.51
paris_land,2024-11-23,temperature,4.8
paris_land,2024-11-23,precipitation,0.0
paris_land,2024-11-23,et0,0.92
paris_land,2024-11-24,temperature,14.9
paris_land,2024-11-24,precipitation,0.0
paris_land,2024-11-24,et0,2.66
paris_land,2024-11-25,temperature,13.1
paris_land,2024-11-25,precipitation,8.8
paris_land,2024-11-25,et0,1.36
paris_land,2024-11-26,temperature,8.6
paris_land,2024-11-26,precipitation,3.4
paris_land,2024-11-26,et0,0.6
paris_land,2024-11-27,temperature,10.3
paris_land,2024-11-27,precipitation,8.7
paris_land,2024-11-27,et0,0.49
paris_land,2024-11-28,temperature,6.5
paris_land,2024-11-28,precipitation,0.0
paris_land,2024-11-28,et0,0.57
paris_land,2024-11-29,temperature,3.6
paris_land,2024-11-29,precipitation,0.0
paris_land,2024-11-29,et0,0.58
paris_land,2024-11-30,temperature,2.9
paris_land,2024-11-30,precipitation,0.0
paris_land,2024-11-30,et0,0.41
paris_land,2024-12-01,temperature,5.7
paris_land,2024-12-01,precipitation,0.0
paris_land,2024-12-01,et0,0.36
paris_land,2024-12-02,temperature,10.3
paris_land,2024-12-02,precipitation,0.5
paris_land,2024-12-02,et0,0.62
paris_land,2024-12-03,temperature,5.7
paris_land,2024-12-03,precipitation,1.0
paris_land,2024-12-03,et0,0.4
paris_land,2024-12-04,temperature,4.5
paris_land,2024-12-04,precipitation,0.0
paris_land,2024-12-04,et0,0.28
paris_land,2024-12-05,temperature,7.5
paris_land,2024-12-05,precipitation,3.4
paris_land,2024-12-05,et0,0.33
paris_land,2024-12-06,temperature,9.2
paris_land,2024-12-06,precipitation,2.3
paris_land,2024-12-06,et0,0.94
paris_land,2024-12-07,temperature,8.8
paris_land,2024-12-07,precipitation,7.8
paris_land,2024-12-07,et0,0.87
paris_land,2024-12-08,temperature,7.2
paris_land,2024-12-08,precipitation,5.6
paris_land,2024-12-08,et0,0.55
paris_land,2024-12-09,temperature,5.5
paris_land,2024-12-09,precipitation,1.3
paris_land,2024-12-09,et0,0.5
paris_land,2024-12-10,temperature,5.2
paris_land,2024-12-10,precipitation,0.2
paris_land,2024-12-10,et0,0.41
paris_land,2024-12-11,temperature,4.9
paris_land,2024-12-11,precipitation,0.0
paris_land,2024-12-11,et0,0.38
paris_land,2024-12-12,temperature,3.9
paris_land,2024-12-12,precipitation,0.0
paris_land,2024-12-12,et0,0.3
paris_land,2024-12-13,temperature,2.0
paris_land,2024-12-13,precipitation,0.0
paris_land,2024-12-13,et0,0.28
paris_land,2024-12-14,temperature,1.9
paris_land,2024-12-14,precipitation,0.1
paris_land,2024-12-14,et0,0.28
paris_land,2024-12-15,temperature,6.0
paris_land,2024-12-15,precipitation,0.0
paris_land,2024-12-15,et0,0.32
paris_land,2024-12-16,temperature,9.2
paris_land,2024-12-16,precipitation,0.0
paris_land,2024-12-16,et0,0.36
paris_land,2024-12-17,temperature,7.0
paris_land,2024-12-17,precipitation,0.0
paris_land,2024-12-17,et0,0.29
paris_land,2024-12-18,temperature,10.2
paris_land,2024-12-18,precipitation,1.4
paris_land,2024-12-18,et0,0.58
paris_land,2024-12-19,temperature,9.0
paris_land,2024-12-19,precipitation,4.5
paris_land,2024-12-19,et0,0.79
paris_land,2024-12-20,temperature,4.9
paris_land,2024-12-20,precipitation,0.1
paris_land,2024-12-20,et0,0.57
paris_land,2024-12-21,temperature,8.4
paris_land,2024-12-21,precipitation,4.8
paris_land,2024-12-21,et0,0.37
paris_land,2024-12-22,temperature,6.7
paris_land,2024-12-22,precipitation,18.7
paris_land,2024-12-22,et0,0.65
paris_land,2024-12-23,temperature,5.9
paris_land,2024-12-23,precipitation,0.1
paris_land,2024-12-23,et0,1.01
paris_land,2024-12-24,temperature,6.8
paris_land,2024-12-24,precipitation,1.1
paris_land,2024-12-24,et0,0.23
paris_land,2024-12-25,temperature,9.4
paris_land,2024-12-25,precipitation,0.0
paris_land,2024-12-25,et0,0.24
paris_land,2024-12-26,temperature,7.0
paris_land,2024-12-26,precipitation,0.0
paris_land,2024-12-26,et0,0.39
paris_land,2024-12-27,temperature,2.0
paris_land,2024-12-27,precipitation,0.0
paris_land,2024-12-27,et0,0.41
paris_land,2024-12-28,temperature,0.5
paris_land,2024-12-28,precipitation,0.0
paris_land,2024-12-28,et0,0.18
paris_land,2024-12-29,temperature,2.5
paris_land,2024-12-29,precipitation,0.0
paris_land,2024-12-29,et0,0.23
paris_land,2024-12-30,temperature,3.1
paris_land,2024-12-30,precipitation,0.1
paris_land,2024-12-30,et0,0.25
paris_land,2024-12-31,temperature,3.6
paris_land,2024-12-31,precipitation,0.0
paris_land,2024-12-31,et0,0.34
paris_land,2025-01-01,temperature,6.1
paris_land,2025-01-01,precipitation,0.0
paris_land,2025-01-01,et0,0.49
paris_land,2025-01-02,temperature,4.4
paris_land,2025-01-02,precipitation,22.7
paris_land,2025-01-02,et0,0.25
paris_land,2025-01-03,temperature,0.4
paris_land,2025-01-03,precipitation,0.0
paris_land,2025-01-03,et0,0.44
paris_land,2025-01-04,temperature,-0.7
paris_land,2025-01-04,precipitation,5.2
paris_land,2025-01-04,et0,0.46
paris_land,2025-01-05,temperature,9.4
paris_land,2025-01-05,precipitation,14.1
paris_land,2025-01-05,et0,0.6
paris_land,2025-01-06,temperature,9.7
paris_land,2025-01-06,precipitation,1.6
paris_land,2025-01-06,et0,1.18
paris_land,2025-01-07,temperature,5.0
paris_land,2025-01-07,precipitation,4.0
paris_land,2025-01-07,et0,0.88
paris_land,2025-01-08,temperature,6.0
paris_land,2025-01-08,precipitation,15.9
paris_land,2025-01-08,et0,0.25
paris_land,2025-01-09,temperature,6.3
paris_land,2025-01-09,precipitation,5.4
paris_land,2025-01-09,et0,0.48
paris_land,2025-01-10,temperature,3.4
paris_land,2025-01-10,precipitation,0.4
paris_land,2025-01-10,et0,0.38
paris_land,2025-01-11,temperature,0.9
paris_land,2025-01-11,precipitation,0.0
paris_land,2025-01-11,et0,0.31
paris_land,2025-01-12,temperature,1.5
paris_land,2025-01-12,precipitation,0.0
paris_land,2025-01-12,et0,0.3
paris_land,2025-01-13,temperature,0.5
paris_land,2025-01-13,precipitation,0.0
paris_land,2025-01-13,et0,0.52
paris_land,2025-01-14,temperature,-1.4
paris_land,2025-01-14,precipitation,0.0
paris_land,2025-01-14,et0,0.47
paris_land,2025-01-15,temperature,2.2
paris_land,2025-01-15,precipitation,0.2
paris_land,2025-01-15,et0,0.22
paris_land,2025-01-16,temperature,3.4
paris_land,2025-01-16,precipitation,0.0
paris_land,2025-01-16,et0,0.36
paris_land,2025-01-17,temperature,0.8
paris_land,2025-01-17,precipitation,0.0
paris_land,2025-01-17,et0,0.33
paris_land,2025-01-18,temperature,0.5
paris_land,2025-01-18,precipitation,0.0
paris_land,2025-01-18,et0,0.27
paris_land,2025-01-19,temperature,-0.3
paris_land,2025-01-19,precipitation,0.1
paris_land,2025-01-19,et0,0.26
paris_land,2025-01-20,temperature,-0.5
paris_land,2025-01-20,precipitation,0.1
paris_land,2025-01-20,et0,0.29
paris_land,2025-01-21,temperature,0.2
paris_land,2025-01-21,precipitation,0.0
paris_land,2025-01-21,et0,0.42
paris_land,2025-01-22,temperature,4.8
paris_land,2025-01-22,precipitation,13.8
paris_land,2025-01-22,et0,0.28
paris_land,2025-01-23,temperature,6.1
paris_land,2025-01-23,precipitation,3.1
paris_land,2025-01-23,et0,0.64
paris_land,2025-01-24,temperature,9.3
paris_land,2025-01-24,precipitation,4.7
paris_land,2025-01-24,et0,0.92
paris_land,2025-01-25,temperature,9.8
paris_land,2025-01-25,precipitation,11.2
paris_land,2025-01-25,et0,0.56
paris_land,2025-01-26,temperature,5.0
paris_land,2025-01-26,precipitation,3.2
paris_land,2025-01-26,et0,0.62
paris_land,2025-01-27,temperature,9.7
paris_land,2025-01-27,precipitation,3.6
paris_land,2025-01-27,et0,1.23
paris_land,2025-01-28,temperature,7.9
paris_land,2025-01-28,precipitation,4.5
paris_land,2025-01-28,et0,0.93
paris_land,2025-01-29,temperature,7.2
paris_land,2025-01-29,precipitation,9.7
paris_land,2025-01-29,et0,0.47
paris_land,2025-01-30,temperature,6.1
paris_land,2025-01-30,precipitation,3.7
paris_land,2025-01-30,et0,0.49
paris_land,2025-01-31,temperature,2.3
paris_land,2025-01-31,precipitation,4.8
paris_land,2025-01-31,et0,0.29
paris_land,2025-02-01,temperature,2.2
paris_land,2025-02-01,precipitation,0.0
paris_land,2025-02-01,et0,0.76
paris_land,2025-02-02,temperature,1.2
paris_land,2025-02-02,precipitation,0.0
paris_land,2025-02-02,et0,0.74
paris_land,2025-02-03,temperature,1.3
paris_land,2025-02-03,precipitation,0.0
paris_land,2025-02-03,et0,0.46
paris_land,2025-02-04,temperature,1.3
paris_land,2025-02-04,precipitation,0.0
paris_land,2025-02-04,et0,0.43
paris_land,2025-02-05,temperature,4.5
paris_land,2025-02-05,precipitation,0.0
paris_land,2025-02-05,et0,0.47
paris_land,2025-02-06,temperature,3.3
paris_land,2025-02-06,precipitation,0.2
paris_land,2025-02-06,et0,0.49
paris_land,2025-02-07,temperature,3.9
paris_land,2025-02-07,precipitation,0.9
paris_land,2025-02-07,et0,0.67
paris_land,2025-02-08,temperature,5.7
paris_land,2025-02-08,precipitation,2.2
paris_land,2025-02-08,et0,0.75
paris_land,2025-02-09,temperature,4.7
paris_land,2025-02-09,precipitation,5.4
paris_land,2025-02-09,et0,0.54
paris_land,2025-02-10,temperature,4.2
paris_land,2025-02-10,precipitation,8.5
paris_land,2025-02-10,et0,0.33
paris_land,2025-02-11,temperature,4.1
paris_land,2025-02-11,precipitation,0.0
paris_land,2025-02-11,et0,0.57
paris_land,2025-02-12,temperature,3.3
paris_land,2025-02-12,precipitation,0.4
paris_land,2025-02-12,et0,0.41
paris_land,2025-02-13,temperature,4.5
paris_land,2025-02-13,precipitation,0.1
paris_land,2025-02-13,et0,0.82
paris_land,2025-02-14,temperature,1.6
paris_land,2025-02-14,precipitation,0.0
paris_land,2025-02-14,et0,0.97
paris_land,2025-02-15,temperature,0.6
paris_land,2025-02-15,precipitation,0.0
paris_land,2025-02-15,et0,0.82
paris_land,2025-02-16,temperature,1.7
paris_land,2025-02-16,precipitation,0.0
paris_land,2025-02-16,et0,1.0
paris_land,2025-02-17,temperature,1.8
paris_land,2025-02-17,precipitation,0.0
paris_land,2025-02-17,et0,1.03
paris_land,2025-02-18,temperature,2.8
paris_land,2025-02-18,precipitation,0.0
paris_land,2025-02-18,et0,1.19
paris_land,2025-02-19,temperature,4.9
paris_land,2025-02-19,precipitation,0.0
paris_land,2025-02-19,et0,0.88
paris_land,2025-02-20,temperature,9.6
paris_land,2025-02-20,precipitation,1.5
paris_land,2025-02-20,et0,0.62
paris_land,2025-02-21,temperature,12.0
paris_land,2025-02-21,precipitation,0.1
paris_land,2025-02-21,et0,1.14
paris_land,2025-02-22,temperature,10.7
paris_land,2025-02-22,precipitation,6.0
paris_land,2025-02-22,et0,0.89
paris_land,2025-02-23,temperature,8.9
paris_land,2025-02-23,precipitation,0.0
paris_land,2025-02-23,et0,1.59
paris_land,2025-02-24,temperature,10.3
paris_land,2025-02-24,precipitation,3.1
paris_land,2025-02-24,et0,0.85
paris_land,2025-02-25,temperature,8.0
paris_land,2025-02-25,precipitation,18.3
paris_land,2025-02-25,et0,0.34
paris_land,2025-02-26,temperature,7.0
paris_land,2025-02-26,precipitation,2.6
paris_land,2025-02-26,et0,1.21
paris_land,2025-02-27,temperature,6.0
paris_land,2025-02-27,precipitation,0.4
paris_land,2025-02-27,et0,1.27
paris_land,2025-02-28,temperature,5.0
paris_land,2025-02-28,precipitation,0.5
paris_land,2025-02-28,et0,1.08
paris_land,2025-03-01,temperature,3.7
paris_land,2025-03-01,precipitation,0.0
paris_land,2025-03-01,et0,1.01
paris_land,2025-03-02,temperature,4.5
paris_land,2025-03-02,precipitation,0.0
paris_land,2025-03-02,et0,1.53
paris_land,2025-03-03,temperature,4.7
paris_land,2025-03-03,precipitation,0.0
paris_land,2025-03-03,et0,1.59
paris_land,2025-03-04,temperature,5.7
paris_land,2025-03-04,precipitation,0.0
paris_land,2025-03-04,et0,1.4
paris_land,2025-03-05,temperature,7.6
paris_land,2025-03-05,precipitation,0.0
paris_land,2025-03-05,et0,1.84
paris_land,2025-03-06,temperature,9.2
paris_land,2025-03-06,precipitation,0.0
paris_land,2025-03-06,et0,2.09
paris_land,2025-03-07,temperature,10.6
paris_land,2025-03-07,precipitation,0.0
paris_land,2025-03-07,et0,2.11
paris_land,2025-03-08,temperature,11.6
paris_land,2025-03-08,precipitation,0.0
paris_land,2025-03-08,et0,2.38
paris_land,2025-03-09,temperature,12.1
paris_land,2025-03-09,precipitation,0.0
paris_land,2025-03-09,et0,1.86
paris_land,2025-03-10,temperature,10.6
paris_land,2025-03-10,precipitation,3.3
paris_land,2025-03-10,et0,0.89
paris_land,2025-03-11,temperature,7.1
paris_land,2025-03-11,precipitation,0.5
paris_land,2025-03-11,et0,1.1
paris_land,2025-03-12,temperature,4.9
paris_land,2025-03-12,precipitation,2.3
paris_land,2025-03-12,et0,0.94
paris_land,2025-03-13,temperature,4.4
paris_land,2025-03-13,precipitation,1.6
paris_land,2025-03-13,et0,1.24
paris_land,2025-03-14,temperature,3.1
paris_land,2025-03-14,precipitation,0.7
paris_land,2025-03-14,et0,1.1
paris_land,2025-03-15,temperature,3.8
paris_land,2025-03-15,precipitation,0.2
paris_land,2025-03-15,et0,1.46
paris_land,2025-03-16,temperature,5.8
paris_land,2025-03-16,precipitation,0.0
paris_land,2025-03-16,et0,1.6
paris_land,2025-03-17,temperature,5.8
paris_land,2025-03-17,precipitation,0.0
paris_land,2025-03-17,et0,2.17
paris_land,2025-03-18,temperature,6.5
paris_land,2025-03-18,precipitation,0.0
paris_land,2025-03-18,et0,2.33
paris_land,2025-03-19,temperature,10.2
paris_land,2025-03-19,precipitation,0.0
paris_land,2025-03-19,et0,2.45
paris_land,2025-03-20,temperature,11.5
paris_land,2025-03-20,precipitation,0.0
paris_land,2025-03-20,et0,2.54
paris_land,2025-03-21,temperature,13.5
paris_land,2025-03-21,precipitation,2.1
paris_land,2025-03-21,et0,2.48
paris_land,2025-03-22,temperature,12.7
paris_land,2025-03-22,precipitation,10.0
paris_land,2025-03-22,et0,1.58
paris_land,2025-03-23,temperature,9.9
paris_land,2025-03-23,precipitation,1.1
paris_land,2025-03-23,et0,1.52
paris_land,2025-03-24,temperature,10.8
paris_land,2025-03-24,precipitation,0.5
paris_land,2025-03-24,et0,2.01
paris_land,2025-03-25,temperature,10.4
paris_land,2025-03-25,precipitation,0.0
paris_land,2025-03-25,et0,1.76
paris_land,2025-03-26,temperature,10.1
paris_land,2025-03-26,precipitation,0.4
paris_land,2025-03-26,et0,1.48
paris_land,2025-03-27,temperature,8.8
paris_land,2025-03-27,precipitation,0.0
paris_land,2025-03-27,et0,2.46
paris_land,2025-03-28,temperature,7.8
paris_land,2025-03-28,precipitation,2.1
paris_land,2025-03-28,et0,1.23
paris_land,2025-03-29,temperature,8.9
paris_land,2025-03-29,precipitation,1.5
paris_land,2025-03-29,et0,2.59
paris_land,2025-03-30,temperature,9.7
paris_land,2025-03-30,precipitation,0.1
paris_land,2025-03-30,et0,1.87
paris_land,2025-03-31,temperature,9.1
paris_land,2025-03-31,precipitation,0.0
paris_land,2025-03-31,et0,2.56
paris_land,2025-04-01,temperature,9.0
paris_land,2025-04-01,precipitation,0.0
paris_land,2025-04-01,et0,3.0
paris_land,2025-04-02,temperature,10.9
paris_land,2025-04-02,precipitation,0.0
paris_land,2025-04-02,et0,3.3
paris_land,2025-04-03,temperature,13.5
paris_land,2025-04-03,precipitation,0.0
paris_land,2025-04-03,et0,3.24
paris_land,2025-04-04,temperature,15.6
paris_land,2025-04-04,precipitation,0.1
paris_land,2025-04-04,et0,3.59
paris_land,2025-04-05,temperature,15.6
paris_land,2025-04-05,precipitation,0.0
paris_land,2025-04-05,et0,3.83
paris_land,2025-04-06,temperature,12.7
paris_land,2025-04-06,precipitation,0.0
paris_land,2025-04-06,et0,3.71
paris_land,2025-04-07,temperature,10.1
paris_land,2025-04-07,precipitation,0.0
paris_land,2025-04-07,et0,3.52
paris_land,2025-04-08,temperature,11.2
paris_land,2025-04-08,precipitation,0.0
paris_land,2025-04-08,et0,3.38
paris_land,2025-04-09,temperature,12.1
paris_land,2025-04-09,precipitation,0.0
paris_land,2025-04-09,et0,3.71
paris_land,2025-04-10,temperature,10.8
paris_land,2025-04-10,precipitation,0.0
paris_land,2025-04-10,et0,3.32
paris_land,2025-04-11,temperature,13.5
paris_land,2025-04-11,precipitation,0.0
paris_land,2025-04-11,et0,3.85
paris_land,2025-04-12,temperature,14.2
paris_land,2025-04-12,precipitation,3.0
paris_land,2025-04-12,et0,3.21
paris_land,2025-04-13,temperature,14.0
paris_land,2025-04-13,precipitation,3.0
paris_land,2025-04-13,et0,2.59
paris_land,2025-04-14,temperature,13.3
paris_land,2025-04-14,precipitation,0.0
paris_land,2025-04-14,et0,2.87
paris_land,2025-04-15,temperature,14.0
paris_land,2025-04-15,precipitation,2.6
paris_land,2025-04-15,et0,2.49
paris_land,2025-04-16,temperature,10.9
paris_land,2025-04-16,precipitation,0.0
paris_land,2025-04-16,et0,2.45
paris_land,2025-04-17,temperature,11.5
paris_land,2025-04-17,precipitation,0.0
paris_land,2025-04-17,et0,2.8
paris_land,2025-04-18,temperature,12.3
paris_land,2025-04-18,precipitation,0.0
paris_land,2025-04-18,et0,3.77
paris_land,2025-04-19,temperature,13.5
paris_land,2025-04-19,precipitation,2.8
paris_land,2025-04-19,et0,3.32
paris_land,2025-04-20,temperature,12.9
paris_land,2025-04-20,precipitation,5.2
paris_land,2025-04-20,et0,2.49
paris_land,2025-04-21,temperature,11.9
paris_land,2025-04-21,precipitation,4.3
paris_land,2025-04-21,et0,1.73
paris_land,2025-04-22,temperature,12.1
paris_land,2025-04-22,precipitation,0.4
paris_land,2025-04-22,et0,2.68
paris_land,2025-04-23,temperature,11.0
paris_land,2025-04-23,precipitation,9.3
paris_land,2025-04-23,et0,1.84
paris_land,2025-04-24,temperature,12.1
paris_land,2025-04-24,precipitation,1.1
paris_land,2025-04-24,et0,2.56
paris_land,2025-04-25,temperature,11.4
paris_land,2025-04-25,precipitation,0.5
paris_land,2025-04-25,et0,1.99
paris_land,2025-04-26,temperature,13.3
paris_land,2025-04-26,precipitation,0.2
paris_land,2025-04-26,et0,3.45
paris_land,2025-04-27,temperature,15.3
paris_land,2025-04-27,precipitation,0.3
paris_land,2025-04-27,et0,3.7
paris_land,2025-04-28,temperature,16.7
paris_land,2025-04-28,precipitation,0.0
paris_land,2025-04-28,et0,4.52
paris_land,2025-04-29,temperature,18.9
paris_land,2025-04-29,precipitation,0.0
paris_land,2025-04-29,et0,5.29
paris_land,2025-04-30,temperature,21.1
paris_land,2025-04-30,precipitation,0.0
paris_land,2025-04-30,et0,5.32
paris_land,2025-05-01,temperature,22.1
paris_land,2025-05-01,precipitation,0.0
paris_land,2025-05-01,et0,5.66
paris_land,2025-05-02,temperature,22.5
paris_land,2025-05-02,precipitation,0.0
paris_land,2025-05-02,et0,5.17
paris_land,2025-05-03,temperature,19.1
paris_land,2025-05-03,precipitation,9.2
paris_land,2025-05-03,et0,3.68
paris_land,2025-05-04,temperature,12.4
paris_land,2025-05-04,precipitation,1.2
paris_land,2025-05-04,et0,3.18
paris_land,2025-05-05,temperature,10.2
paris_land,2025-05-05,precipitation,0.0
paris_land,2025-05-05,et0,3.09
paris_land,2025-05-06,temperature,11.1
paris_land,2025-05-06,precipitation,0.2
paris_land,2025-05-06,et0,3.35
paris_land,2025-05-07,temperature,11.8
paris_land,2025-05-07,precipitation,0.0
paris_land,2025-05-07,et0,2.94
paris_land,2025-05-08,temperature,13.2
paris_land,2025-05-08,precipitation,0.1
paris_land,2025-05-08,et0,3.81
paris_land,2025-05-09,temperature,14.7
paris_land,2025-05-09,precipitation,0.0
paris_land,2025-05-09,et0,4.45
paris_land,2025-05-10,temperature,17.0
paris_land,2025-05-10,precipitation,0.0
paris_land,2025-05-10,et0,5.16
paris_land,2025-05-11,temperature,17.7
paris_land,2025-05-11,precipitation,4.5
paris_land,2025-05-11,et0,4.29
paris_land,2025-05-12,temperature,15.7
paris_land,2025-05-12,precipitation,1.7
paris_land,2025-05-12,et0,3.13
paris_land,2025-05-13,temperature,15.4
paris_land,2025-05-13,precipitation,6.9
paris_land,2025-05-13,et0,3.17
paris_land,2025-05-14,temperature,17.9
paris_land,2025-05-14,precipitation,0.1
paris_land,2025-05-14,et0,4.63
paris_land,2025-05-15,temperature,13.9
paris_land,2025-05-15,precipitation,0.0
paris_land,2025-05-15,et0,4.05
paris_land,2025-05-16,temperature,14.3
paris_land,2025-05-16,precipitation,0.0
paris_land,2025-05-16,et0,4.83
paris_land,2025-05-17,temperature,13.7
paris_land,2025-05-17,precipitation,0.0
paris_land,2025-05-17,et0,3.37
paris_land,2025-05-18,temperature,14.7
paris_land,2025-05-18,precipitation,0.0
paris_land,2025-05-18,et0,4.41
paris_land,2025-05-19,temperature,16.2
paris_land,2025-05-19,precipitation,0.0
paris_land,2025-05-19,et0,5.14
paris_land,2025-05-20,temperature,19.1
paris_land,2025-05-20,precipitation,0.0
paris_land,2025-05-20,et0,5.8
paris_land,2025-05-21,temperature,14.3
paris_land,2025-05-21,precipitation,13.7
paris_land,2025-05-21,et0,1.66
paris_land,2025-05-22,temperature,13.3
paris_land,2025-05-22,precipitation,1.4
paris_land,2025-05-22,et0,3.85
paris_land,2025-05-23,temperature,13.4
paris_land,2025-05-23,precipitation,0.0
paris_land,2025-05-23,et0,4.33
paris_land,2025-05-24,temperature,14.2
paris_land,2025-05-24,precipitation,0.4
paris_land,2025-05-24,et0,2.45
paris_land,2025-05-25,temperature,16.6
paris_land,2025-05-25,precipitation,2.0
paris_land,2025-05-25,et0,3.03
paris_land,2025-05-26,temperature,14.5
paris_land,2025-05-26,precipitation,0.0
paris_land,2025-05-26,et0,3.09
paris_land,2025-05-27,temperature,15.8
paris_land,2025-05-27,precipitation,0.0
paris_land,2025-05-27,et0,2.76
paris_land,2025-05-28,temperature,16.7
paris_land,2025-05-28,precipitation,3.2
paris_land,2025-05-28,et0,3.16
paris_land,2025-05-29,temperature,18.0
paris_land,2025-05-29,precipitation,0.0
paris_land,2025-05-29,et0,3.89
paris_land,2025-05-30,temperature,22.1
paris_land,2025-05-30,precipitation,0.0
paris_land,2025-05-30,et0,5.51
paris_land,2025-05-31,temperature,22.1
paris_land,2025-05-31,precipitation,4.6
paris_land,2025-05-31,et0,3.93
paris_land,2025-06-01,temperature,19.0
paris_land,2025-06-01,precipitation,8.5
paris_land,2025-06-01,et0,4.08
paris_land,2025-06-02,temperature,17.9
paris_land,2025-06-02,precipitation,0.9
paris_land,2025-06-02,et0,4.16
paris_land,2025-06-03,temperature,18.9
paris_land,2025-06-03,precipitation,0.0
paris_land,2025-06-03,et0,5.7
paris_land,2025-06-04,temperature,16.3
paris_land,2025-06-04,precipitation,2.0
paris_land,2025-06-04,et0,2.42
paris_land,2025-06-05,temperature,15.6
paris_land,2025-06-05,precipitation,7.5
paris_land,2025-06-05,et0,2.09
paris_land,2025-06-06,temperature,17.0
paris_land,2025-06-06,precipitation,6.7
paris_land,2025-06-06,et0,3.74
paris_land,2025-06-07,temperature,16.1
paris_land,2025-06-07,precipitation,3.4
paris_land,2025-06-07,et0,3.33
paris_land,2025-06-08,temperature,15.2
paris_land,2025-06-08,precipitation,4.3
paris_land,2025-06-08,et0,3.74
paris_land,2025-06-09,temperature,16.3
paris_land,2025-06-09,precipitation,0.0
paris_land,2025-06-09,et0,4.29
paris_land,2025-06-10,temperature,18.1
paris_land,2025-06-10,precipitation,0.0
paris_land,2025-06-10,et0,4.94
paris_land,2025-06-11,temperature,20.8
paris_land,2025-06-11,precipitation,0.0
paris_land,2025-06-11,et0,5.77
paris_land,2025-06-12,temperature,24.5
paris_land,2025-06-12,precipitation,0.1
paris_land,2025-06-12,et0,6.18
paris_land,2025-06-13,temperature,26.2
paris_land,2025-06-13,precipitation,6.8
paris_land,2025-06-13,et0,5.86
paris_land,2025-06-14,temperature,23.0
paris_land,2025-06-14,precipitation,0.9
paris_land,2025-06-14,et0,4.43
paris_land,2025-06-15,temperature,19.3
paris_land,2025-06-15,precipitation,0.1
paris_land,2025-06-15,et0,3.49
paris_land,2025-06-16,temperature,19.6
paris_land,2025-06-16,precipitation,0.0
paris_land,2025-06-16,et0,5.46
paris_land,2025-06-17,temperature,22.8
paris_land,2025-06-17,precipitation,0.0
paris_land,2025-06-17,et0,5.48
paris_land,2025-06-18,temperature,23.1
paris_land,2025-06-18,precipitation,0.0
paris_land,2025-06-18,et0,6.31
paris_land,2025-06-19,temperature,24.8
paris_land,2025-06-19,precipitation,0.0
paris_land,2025-06-19,et0,6.96
paris_land,2025-06-20,temperature,25.7
paris_land,2025-06-20,precipitation,0.0
paris_land,2025-06-20,et0,6.57
paris_land,2025-06-21,temperature,27.7
paris_land,2025-06-21,precipitation,0.0
paris_land,2025-06-21,et0,6.71
paris_land,2025-06-22,temperature,26.1
paris_land,2025-06-22,precipitation,0.0
paris_land,2025-06-22,et0,6.27
paris_land,2025-06-23,temperature,21.6
paris_land,2025-06-23,precipitation,0.0
paris_land,2025-06-23,et0,4.54
paris_land,2025-06-24,temperature,21.9
paris_land,2025-06-24,precipitation,0.0
paris_land,2025-06-24,et0,6.11
paris_land,2025-06-25,temperature,25.8
paris_land,2025-06-25,precipitation,2.3
paris_land,2025-06-25,et0,5.71
paris_land,2025-06-26,temperature,22.2
paris_land,2025-06-26,precipitation,7.0
paris_land,2025-06-26,et0,4.42
paris_land,2025-06-27,temperature,23.2
paris_land,2025-06-27,precipitation,1.4
paris_land,2025-06-27,et0,3.98
paris_land,2025-06-28,temperature,24.4
paris_land,2025-06-28,precipitation,0.0
paris_land,2025-06-28,et0,4.84
paris_land,2025-06-29,temperature,24.7
paris_land,2025-06-29,precipitation,0.0
paris_land,2025-06-29,et0,5.83
paris_land,2025-06-30,temperature,28.2
paris_land,2025-06-30,precipitation,0.0
paris_land,2025-06-30,et0,6.21
paris_land,2025-07-01,temperature,31.9
paris_land,2025-07-01,precipitation,0.0
paris_land,2025-07-01,et0,7.13
paris_land,2025-07-02,temperature,26.3
paris_land,2025-07-02,precipitation,3.1
paris_land,2025-07-02,et0,6.16
paris_land,2025-07-03,temperature,21.2
paris_land,2025-07-03,precipitation,0.0
paris_land,2025-07-03,et0,6.16
paris_land,2025-07-04,temperature,21.4
paris_land,2025-07-04,precipitation,0.0
paris_land,2025-07-04,et0,6.17
paris_land,2025-07-05,temperature,21.5
paris_land,2025-07-05,precipitation,0.0
paris_land,2025-07-05,et0,5.85
paris_land,2025-07-06,temperature,17.1
paris_land,2025-07-06,precipitation,29.4
paris_land,2025-07-06,et0,1.73
paris_land,2025-07-07,temperature,16.1
paris_land,2025-07-07,precipitation,22.8
paris_land,2025-07-07,et0,2.19
paris_land,2025-07-08,temperature,16.4
paris_land,2025-07-08,precipitation,2.3
paris_land,2025-07-08,et0,3.93
paris_land,2025-07-09,temperature,17.9
paris_land,2025-07-09,precipitation,0.0
paris_land,2025-07-09,et0,4.78
paris_land,2025-07-10,temperature,20.8
paris_land,2025-07-10,precipitation,0.0
paris_land,2025-07-10,et0,5.1
paris_land,2025-07-11,temperature,23.7
paris_land,2025-07-11,precipitation,0.0
paris_land,2025-07-11,et0,6.27
paris_land,2025-07-12,temperature,23.8
paris_land,2025-07-12,precipitation,0.0
paris_land,2025-07-12,et0,5.25
paris_land,2025-07-13,temperature,25.2
paris_land,2025-07-13,precipitation,0.1
paris_land,2025-07-13,et0,6.14
paris_land,2025-07-14,temperature,22.8
paris_land,2025-07-14,precipitation,8.5
paris_land,2025-07-14,et0,5.19
paris_land,2025-07-15,temperature,20.8
paris_land,2025-07-15,precipitation,1.2
paris_land,2025-07-15,et0,4.59
paris_land,2025-07-16,temperature,20.3
paris_land,2025-07-16,precipitation,2.6
paris_land,2025-07-16,et0,2.58
paris_land,2025-07-17,temperature,21.2
paris_land,2025-07-17,precipitation,0.4
paris_land,2025-07-17,et0,3.75
paris_land,2025-07-18,temperature,25.1
paris_land,2025-07-18,precipitation,0.0
paris_land,2025-07-18,et0,5.7
paris_land,2025-07-19,temperature,23.9
paris_land,2025-07-19,precipitation,1.8
paris_land,2025-07-19,et0,4.84
paris_land,2025-07-20,temperature,19.6
paris_land,2025-07-20,precipitation,19.0
paris_land,2025-07-20,et0,2.78
paris_land,2025-07-21,temperature,18.1
paris_land,2025-07-21,precipitation,15.0
paris_land,2025-07-21,et0,2.85
paris_land,2025-07-22,temperature,18.8
paris_land,2025-07-22,precipitation,0.1
paris_land,2025-07-22,et0,3.66
paris_land,2025-07-23,temperature,18.0
paris_land,2025-07-23,precipitation,11.1
paris_land,2025-07-23,et0,2.69
paris_land,2025-07-24,temperature,17.3
paris_land,2025-07-24,precipitation,28.2
paris_land,2025-07-24,et0,2.52
paris_land,2025-07-25,temperature,19.6
paris_land,2025-07-25,precipitation,1.3
paris_land,2025-07-25,et0,4.29
paris_land,2025-07-26,temperature,20.2
paris_land,2025-07-26,precipitation,0.0
paris_land,2025-07-26,et0,4.45
paris_land,2025-07-27,temperature,18.2
paris_land,2025-07-27,precipitation,7.8
paris_land,2025-07-27,et0,2.98
paris_land,2025-07-28,temperature,18.0
paris_land,2025-07-28,precipitation,1.2
paris_land,2025-07-28,et0,4.02
paris_land,2025-07-29,temperature,17.9
paris_land,2025-07-29,precipitation,1.0
paris_land,2025-07-29,et0,3.39
paris_land,2025-07-30,temperature,18.9
paris_land,2025-07-30,precipitation,5.3
paris_land,2025-07-30,et0,3.24
paris_land,2025-07-31,temperature,19.6
paris_land,2025-07-31,precipitation,0.6
paris_land,2025-07-31,et0,3.87
paris_land,2025-08-01,temperature,18.9
paris_land,2025-08-01,precipitation,1.0
paris_land,2025-08-01,et0,3.64
paris_land,2025-08-02,temperature,17.1
paris_land,2025-08-02,precipitation,0.2
paris_land,2025-08-02,et0,3.52
paris_land,2025-08-03,temperature,18.4
paris_land,2025-08-03,precipitation,0.0
paris_land,2025-08-03,et0,4.48
paris_land,2025-08-04,temperature,22.0
paris_land,2025-08-04,precipitation,0.0
paris_land,2025-08-04,et0,3.52
paris_land,2025-08-05,temperature,19.9
paris_land,2025-08-05,precipitation,5.9
paris_land,2025-08-05,et0,4.74
paris_land,2025-08-06,temperature,18.0
paris_land,2025-08-06,precipitation,0.0
paris_land,2025-08-06,et0,4.32
paris_land,2025-08-07,temperature,21.9
paris_land,2025-08-07,precipitation,0.0
paris_land,2025-08-07,et0,5.23
paris_land,2025-08-08,temperature,22.2
paris_land,2025-08-08,precipitation,0.0
paris_land,2025-08-08,et0,4.75
paris_land,2025-08-09,temperature,21.7
paris_land,2025-08-09,precipitation,0.0
paris_land,2025-08-09,et0,5.13
paris_land,2025-08-10,temperature,20.9
paris_land,2025-08-10,precipitation,0.0
paris_land,2025-08-10,et0,5.16
paris_land,2025-08-11,temperature,24.3
paris_land,2025-08-11,precipitation,0.0
paris_land,2025-08-11,et0,5.94
paris_land,2025-08-12,temperature,27.4
paris_land,2025-08-12,precipitation,0.0
paris_land,2025-08-12,et0,6.26
paris_land,2025-08-13,temperature,27.2
paris_land,2025-08-13,precipitation,0.0
paris_land,2025-08-13,et0,4.22
paris_land,2025-08-14,temperature,25.9
paris_land,2025-08-14,precipitation,0.0
paris_land,2025-08-14,et0,5.2
paris_land,2025-08-15,temperature,24.1
paris_land,2025-08-15,precipitation,0.0
paris_land,2025-08-15,et0,5.56
paris_land,2025-08-16,temperature,23.3
paris_land,2025-08-16,precipitation,0.0
paris_land,2025-08-16,et0,5.21
paris_land,2025-08-17,temperature,21.3
paris_land,2025-08-17,precipitation,0.0
paris_land,2025-08-17,et0,5.07
paris_land,2025-08-18,temperature,22.2
paris_land,2025-08-18,precipitation,0.0
paris_land,2025-08-18,et0,5.06
paris_land,2025-08-19,temperature,22.5
paris_land,2025-08-19,precipitation,0.0
paris_land,2025-08-19,et0,3.53
paris_land,2025-08-20,temperature,19.6
paris_land,2025-08-20,precipitation,4.3
paris_land,2025-08-20,et0,1.95
paris_land,2025-08-21,temperature,18.6
paris_land,2025-08-21,precipitation,0.8
paris_land,2025-08-21,et0,3.82
paris_land,2025-08-22,temperature,16.9
paris_land,2025-08-22,precipitation,0.0
paris_land,2025-08-22,et0,3.41
paris_land,2025-08-23,temperature,17.5
paris_land,2025-08-23,precipitation,0.0
paris_land,2025-08-23,et0,3.51
paris_land,2025-08-24,temperature,18.4
paris_land,2025-08-24,precipitation,0.0
paris_land,2025-08-24,et0,4.15
paris_land,2025-08-25,temperature,20.7
paris_land,2025-08-25,precipitation,0.0
paris_land,2025-08-25,et0,4.45
paris_land,2025-08-26,temperature,22.6
paris_land,2025-08-26,precipitation,0.0
paris_land,2025-08-26,et0,4.6
paris_land,2025-08-27,temperature,22.3
paris_land,2025-08-27,precipitation,0.2
paris_land,2025-08-27,et0,4.46
paris_land,2025-08-28,temperature,19.9
paris_land,2025-08-28,precipitation,0.6
paris_land,2025-08-28,et0,3.65
paris_land,2025-08-29,temperature,17.0
paris_land,2025-08-29,precipitation,3.6
paris_land,2025-08-29,et0,2.27
paris_land,2025-08-30,temperature,17.5
paris_land,2025-08-30,precipitation,0.2
paris_land,2025-08-30,et0,2.76
paris_land,2025-08-31,temperature,18.6
paris_land,2025-08-31,precipitation,6.1
paris_land,2025-08-31,et0,1.78
paris_land,2025-09-01,temperature,16.7
paris_land,2025-09-01,precipitation,4.1
paris_land,2025-09-01,et0,2.75
paris_land,2025-09-02,temperature,15.4
paris_land,2025-09-02,precipitation,5.2
paris_land,2025-09-02,et0,1.44
paris_land,2025-09-03,temperature,19.4
paris_land,2025-09-03,precipitation,0.7
paris_land,2025-09-03,et0,2.89
paris_land,2025-09-04,temperature,17.5
paris_land,2025-09-04,precipitation,2.9
paris_land,2025-09-04,et0,2.62
paris_land,2025-09-05,temperature,16.5
paris_land,2025-09-05,precipitation,0.9
paris_land,2025-09-05,et0,2.71
paris_land,2025-09-06,temperature,17.5
paris_land,2025-09-06,precipitation,0.0
paris_land,2025-09-06,et0,3.78
paris_land,2025-09-07,temperature,21.2
paris_land,2025-09-07,precipitation,0.0
paris_land,2025-09-07,et0,3.97
paris_land,2025-09-08,temperature,19.8
paris_land,2025-09-08,precipitation,0.0
paris_land,2025-09-08,et0,3.16
paris_land,2025-09-09,temperature,17.5
paris_land,2025-09-09,precipitation,0.0
paris_land,2025-09-09,et0,3.08
paris_land,2025-09-10,temperature,16.1
paris_land,2025-09-10,precipitation,5.4
paris_land,2025-09-10,et0,2.37
paris_land,2025-09-11,temperature,15.7
paris_land,2025-09-11,precipitation,4.1
paris_land,2025-09-11,et0,2.55
paris_land,2025-09-12,temperature,15.4
paris_land,2025-09-12,precipitation,0.6
paris_land,2025-09-12,et0,3.2
paris_land,2025-09-13,temperature,15.0
paris_land,2025-09-13,precipitation,10.6
paris_land,2025-09-13,et0,1.85
paris_land,2025-09-14,temperature,16.2
paris_land,2025-09-14,precipitation,0.2
paris_land,2025-09-14,et0,1.0
paris_land,2025-09-15,temperature,18.0
paris_land,2025-09-15,precipitation,1.0
paris_land,2025-09-15,et0,3.27
paris_land,2025-09-16,temperature,15.1
paris_land,2025-09-16,precipitation,0.1
paris_land,2025-09-16,et0,2.4
paris_land,2025-09-17,temperature,16.5
paris_land,2025-09-17,precipitation,0.0
paris_land,2025-09-17,et0,2.49
paris_land,2025-09-18,temperature,18.1
paris_land,2025-09-18,precipitation,0.0
paris_land,2025-09-18,et0,2.98
paris_land,2025-09-19,temperature,20.6
paris_land,2025-09-19,precipitation,0.0
paris_land,2025-09-19,et0,3.79
paris_land,2025-09-20,temperature,20.8
paris_land,2025-09-20,precipitation,9.7
paris_land,2025-09-20,et0,1.65
paris_land,2025-09-21,temperature,15.5
paris_land,2025-09-21,precipitation,0.9
paris_land,2025-09-21,et0,1.93
paris_land,2025-09-22,temperature,12.7
paris_land,2025-09-22,precipitation,1.1
paris_land,2025-09-22,et0,2.52
paris_land,2025-09-23,temperature,11.6
paris_land,2025-09-23,precipitation,7.3
paris_land,2025-09-23,et0,1.44
paris_land,2025-09-24,temperature,10.6
paris_land,2025-09-24,precipitation,9.9
paris_land,2025-09-24,et0,0.65
paris_land,2025-09-25,temperature,10.6
paris_land,2025-09-25,precipitation,1.4
paris_land,2025-09-25,et0,0.76
paris_land,2025-09-26,temperature,11.2
paris_land,2025-09-26,precipitation,0.4
paris_land,2025-09-26,et0,1.02
paris_land,2025-09-27,temperature,11.9
paris_land,2025-09-27,precipitation,0.3
paris_land,2025-09-27,et0,1.48
paris_land,2025-09-28,temperature,12.9
paris_land,2025-09-28,precipitation,0.0
paris_land,2025-09-28,et0,2.24
paris_land,2025-09-29,temperature,13.9
paris_land,2025-09-29,precipitation,0.0
paris_land,2025-09-29,et0,2.09
paris_land,2025-09-30,temperature,13.5
paris_land,2025-09-30,precipitation,0.0
paris_land,2025-09-30,et0,2.22
paris_land,2025-10-01,temperature,13.1
paris_land,2025-10-01,precipitation,0.0
paris_land,2025-10-01,et0,2.09
paris_land,2025-10-02,temperature,12.8
paris_land,2025-10-02,precipitation,0.0
paris_land,2025-10-02,et0,2.06
paris_land,2025-10-03,temperature,13.1
paris_land,2025-10-03,precipitation,3.7
paris_land,2025-10-03,et0,0.9
paris_land,2025-10-04,temperature,15.0
paris_land,2025-10-04,precipitation,8.1
paris_land,2025-10-04,et0,2.05
paris_land,2025-10-05,temperature,12.4
paris_land,2025-10-05,precipitation,0.0
paris_land,2025-10-05,et0,2.26
paris_land,2025-10-06,temperature,12.6
paris_land,2025-10-06,precipitation,0.2
paris_land,2025-10-06,et0,1.25
paris_land,2025-10-07,temperature,13.2
paris_land,2025-10-07,precipitation,0.0
paris_land,2025-10-07,et0,1.83
paris_land,2025-10-08,temperature,12.7
paris_land,2025-10-08,precipitation,0.0
paris_land,2025-10-08,et0,1.26
paris_land,2025-10-09,temperature,14.5
paris_land,2025-10-09,precipitation,0.1
paris_land,2025-10-09,et0,1.57
paris_land,2025-10-10,temperature,12.8
paris_land,2025-10-10,precipitation,0.0
paris_land,2025-10-10,et0,1.14
paris_land,2025-10-11,temperature,13.7
paris_land,2025-10-11,precipitation,0.0
paris_land,2025-10-11,et0,1.74
paris_land,2025-10-12,temperature,12.8
paris_land,2025-10-12,precipitation,0.0
paris_land,2025-10-12,et0,1.83
paris_land,2025-10-13,temperature,12.8
paris_land,2025-10-13,precipitation,0.1
paris_land,2025-10-13,et0,1.1
paris_land,2025-10-14,temperature,13.7
paris_land,2025-10-14,precipitation,0.0
paris_land,2025-10-14,et0,1.69
paris_land,2025-10-15,temperature,12.7
paris_land,2025-10-15,precipitation,0.2
paris_land,2025-10-15,et0,1.23
paris_land,2025-10-16,temperature,12.4
paris_land,2025-10-16,precipitation,0.0
paris_land,2025-10-16,et0,1.18
paris_land,2025-10-17,temperature,12.3
paris_land,2025-10-17,precipitation,0.0
paris_land,2025-10-17,et0,1.57
paris_land,2025-10-18,temperature,11.2
paris_land,2025-10-18,precipitation,0.0
paris_land,2025-10-18,et0,1.74
paris_land,2025-10-19,temperature,11.6
paris_land,2025-10-19,precipitation,2.5
paris_land,2025-10-19,et0,0.77
paris_land,2025-10-20,temperature,14.9
paris_land,2025-10-20,precipitation,4.4
paris_land,2025-10-20,et0,1.26
paris_land,2025-10-21,temperature,14.1
paris_land,2025-10-21,precipitation,0.9
paris_land,2025-10-21,et0,1.36
paris_land,2025-10-22,temperature,13.8
paris_land,2025-10-22,precipitation,2.6
paris_land,2025-10-22,et0,0.77
paris_land,2025-10-23,temperature,12.3
paris_land,2025-10-23,precipitation,4.6
paris_land,2025-10-23,et0,1.32
paris_land,2025-10-24,temperature,9.1
paris_land,2025-10-24,precipitation,1.3
paris_land,2025-10-24,et0,1.52
paris_land,2025-10-25,temperature,10.6
paris_land,2025-10-25,precipitation,3.4
paris_land,2025-10-25,et0,1.22
paris_land,2025-10-26,temperature,8.9
paris_land,2025-10-26,precipitation,0.2
paris_land,2025-10-26,et0,1.46
paris_land,2025-10-27,temperature,11.8
paris_land,2025-10-27,precipitation,3.4
paris_land,2025-10-27,et0,1.43
paris_land,2025-10-28,temperature,12.4
paris_land,2025-10-28,precipitation,0.0
paris_land,2025-10-28,et0,1.06
paris_land,2025-10-29,temperature,12.0
paris_land,2025-10-29,precipitation,9.4
paris_land,2025-10-29,et0,0.8
paris_land,2025-10-30,temperature,10.6
paris_land,2025-10-30,precipitation,0.0
paris_land,2025-10-30,et0,1.15
paris_land,2025-10-31,temperature,11.6
paris_land,2025-10-31,precipitation,0.0
paris_land,2025-10-31,et0,1.1
paris_land,2025-11-01,temperature,13.8
paris_land,2025-11-01,precipitation,5.8
paris_land,2025-11-01,et0,0.83
paris_land,2025-11-02,temperature,11.1
paris_land,2025-11-02,precipitation,1.2
paris_land,2025-11-02,et0,1.07
paris_land,2025-11-03,temperature,11.1
paris_land,2025-11-03,precipitation,0.0
paris_land,2025-11-03,et0,0.85
paris_land,2025-11-04,temperature,12.1
paris_land,2025-11-04,precipitation,0.0
paris_land,2025-11-04,et0,1.19
paris_land,2025-11-05,temperature,13.4
paris_land,2025-11-05,precipitation,0.0
paris_land,2025-11-05,et0,1.43
paris_land,2025-11-06,temperature,13.0
paris_land,2025-11-06,precipitation,4.1
paris_land,2025-11-06,et0,0.42
paris_land,2025-11-07,temperature,11.8
paris_land,2025-11-07,precipitation,0.2
paris_land,2025-11-07,et0,0.63
paris_land,2025-11-08,temperature,10.9
paris_land,2025-11-08,precipitation,0.6
paris_land,2025-11-08,et0,0.31
paris_land,2025-11-09,temperature,9.2
paris_land,2025-11-09,precipitation,0.0
paris_land,2025-11-09,et0,0.64
paris_land,2025-11-10,temperature,9.3
paris_land,2025-11-10,precipitation,1.5
paris_land,2025-11-10,et0,0.62
paris_land,2025-11-11,temperature,11.3
paris_land,2025-11-11,precipitation,0.0
paris_land,2025-11-11,et0,0.66
paris_land,2025-11-12,temperature,11.5
paris_land,2025-11-12,precipitation,0.0
paris_land,2025-11-12,et0,1.05
paris_land,2025-11-13,temperature,14.5
paris_land,2025-11-13,precipitation,0.0
paris_land,2025-11-13,et0,1.23
paris_land,2025-11-14,temperature,15.5
paris_land,2025-11-14,precipitation,2.1
paris_land,2025-11-14,et0,1.12
paris_land,2025-11-15,temperature,12.1
paris_land,2025-11-15,precipitation,24.4
paris_land,2025-11-15,et0,0.41
paris_land,2025-11-16,temperature,9.8
paris_land,2025-11-16,precipitation,0.1
paris_land,2025-11-16,et0,0.41
paris_land,2025-11-17,temperature,6.6
paris_land,2025-11-17,precipitation,1.2
paris_land,2025-11-17,et0,0.69
paris_land,2025-11-18,temperature,3.7
paris_land,2025-11-18,precipitation,0.0
paris_land,2025-11-18,et0,0.67
paris_land,2025-11-19,temperature,5.6
paris_land,2025-11-19,precipitation,3.6
paris_land,2025-11-19,et0,0.55
paris_land,2025-11-20,temperature,2.5
paris_land,2025-11-20,precipitation,0.5
paris_land,2025-11-20,et0,0.56
paris_land,2025-11-21,temperature,1.7
paris_land,2025-11-21,precipitation,0.3
paris_land,2025-11-21,et0,0.36
paris_land,2025-11-22,temperature,-0.6
paris_land,2025-11-22,precipitation,0.0
paris_land,2025-11-22,et0,0.41
paris_land,2025-11-23,temperature,3.2
paris_land,2025-11-23,precipitation,16.7
paris_land,2025-11-23,et0,0.18
paris_land,2025-11-24,temperature,7.1
paris_land,2025-11-24,precipitation,1.6
paris_land,2025-11-24,et0,0.58
paris_land,2025-11-25,temperature,5.9
paris_land,2025-11-25,precipitation,0.8
paris_land,2025-11-25,et0,0.6
paris_land,2025-11-26,temperature,4.7
paris_land,2025-11-26,precipitation,0.2
paris_land,2025-11-26,et0,0.53
paris_land,2025-11-27,temperature,5.1
paris_land,2025-11-27,precipitation,0.0
paris_land,2025-11-27,et0,0.31
paris_land,2025-11-28,temperature,9.0
paris_land,2025-11-28,precipitation,10.6
paris_land,2025-11-28,et0,0.23
paris_land,2025-11-29,temperature,9.5
paris_land,2025-11-29,precipitation,5.5
paris_land,2025-11-29,et0,0.29
paris_land,2025-11-30,temperature,6.4
paris_land,2025-11-30,precipitation,0.2
paris_land,2025-11-30,et0,0.51
paris_land,2025-12-01,temperature,4.6
paris_land,2025-12-01,precipitation,0.0
paris_land,2025-12-01,et0,0.57
paris_land,2025-12-02,temperature,8.0
paris_land,2025-12-02,precipitation,0.4
paris_land,2025-12-02,et0,0.86
paris_land,2025-12-03,temperature,7.8
paris_land,2025-12-03,precipitation,0.0
paris_land,2025-12-03,et0,0.43
paris_land,2025-12-04,temperature,6.4
paris_land,2025-12-04,precipitation,2.3
paris_land,2025-12-04,et0,0.28
paris_land,2025-12-05,temperature,3.7
paris_land,2025-12-05,precipitation,1.5
paris_land,2025-12-05,et0,0.45
paris_land,2025-12-06,temperature,9.7
paris_land,2025-12-06,precipitation,2.2
paris_land,2025-12-06,et0,0.7
paris_land,2025-12-07,temperature,12.4
paris_land,2025-12-07,precipitation,9.2
paris_land,2025-12-07,et0,0.39
paris_land,2025-12-08,temperature,14.2
paris_land,2025-12-08,precipitation,1.2
paris_land,2025-12-08,et0,0.71
paris_land,2025-12-09,temperature,11.8
paris_land,2025-12-09,precipitation,0.3
paris_land,2025-12-09,et0,0.9
paris_land,2025-12-10,temperature,12.0
paris_land,2025-12-10,precipitation,0.3
paris_land,2025-12-10,et0,0.39
paris_land,2025-12-11,temperature,7.6
paris_land,2025-12-11,precipitation,0.2
paris_land,2025-12-11,et0,0.22
paris_land,2025-12-12,temperature,9.6
paris_land,2025-12-12,precipitation,0.0
paris_land,2025-12-12,et0,0.31
paris_land,2025-12-13,temperature,8.2
paris_land,2025-12-13,precipitation,0.0
paris_land,2025-12-13,et0,0.22
paris_land,2025-12-14,temperature,6.6
paris_land,2025-12-14,precipitation,0.0
paris_land,2025-12-14,et0,0.21
paris_land,2025-12-15,temperature,7.5
paris_land,2025-12-15,precipitation,0.0
paris_land,2025-12-15,et0,0.47
paris_land,2025-12-16,temperature,10.1
paris_land,2025-12-16,precipitation,0.0
paris_land,2025-12-16,et0,0.53
paris_land,2025-12-17,temperature,8.4
paris_land,2025-12-17,precipitation,0.0
paris_land,2025-12-17,et0,0.46
paris_land,2025-12-18,temperature,10.7
paris_land,2025-12-18,precipitation,0.0
paris_land,2025-12-18,et0,1.09
paris_land,2025-12-19,temperature,10.5
paris_land,2025-12-19,precipitation,5.7
paris_land,2025-12-19,et0,0.41
paris_land,2025-12-20,temperature,8.1
paris_land,2025-12-20,precipitation,2.3
paris_land,2025-12-20,et0,0.23
paris_land,2025-12-21,temperature,9.5
paris_land,2025-12-21,precipitation,15.8
paris_land,2025-12-21,et0,0.24
paris_land,2025-12-22,temperature,9.1
paris_land,2025-12-22,precipitation,0.2
paris_land,2025-12-22,et0,0.36
paris_land,2025-12-23,temperature,5.1
paris_land,2025-12-23,precipitation,0.0
paris_land,2025-12-23,et0,0.3
paris_land,2025-12-24,temperature,3.3
paris_land,2025-12-24,precipitation,0.0
paris_land,2025-12-24,et0,0.89
paris_land,2025-12-25,temperature,-0.1
paris_land,2025-12-25,precipitation,0.1
paris_land,2025-12-25,et0,0.68
paris_land,2025-12-26,temperature,-0.7
paris_land,2025-12-26,precipitation,0.0
paris_land,2025-12-26,et0,0.38
paris_land,2025-12-27,temperature,-0.0
paris_land,2025-12-27,precipitation,0.0
paris_land,2025-12-27,et0,0.39
paris_land,2025-12-28,temperature,0.1
paris_land,2025-12-28,precipitation,0.0
paris_land,2025-12-28,et0,0.26
paris_land,2025-12-29,temperature,-0.8
paris_land,2025-12-29,precipitation,0.0
paris_land,2025-12-29,et0,0.43
paris_land,2025-12-30,temperature,2.2
paris_land,2025-12-30,precipitation,0.0
paris_land,2025-12-30,et0,0.49
paris_land,2025-12-31,temperature,-0.0
paris_land,2025-12-31,precipitation,0.0
paris_land,2025-12-31,et0,0.36
seine,2024-12-13,temperature,7.3
seine,2024-12-13,phosphorus,0.109
seine,2024-12-13,nitrate,21.0
seine,2024-11-25,temperature,8.6
seine,2024-11-25,nitrate,23.0
seine,2024-11-25,phosphorus,0.129
seine,2024-10-21,temperature,15.9
seine,2024-10-21,phosphorus,0.118
seine,2024-10-21,nitrate,23.0
seine,2024-08-12,phosphorus,0.112
seine,2024-08-12,temperature,23.7
seine,2024-08-12,nitrate,44.0
seine,2024-06-20,nitrate,25.0
seine,2024-06-20,temperature,18.4
seine,2024-06-20,phosphorus,0.07
seine,2024-04-18,phosphorus,0.048
seine,2024-04-18,nitrate,20.0
seine,2024-04-18,temperature,13.8
seine,2024-02-26,temperature,9.4
seine,2024-02-26,phosphorus,0.105
seine,2024-02-26,nitrate,25.0
seine,2023-12-06,phosphorus,0.089
seine,2023-12-06,nitrate,28.0
seine,2023-12-06,temperature,6.4
seine,2023-11-22,nitrate,30.0
seine,2023-11-22,phosphorus,0.118
seine,2023-11-22,temperature,10.9
seine,2023-10-13,phosphorus,0.126
seine,2023-10-13,nitrate,15.0
seine,2023-10-13,temperature,18.2
seine,2023-09-19,temperature,21.8
seine,2023-09-19,nitrate,15.0
seine,2023-09-19,phosphorus,0.107
seine,2023-09-18,temperature,23.5
seine,2023-08-28,temperature,22.4
seine,2023-08-25,temperature,24.1
seine,2023-08-25,nitrate,17.0
seine,2023-08-25,phosphorus,0.107
seine,2023-07-24,temperature,23.0
seine,2023-07-07,phosphorus,0.236
seine,2023-07-07,nitrate,18.0
seine,2023-07-07,temperature,22.7
seine,2023-06-27,temperature,25.4
seine,2023-06-14,temperature,24.3
seine,2023-06-14,nitrate,19.0
seine,2023-06-14,phosphorus,0.157
seine,2023-05-30,temperature,20.9
seine,2023-05-12,temperature,16.7
seine,2023-05-12,nitrate,21.0
seine,2023-05-12,phosphorus,0.12
seine,2023-04-17,temperature,12.2
seine,2023-04-13,nitrate,23.0
seine,2023-04-13,phosphorus,0.086
seine,2023-04-13,temperature,12.5
seine,2023-03-15,temperature,9.4
seine,2023-03-15,phosphorus,0.071
seine,2023-03-15,nitrate,26.0
seine,2023-02-10,nitrate,32.0
seine,2023-02-10,temperature,7.0
seine,2023-02-10,phosphorus,0.08
seine,2023-01-12,temperature,9.4
seine,2023-01-12,nitrate,29.0
seine,2023-01-12,phosphorus,0.115
seine,2022-12-14,phosphorus,0.14
seine,2022-12-14,temperature,5.5
seine,2022-12-14,nitrate,29.0
seine,2022-11-16,phosphorus,0.126
seine,2022-11-16,nitrate,20.0
seine,2022-11-16,temperature,12.0
seine,2022-10-17,phosphorus,0.137
seine,2022-10-17,nitrate,17.0
seine,2022-10-17,temperature,16.3
seine,2022-09-19,temperature,19.2
seine,2022-08-24,nitrate,15.0
seine,2022-08-24,temperature,23.5
seine,2022-08-24,phosphorus,0.112
seine,2022-08-22,temperature,23.1
seine,2022-07-25,temperature,25.1
seine,2022-06-20,temperature,24.1
seine,2022-06-15,phosphorus,0.195
seine,2022-06-15,nitrate,24.0
seine,2022-06-15,temperature,23.1
seine,2022-04-12,phosphorus,0.082
seine,2022-04-12,nitrate,28.0
seine,2022-04-12,temperature,13.0
seine,2022-02-15,temperature,8.0
seine,2022-02-15,phosphorus,0.083
seine,2022-02-15,nitrate,27.0
seine,2021-12-22,temperature,5.7
seine,2021-12-22,phosphorus,0.072
seine,2021-12-22,nitrate,29.0
seine,2021-11-17,temperature,9.8
seine,2021-11-17,phosphorus,0.104
seine,2021-11-17,nitrate,21.0
seine,2021-10-14,temperature,15.3
seine,2021-10-14,nitrate,18.0
seine,2021-10-14,phosphorus,0.111
seine,2021-08-17,temperature,20.8
seine,2021-08-17,nitrate,17.0
seine,2021-08-17,phosphorus,0.076
seine,2021-06-15,phosphorus,0.118
seine,2021-06-15,nitrate,20.0
seine,2021-06-15,temperature,23.5
seine,2021-04-19,phosphorus,0.054
seine,2021-04-19,nitrate,26.0
seine,2021-04-19,temperature,11.3
seine,2021-02-12,temperature,3.7
seine,2021-02-12,nitrate,23.0
seine,2021-02-12,phosphorus,0.076
